M(q) q'' + C(q,q') q' + f_int(q; EA, EI, GJ) = f_g + J_g(q)^T lambda   -- as SOFA assembles it

  dofs: 0..5 rigid base (tx ty tz rx ry rz), 6.. = 16 sections x (torsion, bend_y, bend_z)
  planar table: PartialFixedProjectiveConstraint locks dofs [6, 7, 9, 10, 12, 13, 15, 16, 18, 19, 21, 22, 24, 25, 27, 28, 30, 31, 33, 34, 36, 37, 39, 40, 42, 43, 45, 46, 48, 49, 51, 52]
  step 150, h = 0.01, rM = 0.1, rK = 0.02, Hooke rayleighStiffness rK_ff = 0.02

  term           SOFA source                                                  shape     magnitude
  q (base)       RigidBaseMO.position [x y z qx qy qz qw]                     (7,)      |.|max=1           ||.||=1
  q (strain)     cosseratCoordinateMO.position [1/m], rest q0 = 0             (16, 3)   |.|max=5.003       ||.||=9.056
  q'             MechanicalObject.velocity at the start of the step           (54,)     |.|max=23.6        ||.||=45.84
  q''            (q'+ - q')/h, q'+ - q' = SparseLDLSolver solution            (54,)     |.|max=116.6       ||.||=223
  M(q)           MatrixLinearSystem(assembleMass)/(1+h rM) = J^T diag(m) J    (54, 54)  |.|max=0.08094     ||.||=0.188
  M q''                                                                       (54,)     |.|max=0.01008     ||.||=0.01235
  C(q,q') q'     EulerImplicit Rayleigh (rM M - rK K) q'+ - rK_ff K_int dq'   (54,)     |.|max=0.5366      ||.||=0.656
    of which     Hooke's own rayleighStiffness, matrix side: -rK_ff K_int dq' (54,)     |.|max=1.021e-05   ||.||=1.951e-05
  f_int          BeamHookeLawForceField: -K_int (q - q0)                      (54,)     |.|max=0.002189    ||.||=0.003962
  K_int          MatrixLinearSystem(assembleStiffness, applyMapped=0), strains (54, 54)  |.|max=0.0004375   ||.||=0.002843
  f_g            UniformMass x root.gravity, gravity = [0.0, 0.0, 0.0]        (54,)     |.|max=0           ||.||=0
  f_clamp        baseSpring (RestShapeSprings 1e8): base force - J_g^T lambda (54,)     |.|max=0.2121      ||.||=0.2135
  lambda         FramesMO.force[tip] = graspSpring wrench (Fx Fy Fz tx ty tz) (6,)      |.|max=1.011       ||.||=1.104
  J_g(q)         DiscreteCosseratMapping.applyJ probed with unit velocities   (6, 54)   |.|max=1           ||.||=2.642
  J_g^T lambda   DiscreteCosseratMapping.applyJT (force - Hooke - clamp)      (54,)     |.|max=1.011       ||.||=1.153
  J_g^T lambda   probed J_g ^T lambda (== applyJT: transpose consistent)      (54,)     |.|max=1.011       ||.||=1.153
  d apply/dq     derivative of the mapping's apply(), central differences     (6, 54)   |.|max=1           ||.||=2.642
  (d apply/dq)^T lambda what a consistent Jacobian would project                     (54,)     |.|max=1.011       ||.||=1.152
  J^T K_g J      grasp spring stiffness projected on q (part of K)            (54, 54)  |.|max=2000        ||.||=4550
  f(q+) - f(q)   SOFA linearisation h K q'+ (implicit Euler)                  (54,)     |.|max=0.2683      ||.||=0.328
  residual       M q'' + C q' + f_int - f_g - f_clamp - J^T lambda - (f(q+)-f(q)) (22,)     |.|max=5.995e-15   ||.||=7.037e-15

  SOFA solves  A dq' = b  with  A = (1 + h rM) M - h B - h (h + rK [+ rK_ff]) K,
  b = h (f + ((h + rK) K - rM M) q')   (EulerImplicitSolver.cpp v25.12; K = df/dq < 0 for springs).
  Rewritten:  M q'' + (rM M - rK K) q'+ - rK_ff K_int dq' = f(q) + h K q'+  ~  f(q+),
  i.e. the equation above at the new configuration. SOFA has no Coriolis/centrifugal
  term: the frames' mass is projected J^T M J every step and d(J^T M J)/dt is dropped.

  lambda check: k (target - tip) = [-1.011281738925618, 0.44228542063969034, -0.0004157938644679502]
  tip [ 6.6050e-01  5.9777e-02  1.5298e-07 -3.8280e-07 -2.8468e-07  2.3242e-01
  9.7262e-01]  target [ 6.6000e-01  5.9998e-02 -5.4917e-08 -8.5000e-07 -8.5000e-07 -8.5000e-07
  1.0000e+00]
  clamp: base displacement [-2.121e-09 -2.519e-10 -4.150e-12 -1.157e-08 -1.142e-08 -2.326e-08] -> translation force = k dx; rotation torque 0 (RestShapeSpringsForceField ignores |dtheta| < ~1e-7 rad)

  Jacobian of the pinned Cosserat release (DiscreteCosseratMapping):
    applyJT == applyJ^T (checked), but applyJ is not the derivative of apply(). Straight rod,
    tip dy per unit bend_z rate of section i:
      SOFA applyJ      : [0.03062 0.02871 0.0268  0.02488 0.02297 0.02105 0.01914 0.01723 0.01531
 0.0134  0.01148 0.00957 0.00766 0.00574 0.00383 0.00191]
      d apply/dq (FD)  : [0.02967 0.02776 0.02585 0.02393 0.02202 0.0201  0.01819 0.01627 0.01436
 0.01245 0.01053 0.00862 0.0067  0.00479 0.00288 0.00096]
      l (L - s_i)      : [0.03062 0.02871 0.0268  0.02488 0.02297 0.02105 0.01914 0.01723 0.01531
 0.0134  0.01148 0.00957 0.00766 0.00574 0.00383 0.00191]
    i.e. the plugin rotates the distal rod about the section START node (lever l (L - s_i))
    instead of distributing the curvature over the section (lever ~ l (L - s_i - l/2)).
    At this bent configuration, bend_z rows of J_g^T lambda, SOFA / consistent:
      [ 1.028  1.023  1.019  1.015  1.014  1.016  1.02   1.025  1.032  1.047
  1.073  1.113  1.17   1.271  1.579 -3.429]
    M = J^T diag(m) J, J^T K_g J and J_g^T lambda all use this J; the equation is exact for
    SOFA's own J (residual below) but not the virtual work of the frames' motion.

  SOFA-written matrices (GlobalSystemMatrixExporter, SofaMatrix): sofa_export/{A,M,K,K_direct}*.txt

=== q_base ===
[-2.120525e-09 -2.519052e-10 -4.150000e-12 -5.785698e-09 -5.708883e-09 -1.163055e-08  1.000000e+00]

=== q_strain ===
[[-1.000000e-06 -1.000000e-06 -2.001776e+00]
 [-1.000000e-06 -1.000000e-06 -1.776838e+00]
 [-1.000000e-06 -1.000000e-06 -1.299463e+00]
 [-1.000000e-06 -1.000000e-06 -6.249611e-01]
 [-1.000000e-06 -1.000000e-06  2.015158e-01]
 [-1.000000e-06 -1.000000e-06  7.743492e-01]
 [-1.000000e-06 -1.000000e-06  8.808644e-01]
 [-1.000000e-06 -1.000000e-06  9.400205e-01]
 [-1.000000e-06 -1.000000e-06  1.949807e+00]
 [-1.000000e-06 -1.000000e-06  3.744900e+00]
 [-1.000000e-06 -1.000000e-06  5.002943e+00]
 [-1.000000e-06 -1.000000e-06  4.261958e+00]
 [-1.000000e-06 -1.000000e-06  1.970059e+00]
 [-1.000000e-06 -1.000000e-06 -2.781628e-02]
 [-1.000000e-06 -1.000000e-06 -1.309819e+00]
 [-1.000000e-06 -1.000000e-06 -1.962767e+00]]

=== v ===
[-5.962388e-09 -7.913440e-10  6.063805e-13 -8.258241e-12  9.107553e-11 -6.877369e-09  0.000000e+00  0.000000e+00 -2.959105e+00  0.000000e+00  0.000000e+00 -4.188383e+00  0.000000e+00  0.000000e+00 -4.727523e+00  0.000000e+00  0.000000e+00
  1.248182e-01  0.000000e+00  0.000000e+00  1.195897e+01  0.000000e+00  0.000000e+00  1.894059e+01  0.000000e+00  0.000000e+00  8.768530e+00  0.000000e+00  0.000000e+00 -1.111895e+01  0.000000e+00  0.000000e+00 -2.360379e+01  0.000000e+00
  0.000000e+00 -1.751058e+01  0.000000e+00  0.000000e+00  2.156095e-01  0.000000e+00  0.000000e+00  1.310316e+01  0.000000e+00  0.000000e+00  1.498107e+01  0.000000e+00  0.000000e+00  9.107187e+00  0.000000e+00  0.000000e+00  2.115260e+00
  0.000000e+00  0.000000e+00 -1.663827e+00]

=== q_dd ===
[-3.796554e-07 -1.299850e-08 -4.645691e-12  9.479171e-13 -1.043556e-11 -8.794744e-09  0.000000e+00  0.000000e+00 -2.802424e-02  0.000000e+00  0.000000e+00  1.036003e+01  0.000000e+00  0.000000e+00  1.834273e+01  0.000000e+00  0.000000e+00
  1.926974e+01  0.000000e+00  0.000000e+00 -1.907549e+01  0.000000e+00  0.000000e+00 -6.262393e+01  0.000000e+00  0.000000e+00 -3.105213e+01  0.000000e+00  0.000000e+00  7.978988e+01  0.000000e+00  0.000000e+00  1.001471e+02  0.000000e+00
  0.000000e+00 -1.049960e+01  0.000000e+00  0.000000e+00 -1.166492e+02  0.000000e+00  0.000000e+00 -9.679371e+01  0.000000e+00  0.000000e+00  9.290973e+00  0.000000e+00  0.000000e+00  5.124892e+01  0.000000e+00  0.000000e+00  3.499279e+01
  0.000000e+00  0.000000e+00  1.600047e+01]

=== M ===
[[ 7.000000e-02  2.444980e-18 -1.214543e-25  3.634538e-25  4.838949e-09  1.634201e-03 -6.803617e-12  2.090956e-10  7.146425e-05 -2.070514e-11  2.008398e-10  6.581102e-05 -3.129795e-11  1.881117e-10  5.060042e-05 -3.738490e-11  1.732234e-10
   2.906198e-05 -3.863943e-11  1.578827e-10  4.774634e-06 -3.639715e-11  1.428817e-10 -1.836805e-05 -3.346464e-11  1.277375e-10 -3.777434e-05 -3.134519e-11  1.123419e-10 -5.249575e-05 -2.805374e-11  9.731227e-11 -6.293399e-05 -2.090357e-11
   8.363336e-11 -6.815623e-05 -1.084221e-11  7.001171e-11 -6.582055e-05 -2.411766e-12  5.506067e-11 -5.508795e-05  1.124128e-12  3.912587e-11 -3.880547e-05  1.155545e-12  2.440848e-11 -2.255555e-05  3.644023e-13  1.191235e-11 -9.790052e-06
   1.872209e-28  3.193610e-12 -2.262536e-06]
 [ 2.444980e-18  7.000000e-02  9.433894e-24 -4.838949e-09 -3.719485e-24  2.380455e-02 -1.756289e-10 -4.282274e-11  1.040142e-03 -1.303799e-10 -9.115577e-11  9.122081e-04 -8.887534e-11 -1.236101e-10  7.929470e-04 -5.381614e-11 -1.419840e-10
   6.832954e-04 -2.720733e-11 -1.488934e-10  5.822571e-04 -8.767248e-12 -1.474216e-10  4.896834e-04  4.190784e-12 -1.396680e-10  4.042853e-04  1.371338e-11 -1.273231e-10  3.265896e-04  1.817886e-11 -1.116790e-10  2.561244e-04  1.539180e-11
  -9.466183e-11  1.936213e-04  7.536490e-12 -7.632652e-11  1.388444e-04  5.260982e-13 -5.706870e-11  9.380569e-05 -1.965907e-12 -3.839224e-11  5.892000e-05 -1.419538e-12 -2.276268e-11  3.363696e-05 -4.120648e-13 -1.063117e-11  1.544798e-05
  -2.559203e-28 -2.753410e-12  3.974944e-06]
 [-1.214543e-25  9.433894e-24  7.000000e-02 -1.634201e-03 -2.380455e-02  4.221431e-24 -2.588739e-05 -1.041941e-03 -3.308950e-11  4.971753e-05 -9.129952e-04 -6.946144e-11  1.029780e-04 -7.877481e-04 -9.883904e-11  1.313871e-04 -6.711508e-04
  -1.214133e-10  1.366574e-04 -5.660120e-04 -1.370013e-10  1.265699e-04 -4.733782e-04 -1.455487e-10  1.124971e-04 -3.901292e-04 -1.470279e-10  9.999517e-05 -3.152848e-04 -1.423987e-10  8.433137e-05 -2.498240e-04 -1.325337e-10  6.032404e-05
  -1.959789e-04 -1.182420e-10  3.223422e-05 -1.499443e-04 -9.925616e-11  1.056238e-05 -1.081205e-04 -7.693512e-11  8.763365e-07 -7.052463e-05 -5.354738e-11 -9.002558e-07 -4.048935e-05 -3.253199e-11 -3.645811e-07 -1.828348e-05 -1.536863e-11
  -6.351420e-23 -4.572805e-06 -3.974528e-12]
 [ 3.634538e-25 -4.838949e-09 -1.634201e-03  7.011718e-02  4.556152e-04 -2.339986e-09  2.928615e-03  1.469585e-04 -1.968116e-10  2.729123e-03  3.627038e-04 -2.907008e-10  2.508476e-03  5.052713e-04 -3.594643e-10  2.310970e-03  5.659449e-04
  -4.099671e-10  2.117186e-03  5.378081e-04 -4.432687e-10  1.953157e-03  4.503522e-04 -4.683384e-10  1.777263e-03  3.407879e-04 -4.814877e-10  1.612019e-03  2.413749e-04 -4.891336e-10  1.430062e-03  1.217029e-04 -4.830600e-10  1.253915e-03
  -4.959808e-05 -4.731369e-10  1.031979e-03 -2.422253e-04 -4.494342e-10  7.999983e-04 -3.703973e-04 -4.200518e-10  5.789342e-04 -3.722603e-04 -3.666336e-10  4.154138e-04 -2.938920e-04 -3.003737e-10  2.612575e-04 -1.744854e-04 -2.034978e-10
   1.165394e-04 -6.723657e-05 -9.432785e-11]
 [ 4.838949e-09 -3.719485e-24 -2.380455e-02  4.556152e-04  8.082527e-02  8.592889e-11 -1.276436e-04  3.398208e-03  1.183217e-10 -3.815901e-04  3.153106e-03  2.598801e-10 -5.527077e-04  2.884962e-03  3.866921e-10 -6.303761e-04  2.640610e-03
   4.979376e-10 -6.078267e-04  2.402735e-03  5.853694e-10 -5.178598e-04  2.198204e-03  6.526300e-10 -4.032539e-04  1.984391e-03  6.906362e-10 -2.990755e-04  1.783470e-03  7.092046e-10 -1.722889e-04  1.569190e-03  6.978247e-10  1.160042e-05
   1.365727e-03  6.679240e-10  2.200471e-04  1.119793e-03  6.040451e-10  3.611490e-04  8.650073e-04  5.231466e-10  3.693506e-04  6.224296e-04  4.166927e-10  2.927843e-04  4.409476e-04  3.106365e-10  1.738130e-04  2.730267e-04  1.930743e-10
   6.697505e-05  1.195375e-04  8.316096e-11]
 [ 1.634201e-03  2.380455e-02  4.221431e-24 -2.339986e-09  8.592889e-11  8.094246e-02  1.411786e-11 -1.100862e-10  3.406749e-03  1.610106e-10 -2.353920e-10  3.181846e-03  2.919300e-10 -3.326220e-10  2.942391e-03  4.019106e-10 -4.131591e-10
   2.718899e-03  4.787787e-10 -4.825671e-10  2.481744e-03  5.262912e-10 -5.489970e-10  2.261086e-03  5.437145e-10 -5.990244e-10  2.027032e-03  5.459779e-10 -6.342364e-10  1.809945e-03  5.124622e-10 -6.540009e-10  1.580126e-03  4.313582e-10
  -6.806778e-10  1.368065e-03  2.958917e-10 -6.828769e-10  1.144146e-03  1.654896e-10 -6.448261e-10  9.395258e-04  8.949200e-11 -5.449210e-10  7.248629e-04  7.091961e-11 -4.245682e-10  5.300430e-04  6.457981e-11 -2.720469e-10  3.241342e-04
   4.078420e-11 -1.186452e-10  1.371868e-04]
 [-6.803617e-12 -1.756289e-10 -2.588739e-05  2.928615e-03 -1.276436e-04  1.411786e-11  1.269019e-04 -2.753530e-08 -3.726896e-12  1.199771e-04  9.811268e-06 -8.409541e-12  1.106638e-04  1.655400e-05 -1.201736e-11  1.021826e-04  1.967290e-05
  -1.477346e-11  9.367225e-05  1.889891e-05 -1.675295e-11  8.633288e-05  1.546918e-05 -1.830929e-11  7.842794e-05  1.109122e-05 -1.930895e-11  7.100830e-05  7.132135e-06 -2.000538e-11  6.281510e-05  2.313422e-06 -2.006418e-11  5.476649e-05
  -4.781882e-06 -1.989259e-11  4.467011e-05 -1.272770e-05 -1.907170e-11  3.426377e-05 -1.784027e-05 -1.794102e-11  2.458887e-05 -1.745724e-05 -1.572629e-11  1.759058e-05 -1.368556e-05 -1.292136e-11  1.108264e-05 -8.146703e-06 -8.773352e-12
   4.963855e-06 -3.166700e-06 -4.074265e-12]
 [ 2.090956e-10 -4.282274e-11 -1.041941e-03  1.469585e-04  3.398208e-03 -1.100862e-10 -2.753530e-08  1.474564e-04  9.877324e-15 -1.144822e-05  1.384665e-04  6.305158e-12 -1.934748e-05  1.270232e-04  1.205261e-11 -2.311927e-05  1.164626e-04
   1.713231e-11 -2.250500e-05  1.060150e-04  2.122373e-11 -1.888802e-05  9.691074e-05  2.442624e-11 -1.421717e-05  8.735864e-05  2.639225e-11 -9.981559e-06  7.838924e-05  2.749552e-11 -4.790100e-06  6.879732e-05  2.733448e-11  2.907540e-06
   5.957926e-05  2.634647e-11  1.159052e-05  4.846461e-05  2.391694e-11  1.731171e-05  3.708657e-05  2.072738e-11  1.724683e-05  2.648379e-05  1.648140e-11  1.358827e-05  1.870414e-05  1.224936e-11  8.094789e-06  1.159560e-05  7.588851e-12
   3.149533e-06  5.094356e-06  3.259308e-12]
 [ 7.146425e-05  1.040142e-03 -3.308950e-11 -1.968116e-10  1.183217e-10  3.406749e-03 -3.726896e-12  9.877324e-15  1.477372e-04  2.578178e-12 -6.116343e-12  1.392058e-04  8.365923e-12 -1.097344e-11  1.287296e-04  1.334384e-11 -1.494781e-11
   1.189518e-04  1.701716e-11 -1.829880e-11  1.085763e-04  1.946418e-11 -2.138510e-11  9.892250e-05  2.064845e-11 -2.373604e-11  8.868267e-05  2.113874e-11 -2.543410e-11  7.918507e-05  2.012125e-11 -2.644731e-11  6.913053e-05  1.709860e-11
  -2.767308e-11  5.985284e-05  1.179958e-11 -2.786080e-11  5.005641e-05  6.636082e-12 -2.639283e-11  4.110425e-05  3.639098e-12 -2.238091e-11  3.171275e-05  2.945937e-12 -1.749790e-11  2.318938e-05  2.711371e-12 -1.124591e-11  1.418087e-05
   1.717721e-12 -4.916530e-12  6.001923e-06]
 [-2.070514e-11 -1.303799e-10  4.971753e-05  2.729123e-03 -3.815901e-04  1.610106e-10  1.199771e-04 -1.144822e-05  2.578178e-12  1.192070e-04 -1.459558e-06 -2.678790e-12  1.118747e-04  6.134879e-06 -7.180255e-12  1.037288e-04  1.009690e-05
  -1.077722e-11  9.519539e-05  1.017154e-05 -1.354762e-11  8.758353e-05  7.490388e-06 -1.579201e-11  7.932159e-05  3.902634e-06 -1.740786e-11  7.157904e-05  6.855649e-07 -1.861822e-11  6.298708e-05 -3.335368e-06 -1.911548e-11  5.433361e-05
  -9.654308e-06 -1.928096e-11  4.355851e-05 -1.666309e-05 -1.870532e-11  3.271803e-05 -2.082568e-05 -1.772120e-11  2.308240e-05 -1.957441e-05 -1.559051e-11  1.640989e-05 -1.517774e-05 -1.283380e-11  1.037723e-05 -9.073985e-06 -8.725224e-12
   4.687190e-06 -3.576015e-06 -4.056762e-12]
 [ 2.008398e-10 -9.115577e-11 -9.129952e-04  3.627038e-04  3.153106e-03 -2.353920e-10  9.811268e-06  1.384665e-04 -6.116343e-12 -1.459558e-06  1.357661e-04 -2.291350e-13 -9.949052e-06  1.264631e-04  5.540581e-12 -1.435433e-05  1.164177e-04
   1.072847e-11 -1.443476e-05  1.061416e-04  1.503531e-11 -1.145512e-05  9.696122e-05  1.847546e-11 -7.479433e-06  8.723831e-05  2.076809e-11 -3.894457e-06  7.811473e-05  2.220723e-11  5.732642e-07  6.828183e-05  2.247308e-11  7.534811e-06
   5.861142e-05  2.191045e-11  1.530154e-05  4.696565e-05  1.999611e-11  2.010302e-05  3.528328e-05  1.732171e-11  1.922106e-05  2.481929e-05  1.370553e-11  1.499351e-05  1.743435e-05  1.011241e-11  8.982083e-06  1.084927e-05  6.217407e-12
   3.548852e-06  4.807119e-06  2.653231e-12]
 [ 6.581102e-05  9.122081e-04 -6.946144e-11 -2.907008e-10  2.598801e-10  3.181846e-03 -8.409541e-12  6.305158e-12  1.392058e-04 -2.678790e-12 -2.291350e-13  1.361487e-04  3.040618e-12 -5.778537e-12  1.272095e-04  8.139494e-12 -1.031061e-11
   1.176432e-04  1.214704e-11 -1.407482e-11  1.074629e-04  1.502904e-11 -1.741990e-11  9.798795e-05  1.672980e-11 -2.002373e-11  8.791299e-05  1.770330e-11 -2.197568e-11  7.856516e-05  1.725404e-11 -2.324290e-11  6.864619e-05  1.491999e-11
  -2.461484e-11  5.948842e-05  1.044900e-11 -2.500320e-11  4.979651e-05  5.991105e-12 -2.386873e-11  4.092955e-05  3.399149e-12 -2.038447e-11  3.160337e-05  2.830981e-12 -1.603780e-11  2.312697e-05  2.616848e-12 -1.036022e-11  1.415216e-05
   1.653388e-12 -4.547655e-12  5.994513e-06]
 [-3.129795e-11 -8.887534e-11  1.029780e-04  2.508476e-03 -5.527077e-04  2.919300e-10  1.106638e-04 -1.934748e-05  8.365923e-12  1.118747e-04 -9.949052e-06  3.040618e-12  1.109838e-04 -2.244559e-06 -1.900000e-12  1.044546e-04  2.332345e-06
  -6.226483e-12  9.594423e-05  3.084380e-06 -9.727408e-12  8.814962e-05  1.014458e-06 -1.261510e-11  7.963986e-05 -1.922429e-06 -1.482707e-11  7.167443e-05 -4.528650e-06 -1.654579e-11  6.280247e-05 -7.888099e-06 -1.750114e-11  5.370249e-05
  -1.355006e-05 -1.803676e-11  4.243182e-05 -1.976652e-05 -1.776736e-11  3.129449e-05 -2.313991e-05 -1.700347e-11  2.174010e-05 -2.119245e-05 -1.505393e-11  1.536645e-05 -1.631243e-05 -1.244361e-11  9.750948e-06 -9.781781e-06 -8.486647e-12
   4.438465e-06 -3.891035e-06 -3.956338e-12]
 [ 1.881117e-10 -1.236101e-10 -7.877481e-04  5.052713e-04  2.884962e-03 -3.326220e-10  1.655400e-05  1.270232e-04 -1.097344e-11  6.134879e-06  1.264631e-04 -5.778537e-12 -2.244559e-06  1.237930e-04 -3.289108e-13 -7.096816e-06  1.155656e-04
   4.917343e-12 -7.740897e-06  1.055173e-04  9.409911e-12 -5.298815e-06  9.635315e-05  1.305839e-11 -1.914152e-06  8.656876e-05  1.564422e-11  1.118567e-06  7.739128e-05  1.738772e-11  4.968976e-06  6.743404e-05  1.804376e-11  1.128779e-05
   5.746222e-05  1.787277e-11  1.825959e-05  4.545798e-05  1.643530e-11  2.228036e-05  3.360059e-05  1.423944e-11  2.073379e-05  2.331498e-05  1.120413e-11  1.606319e-05  1.629892e-05  8.195638e-12  9.659988e-06  1.018084e-05  4.992717e-12
   3.856454e-06  4.547580e-06  2.114157e-12]
 [ 5.060042e-05  7.929470e-04 -9.883904e-11 -3.594643e-10  3.866921e-10  2.942391e-03 -1.201736e-11  1.205261e-11  1.287296e-04 -7.180255e-12  5.540581e-12  1.272095e-04 -1.900000e-12 -3.289108e-13  1.243840e-04  3.256142e-12 -5.389129e-12
   1.163391e-04  7.570862e-12 -9.581297e-12  1.063564e-04  1.087092e-11 -1.320732e-11  9.706282e-05  1.307159e-11 -1.609242e-11  8.715465e-05  1.451248e-11 -1.832467e-11  7.795786e-05  1.461499e-11 -1.987884e-11  6.817517e-05  1.295916e-11
  -2.143901e-11  5.913732e-05  9.300310e-12 -2.208017e-11  4.954882e-05  5.523312e-12 -2.132257e-11  4.076477e-05  3.299474e-12 -1.838792e-11  3.150089e-05  2.819880e-12 -1.458034e-11  2.306856e-05  2.586432e-12 -9.473271e-12  1.412520e-05
   1.616370e-12 -4.175831e-12  5.987514e-06]
 [-3.738490e-11 -5.381614e-11  1.313871e-04  2.310970e-03 -6.303761e-04  4.019106e-10  1.021826e-04 -2.311927e-05  1.334384e-11  1.037288e-04 -1.435433e-05  8.139494e-12  1.044546e-04 -7.096816e-06  3.256142e-12  1.033540e-04 -2.461555e-06
  -1.341002e-12  9.618395e-05 -1.313532e-06 -5.432209e-12  8.829346e-05 -3.003588e-06 -8.874713e-12  7.964904e-05 -5.533069e-06 -1.162589e-11  7.156321e-05 -7.757011e-06 -1.381839e-11  6.253740e-05 -1.070002e-05 -1.522952e-11  5.318052e-05
  -1.594218e-05 -1.615448e-11  4.162750e-05 -2.165224e-05 -1.624738e-11  3.033140e-05 -2.452730e-05 -1.577975e-11  2.085036e-05 -2.215148e-05 -1.411448e-11  1.467842e-05 -1.698240e-05 -1.175382e-11  9.336771e-06 -1.020115e-05 -8.062437e-12
   4.272678e-06 -4.079024e-06 -3.776124e-12]
 [ 1.732234e-10 -1.419840e-10 -6.711508e-04  5.659449e-04  2.640610e-03 -4.131591e-10  1.967290e-05  1.164626e-04 -1.494781e-11  1.009690e-05  1.164177e-04 -1.031061e-11  2.332345e-06  1.155656e-04 -5.389129e-12 -2.461555e-06  1.129825e-04
  -3.379239e-13 -3.435378e-06  1.044823e-04  4.346343e-12 -1.342559e-06  9.541533e-05  8.227755e-12  1.654383e-06  8.567416e-05  1.111743e-11  4.325570e-06  7.653728e-05  1.316890e-11  7.769608e-06  6.657160e-05  1.420271e-11  1.365457e-05
   5.647223e-05  1.440585e-11  2.009284e-05  4.430376e-05  1.341116e-11  2.360027e-05  3.239364e-05  1.165287e-11  2.163425e-05  2.226993e-05  9.130688e-12  1.669566e-05  1.552218e-05  6.625983e-12  1.006214e-05  9.726215e-06  4.001333e-12
   4.040245e-06  4.371510e-06  1.682454e-12]
 [ 2.906198e-05  6.832954e-04 -1.214133e-10 -4.099671e-10  4.979376e-10  2.718899e-03 -1.477346e-11  1.713231e-11  1.189518e-04 -1.077722e-11  1.072847e-11  1.176432e-04 -6.226483e-12  4.917343e-12  1.163391e-04 -1.341002e-12 -3.379239e-13
   1.137374e-04  3.232028e-12 -4.933778e-12  1.052612e-04  6.935894e-12 -8.851748e-12  9.614996e-05  9.621982e-12 -1.203402e-11  8.640932e-05  1.151650e-11 -1.456140e-11  7.736387e-05  1.215610e-11 -1.642251e-11  6.771736e-05  1.116736e-11
  -1.819840e-11  5.879881e-05  8.304780e-12 -1.912738e-11  4.931232e-05  5.187149e-12 -1.877492e-11  4.060890e-05  3.302674e-12 -1.640208e-11  3.140453e-05  2.884651e-12 -1.313213e-11  2.301370e-05  2.602948e-12 -8.589531e-12  1.409979e-05
   1.599445e-12 -3.803420e-12  5.980883e-06]
 [-3.863943e-11 -2.720733e-11  1.366574e-04  2.117186e-03 -6.078267e-04  4.787787e-10  9.367225e-05 -2.250500e-05  1.701716e-11  9.519539e-05 -1.443476e-05  1.214704e-11  9.594423e-05 -7.740897e-06  7.570862e-12  9.618395e-05 -3.435378e-06
   3.232028e-12  9.490476e-05 -2.277062e-06 -9.490619e-13  8.830233e-05 -3.878982e-06 -4.788615e-12  7.963053e-05 -6.319669e-06 -7.984501e-12  7.152030e-05 -8.460269e-06 -1.058442e-11  6.246299e-05 -1.131208e-05 -1.242058e-11  5.305217e-05
  -1.646157e-05 -1.373194e-11  4.144018e-05 -2.205965e-05 -1.422582e-11  3.011215e-05 -2.482507e-05 -1.411892e-11  2.064963e-05 -2.235619e-05 -1.283019e-11  1.452357e-05 -1.712521e-05 -1.081146e-11  9.243432e-06 -1.029077e-05 -7.484242e-12
   4.235190e-06 -4.119375e-06 -3.530580e-12]
 [ 1.578827e-10 -1.488934e-10 -5.660120e-04  5.378081e-04  2.402735e-03 -4.825671e-10  1.889891e-05  1.060150e-04 -1.829880e-11  1.017154e-05  1.061416e-04 -1.407482e-11  3.084380e-06  1.055173e-04 -9.581297e-12 -1.313532e-06  1.044823e-04
  -4.933778e-12 -2.277062e-06  1.020772e-04 -2.982172e-13 -2.824334e-07  9.448007e-05  3.871118e-12  2.607456e-06  8.487495e-05  7.127090e-12  5.179777e-06  7.586085e-05  9.533441e-12  8.510178e-06  6.599334e-05  1.096778e-11  1.426243e-05
   5.594862e-05  1.155469e-11  2.053982e-05  4.381555e-05  1.098679e-11  2.390109e-05  3.195903e-05  9.634679e-12  2.182874e-05  2.192943e-05  7.556758e-12  1.682965e-05  1.528714e-05  5.466744e-12  1.014777e-05  9.596583e-06  3.288608e-12
   4.079762e-06  4.324908e-06  1.380106e-12]
 [ 4.774634e-06  5.822571e-04 -1.370013e-10 -4.432687e-10  5.853694e-10  2.481744e-03 -1.675295e-11  2.122373e-11  1.085763e-04 -1.354762e-11  1.503531e-11  1.074629e-04 -9.727408e-12  9.409911e-12  1.063564e-04 -5.432209e-12  4.346343e-12
   1.052612e-04 -9.490619e-13 -2.982172e-13  1.028674e-04  3.121979e-12 -4.476397e-12  9.524686e-05  6.284946e-12 -7.955732e-12  8.567383e-05  8.625061e-12 -1.077827e-11  7.677955e-05  9.792877e-12 -1.294957e-11  6.726885e-05  9.463071e-12
  -1.494911e-11  5.846896e-05  7.385815e-12 -1.617795e-11  4.908337e-05  4.914636e-12 -1.623969e-11  4.045896e-05  3.354652e-12 -1.443027e-11  3.131224e-05  2.985195e-12 -1.169381e-11  2.296119e-05  2.641642e-12 -7.710058e-12  1.407542e-05
   1.592056e-12 -3.431580e-12  5.974497e-06]
 [-3.639715e-11 -8.767248e-12  1.265699e-04  1.953157e-03 -5.178598e-04  5.262912e-10  8.633288e-05 -1.888802e-05  1.946418e-11  8.758353e-05 -1.145512e-05  1.502904e-11  8.814962e-05 -5.298815e-06  1.087092e-11  8.829346e-05 -1.342559e-06
   6.935894e-12  8.830233e-05 -2.824334e-07  3.121979e-12  8.697048e-05 -1.902788e-06 -6.683701e-13  7.966909e-05 -4.522275e-06 -4.171636e-12  7.161546e-05 -6.851636e-06 -7.096714e-12  6.263107e-05 -9.910611e-06 -9.305972e-12  5.334461e-05
  -1.527090e-05 -1.097854e-11  4.186862e-05 -2.112454e-05 -1.188430e-11  3.061453e-05 -2.414058e-05 -1.217416e-11  2.110996e-05 -2.188491e-05 -1.132132e-11  1.487879e-05 -1.679591e-05 -9.705432e-12  9.457498e-06 -1.008388e-05 -6.806899e-12
   4.321116e-06 -4.026127e-06 -3.243079e-12]
 [ 1.428817e-10 -1.474216e-10 -4.733782e-04  4.503522e-04  2.198204e-03 -5.489970e-10  1.546918e-05  9.691074e-05 -2.138510e-11  7.490388e-06  9.696122e-05 -1.741990e-11  1.014458e-06  9.635315e-05 -1.320732e-11 -3.003588e-06  9.541533e-05
  -8.851748e-12 -3.878982e-06  9.448007e-05 -4.476397e-12 -1.902788e-06  9.232379e-05 -2.376710e-13  1.122341e-06  8.424019e-05  3.439199e-12  3.843146e-06  7.541746e-05  6.267074e-12  7.335990e-06  6.573877e-05  8.146818e-12  1.324161e-05
   5.590974e-05  9.147712e-12  1.971139e-05  4.398754e-05  9.013434e-12  2.327206e-05  3.227331e-05  8.057519e-12  2.138372e-05  2.226568e-05  6.379701e-12  1.651334e-05  1.557103e-05  4.639502e-12  9.947017e-06  9.778634e-06  2.804528e-12
   3.988253e-06  4.402906e-06  1.185093e-12]
 [-1.836805e-05  4.896834e-04 -1.455487e-10 -4.683384e-10  6.526300e-10  2.261086e-03 -1.830929e-11  2.442624e-11  9.892250e-05 -1.579201e-11  1.847546e-11  9.798795e-05 -1.261510e-11  1.305839e-11  9.706282e-05 -8.874713e-12  8.227755e-12
   9.614996e-05 -4.788615e-12  3.871118e-12  9.524686e-05 -6.683701e-13 -2.376710e-13  9.303838e-05  2.942031e-12 -3.968161e-12  8.494068e-05  5.727361e-12 -7.069900e-12  7.619751e-05  7.422506e-12 -9.536481e-12  6.682250e-05  7.748653e-12
  -1.174591e-11  5.814109e-05  6.453502e-12 -1.326135e-11  4.885612e-05  4.627448e-12 -1.372563e-11  4.031037e-05  3.393796e-12 -1.247081e-11  3.122086e-05  3.076004e-12 -1.026215e-11  2.290921e-05  2.674356e-12 -6.833663e-12  1.405129e-05
   1.582134e-12 -3.060639e-12  5.968167e-06]
 [-3.346464e-11  4.190784e-12  1.124971e-04  1.777263e-03 -4.032539e-04  5.437145e-10  7.842794e-05 -1.421717e-05  2.064845e-11  7.932159e-05 -7.479433e-06  1.672980e-11  7.963986e-05 -1.914152e-06  1.307159e-11  7.964904e-05  1.654383e-06
   9.621982e-12  7.963053e-05  2.607456e-06  6.284946e-12  7.966909e-05  1.122341e-06  2.942031e-12  7.835730e-05 -1.522035e-06 -4.607448e-13  7.171356e-05 -4.138827e-06 -3.622954e-12  6.286054e-05 -7.541582e-06 -6.159750e-12  5.379242e-05
  -1.325035e-05 -8.162604e-12  4.255637e-05 -1.952847e-05 -9.466546e-12  3.143720e-05 -2.296363e-05 -1.015364e-11  2.186997e-05 -2.106914e-05 -9.748988e-12  1.546654e-05 -1.622381e-05 -8.551412e-12  9.811217e-06 -9.724414e-06 -6.099503e-12
   4.462596e-06 -3.864365e-06 -2.942333e-12]
 [ 1.277375e-10 -1.396680e-10 -3.901292e-04  3.407879e-04  1.984391e-03 -5.990244e-10  1.109122e-05  8.735864e-05 -2.373604e-11  3.902634e-06  8.723831e-05 -2.002373e-11 -1.922429e-06  8.656876e-05 -1.609242e-11 -5.533069e-06  8.567416e-05
  -1.203402e-11 -6.319669e-06  8.487495e-05 -7.955732e-12 -4.522275e-06  8.424019e-05 -3.968161e-12 -1.522035e-06  8.229359e-05 -1.780455e-13  1.439389e-06  7.501198e-05  3.079397e-12  5.225165e-06  6.557571e-05  5.433546e-12  1.141708e-05
   5.605027e-05  6.870678e-12  1.824423e-05  4.443601e-05  7.183604e-12  2.216845e-05  3.291878e-05  6.629641e-12  2.060691e-05  2.290811e-05  5.343554e-12  1.596196e-05  1.609117e-05  3.934433e-12  9.597304e-06  1.010215e-05  2.406972e-12
   3.829161e-06  4.536955e-06  1.031502e-12]
 [-3.777434e-05  4.042853e-04 -1.470279e-10 -4.814877e-10  6.906362e-10  2.027032e-03 -1.930895e-11  2.639225e-11  8.868267e-05 -1.740786e-11  2.076809e-11  8.791299e-05 -1.482707e-11  1.564422e-11  8.715465e-05 -1.162589e-11  1.111743e-11
   8.640932e-05 -7.984501e-12  7.127090e-12  8.567383e-05 -4.171636e-12  3.439199e-12  8.494068e-05 -4.607448e-13 -1.780455e-13  8.289418e-05  2.745715e-12 -3.503338e-12  7.561030e-05  4.972763e-12 -6.237385e-12  6.637123e-05  5.955358e-12
  -8.627651e-12  5.780868e-05  5.444399e-12 -1.039856e-11  4.862496e-05  4.270218e-12 -1.123910e-11  4.015870e-05  3.376499e-12 -1.052264e-11  3.112738e-05  3.124849e-12 -8.835004e-12  2.285601e-05  2.681149e-12 -5.959633e-12  1.402661e-05
   1.561135e-12 -2.690906e-12  5.961709e-06]
 [-3.134519e-11  1.371338e-11  9.999517e-05  1.612019e-03 -2.990755e-04  5.459779e-10  7.100830e-05 -9.981559e-06  2.113874e-11  7.157904e-05 -3.894457e-06  1.770330e-11  7.167443e-05  1.118567e-06  1.451248e-11  7.156321e-05  4.325570e-06
   1.151650e-11  7.152030e-05  5.179777e-06  8.625061e-12  7.161546e-05  3.843146e-06  5.727361e-12  7.171356e-05  1.439389e-06  2.745715e-12  7.041417e-05 -1.199374e-06 -3.128488e-13  6.302464e-05 -4.943285e-06 -3.116542e-12  5.420852e-05
  -1.102269e-05 -5.422774e-12  4.325120e-05 -1.775475e-05 -7.102355e-12  3.229557e-05 -2.164260e-05 -8.169922e-12  2.267309e-05 -2.014540e-05 -8.200640e-12  1.608969e-05 -1.557312e-05 -7.412110e-12  1.018550e-05 -9.315734e-06 -5.399440e-12
   4.611499e-06 -3.680950e-06 -2.643897e-12]
 [ 1.123419e-10 -1.273231e-10 -3.152848e-04  2.413749e-04  1.783470e-03 -6.342364e-10  7.132135e-06  7.838924e-05 -2.543410e-11  6.855649e-07  7.811473e-05 -2.197568e-11 -4.528650e-06  7.739128e-05 -1.832467e-11 -7.757011e-06  7.653728e-05
  -1.456140e-11 -8.460269e-06  7.586085e-05 -1.077827e-11 -6.851636e-06  7.541746e-05 -7.069900e-12 -4.138827e-06  7.501198e-05 -3.503338e-12 -1.199374e-06  7.320632e-05 -1.326263e-13  2.879073e-06  6.534571e-05  2.675584e-12  9.381214e-06
   5.615821e-05  4.557037e-12  1.659660e-05  4.489129e-05  5.326402e-12  2.091902e-05  3.360007e-05  5.182826e-12  1.972118e-05  2.359388e-05  4.296520e-12  1.533155e-05  1.664689e-05  3.224342e-12  9.198220e-06  1.044632e-05  2.008277e-12
   3.648386e-06  4.678456e-06  8.781121e-13]
 [-5.249575e-05  3.265896e-04 -1.423987e-10 -4.891336e-10  7.092046e-10  1.809945e-03 -2.000538e-11  2.749552e-11  7.918507e-05 -1.861822e-11  2.220723e-11  7.856516e-05 -1.654579e-11  1.738772e-11  7.795786e-05 -1.381839e-11  1.316890e-11
   7.736387e-05 -1.058442e-11  9.533441e-12  7.677955e-05 -7.096714e-12  6.267074e-12  7.619751e-05 -3.622954e-12  3.079397e-12  7.561030e-05 -3.128488e-13 -1.326263e-13  7.370718e-05  2.422857e-12 -3.073529e-12  6.591208e-05  4.062748e-12
  -5.610354e-12  5.746892e-05  4.338898e-12 -7.599472e-12  4.838737e-05  3.825235e-12 -8.784808e-12  4.000196e-05  3.288505e-12 -8.587513e-12  3.103043e-05  3.121117e-12 -7.413232e-12  2.280081e-05  2.655480e-12 -5.088704e-12  1.400106e-05
   1.526284e-12 -2.322906e-12  5.955042e-06]
 [-2.805374e-11  1.817886e-11  8.433137e-05  1.430062e-03 -1.722889e-04  5.124622e-10  6.281510e-05 -4.790100e-06  2.012125e-11  6.298708e-05  5.732642e-07  1.725404e-11  6.280247e-05  4.968976e-06  1.461499e-11  6.253740e-05  7.769608e-06
   1.215610e-11  6.246299e-05  8.510178e-06  9.792877e-12  6.263107e-05  7.335990e-06  7.422506e-12  6.286054e-05  5.225165e-06  4.972763e-12  6.302464e-05  2.879073e-06  2.422857e-12  6.177040e-05 -8.911082e-07 -2.215946e-13  5.468745e-05
  -7.474949e-06 -2.726623e-12  4.420688e-05 -1.489804e-05 -4.731341e-12  3.354605e-05 -1.948530e-05 -6.154120e-12  2.386820e-05 -1.861886e-05 -6.614336e-12  1.702202e-05 -1.449190e-05 -6.238305e-12  1.074369e-05 -8.637402e-06 -4.674432e-12
   4.831642e-06 -3.377812e-06 -2.332937e-12]
 [ 9.731227e-11 -1.116790e-10 -2.498240e-04  1.217029e-04  1.569190e-03 -6.540009e-10  2.313422e-06  6.879732e-05 -2.644731e-11 -3.335368e-06  6.828183e-05 -2.324290e-11 -7.888099e-06  6.743404e-05 -1.987884e-11 -1.070002e-05  6.657160e-05
  -1.642251e-11 -1.131208e-05  6.599334e-05 -1.294957e-11 -9.910611e-06  6.573877e-05 -9.536481e-12 -7.541582e-06  6.557571e-05 -6.237385e-12 -4.943285e-06  6.534571e-05 -3.073529e-12 -8.911082e-07  6.372855e-05 -1.042408e-13  6.051776e-06
   5.635494e-05  2.250561e-12  1.388948e-05  4.562623e-05  3.526021e-12  1.885282e-05  3.468560e-05  3.830494e-12  1.824689e-05  2.467895e-05  3.362680e-12  1.427945e-05  1.751602e-05  2.627473e-12  8.533718e-06  1.097648e-05  1.697627e-12
   3.348998e-06  4.891775e-06  7.696206e-13]
 [-6.293399e-05  2.561244e-04 -1.325337e-10 -4.830600e-10  6.978247e-10  1.580126e-03 -2.006418e-11  2.733448e-11  6.913053e-05 -1.911548e-11  2.247308e-11  6.864619e-05 -1.750114e-11  1.804376e-11  6.817517e-05 -1.522952e-11  1.420271e-11
   6.771736e-05 -1.242058e-11  1.096778e-11  6.726885e-05 -9.305972e-12  8.146818e-12  6.682250e-05 -6.159750e-12  5.433546e-12  6.637123e-05 -3.116542e-12  2.675584e-12  6.591208e-05 -2.215946e-13 -1.042408e-13  6.413689e-05  2.046911e-12
  -2.718674e-12  5.712158e-05  3.113261e-12 -4.880645e-12  4.814306e-05  3.270412e-12 -6.372203e-12  3.983990e-05  3.111732e-12 -6.670305e-12  3.092982e-05  3.051290e-12 -5.999815e-12  2.274349e-05  2.589050e-12 -4.222926e-12  1.397457e-05
   1.474089e-12 -1.957738e-12  5.948155e-06]
 [-2.090357e-11  1.539180e-11  6.032404e-05  1.253915e-03  1.160042e-05  4.313582e-10  5.476649e-05  2.907540e-06  1.709860e-11  5.433361e-05  7.534811e-06  1.491999e-11  5.370249e-05  1.128779e-05  1.295916e-11  5.318052e-05  1.365457e-05
   1.116736e-11  5.305217e-05  1.426243e-05  9.463071e-12  5.334461e-05  1.324161e-05  7.748653e-12  5.379242e-05  1.141708e-05  5.955358e-12  5.420852e-05  9.381214e-06  4.062748e-12  5.468745e-05  6.051776e-06  2.046911e-12  5.368315e-05
  -5.680798e-07 -1.669428e-13  4.556057e-05 -9.141723e-06 -2.327925e-12  3.560202e-05 -1.503806e-05 -4.032062e-12  2.592947e-05 -1.541241e-05 -4.902117e-12  1.864891e-05 -1.220291e-05 -4.947412e-12  1.171110e-05 -7.205112e-06 -3.863101e-12
   5.206067e-06 -2.742685e-06 -1.978440e-12]
 [ 8.363336e-11 -9.466183e-11 -1.959789e-04 -4.959808e-05  1.365727e-03 -6.806778e-10 -4.781882e-06  5.957926e-05 -2.767308e-11 -9.654308e-06  5.861142e-05 -2.461484e-11 -1.355006e-05  5.746222e-05 -2.143901e-11 -1.594218e-05  5.647223e-05
  -1.819840e-11 -1.646157e-05  5.594862e-05 -1.494911e-11 -1.527090e-05  5.590974e-05 -1.174591e-11 -1.325035e-05  5.605027e-05 -8.627651e-12 -1.102269e-05  5.615821e-05 -5.610354e-12 -7.474949e-06  5.635494e-05 -2.718674e-12 -5.680798e-07
   5.512648e-05 -8.256146e-14  8.343535e-06  4.680096e-05  1.805685e-12  1.454682e-05  3.660278e-05  2.667711e-12  1.512920e-05  2.664550e-05  2.681161e-12  1.204228e-05  1.908848e-05  2.296171e-12  7.126183e-06  1.192019e-05  1.599346e-12
   2.720496e-06  5.260590e-06  7.713508e-13]
 [-6.815623e-05  1.936213e-04 -1.182420e-10 -4.731369e-10  6.679240e-10  1.368065e-03 -1.989259e-11  2.634647e-11  5.985284e-05 -1.928096e-11  2.191045e-11  5.948842e-05 -1.803676e-11  1.787277e-11  5.913732e-05 -1.615448e-11  1.440585e-11
   5.879881e-05 -1.373194e-11  1.155469e-11  5.846896e-05 -1.097854e-11  9.147712e-12  5.814109e-05 -8.162604e-12  6.870678e-12  5.780868e-05 -5.422774e-12  4.557037e-12  5.746892e-05 -2.726623e-12  2.250561e-12  5.712158e-05 -1.669428e-13
  -8.256146e-14  5.545567e-05  1.664230e-12 -2.310247e-12  4.788896e-05  2.510241e-12 -4.039257e-12  3.966994e-05  2.768241e-12 -4.789989e-12  3.082375e-05  2.857154e-12 -4.606125e-12  2.268299e-05  2.446097e-12 -3.370249e-12  1.394670e-05
   1.389477e-12 -1.599798e-12  5.940941e-06]
 [-1.084221e-11  7.536490e-12  3.223422e-05  1.031979e-03  2.200471e-04  2.958917e-10  4.467011e-05  1.159052e-05  1.179958e-11  4.355851e-05  1.530154e-05  1.044900e-11  4.243182e-05  1.825959e-05  9.300310e-12  4.162750e-05  2.009284e-05
   8.304780e-12  4.144018e-05  2.053982e-05  7.385815e-12  4.186862e-05  1.971139e-05  6.453502e-12  4.255637e-05  1.824423e-05  5.444399e-12  4.325120e-05  1.659660e-05  4.338898e-12  4.420688e-05  1.388948e-05  3.113261e-12  4.556057e-05
   8.343535e-06  1.664230e-12  4.498903e-05 -2.706762e-07 -1.198184e-13  3.768959e-05 -7.834346e-06 -1.918111e-12  2.830909e-05 -1.008005e-05 -3.109816e-12  2.058046e-05 -8.357028e-06 -3.540710e-12  1.284127e-05 -4.808870e-06 -2.946220e-12
   5.623518e-06 -1.692267e-06 -1.563967e-12]
 [ 7.001171e-11 -7.632652e-11 -1.499443e-04 -2.422253e-04  1.119793e-03 -6.828769e-10 -1.272770e-05  4.846461e-05 -2.786080e-11 -1.666309e-05  4.696565e-05 -2.500320e-11 -1.976652e-05  4.545798e-05 -2.208017e-11 -2.165224e-05  4.430376e-05
  -1.912738e-11 -2.205965e-05  4.381555e-05 -1.617795e-11 -2.112454e-05  4.398754e-05 -1.326135e-11 -1.952847e-05  4.443601e-05 -1.039856e-11 -1.775475e-05  4.489129e-05 -7.599472e-12 -1.489804e-05  4.562623e-05 -4.880645e-12 -9.141723e-06
   4.680096e-05 -2.310247e-12 -2.706762e-07  4.606393e-05 -5.710972e-14  7.523215e-06  3.855820e-05  1.465828e-12  9.914360e-06  2.893282e-05  2.066853e-12  8.266623e-06  2.096663e-05  2.091673e-12  4.763863e-06  1.302725e-05  1.626772e-12
   1.679204e-06  5.672649e-06  8.454927e-13]
 [-6.582055e-05  1.388444e-04 -9.925616e-11 -4.494342e-10  6.040451e-10  1.144146e-03 -1.907170e-11  2.391694e-11  5.005641e-05 -1.870532e-11  1.999611e-11  4.979651e-05 -1.776736e-11  1.643530e-11  4.954882e-05 -1.624738e-11  1.341116e-11
   4.931232e-05 -1.422582e-11  1.098679e-11  4.908337e-05 -1.188430e-11  9.013434e-12  4.885612e-05 -9.466546e-12  7.183604e-12  4.862496e-05 -7.102355e-12  5.326402e-12  4.838737e-05 -4.731341e-12  3.526021e-12  4.814306e-05 -2.327925e-12
   1.805685e-12  4.788896e-05 -1.198184e-13 -5.710972e-14  4.631063e-05  1.405229e-12 -1.877472e-12  3.948651e-05  2.140304e-12 -3.002058e-12  3.070822e-05  2.449870e-12 -3.269149e-12  2.261701e-05  2.172363e-12 -2.554944e-12  1.391644e-05
   1.249918e-12 -1.260990e-12  5.933174e-06]
 [-2.411766e-12  5.260982e-13  1.056238e-05  7.999983e-04  3.611490e-04  1.654896e-10  3.426377e-05  1.731171e-05  6.636082e-12  3.271803e-05  2.010302e-05  5.991105e-12  3.129449e-05  2.228036e-05  5.523312e-12  3.033140e-05  2.360027e-05
   5.187149e-12  3.011215e-05  2.390109e-05  4.914636e-12  3.061453e-05  2.327206e-05  4.627448e-12  3.143720e-05  2.216845e-05  4.270218e-12  3.229557e-05  2.091902e-05  3.825235e-12  3.354605e-05  1.885282e-05  3.270412e-12  3.560202e-05
   1.454682e-05  2.510241e-12  3.768959e-05  7.523215e-06  1.405229e-12  3.715723e-05 -7.591418e-08 -6.967285e-14  2.974192e-05 -4.079289e-06 -1.432367e-12  2.183479e-05 -3.983431e-06 -2.165081e-12  1.354462e-05 -2.096419e-06 -2.015514e-12
   5.849622e-06 -5.178493e-07 -1.130041e-12]
 [ 5.506067e-11 -5.706870e-11 -1.081205e-04 -3.703973e-04  8.650073e-04 -6.448261e-10 -1.784027e-05  3.708657e-05 -2.639283e-11 -2.082568e-05  3.528328e-05 -2.386873e-11 -2.313991e-05  3.360059e-05 -2.132257e-11 -2.452730e-05  3.239364e-05
  -1.877492e-11 -2.482507e-05  3.195903e-05 -1.623969e-11 -2.414058e-05  3.227331e-05 -1.372563e-11 -2.296363e-05  3.291878e-05 -1.123910e-11 -2.164260e-05  3.360007e-05 -8.784808e-12 -1.948530e-05  3.468560e-05 -6.372203e-12 -1.503806e-05
   3.660278e-05 -4.039257e-12 -7.834346e-06  3.855820e-05 -1.877472e-12 -7.591418e-08  3.786454e-05 -3.012551e-14  4.017080e-06  3.025448e-05  1.181072e-12  3.955373e-06  2.215617e-05  1.677544e-12  2.082062e-06  1.370193e-05  1.519679e-12
   5.131857e-07  5.891861e-06  8.593534e-13]
 [-5.508795e-05  9.380569e-05 -7.693512e-11 -4.200518e-10  5.231466e-10  9.395258e-04 -1.794102e-11  2.072738e-11  4.110425e-05 -1.772120e-11  1.732171e-11  4.092955e-05 -1.700347e-11  1.423944e-11  4.076477e-05 -1.577975e-11  1.165287e-11
   4.060890e-05 -1.411892e-11  9.634679e-12  4.045896e-05 -1.217416e-11  8.057519e-12  4.031037e-05 -1.015364e-11  6.629641e-12  4.015870e-05 -8.169922e-12  5.182826e-12  4.000196e-05 -6.154120e-12  3.830494e-12  3.983990e-05 -4.032062e-12
   2.667711e-12  3.966994e-05 -1.918111e-12  1.465828e-12  3.948651e-05 -6.967285e-14 -3.012551e-14  3.798022e-05  1.172816e-12 -1.390244e-12  3.058166e-05  1.785972e-12 -2.048761e-12  2.254458e-05  1.741988e-12 -1.814629e-12  1.388343e-05
   1.045398e-12 -9.581161e-13  5.924792e-06]
 [ 1.124128e-12 -1.965907e-12  8.763365e-07  5.789342e-04  3.693506e-04  8.949200e-11  2.458887e-05  1.724683e-05  3.639098e-12  2.308240e-05  1.922106e-05  3.399149e-12  2.174010e-05  2.073379e-05  3.299474e-12  2.085036e-05  2.163425e-05
   3.302674e-12  2.064963e-05  2.182874e-05  3.354652e-12  2.110996e-05  2.138372e-05  3.393796e-12  2.186997e-05  2.060691e-05  3.376499e-12  2.267309e-05  1.972118e-05  3.288505e-12  2.386820e-05  1.824689e-05  3.111732e-12  2.592947e-05
   1.512920e-05  2.768241e-12  2.830909e-05  9.914360e-06  2.140304e-12  2.974192e-05  4.017080e-06  1.172816e-12  2.874064e-05 -4.328305e-09 -2.722053e-14  2.219480e-05 -9.469529e-07 -9.892741e-13  1.371744e-05 -2.198210e-07 -1.219177e-12
   5.871781e-06  2.868204e-07 -7.589990e-13]
 [ 3.912587e-11 -3.839224e-11 -7.052463e-05 -3.722603e-04  6.224296e-04 -5.449210e-10 -1.745724e-05  2.648379e-05 -2.238091e-11 -1.957441e-05  2.481929e-05 -2.038447e-11 -2.119245e-05  2.331498e-05 -1.838792e-11 -2.215148e-05  2.226993e-05
  -1.640208e-11 -2.235619e-05  2.192943e-05 -1.443027e-11 -2.188491e-05  2.226568e-05 -1.247081e-11 -2.106914e-05  2.290811e-05 -1.052264e-11 -2.014540e-05  2.359388e-05 -8.587513e-12 -1.861886e-05  2.467895e-05 -6.670305e-12 -1.541241e-05
   2.664550e-05 -4.789989e-12 -1.008005e-05  2.893282e-05 -3.002058e-12 -4.079289e-06  3.025448e-05 -1.390244e-12 -4.328305e-09  2.912288e-05 -8.945046e-15  9.506314e-07  2.244097e-05  9.196320e-13  2.215464e-07  1.384091e-05  1.140994e-12
  -2.868865e-07  5.905654e-06  7.329696e-13]
 [-3.880547e-05  5.892000e-05 -5.354738e-11 -3.666336e-10  4.166927e-10  7.248629e-04 -1.572629e-11  1.648140e-11  3.171275e-05 -1.559051e-11  1.370553e-11  3.160337e-05 -1.505393e-11  1.120413e-11  3.150089e-05 -1.411448e-11  9.130688e-12
   3.140453e-05 -1.283019e-11  7.556758e-12  3.131224e-05 -1.132132e-11  6.379701e-12  3.122086e-05 -9.748988e-12  5.343554e-12  3.112738e-05 -8.200640e-12  4.296520e-12  3.103043e-05 -6.614336e-12  3.362680e-12  3.092982e-05 -4.902117e-12
   2.681161e-12  3.082375e-05 -3.109816e-12  2.066853e-12  3.070822e-05 -1.432367e-12  1.181072e-12  3.058166e-05 -2.722053e-14 -8.945046e-15  2.914025e-05  9.220371e-13 -9.670880e-13  2.246812e-05  1.190283e-12 -1.162003e-12  1.384877e-05
   7.913697e-13 -6.955966e-13  5.916081e-06]
 [ 1.155545e-12 -1.419538e-12 -9.002558e-07  4.154138e-04  2.927843e-04  7.091961e-11  1.759058e-05  1.358827e-05  2.945937e-12  1.640989e-05  1.499351e-05  2.830981e-12  1.536645e-05  1.606319e-05  2.819880e-12  1.467842e-05  1.669566e-05
   2.884651e-12  1.452357e-05  1.682965e-05  2.985195e-12  1.487879e-05  1.651334e-05  3.076004e-12  1.546654e-05  1.596196e-05  3.124849e-12  1.608969e-05  1.533155e-05  3.121117e-12  1.702202e-05  1.427945e-05  3.051290e-12  1.864891e-05
   1.204228e-05  2.857154e-12  2.058046e-05  8.266623e-06  2.449870e-12  2.183479e-05  3.955373e-06  1.785972e-12  2.219480e-05  9.506314e-07  9.220371e-13  2.091479e-05  4.561835e-09 -5.318228e-15  1.371869e-05  3.668812e-07 -5.697801e-13
   5.856109e-06  5.371917e-07 -4.707296e-13]
 [ 2.440848e-11 -2.276268e-11 -4.048935e-05 -2.938920e-04  4.409476e-04 -4.245682e-10 -1.368556e-05  1.870414e-05 -1.749790e-11 -1.517774e-05  1.743435e-05 -1.603780e-11 -1.631243e-05  1.629892e-05 -1.458034e-11 -1.698240e-05  1.552218e-05
  -1.313213e-11 -1.712521e-05  1.528714e-05 -1.169381e-11 -1.679591e-05  1.557103e-05 -1.026215e-11 -1.622381e-05  1.609117e-05 -8.835004e-12 -1.557312e-05  1.664689e-05 -7.413232e-12 -1.449190e-05  1.751602e-05 -5.999815e-12 -1.220291e-05
   1.908848e-05 -4.606125e-12 -8.357028e-06  2.096663e-05 -3.269149e-12 -3.983431e-06  2.215617e-05 -2.048761e-12 -9.469529e-07  2.244097e-05 -9.670880e-13  4.561835e-09  2.108274e-05  2.686910e-16 -3.620942e-07  1.380708e-05  5.808217e-13
  -5.361903e-07  5.881223e-06  5.035689e-13]
 [-2.255555e-05  3.363696e-05 -3.253199e-11 -3.003737e-10  3.106365e-10  5.300430e-04 -1.292136e-11  1.224936e-11  2.318938e-05 -1.283380e-11  1.011241e-11  2.312697e-05 -1.244361e-11  8.195638e-12  2.306856e-05 -1.175382e-11  6.625983e-12
   2.301370e-05 -1.081146e-11  5.466744e-12  2.296119e-05 -9.705432e-12  4.639502e-12  2.290921e-05 -8.551412e-12  3.934433e-12  2.285601e-05 -7.412110e-12  3.224342e-12  2.280081e-05 -6.238305e-12  2.627473e-12  2.274349e-05 -4.947412e-12
   2.296171e-12  2.268299e-05 -3.540710e-12  2.091673e-12  2.261701e-05 -2.165081e-12  1.677544e-12  2.254458e-05 -9.892741e-13  9.196320e-13  2.246812e-05 -5.318228e-15  2.686910e-16  2.108290e-05  5.830998e-13 -5.625950e-13  1.381377e-05
   5.150385e-13 -4.568427e-13  5.907342e-06]
 [ 3.644023e-13 -4.120648e-13 -3.645811e-07  2.612575e-04  1.738130e-04  6.457981e-11  1.108264e-05  8.094789e-06  2.711371e-12  1.037723e-05  8.982083e-06  2.616848e-12  9.750948e-06  9.659988e-06  2.586432e-12  9.336771e-06  1.006214e-05
   2.602948e-12  9.243432e-06  1.014777e-05  2.641642e-12  9.457498e-06  9.947017e-06  2.674356e-12  9.811217e-06  9.597304e-06  2.681149e-12  1.018550e-05  9.198220e-06  2.655480e-12  1.074369e-05  8.533718e-06  2.589050e-12  1.171110e-05
   7.126183e-06  2.446097e-12  1.284127e-05  4.763863e-06  2.172363e-12  1.354462e-05  2.082062e-06  1.741988e-12  1.371744e-05  2.215464e-07  1.190283e-12  1.371869e-05 -3.620942e-07  5.830998e-13  1.241503e-05  1.275028e-09  1.521545e-15
   5.868487e-06  3.651034e-07 -2.210294e-13]
 [ 1.191235e-11 -1.063117e-11 -1.828348e-05 -1.744854e-04  2.730267e-04 -2.720469e-10 -8.146703e-06  1.159560e-05 -1.124591e-11 -9.073985e-06  1.084927e-05 -1.036022e-11 -9.781781e-06  1.018084e-05 -9.473271e-12 -1.020115e-05  9.726215e-06
  -8.589531e-12 -1.029077e-05  9.596583e-06 -7.710058e-12 -1.008388e-05  9.778634e-06 -6.833663e-12 -9.724414e-06  1.010215e-05 -5.959633e-12 -9.315734e-06  1.044632e-05 -5.088704e-12 -8.637402e-06  1.097648e-05 -4.222926e-12 -7.205112e-06
   1.192019e-05 -3.370249e-12 -4.808870e-06  1.302725e-05 -2.554944e-12 -2.096419e-06  1.370193e-05 -1.814629e-12 -2.198210e-07  1.384091e-05 -1.162003e-12  3.668812e-07  1.380708e-05 -5.625950e-13  1.275028e-09  1.246764e-05  2.381146e-15
  -3.645811e-07  5.884868e-06  2.370487e-13]
 [-9.790052e-06  1.544798e-05 -1.536863e-11 -2.034978e-10  1.930743e-10  3.241342e-04 -8.773352e-12  7.588851e-12  1.418087e-05 -8.725224e-12  6.217407e-12  1.415216e-05 -8.486647e-12  4.992717e-12  1.412520e-05 -8.062437e-12  4.001333e-12
   1.409979e-05 -7.484242e-12  3.288608e-12  1.407542e-05 -6.806899e-12  2.804528e-12  1.405129e-05 -6.099503e-12  2.406972e-12  1.402661e-05 -5.399440e-12  2.008277e-12  1.400106e-05 -4.674432e-12  1.697627e-12  1.397457e-05 -3.863101e-12
   1.599346e-12  1.394670e-05 -2.946220e-12  1.626772e-12  1.391644e-05 -2.015514e-12  1.519679e-12  1.388343e-05 -1.219177e-12  1.140994e-12  1.384877e-05 -5.697801e-13  5.808217e-13  1.381377e-05  1.521545e-15  2.381146e-15  1.247076e-05
   2.377322e-13 -2.199017e-13  5.898627e-06]
 [ 1.872209e-28 -2.559203e-28 -6.351420e-23  1.165394e-04  6.697505e-05  4.078420e-11  4.963855e-06  3.149533e-06  1.717721e-12  4.687190e-06  3.548852e-06  1.653388e-12  4.438465e-06  3.856454e-06  1.616370e-12  4.272678e-06  4.040245e-06
   1.599445e-12  4.235190e-06  4.079762e-06  1.592056e-12  4.321116e-06  3.988253e-06  1.582134e-12  4.462596e-06  3.829161e-06  1.561135e-12  4.611499e-06  3.648386e-06  1.526284e-12  4.831642e-06  3.348998e-06  1.474089e-12  5.206067e-06
   2.720496e-06  1.389477e-12  5.623518e-06  1.679204e-06  1.249918e-12  5.849622e-06  5.131857e-07  1.045398e-12  5.871781e-06 -2.868865e-07  7.913697e-13  5.856109e-06 -5.361903e-07  5.150385e-13  5.868487e-06 -3.645811e-07  2.377322e-13
   4.572805e-06 -2.469973e-22  1.157056e-15]
 [ 3.193610e-12 -2.753410e-12 -4.572805e-06 -6.723657e-05  1.195375e-04 -1.186452e-10 -3.166700e-06  5.094356e-06 -4.916530e-12 -3.576015e-06  4.807119e-06 -4.547655e-12 -3.891035e-06  4.547580e-06 -4.175831e-12 -4.079024e-06  4.371510e-06
  -3.803420e-12 -4.119375e-06  4.324908e-06 -3.431580e-12 -4.026127e-06  4.402906e-06 -3.060639e-12 -3.864365e-06  4.536955e-06 -2.690906e-12 -3.680950e-06  4.678456e-06 -2.322906e-12 -3.377812e-06  4.891775e-06 -1.957738e-12 -2.742685e-06
   5.260590e-06 -1.599798e-12 -1.692267e-06  5.672649e-06 -1.260990e-12 -5.178493e-07  5.891861e-06 -9.581161e-13  2.868204e-07  5.905654e-06 -6.955966e-13  5.371917e-07  5.881223e-06 -4.568427e-13  3.651034e-07  5.884868e-06 -2.199017e-13
  -4.585440e-22  4.579873e-06  1.159104e-15]
 [-2.262536e-06  3.974944e-06 -3.974528e-12 -9.432785e-11  8.316096e-11  1.371868e-04 -4.074265e-12  3.259308e-12  6.001923e-06 -4.056762e-12  2.653231e-12  5.994513e-06 -3.956338e-12  2.114157e-12  5.987514e-06 -3.776124e-12  1.682454e-12
   5.980883e-06 -3.530580e-12  1.380106e-12  5.974497e-06 -3.243079e-12  1.185093e-12  5.968167e-06 -2.942333e-12  1.031502e-12  5.961709e-06 -2.643897e-12  8.781121e-13  5.955042e-06 -2.332937e-12  7.696206e-13  5.948155e-06 -1.978440e-12
   7.713508e-13  5.940941e-06 -1.563967e-12  8.454927e-13  5.933174e-06 -1.130041e-12  8.593534e-13  5.924792e-06 -7.589990e-13  7.329696e-13  5.916081e-06 -4.707296e-13  5.035689e-13  5.907342e-06 -2.210294e-13  2.370487e-13  5.898627e-06
   1.157056e-15  1.159104e-15  4.582148e-06]]

=== M_qdd ===
[ 5.739250e-03  1.008172e-02  4.287884e-09  1.845318e-08 -2.786676e-08 -1.321138e-03  8.576588e-10 -1.180417e-09 -5.776312e-05  9.477363e-10 -1.093652e-09 -9.088132e-05  1.009433e-09 -1.009977e-09 -2.096653e-04  1.026670e-09 -9.342994e-10
 -4.567123e-04  9.825987e-10 -8.630893e-10 -8.346378e-04  8.891304e-10 -7.965432e-10 -1.023401e-03  7.855823e-10 -7.380176e-10 -7.951361e-04  7.143229e-10 -7.105343e-10 -4.474481e-04  6.397532e-10 -7.070099e-10 -6.166676e-04  4.831100e-10
 -6.865381e-10 -1.389343e-03  2.261290e-10 -5.791327e-10 -2.150604e-03 -1.666052e-11 -3.920124e-10 -2.087133e-03 -1.460887e-10 -2.003852e-10 -1.300462e-03 -1.632638e-10 -9.103729e-11 -5.713264e-04 -1.155670e-10 -4.185100e-11 -1.365556e-04
 -5.046112e-11 -1.850559e-11 -5.507966e-06]

=== C_qdot ===
[-5.366311e-01  3.048871e-01 -5.321314e-07 -1.664403e-05  1.829549e-04  2.203187e-01 -7.987308e-09  4.363311e-08  1.022290e-02 -1.086558e-08  3.932300e-08  9.673392e-03 -1.286520e-08  3.508097e-08  9.218638e-03 -1.381129e-08  3.115556e-08
  8.884193e-03 -1.369835e-08  2.773846e-08  8.649493e-03 -1.280812e-08  2.480715e-08  8.372232e-03 -1.166444e-08  2.211717e-08  7.921073e-03 -1.056371e-08  1.950986e-08  7.355103e-03 -9.182783e-09  1.716391e-08  6.801466e-03 -7.034284e-09
  1.528490e-08  6.337777e-03 -4.245769e-09  1.357748e-08  5.866253e-03 -1.717985e-09  1.152344e-08  5.202833e-03 -2.857363e-10  9.114384e-09  4.300043e-03  1.409962e-10  6.670259e-09  3.225897e-03  1.058408e-10  4.334508e-09  2.102272e-03
 -8.589297e-13  2.112160e-09  1.019116e-03]

=== f_int ===
[-0.000000e+00 -0.000000e+00 -0.000000e+00 -0.000000e+00 -0.000000e+00 -0.000000e+00 -3.500000e-10 -4.375000e-10 -8.757772e-04 -3.500000e-10 -4.375000e-10 -7.773666e-04 -3.500000e-10 -4.375000e-10 -5.685148e-04 -3.500000e-10 -4.375000e-10
 -2.734205e-04 -3.500000e-10 -4.375000e-10  8.816316e-05 -3.500000e-10 -4.375000e-10  3.387778e-04 -3.500000e-10 -4.375000e-10  3.853782e-04 -3.500000e-10 -4.375000e-10  4.112590e-04 -3.500000e-10 -4.375000e-10  8.530405e-04 -3.500000e-10
 -4.375000e-10  1.638394e-03 -3.500000e-10 -4.375000e-10  2.188787e-03 -3.500000e-10 -4.375000e-10  1.864606e-03 -3.500000e-10 -4.375000e-10  8.619010e-04 -3.500000e-10 -4.375000e-10 -1.216962e-05 -3.500000e-10 -4.375000e-10 -5.730458e-04
 -3.500000e-10 -4.375000e-10 -8.587104e-04]

=== K_int ===
[[ 0.        0.        0.        0.        0.        0.        0.        0.        0.        0.        0.        0.        0.        0.        0.        0.        0.        0.        0.        0.        0.        0.        0.        0.
   0.        0.        0.        0.        0.        0.        0.        0.        0.        0.        0.        0.        0.        0.        0.        0.        0.        0.        0.        0.        0.        0.        0.        0.
   0.        0.        0.        0.        0.        0.      ]
 [ 0.        0.        0.        0.        0.        0.        0.        0.        0.        0.        0.        0.        0.        0.        0.        0.        0.        0.        0.        0.        0.        0.        0.        0.
   0.        0.        0.        0.        0.        0.        0.        0.        0.        0.        0.        0.        0.        0.        0.        0.        0.        0.        0.        0.        0.        0.        0.        0.
   0.        0.        0.        0.        0.        0.      ]
 [ 0.        0.        0.        0.        0.        0.        0.        0.        0.        0.        0.        0.        0.        0.        0.        0.        0.        0.        0.        0.        0.        0.        0.        0.
   0.        0.        0.        0.        0.        0.        0.        0.        0.        0.        0.        0.        0.        0.        0.        0.        0.        0.        0.        0.        0.        0.        0.        0.
   0.        0.        0.        0.        0.        0.      ]
 [ 0.        0.        0.        0.        0.        0.        0.        0.        0.        0.        0.        0.        0.        0.        0.        0.        0.        0.        0.        0.        0.        0.        0.        0.
   0.        0.        0.        0.        0.        0.        0.        0.        0.        0.        0.        0.        0.        0.        0.        0.        0.        0.        0.        0.        0.        0.        0.        0.
   0.        0.        0.        0.        0.        0.      ]
 [ 0.        0.        0.        0.        0.        0.        0.        0.        0.        0.        0.        0.        0.        0.        0.        0.        0.        0.        0.        0.        0.        0.        0.        0.
   0.        0.        0.        0.        0.        0.        0.        0.        0.        0.        0.        0.        0.        0.        0.        0.        0.        0.        0.        0.        0.        0.        0.        0.
   0.        0.        0.        0.        0.        0.      ]
 [ 0.        0.        0.        0.        0.        0.        0.        0.        0.        0.        0.        0.        0.        0.        0.        0.        0.        0.        0.        0.        0.        0.        0.        0.
   0.        0.        0.        0.        0.        0.        0.        0.        0.        0.        0.        0.        0.        0.        0.        0.        0.        0.        0.        0.        0.        0.        0.        0.
   0.        0.        0.        0.        0.        0.      ]
 [ 0.        0.        0.        0.        0.        0.       -0.00035  -0.       -0.       -0.       -0.       -0.       -0.       -0.       -0.       -0.       -0.       -0.       -0.       -0.       -0.       -0.       -0.       -0.
  -0.       -0.       -0.       -0.       -0.       -0.       -0.       -0.       -0.       -0.       -0.       -0.       -0.       -0.       -0.       -0.       -0.       -0.       -0.       -0.       -0.       -0.       -0.       -0.
  -0.       -0.       -0.       -0.       -0.       -0.      ]
 [ 0.        0.        0.        0.        0.        0.       -0.       -0.000437 -0.       -0.       -0.       -0.       -0.       -0.       -0.       -0.       -0.       -0.       -0.       -0.       -0.       -0.       -0.       -0.
  -0.       -0.       -0.       -0.       -0.       -0.       -0.       -0.       -0.       -0.       -0.       -0.       -0.       -0.       -0.       -0.       -0.       -0.       -0.       -0.       -0.       -0.       -0.       -0.
  -0.       -0.       -0.       -0.       -0.       -0.      ]
 [ 0.        0.        0.        0.        0.        0.       -0.       -0.       -0.000437 -0.       -0.       -0.       -0.       -0.       -0.       -0.       -0.       -0.       -0.       -0.       -0.       -0.       -0.       -0.
  -0.       -0.       -0.       -0.       -0.       -0.       -0.       -0.       -0.       -0.       -0.       -0.       -0.       -0.       -0.       -0.       -0.       -0.       -0.       -0.       -0.       -0.       -0.       -0.
  -0.       -0.       -0.       -0.       -0.       -0.      ]
 [ 0.        0.        0.        0.        0.        0.       -0.       -0.       -0.       -0.00035  -0.       -0.       -0.       -0.       -0.       -0.       -0.       -0.       -0.       -0.       -0.       -0.       -0.       -0.
  -0.       -0.       -0.       -0.       -0.       -0.       -0.       -0.       -0.       -0.       -0.       -0.       -0.       -0.       -0.       -0.       -0.       -0.       -0.       -0.       -0.       -0.       -0.       -0.
  -0.       -0.       -0.       -0.       -0.       -0.      ]
 [ 0.        0.        0.        0.        0.        0.       -0.       -0.       -0.       -0.       -0.000437 -0.       -0.       -0.       -0.       -0.       -0.       -0.       -0.       -0.       -0.       -0.       -0.       -0.
  -0.       -0.       -0.       -0.       -0.       -0.       -0.       -0.       -0.       -0.       -0.       -0.       -0.       -0.       -0.       -0.       -0.       -0.       -0.       -0.       -0.       -0.       -0.       -0.
  -0.       -0.       -0.       -0.       -0.       -0.      ]
 [ 0.        0.        0.        0.        0.        0.       -0.       -0.       -0.       -0.       -0.       -0.000437 -0.       -0.       -0.       -0.       -0.       -0.       -0.       -0.       -0.       -0.       -0.       -0.
  -0.       -0.       -0.       -0.       -0.       -0.       -0.       -0.       -0.       -0.       -0.       -0.       -0.       -0.       -0.       -0.       -0.       -0.       -0.       -0.       -0.       -0.       -0.       -0.
  -0.       -0.       -0.       -0.       -0.       -0.      ]
 [ 0.        0.        0.        0.        0.        0.       -0.       -0.       -0.       -0.       -0.       -0.       -0.00035  -0.       -0.       -0.       -0.       -0.       -0.       -0.       -0.       -0.       -0.       -0.
  -0.       -0.       -0.       -0.       -0.       -0.       -0.       -0.       -0.       -0.       -0.       -0.       -0.       -0.       -0.       -0.       -0.       -0.       -0.       -0.       -0.       -0.       -0.       -0.
  -0.       -0.       -0.       -0.       -0.       -0.      ]
 [ 0.        0.        0.        0.        0.        0.       -0.       -0.       -0.       -0.       -0.       -0.       -0.       -0.000437 -0.       -0.       -0.       -0.       -0.       -0.       -0.       -0.       -0.       -0.
  -0.       -0.       -0.       -0.       -0.       -0.       -0.       -0.       -0.       -0.       -0.       -0.       -0.       -0.       -0.       -0.       -0.       -0.       -0.       -0.       -0.       -0.       -0.       -0.
  -0.       -0.       -0.       -0.       -0.       -0.      ]
 [ 0.        0.        0.        0.        0.        0.       -0.       -0.       -0.       -0.       -0.       -0.       -0.       -0.       -0.000437 -0.       -0.       -0.       -0.       -0.       -0.       -0.       -0.       -0.
  -0.       -0.       -0.       -0.       -0.       -0.       -0.       -0.       -0.       -0.       -0.       -0.       -0.       -0.       -0.       -0.       -0.       -0.       -0.       -0.       -0.       -0.       -0.       -0.
  -0.       -0.       -0.       -0.       -0.       -0.      ]
 [ 0.        0.        0.        0.        0.        0.       -0.       -0.       -0.       -0.       -0.       -0.       -0.       -0.       -0.       -0.00035  -0.       -0.       -0.       -0.       -0.       -0.       -0.       -0.
  -0.       -0.       -0.       -0.       -0.       -0.       -0.       -0.       -0.       -0.       -0.       -0.       -0.       -0.       -0.       -0.       -0.       -0.       -0.       -0.       -0.       -0.       -0.       -0.
  -0.       -0.       -0.       -0.       -0.       -0.      ]
 [ 0.        0.        0.        0.        0.        0.       -0.       -0.       -0.       -0.       -0.       -0.       -0.       -0.       -0.       -0.       -0.000437 -0.       -0.       -0.       -0.       -0.       -0.       -0.
  -0.       -0.       -0.       -0.       -0.       -0.       -0.       -0.       -0.       -0.       -0.       -0.       -0.       -0.       -0.       -0.       -0.       -0.       -0.       -0.       -0.       -0.       -0.       -0.
  -0.       -0.       -0.       -0.       -0.       -0.      ]
 [ 0.        0.        0.        0.        0.        0.       -0.       -0.       -0.       -0.       -0.       -0.       -0.       -0.       -0.       -0.       -0.       -0.000437 -0.       -0.       -0.       -0.       -0.       -0.
  -0.       -0.       -0.       -0.       -0.       -0.       -0.       -0.       -0.       -0.       -0.       -0.       -0.       -0.       -0.       -0.       -0.       -0.       -0.       -0.       -0.       -0.       -0.       -0.
  -0.       -0.       -0.       -0.       -0.       -0.      ]
 [ 0.        0.        0.        0.        0.        0.       -0.       -0.       -0.       -0.       -0.       -0.       -0.       -0.       -0.       -0.       -0.       -0.       -0.00035  -0.       -0.       -0.       -0.       -0.
  -0.       -0.       -0.       -0.       -0.       -0.       -0.       -0.       -0.       -0.       -0.       -0.       -0.       -0.       -0.       -0.       -0.       -0.       -0.       -0.       -0.       -0.       -0.       -0.
  -0.       -0.       -0.       -0.       -0.       -0.      ]
 [ 0.        0.        0.        0.        0.        0.       -0.       -0.       -0.       -0.       -0.       -0.       -0.       -0.       -0.       -0.       -0.       -0.       -0.       -0.000437 -0.       -0.       -0.       -0.
  -0.       -0.       -0.       -0.       -0.       -0.       -0.       -0.       -0.       -0.       -0.       -0.       -0.       -0.       -0.       -0.       -0.       -0.       -0.       -0.       -0.       -0.       -0.       -0.
  -0.       -0.       -0.       -0.       -0.       -0.      ]
 [ 0.        0.        0.        0.        0.        0.       -0.       -0.       -0.       -0.       -0.       -0.       -0.       -0.       -0.       -0.       -0.       -0.       -0.       -0.       -0.000437 -0.       -0.       -0.
  -0.       -0.       -0.       -0.       -0.       -0.       -0.       -0.       -0.       -0.       -0.       -0.       -0.       -0.       -0.       -0.       -0.       -0.       -0.       -0.       -0.       -0.       -0.       -0.
  -0.       -0.       -0.       -0.       -0.       -0.      ]
 [ 0.        0.        0.        0.        0.        0.       -0.       -0.       -0.       -0.       -0.       -0.       -0.       -0.       -0.       -0.       -0.       -0.       -0.       -0.       -0.       -0.00035  -0.       -0.
  -0.       -0.       -0.       -0.       -0.       -0.       -0.       -0.       -0.       -0.       -0.       -0.       -0.       -0.       -0.       -0.       -0.       -0.       -0.       -0.       -0.       -0.       -0.       -0.
  -0.       -0.       -0.       -0.       -0.       -0.      ]
 [ 0.        0.        0.        0.        0.        0.       -0.       -0.       -0.       -0.       -0.       -0.       -0.       -0.       -0.       -0.       -0.       -0.       -0.       -0.       -0.       -0.       -0.000437 -0.
  -0.       -0.       -0.       -0.       -0.       -0.       -0.       -0.       -0.       -0.       -0.       -0.       -0.       -0.       -0.       -0.       -0.       -0.       -0.       -0.       -0.       -0.       -0.       -0.
  -0.       -0.       -0.       -0.       -0.       -0.      ]
 [ 0.        0.        0.        0.        0.        0.       -0.       -0.       -0.       -0.       -0.       -0.       -0.       -0.       -0.       -0.       -0.       -0.       -0.       -0.       -0.       -0.       -0.       -0.000437
  -0.       -0.       -0.       -0.       -0.       -0.       -0.       -0.       -0.       -0.       -0.       -0.       -0.       -0.       -0.       -0.       -0.       -0.       -0.       -0.       -0.       -0.       -0.       -0.
  -0.       -0.       -0.       -0.       -0.       -0.      ]
 [ 0.        0.        0.        0.        0.        0.       -0.       -0.       -0.       -0.       -0.       -0.       -0.       -0.       -0.       -0.       -0.       -0.       -0.       -0.       -0.       -0.       -0.       -0.
  -0.00035  -0.       -0.       -0.       -0.       -0.       -0.       -0.       -0.       -0.       -0.       -0.       -0.       -0.       -0.       -0.       -0.       -0.       -0.       -0.       -0.       -0.       -0.       -0.
  -0.       -0.       -0.       -0.       -0.       -0.      ]
 [ 0.        0.        0.        0.        0.        0.       -0.       -0.       -0.       -0.       -0.       -0.       -0.       -0.       -0.       -0.       -0.       -0.       -0.       -0.       -0.       -0.       -0.       -0.
  -0.       -0.000437 -0.       -0.       -0.       -0.       -0.       -0.       -0.       -0.       -0.       -0.       -0.       -0.       -0.       -0.       -0.       -0.       -0.       -0.       -0.       -0.       -0.       -0.
  -0.       -0.       -0.       -0.       -0.       -0.      ]
 [ 0.        0.        0.        0.        0.        0.       -0.       -0.       -0.       -0.       -0.       -0.       -0.       -0.       -0.       -0.       -0.       -0.       -0.       -0.       -0.       -0.       -0.       -0.
  -0.       -0.       -0.000437 -0.       -0.       -0.       -0.       -0.       -0.       -0.       -0.       -0.       -0.       -0.       -0.       -0.       -0.       -0.       -0.       -0.       -0.       -0.       -0.       -0.
  -0.       -0.       -0.       -0.       -0.       -0.      ]
 [ 0.        0.        0.        0.        0.        0.       -0.       -0.       -0.       -0.       -0.       -0.       -0.       -0.       -0.       -0.       -0.       -0.       -0.       -0.       -0.       -0.       -0.       -0.
  -0.       -0.       -0.       -0.00035  -0.       -0.       -0.       -0.       -0.       -0.       -0.       -0.       -0.       -0.       -0.       -0.       -0.       -0.       -0.       -0.       -0.       -0.       -0.       -0.
  -0.       -0.       -0.       -0.       -0.       -0.      ]
 [ 0.        0.        0.        0.        0.        0.       -0.       -0.       -0.       -0.       -0.       -0.       -0.       -0.       -0.       -0.       -0.       -0.       -0.       -0.       -0.       -0.       -0.       -0.
  -0.       -0.       -0.       -0.       -0.000437 -0.       -0.       -0.       -0.       -0.       -0.       -0.       -0.       -0.       -0.       -0.       -0.       -0.       -0.       -0.       -0.       -0.       -0.       -0.
  -0.       -0.       -0.       -0.       -0.       -0.      ]
 [ 0.        0.        0.        0.        0.        0.       -0.       -0.       -0.       -0.       -0.       -0.       -0.       -0.       -0.       -0.       -0.       -0.       -0.       -0.       -0.       -0.       -0.       -0.
  -0.       -0.       -0.       -0.       -0.       -0.000437 -0.       -0.       -0.       -0.       -0.       -0.       -0.       -0.       -0.       -0.       -0.       -0.       -0.       -0.       -0.       -0.       -0.       -0.
  -0.       -0.       -0.       -0.       -0.       -0.      ]
 [ 0.        0.        0.        0.        0.        0.       -0.       -0.       -0.       -0.       -0.       -0.       -0.       -0.       -0.       -0.       -0.       -0.       -0.       -0.       -0.       -0.       -0.       -0.
  -0.       -0.       -0.       -0.       -0.       -0.       -0.00035  -0.       -0.       -0.       -0.       -0.       -0.       -0.       -0.       -0.       -0.       -0.       -0.       -0.       -0.       -0.       -0.       -0.
  -0.       -0.       -0.       -0.       -0.       -0.      ]
 [ 0.        0.        0.        0.        0.        0.       -0.       -0.       -0.       -0.       -0.       -0.       -0.       -0.       -0.       -0.       -0.       -0.       -0.       -0.       -0.       -0.       -0.       -0.
  -0.       -0.       -0.       -0.       -0.       -0.       -0.       -0.000437 -0.       -0.       -0.       -0.       -0.       -0.       -0.       -0.       -0.       -0.       -0.       -0.       -0.       -0.       -0.       -0.
  -0.       -0.       -0.       -0.       -0.       -0.      ]
 [ 0.        0.        0.        0.        0.        0.       -0.       -0.       -0.       -0.       -0.       -0.       -0.       -0.       -0.       -0.       -0.       -0.       -0.       -0.       -0.       -0.       -0.       -0.
  -0.       -0.       -0.       -0.       -0.       -0.       -0.       -0.       -0.000437 -0.       -0.       -0.       -0.       -0.       -0.       -0.       -0.       -0.       -0.       -0.       -0.       -0.       -0.       -0.
  -0.       -0.       -0.       -0.       -0.       -0.      ]
 [ 0.        0.        0.        0.        0.        0.       -0.       -0.       -0.       -0.       -0.       -0.       -0.       -0.       -0.       -0.       -0.       -0.       -0.       -0.       -0.       -0.       -0.       -0.
  -0.       -0.       -0.       -0.       -0.       -0.       -0.       -0.       -0.       -0.00035  -0.       -0.       -0.       -0.       -0.       -0.       -0.       -0.       -0.       -0.       -0.       -0.       -0.       -0.
  -0.       -0.       -0.       -0.       -0.       -0.      ]
 [ 0.        0.        0.        0.        0.        0.       -0.       -0.       -0.       -0.       -0.       -0.       -0.       -0.       -0.       -0.       -0.       -0.       -0.       -0.       -0.       -0.       -0.       -0.
  -0.       -0.       -0.       -0.       -0.       -0.       -0.       -0.       -0.       -0.       -0.000437 -0.       -0.       -0.       -0.       -0.       -0.       -0.       -0.       -0.       -0.       -0.       -0.       -0.
  -0.       -0.       -0.       -0.       -0.       -0.      ]
 [ 0.        0.        0.        0.        0.        0.       -0.       -0.       -0.       -0.       -0.       -0.       -0.       -0.       -0.       -0.       -0.       -0.       -0.       -0.       -0.       -0.       -0.       -0.
  -0.       -0.       -0.       -0.       -0.       -0.       -0.       -0.       -0.       -0.       -0.       -0.000437 -0.       -0.       -0.       -0.       -0.       -0.       -0.       -0.       -0.       -0.       -0.       -0.
  -0.       -0.       -0.       -0.       -0.       -0.      ]
 [ 0.        0.        0.        0.        0.        0.       -0.       -0.       -0.       -0.       -0.       -0.       -0.       -0.       -0.       -0.       -0.       -0.       -0.       -0.       -0.       -0.       -0.       -0.
  -0.       -0.       -0.       -0.       -0.       -0.       -0.       -0.       -0.       -0.       -0.       -0.       -0.00035  -0.       -0.       -0.       -0.       -0.       -0.       -0.       -0.       -0.       -0.       -0.
  -0.       -0.       -0.       -0.       -0.       -0.      ]
 [ 0.        0.        0.        0.        0.        0.       -0.       -0.       -0.       -0.       -0.       -0.       -0.       -0.       -0.       -0.       -0.       -0.       -0.       -0.       -0.       -0.       -0.       -0.
  -0.       -0.       -0.       -0.       -0.       -0.       -0.       -0.       -0.       -0.       -0.       -0.       -0.       -0.000437 -0.       -0.       -0.       -0.       -0.       -0.       -0.       -0.       -0.       -0.
  -0.       -0.       -0.       -0.       -0.       -0.      ]
 [ 0.        0.        0.        0.        0.        0.       -0.       -0.       -0.       -0.       -0.       -0.       -0.       -0.       -0.       -0.       -0.       -0.       -0.       -0.       -0.       -0.       -0.       -0.
  -0.       -0.       -0.       -0.       -0.       -0.       -0.       -0.       -0.       -0.       -0.       -0.       -0.       -0.       -0.000437 -0.       -0.       -0.       -0.       -0.       -0.       -0.       -0.       -0.
  -0.       -0.       -0.       -0.       -0.       -0.      ]
 [ 0.        0.        0.        0.        0.        0.       -0.       -0.       -0.       -0.       -0.       -0.       -0.       -0.       -0.       -0.       -0.       -0.       -0.       -0.       -0.       -0.       -0.       -0.
  -0.       -0.       -0.       -0.       -0.       -0.       -0.       -0.       -0.       -0.       -0.       -0.       -0.       -0.       -0.       -0.00035  -0.       -0.       -0.       -0.       -0.       -0.       -0.       -0.
  -0.       -0.       -0.       -0.       -0.       -0.      ]
 [ 0.        0.        0.        0.        0.        0.       -0.       -0.       -0.       -0.       -0.       -0.       -0.       -0.       -0.       -0.       -0.       -0.       -0.       -0.       -0.       -0.       -0.       -0.
  -0.       -0.       -0.       -0.       -0.       -0.       -0.       -0.       -0.       -0.       -0.       -0.       -0.       -0.       -0.       -0.       -0.000437 -0.       -0.       -0.       -0.       -0.       -0.       -0.
  -0.       -0.       -0.       -0.       -0.       -0.      ]
 [ 0.        0.        0.        0.        0.        0.       -0.       -0.       -0.       -0.       -0.       -0.       -0.       -0.       -0.       -0.       -0.       -0.       -0.       -0.       -0.       -0.       -0.       -0.
  -0.       -0.       -0.       -0.       -0.       -0.       -0.       -0.       -0.       -0.       -0.       -0.       -0.       -0.       -0.       -0.       -0.       -0.000437 -0.       -0.       -0.       -0.       -0.       -0.
  -0.       -0.       -0.       -0.       -0.       -0.      ]
 [ 0.        0.        0.        0.        0.        0.       -0.       -0.       -0.       -0.       -0.       -0.       -0.       -0.       -0.       -0.       -0.       -0.       -0.       -0.       -0.       -0.       -0.       -0.
  -0.       -0.       -0.       -0.       -0.       -0.       -0.       -0.       -0.       -0.       -0.       -0.       -0.       -0.       -0.       -0.       -0.       -0.       -0.00035  -0.       -0.       -0.       -0.       -0.
  -0.       -0.       -0.       -0.       -0.       -0.      ]
 [ 0.        0.        0.        0.        0.        0.       -0.       -0.       -0.       -0.       -0.       -0.       -0.       -0.       -0.       -0.       -0.       -0.       -0.       -0.       -0.       -0.       -0.       -0.
  -0.       -0.       -0.       -0.       -0.       -0.       -0.       -0.       -0.       -0.       -0.       -0.       -0.       -0.       -0.       -0.       -0.       -0.       -0.       -0.000437 -0.       -0.       -0.       -0.
  -0.       -0.       -0.       -0.       -0.       -0.      ]
 [ 0.        0.        0.        0.        0.        0.       -0.       -0.       -0.       -0.       -0.       -0.       -0.       -0.       -0.       -0.       -0.       -0.       -0.       -0.       -0.       -0.       -0.       -0.
  -0.       -0.       -0.       -0.       -0.       -0.       -0.       -0.       -0.       -0.       -0.       -0.       -0.       -0.       -0.       -0.       -0.       -0.       -0.       -0.       -0.000437 -0.       -0.       -0.
  -0.       -0.       -0.       -0.       -0.       -0.      ]
 [ 0.        0.        0.        0.        0.        0.       -0.       -0.       -0.       -0.       -0.       -0.       -0.       -0.       -0.       -0.       -0.       -0.       -0.       -0.       -0.       -0.       -0.       -0.
  -0.       -0.       -0.       -0.       -0.       -0.       -0.       -0.       -0.       -0.       -0.       -0.       -0.       -0.       -0.       -0.       -0.       -0.       -0.       -0.       -0.       -0.00035  -0.       -0.
  -0.       -0.       -0.       -0.       -0.       -0.      ]
 [ 0.        0.        0.        0.        0.        0.       -0.       -0.       -0.       -0.       -0.       -0.       -0.       -0.       -0.       -0.       -0.       -0.       -0.       -0.       -0.       -0.       -0.       -0.
  -0.       -0.       -0.       -0.       -0.       -0.       -0.       -0.       -0.       -0.       -0.       -0.       -0.       -0.       -0.       -0.       -0.       -0.       -0.       -0.       -0.       -0.       -0.000437 -0.
  -0.       -0.       -0.       -0.       -0.       -0.      ]
 [ 0.        0.        0.        0.        0.        0.       -0.       -0.       -0.       -0.       -0.       -0.       -0.       -0.       -0.       -0.       -0.       -0.       -0.       -0.       -0.       -0.       -0.       -0.
  -0.       -0.       -0.       -0.       -0.       -0.       -0.       -0.       -0.       -0.       -0.       -0.       -0.       -0.       -0.       -0.       -0.       -0.       -0.       -0.       -0.       -0.       -0.       -0.000437
  -0.       -0.       -0.       -0.       -0.       -0.      ]
 [ 0.        0.        0.        0.        0.        0.       -0.       -0.       -0.       -0.       -0.       -0.       -0.       -0.       -0.       -0.       -0.       -0.       -0.       -0.       -0.       -0.       -0.       -0.
  -0.       -0.       -0.       -0.       -0.       -0.       -0.       -0.       -0.       -0.       -0.       -0.       -0.       -0.       -0.       -0.       -0.       -0.       -0.       -0.       -0.       -0.       -0.       -0.
  -0.00035  -0.       -0.       -0.       -0.       -0.      ]
 [ 0.        0.        0.        0.        0.        0.       -0.       -0.       -0.       -0.       -0.       -0.       -0.       -0.       -0.       -0.       -0.       -0.       -0.       -0.       -0.       -0.       -0.       -0.
  -0.       -0.       -0.       -0.       -0.       -0.       -0.       -0.       -0.       -0.       -0.       -0.       -0.       -0.       -0.       -0.       -0.       -0.       -0.       -0.       -0.       -0.       -0.       -0.
  -0.       -0.000437 -0.       -0.       -0.       -0.      ]
 [ 0.        0.        0.        0.        0.        0.       -0.       -0.       -0.       -0.       -0.       -0.       -0.       -0.       -0.       -0.       -0.       -0.       -0.       -0.       -0.       -0.       -0.       -0.
  -0.       -0.       -0.       -0.       -0.       -0.       -0.       -0.       -0.       -0.       -0.       -0.       -0.       -0.       -0.       -0.       -0.       -0.       -0.       -0.       -0.       -0.       -0.       -0.
  -0.       -0.       -0.000437 -0.       -0.       -0.      ]
 [ 0.        0.        0.        0.        0.        0.       -0.       -0.       -0.       -0.       -0.       -0.       -0.       -0.       -0.       -0.       -0.       -0.       -0.       -0.       -0.       -0.       -0.       -0.
  -0.       -0.       -0.       -0.       -0.       -0.       -0.       -0.       -0.       -0.       -0.       -0.       -0.       -0.       -0.       -0.       -0.       -0.       -0.       -0.       -0.       -0.       -0.       -0.
  -0.       -0.       -0.       -0.00035  -0.       -0.      ]
 [ 0.        0.        0.        0.        0.        0.       -0.       -0.       -0.       -0.       -0.       -0.       -0.       -0.       -0.       -0.       -0.       -0.       -0.       -0.       -0.       -0.       -0.       -0.
  -0.       -0.       -0.       -0.       -0.       -0.       -0.       -0.       -0.       -0.       -0.       -0.       -0.       -0.       -0.       -0.       -0.       -0.       -0.       -0.       -0.       -0.       -0.       -0.
  -0.       -0.       -0.       -0.       -0.000437 -0.      ]
 [ 0.        0.        0.        0.        0.        0.       -0.       -0.       -0.       -0.       -0.       -0.       -0.       -0.       -0.       -0.       -0.       -0.       -0.       -0.       -0.       -0.       -0.       -0.
  -0.       -0.       -0.       -0.       -0.       -0.       -0.       -0.       -0.       -0.       -0.       -0.       -0.       -0.       -0.       -0.       -0.       -0.       -0.       -0.       -0.       -0.       -0.       -0.
  -0.       -0.       -0.       -0.       -0.       -0.000437]]

=== f_g ===
[0. 0. 0. 0. 0. 0. 0. 0. 0. 0. 0. 0. 0. 0. 0. 0. 0. 0. 0. 0. 0. 0. 0. 0. 0. 0. 0. 0. 0. 0. 0. 0. 0. 0. 0. 0. 0. 0. 0. 0. 0. 0. 0. 0. 0. 0. 0. 0. 0. 0. 0. 0. 0. 0.]

=== f_clamp ===
[2.120525e-01 2.519052e-02 4.150000e-04 6.437450e-20 1.626303e-19 1.665335e-16 0.000000e+00 0.000000e+00 0.000000e+00 0.000000e+00 0.000000e+00 0.000000e+00 0.000000e+00 0.000000e+00 0.000000e+00 0.000000e+00 0.000000e+00 0.000000e+00 0.000000e+00
 0.000000e+00 0.000000e+00 0.000000e+00 0.000000e+00 0.000000e+00 0.000000e+00 0.000000e+00 0.000000e+00 0.000000e+00 0.000000e+00 0.000000e+00 0.000000e+00 0.000000e+00 0.000000e+00 0.000000e+00 0.000000e+00 0.000000e+00 0.000000e+00 0.000000e+00
 0.000000e+00 0.000000e+00 0.000000e+00 0.000000e+00 0.000000e+00 0.000000e+00 0.000000e+00 0.000000e+00 0.000000e+00 0.000000e+00 0.000000e+00 0.000000e+00 0.000000e+00 0.000000e+00 0.000000e+00 0.000000e+00]

=== lambda ===
[-1.011282e+00  4.422854e-01 -4.157939e-04 -2.486435e-08 -7.464307e-08 -2.345660e-02]

=== J_g ===
[[ 1.000000e+00 -8.765330e-16 -5.293956e-22  7.279189e-23  1.529840e-07 -5.977691e-02 -3.828814e-10  6.768915e-09 -2.615240e-03 -1.057935e-09  6.765061e-09 -2.699001e-03 -1.633704e-09  6.665163e-09 -2.940322e-03 -2.051261e-09  6.525539e-09
  -3.308787e-03 -2.273256e-09  6.399271e-09 -3.756007e-03 -2.325019e-09  6.300979e-09 -4.220459e-03 -2.308976e-09  6.194141e-09 -4.645150e-03 -2.293064e-09  6.045878e-09 -5.002000e-03 -2.161327e-09  5.890945e-09 -5.283686e-03 -1.705323e-09
   5.769322e-09 -5.445179e-03 -9.141071e-10  5.574285e-09 -5.368582e-03 -1.224071e-10  5.126167e-09 -4.930425e-03  2.855100e-10  4.418898e-09 -4.126543e-03  2.963819e-10  3.545938e-09 -3.093284e-03  1.358082e-10  2.526084e-09 -1.992213e-03
   3.943843e-26  1.343152e-09 -9.375624e-04]
 [ 4.002235e-16  1.000000e+00  7.411538e-22 -1.529840e-07 -4.235165e-22  6.605046e-01 -5.690179e-09 -1.225681e-09  2.889708e-02 -4.349046e-09 -2.759592e-09  2.698546e-02 -3.034547e-09 -3.955065e-09  2.508716e-02 -1.844676e-09 -4.827247e-09
   2.320916e-02 -8.705116e-10 -5.428025e-09  2.134814e-02 -1.365115e-10 -5.820174e-09  1.949129e-02  4.293114e-10 -6.042876e-09  1.762503e-02  8.889761e-10 -6.104906e-09  1.574464e-02  1.130547e-09 -6.028142e-09  1.385156e-02  9.583655e-10
  -5.841016e-09  1.194490e-02  3.963296e-10 -5.482776e-09  1.003452e-02 -1.933654e-10 -4.864333e-09  8.175202e-03 -4.437963e-10 -4.052021e-09  6.441187e-03 -3.596891e-10 -3.159828e-09  4.830677e-03 -1.531993e-10 -2.202444e-09  3.265021e-03
  -5.195007e-26 -1.153659e-09  1.668041e-03]
 [ 1.058791e-21 -4.235165e-22  1.000000e+00  5.977691e-02 -6.605046e-01 -1.588187e-22  3.876460e-03 -2.874571e-02 -1.069908e-09  6.079042e-03 -2.642300e-02 -2.391825e-09  7.714313e-03 -2.404846e-02 -3.620593e-09  8.639906e-03 -2.179291e-02
  -4.733806e-09  8.823915e-03 -1.979864e-02 -5.706743e-09  8.439774e-03 -1.806806e-02 -6.512852e-09  7.849353e-03 -1.644888e-02 -7.129797e-09  7.264259e-03 -1.483597e-02 -7.546940e-09  6.431922e-03 -1.335216e-02 -7.758684e-09  4.956711e-03
  -1.213987e-02 -7.737381e-09  2.917976e-03 -1.097645e-02 -7.422388e-09  1.033161e-03 -9.476910e-03 -6.765640e-09 -5.000995e-06 -7.647287e-03 -5.795365e-09 -2.486355e-04 -5.730796e-03 -4.588981e-09 -1.368457e-04 -3.821851e-03 -3.202269e-09
  -2.895688e-20 -1.912887e-03 -1.664911e-09]
 [ 0.000000e+00  0.000000e+00  0.000000e+00  1.000000e+00 -8.765330e-16 -5.293956e-22  4.369410e-02  1.914539e-03 -1.428019e-09  4.338979e-02  5.515897e-03 -3.169736e-09  4.292570e-02  8.422071e-03 -4.749776e-09  4.253764e-02  1.022217e-02
  -6.206060e-09  4.244231e-02  1.061604e-02 -7.602195e-09  4.265734e-02  9.707239e-03 -9.014416e-09  4.298018e-02  8.156571e-03 -1.049625e-08  4.327052e-02  6.438518e-03 -1.206345e-08  4.358069e-02  3.691275e-03 -1.373448e-08  4.366600e-02
  -1.750792e-03 -1.559021e-08  4.249862e-02 -1.001502e-02 -1.773154e-08  3.963462e-02 -1.837444e-02 -2.016071e-08  3.681167e-02 -2.361734e-02 -2.276185e-08  3.578640e-02 -2.516735e-02 -2.542130e-08  3.650240e-02 -2.410629e-02 -2.808302e-08
   3.812665e-02 -2.143000e-02 -3.071427e-08]
 [ 0.000000e+00  0.000000e+00  0.000000e+00  4.002235e-16  1.000000e+00  7.411538e-22 -1.914539e-03  4.369410e-02  1.490596e-09 -5.515897e-03  4.338979e-02  3.560703e-09 -8.422071e-03  4.292570e-02  5.757331e-09 -1.022217e-02  4.253764e-02
   8.038614e-09 -1.061604e-02  4.244231e-02  1.035763e-08 -9.707239e-03  4.265734e-02  1.266680e-08 -8.156571e-03  4.298018e-02  1.493172e-08 -6.438518e-03  4.327052e-02  1.713835e-08 -3.691275e-03  4.358069e-02  1.926669e-08  1.750792e-03
   4.366600e-02  2.123240e-08  1.001502e-02  4.249862e-02  2.287467e-08  1.837444e-02  3.963462e-02  2.404783e-08  2.361734e-02  3.681167e-02  2.478106e-08  2.516735e-02  3.578640e-02  2.528272e-08  2.410629e-02  3.650240e-02  2.577378e-08
   2.143000e-02  3.812665e-02  2.640420e-08]
 [ 0.000000e+00  0.000000e+00  0.000000e+00  1.058791e-21 -4.235165e-22  1.000000e+00  1.505390e-09 -1.412234e-09  4.375000e-02  3.604960e-09 -3.119357e-09  4.375000e-02  5.777664e-09 -4.725436e-09  4.375000e-02  7.916662e-09 -6.361451e-09
   4.375000e-02  9.886863e-09 -8.204757e-09  4.375000e-02  1.159439e-08 -1.035574e-08  4.375000e-02  1.308922e-08 -1.271825e-08  4.375000e-02  1.444686e-08 -1.518175e-08  4.375000e-02  1.529329e-08 -1.804693e-08  4.375000e-02  1.468448e-08
  -2.184163e-08  4.375000e-02  1.195316e-08 -2.631425e-08  4.375000e-02  8.134785e-09 -3.028270e-08  4.375000e-02  5.760861e-09 -3.315218e-08  4.375000e-02  6.250201e-09 -3.530413e-08  4.375000e-02  9.238566e-09 -3.696874e-08  4.375000e-02
   1.384662e-08 -3.804141e-08  4.375000e-02]]

=== J_g_fd ===
[[ 1.000000e+00  0.000000e+00  1.110223e-10  0.000000e+00  1.530442e-07 -5.977691e-02 -3.885781e-10  6.772360e-09 -2.643168e-03 -1.110223e-09  6.772360e-09 -2.807363e-03 -1.665335e-09  6.439294e-09 -3.115657e-03 -2.053913e-09  6.328271e-09
  -3.528157e-03 -2.331468e-09  6.050715e-09 -3.989597e-03 -2.442491e-09  6.106227e-09 -4.438073e-03 -2.275957e-09  5.939693e-09 -4.829614e-03 -2.442491e-09  5.773160e-09 -5.149331e-03 -2.220446e-09  5.606626e-09 -5.377988e-03 -1.831868e-09
   5.384582e-09 -5.432975e-03 -9.992007e-10  5.218048e-09 -5.183444e-03 -1.110223e-10  4.662937e-09 -4.555443e-03  2.775558e-10  3.941292e-09 -3.621482e-03  8.881784e-10  3.552714e-09 -2.542590e-03  1.110223e-10  1.831868e-09 -1.457261e-03
   0.000000e+00  6.106227e-10 -4.568435e-04]
 [ 4.163336e-11  1.000000e+00 -1.387779e-11 -1.532316e-07  4.857226e-11  6.605046e-01 -5.648260e-09 -9.540979e-10  2.794066e-02 -4.295175e-09 -2.511880e-09  2.603475e-02 -2.945560e-09 -3.750472e-09  2.414641e-02 -1.755540e-09 -4.586609e-09
   2.227763e-02 -9.575674e-10 -5.311723e-09  2.042005e-02 -2.012279e-10 -5.474787e-09  1.855936e-02  4.649059e-10 -5.721118e-09  1.668598e-02  9.575674e-10 -5.804385e-09  1.479907e-02  1.190020e-09 -5.533768e-09  1.289938e-02  9.575674e-10
  -5.363765e-09  1.098866e-02  4.475587e-10 -5.089679e-09  9.096861e-03 -1.769418e-10 -4.447831e-09  7.295696e-03 -4.406198e-10 -3.514550e-09  5.628509e-03 -1.141448e-09 -3.452100e-09  4.047960e-03 -1.804112e-10 -1.686151e-09  2.471568e-03
  -6.938894e-12 -5.516421e-10  8.407305e-04]
 [-1.191140e-16  0.000000e+00  1.000000e+00  5.977691e-02 -6.605046e-01 -2.646978e-17  3.848533e-03 -2.778929e-02 -1.031257e-09  6.054251e-03 -2.546645e-02 -2.315323e-09  7.696180e-03 -2.309169e-02 -3.508852e-09  8.631184e-03 -2.083594e-02
  -4.586787e-09  8.826728e-03 -1.884161e-02 -5.520634e-09  8.450581e-03 -1.711112e-02 -6.280893e-09  7.861646e-03 -1.549196e-02 -6.846582e-09  7.277378e-03 -1.387907e-02 -7.210172e-09  6.459125e-03 -1.239571e-02 -7.361989e-09  5.008908e-03
  -1.118498e-02 -7.261985e-09  2.987634e-03 -1.002323e-02 -6.850133e-09  1.092540e-03 -8.522649e-03 -6.102439e-09  2.248433e-05 -6.690849e-03 -5.065300e-09 -2.490237e-04 -4.773765e-03 -3.809678e-09 -1.551235e-04 -2.865082e-03 -2.384472e-09
  -2.738366e-05 -9.564433e-04 -8.211474e-10]
 [ 0.000000e+00  0.000000e+00  0.000000e+00  1.000000e+00  2.382280e-16  2.646978e-17  4.369410e-02  1.914539e-03 -1.428020e-09  4.338979e-02  5.515897e-03 -3.169736e-09  4.292570e-02  8.422071e-03 -4.749776e-09  4.253764e-02  1.022217e-02
  -6.206059e-09  4.244231e-02  1.061604e-02 -7.602195e-09  4.265734e-02  9.707239e-03 -9.014416e-09  4.298018e-02  8.156571e-03 -1.049625e-08  4.327052e-02  6.438518e-03 -1.206345e-08  4.358069e-02  3.691275e-03 -1.373448e-08  4.366600e-02
  -1.750792e-03 -1.559021e-08  4.249862e-02 -1.001502e-02 -1.773154e-08  3.963462e-02 -1.837444e-02 -2.016071e-08  3.681167e-02 -2.361734e-02 -2.276185e-08  3.578640e-02 -2.516735e-02 -2.542130e-08  3.650240e-02 -2.410629e-02 -2.808302e-08
   3.812665e-02 -2.143000e-02 -3.071427e-08]
 [ 0.000000e+00  0.000000e+00  0.000000e+00 -1.058791e-16  1.000000e+00 -2.646978e-17 -1.914539e-03  4.369410e-02  1.490596e-09 -5.515897e-03  4.338979e-02  3.560703e-09 -8.422071e-03  4.292570e-02  5.757331e-09 -1.022217e-02  4.253764e-02
   8.038614e-09 -1.061604e-02  4.244231e-02  1.035763e-08 -9.707239e-03  4.265734e-02  1.266680e-08 -8.156571e-03  4.298018e-02  1.493172e-08 -6.438518e-03  4.327052e-02  1.713835e-08 -3.691275e-03  4.358069e-02  1.926669e-08  1.750792e-03
   4.366600e-02  2.123240e-08  1.001502e-02  4.249862e-02  2.287467e-08  1.837444e-02  3.963462e-02  2.404783e-08  2.361734e-02  3.681167e-02  2.478106e-08  2.516735e-02  3.578640e-02  2.528272e-08  2.410629e-02  3.650240e-02  2.577378e-08
   2.143000e-02  3.812665e-02  2.640420e-08]
 [ 0.000000e+00  0.000000e+00  0.000000e+00 -2.220446e-10 -8.326673e-11  1.000000e+00  1.498801e-09 -1.221245e-09  4.375000e-02  3.719247e-09 -3.164136e-09  4.375000e-02  5.995204e-09 -4.662937e-09  4.375000e-02  7.938095e-09 -6.411538e-09
   4.375000e-02  9.908740e-09 -8.187895e-09  4.375000e-02  1.154632e-08 -1.029732e-08  4.375000e-02  1.321165e-08 -1.268430e-08  4.375000e-02  1.465494e-08 -1.521006e-08  4.375000e-02  1.534883e-08 -1.787459e-08  4.375000e-02  1.471046e-08
  -2.170486e-08  4.375000e-02  1.201816e-08 -2.639555e-08  4.375000e-02  8.049117e-09 -3.036460e-08  4.375000e-02  5.689893e-09 -3.314016e-08  4.375000e-02  6.217249e-09 -3.538836e-08  4.375000e-02  9.214851e-09 -3.694267e-08  4.375000e-02
   1.387779e-08 -3.796963e-08  4.375000e-02]]

=== Jt_lambda ===
[-1.011282e+00  4.422854e-01 -4.157939e-04 -2.494740e-05  2.744044e-04  3.291263e-01 -1.614917e-06  1.194163e-05  1.439927e-02 -2.529234e-06  1.097515e-05  1.363850e-02 -3.207828e-06  9.987411e-06  1.304295e-02 -3.591642e-06  9.049344e-06
  1.258496e-02 -3.667511e-06  8.220040e-06  1.221412e-02 -3.507524e-06  7.500458e-06  1.186256e-02 -3.261955e-06  6.827293e-06  1.146662e-02 -3.018657e-06  6.156856e-06  1.099583e-02 -2.672835e-06  5.540201e-06  1.044341e-02 -2.060383e-06
  5.036564e-06  9.763441e-03 -1.214262e-06  4.553571e-06  8.841043e-03 -4.320914e-07  3.931314e-06  7.575595e-03 -1.218932e-09  3.172051e-06  5.995715e-03  1.000073e-07  2.376629e-06  4.238494e-03  5.377084e-08  1.584315e-06  2.432534e-03
 -2.872390e-09  7.920772e-07  6.596640e-04]

=== Jt_lambda_fd ===
[-1.011282e+00  4.422854e-01 -4.157940e-04 -2.494750e-05  2.744044e-04  3.291263e-01 -1.603280e-06  1.154406e-05  1.400451e-02 -2.518852e-06  1.057753e-05  1.332760e-02 -3.200222e-06  9.589908e-06  1.280419e-02 -3.587974e-06  8.651748e-06
  1.239480e-02 -3.668660e-06  7.822518e-06  1.203987e-02 -3.511926e-06  7.102917e-06  1.167045e-02 -3.267087e-06  6.429813e-06  1.123784e-02 -3.023935e-06  5.759394e-06  1.072661e-02 -2.684061e-06  5.143017e-06  1.011764e-02 -2.081959e-06
  4.640123e-06  9.328168e-03 -1.243117e-06  4.157765e-06  8.239105e-03 -4.567833e-07  3.535193e-06  6.807391e-03 -1.263605e-08  2.775090e-06  5.125521e-03  9.922529e-08  1.978567e-06  3.335402e-03  6.138421e-08  1.187426e-06  1.540614e-03
  8.509767e-09  3.953994e-07 -1.923858e-04]

=== K_grasp ===
[[-2.000000e+03  1.368122e-14  1.025704e-19 -1.130177e-19 -3.059680e-04  1.195538e+02  7.657628e-07 -1.353783e-05  5.230480e+00  2.115871e-06 -1.353012e-05  5.398002e+00  3.267407e-06 -1.333033e-05  5.880643e+00  4.102522e-06 -1.305108e-05
   6.617574e+00  4.546511e-06 -1.279854e-05  7.512014e+00  4.650038e-06 -1.260196e-05  8.440917e+00  4.617952e-06 -1.238828e-05  9.290301e+00  4.586128e-06 -1.209176e-05  1.000400e+01  4.322653e-06 -1.178189e-05  1.056737e+01  3.410646e-06
  -1.153864e-05  1.089036e+01  1.828214e-06 -1.114857e-05  1.073716e+01  2.448141e-07 -1.025233e-05  9.860849e+00 -5.710200e-07 -8.837796e-06  8.253086e+00 -5.927638e-07 -7.091877e-06  6.186568e+00 -2.716163e-07 -5.052168e-06  3.984425e+00
  -6.462349e-23 -2.686305e-06  1.875125e+00]
 [ 1.368122e-14 -2.000000e+03 -7.841672e-19  3.059680e-04  4.749002e-19 -1.321009e+03  1.138036e-05  2.451362e-06 -5.779416e+01  8.698092e-06  5.519185e-06 -5.397092e+01  6.069093e-06  7.910130e-06 -5.017432e+01  3.689353e-06  9.654494e-06
  -4.641832e+01  1.741023e-06  1.085605e-05 -4.269627e+01  2.730229e-07  1.164035e-05 -3.898257e+01 -8.586228e-07  1.208575e-05 -3.525005e+01 -1.777952e-06  1.220981e-05 -3.148929e+01 -2.261094e-06  1.205628e-05 -2.770312e+01 -1.916731e-06
   1.168203e-05 -2.388981e+01 -7.926592e-07  1.096555e-05 -2.006903e+01  3.867309e-07  9.728665e-06 -1.635040e+01  8.875926e-07  8.104041e-06 -1.288237e+01  7.193782e-07  6.319656e-06 -9.661353e+00  3.063985e-07  4.404888e-06 -6.530043e+00
   6.462349e-23  2.307317e-06 -3.336082e+00]
 [ 1.025704e-19 -7.841672e-19 -2.000000e+03 -1.195538e+02  1.321009e+03 -4.668431e-19 -7.752921e+00  5.749142e+01  2.139816e-06 -1.215808e+01  5.284599e+01  4.783650e-06 -1.542863e+01  4.809693e+01  7.241185e-06 -1.727981e+01  4.358582e+01
   9.467612e-06 -1.764783e+01  3.959727e+01  1.141349e-05 -1.687955e+01  3.613611e+01  1.302570e-05 -1.569871e+01  3.289775e+01  1.425959e-05 -1.452852e+01  2.967193e+01  1.509388e-05 -1.286384e+01  2.670432e+01  1.551737e-05 -9.913423e+00
   2.427975e+01  1.547476e-05 -5.835952e+00  2.195289e+01  1.484478e-05 -2.066321e+00  1.895382e+01  1.353128e-05  1.000199e-02  1.529457e+01  1.159073e-05  4.972710e-01  1.146159e+01  9.177962e-06  2.736915e-01  7.643702e+00  6.404539e-06
   5.744775e-17  3.825773e+00  3.329821e-06]
 [-1.130177e-19  3.059680e-04 -1.195538e+02 -7.196559e+00  7.896586e+01  2.020933e-04 -4.656304e-01  3.436564e+00  8.969563e-06 -7.289423e-01  3.158694e+00  8.542797e-06 -9.244219e-01  2.874665e+00  8.108960e-06 -1.035061e+00  2.604915e+00
   7.667514e-06 -1.057055e+00  2.366472e+00  7.214489e-06 -1.011140e+00  2.159620e+00  6.742796e-06 -9.405692e-01  1.966118e+00  6.245613e-06 -8.706335e-01  1.773375e+00  5.720225e-06 -7.711399e-01  1.596117e+00  5.166400e-06 -5.947771e-01
   1.451456e+00  4.580571e-06 -3.509801e-01  1.312777e+00  3.958502e-06 -1.255000e-01  1.133920e+00  3.311216e-06 -1.242695e-03  9.154433e-01  2.664793e-06  2.793601e-02  6.863969e-01  2.027933e-06  1.453531e-02  4.581222e-01  1.383240e-06
  -1.906333e-03  2.297644e-01  7.109493e-07]
 [-3.059680e-04  4.749002e-19  1.321009e+03  7.896586e+01 -8.725828e+02  1.828982e-05  5.120936e+00 -3.797553e+01 -6.132534e-07  8.030747e+00 -3.490719e+01 -2.333993e-06  1.019110e+01 -3.177039e+01 -3.883480e-06  1.141391e+01 -2.879076e+01
  -5.241421e-06  1.165700e+01 -2.615631e+01 -6.389961e-06  1.114951e+01 -2.387020e+01 -7.312846e-06  1.036948e+01 -2.173127e+01 -7.998007e-06  9.596476e+00 -1.960061e+01 -8.439982e-06  8.496813e+00 -1.764051e+01 -8.633618e-06  6.547774e+00
  -1.603907e+01 -8.556163e-06  3.854173e+00 -1.450211e+01 -8.163573e-06  1.363896e+00 -1.252107e+01 -7.430123e-06 -7.787227e-03 -1.010398e+01 -6.394380e-06 -3.297082e-01 -7.572224e+00 -5.116905e-06 -1.819798e-01 -5.050526e+00 -3.621963e-06
  -1.071500e-03 -2.528847e+00 -1.913819e-06]
 [ 1.195538e+02 -1.321009e+03 -4.668431e-19  2.020933e-04  1.828982e-05 -8.797293e+02  7.470930e-06  2.428456e-06 -3.848816e+01  5.618470e-06  4.454392e-06 -3.597291e+01  3.813060e-06  6.021760e-06 -3.349408e+01  2.191203e-06  7.157309e-06
  -3.105728e+01  8.776832e-07  7.935939e-06 -2.865232e+01 -9.821176e-08  8.442328e-06 -2.625493e+01 -8.438257e-07  8.723865e-06 -2.384036e+01 -1.449213e-06  8.788204e-06 -2.139902e+01 -1.752623e-06  8.668419e-06 -1.893191e+01 -1.470622e-06
   8.406873e-06 -1.643251e+01 -6.334377e-07  7.910541e-06 -1.389971e+01  2.403966e-07  7.040196e-06 -1.139116e+01  6.201048e-07  5.882711e-06 -9.004399e+00  5.102737e-07  4.599858e-06 -6.753370e+00  2.181521e-07  3.213301e-06 -4.553488e+00
  -6.923309e-10  1.686475e-06 -2.317775e+00]
 [ 7.657628e-07  1.138036e-05 -7.752921e+00 -4.656304e-01  5.120936e+00  7.470930e-06 -3.014953e-02  2.228632e-01  3.351513e-07 -4.722565e-02  2.048475e-01  3.235850e-07 -5.990304e-02  1.864315e-01  3.113271e-07 -6.707842e-02  1.689404e-01
   2.983067e-07 -6.850485e-02  1.534781e-01  2.843315e-07 -6.552702e-02  1.400631e-01  2.690972e-07 -6.095009e-02  1.275131e-01  2.523199e-07 -5.641438e-02  1.150121e-01  2.338849e-07 -4.996174e-02  1.035143e-01  2.137707e-07 -3.852422e-02
   9.412749e-02  1.917877e-07 -2.271473e-02  8.512546e-02  1.676682e-07 -8.094843e-03  7.351767e-02  1.417577e-07 -3.938950e-05  5.934393e-02  1.151229e-07  1.851878e-03  4.448881e-02  8.823878e-08  9.835149e-04  2.968667e-02  6.051902e-08
  -8.124406e-05  1.488093e-02  3.123921e-08]
 [-1.353783e-05  2.451362e-06  5.749142e+01  3.436564e+00 -3.797553e+01  2.428456e-06  2.228632e-01 -1.652727e+00  4.473132e-08  3.495006e-01 -1.519191e+00 -3.482402e-08  4.435211e-01 -1.382675e+00 -1.068587e-07  4.967387e-01 -1.252999e+00
  -1.704792e-07  5.073185e-01 -1.138345e+00 -2.249274e-07  4.852317e-01 -1.038852e+00 -2.695407e-07  4.512841e-01 -9.457639e-01 -3.038401e-07  4.176425e-01 -8.530359e-01 -3.276054e-07  3.697842e-01 -7.677301e-01 -3.406106e-07  2.849603e-01
  -6.980338e-01 -3.418776e-07  1.677326e-01 -6.311433e-01 -3.294916e-07  5.935393e-02 -5.449258e-01 -3.022261e-07 -3.426350e-04 -4.397315e-01 -2.615785e-07 -1.435282e-02 -3.295473e-01 -2.101586e-07 -7.923615e-03 -2.198011e-01 -1.491795e-07
  -5.046797e-05 -1.100558e-01 -7.898819e-08]
 [ 5.230480e+00 -5.779416e+01  2.139816e-06  8.969563e-06 -6.132534e-07 -3.848816e+01  3.351513e-07  4.473132e-08 -1.683857e+00  2.588196e-07  1.383365e-07 -1.573815e+00  1.833323e-07  2.119901e-07 -1.465366e+00  1.143567e-07  2.664970e-07
  -1.358756e+00  5.728402e-08  3.048295e-07 -1.253539e+00  1.376657e-08  3.306870e-07 -1.148653e+00 -2.011753e-08  3.464689e-07 -1.043016e+00 -4.785530e-08  3.527349e-07 -9.362070e-01 -6.291074e-08  3.506692e-07 -8.282711e-01 -5.373027e-08
   3.418202e-07 -7.189222e-01 -2.146668e-08  3.225947e-07 -6.081124e-01  1.272958e-08  2.877255e-07 -4.983631e-01  2.711975e-08  2.410004e-07 -3.939425e-01  2.179312e-08  1.889765e-07 -2.954599e-01  9.252140e-09  1.323994e-07 -1.992151e-01
  -2.916437e-11  6.968567e-08 -1.014026e-01]
 [ 2.115871e-06  8.698092e-06 -1.215808e+01 -7.289423e-01  8.030747e+00  5.618470e-06 -4.722565e-02  3.495006e-01  2.588196e-07 -7.400517e-02  3.212530e-01  2.580913e-07 -9.388672e-02  2.923768e-01  2.560126e-07 -1.051398e-01  2.649496e-01
   2.524362e-07 -1.073769e-01  2.407022e-01  2.471354e-07 -1.027067e-01  2.196637e-01  2.398060e-07 -9.552859e-02  1.999810e-01  2.301793e-07 -8.841513e-02  1.803749e-01  2.181441e-07 -7.829541e-02  1.623407e-01  2.036605e-07 -6.035837e-02
   1.476135e-01  1.864801e-07 -3.556644e-02  1.334860e-01  1.662008e-07 -1.264217e-02  1.152719e-01  1.429762e-07 -1.254647e-05  9.303776e-02  1.178037e-07  2.952235e-03  6.973997e-02  9.132014e-08  1.591239e-03  4.652875e-02  6.317780e-08
  -7.680509e-05  2.331404e-02  3.283317e-08]
 [-1.353012e-05  5.519185e-06  5.284599e+01  3.158694e+00 -3.490719e+01  4.454392e-06  2.048475e-01 -1.519191e+00  1.383365e-07  3.212530e-01 -1.396445e+00  5.905718e-08  4.076769e-01 -1.270960e+00 -1.309460e-08  4.565948e-01 -1.151763e+00
  -7.730764e-08  4.663199e-01 -1.046374e+00 -1.329485e-07  4.460175e-01 -9.549196e-01 -1.795170e-07  4.148127e-01 -8.693527e-01 -2.166786e-07  3.838890e-01 -7.841170e-01 -2.442772e-07  3.398973e-01 -7.057036e-01 -2.621083e-07  2.619265e-01
  -6.416380e-01 -2.693244e-07  1.541699e-01 -5.801506e-01 -2.642614e-07  5.454760e-02 -5.008976e-01 -2.457470e-07 -3.256726e-04 -4.042018e-01 -2.149197e-07 -1.320386e-02 -3.029203e-01 -1.740363e-07 -7.294115e-03 -2.020420e-01 -1.242933e-07
  -5.700729e-05 -1.011652e-01 -6.613428e-08]
 [ 5.398002e+00 -5.397092e+01  4.783650e-06  8.542797e-06 -2.333993e-06 -3.597291e+01  3.235850e-07 -3.482402e-08 -1.573815e+00  2.580913e-07  5.905718e-08 -1.471095e+00  1.918568e-07  1.344017e-07 -1.369945e+00  1.298077e-07  1.915142e-07
  -1.270576e+00  7.690879e-08  2.328011e-07 -1.172549e+00  3.517324e-08  2.617182e-07 -1.074840e+00  1.893996e-09  2.809114e-07 -9.764092e-01 -2.563075e-08  2.911795e-07 -8.768495e-01 -4.194135e-08  2.933040e-07 -7.761985e-01 -3.724355e-08
   2.883546e-07 -6.741663e-01 -1.238725e-08  2.735414e-07 -5.706474e-01  1.470285e-08  2.449256e-07 -4.679333e-01  2.545838e-08  2.060248e-07 -3.700076e-01  1.981076e-08  1.623326e-07 -2.775093e-01  8.328060e-09  1.142919e-07 -1.870659e-01
  -2.806220e-11  6.043681e-08 -9.518239e-02]
 [ 3.267407e-06  6.069093e-06 -1.542863e+01 -9.244219e-01  1.019110e+01  3.813060e-06 -5.990304e-02  4.435211e-01  1.833323e-07 -9.388672e-02  4.076769e-01  1.918568e-07 -1.191169e-01  3.710347e-01  1.985098e-07 -1.333975e-01  3.362306e-01
   2.030876e-07 -1.362364e-01  3.054608e-01  2.053467e-07 -1.303098e-01  2.787624e-01  2.050009e-07 -1.212004e-01  2.537842e-01  2.018095e-07 -1.121731e-01  2.289030e-01  1.956715e-07 -9.933080e-02  2.060159e-01  1.865332e-07 -7.656823e-02
   1.873237e-01  1.741100e-07 -4.510736e-02  1.693909e-01  1.579114e-07 -1.601758e-02  1.462718e-01  1.379316e-07  8.095486e-06  1.180533e-01  1.150702e-07  3.769895e-03  8.848739e-02  9.006504e-08  2.043149e-03  5.903302e-02  6.277145e-08
  -7.280642e-05  2.957526e-02  3.281178e-08]
 [-1.333033e-05  7.910130e-06  4.809693e+01  2.874665e+00 -3.177039e+01  6.021760e-06  1.864315e-01 -1.382675e+00  2.119901e-07  2.923768e-01 -1.270960e+00  1.344017e-07  3.710347e-01 -1.156753e+00  6.349873e-08  4.155569e-01 -1.048268e+00
   8.866238e-12  4.244081e-01 -9.523491e-01 -5.555016e-08  4.059301e-01 -8.691136e-01 -1.028225e-07  3.775291e-01 -7.912361e-01 -1.416010e-07  3.493841e-01 -7.136600e-01 -1.717855e-07  3.093452e-01 -6.422929e-01 -1.931932e-07  2.383804e-01
  -5.839836e-01 -2.051011e-07  1.403063e-01 -5.280203e-01 -2.060861e-07  4.963572e-02 -4.558876e-01 -1.950482e-07 -3.067235e-04 -3.678801e-01 -1.728137e-07 -1.202769e-02 -2.756999e-01 -1.413033e-07 -6.648970e-03 -1.838875e-01 -1.016689e-07
  -6.205015e-05 -9.207677e-02 -5.441804e-08]
 [ 5.880643e+00 -5.017432e+01  7.241185e-06  8.108960e-06 -3.883480e-06 -3.349408e+01  3.113271e-07 -1.068587e-07 -1.465366e+00  2.560126e-07 -1.309460e-08 -1.369945e+00  1.985098e-07  6.349873e-08 -1.276118e+00  1.430515e-07  1.227758e-07
  -1.184057e+00  9.419624e-08  1.666219e-07 -1.093312e+00  5.427829e-08  1.982556e-07 -1.002877e+00  2.170387e-08  2.205307e-07 -9.117359e-01 -5.506081e-09  2.344554e-07 -8.194875e-01 -2.288173e-08  2.404428e-07 -7.261597e-01 -2.224352e-08
   2.391240e-07 -6.314442e-01 -4.150435e-09  2.284354e-07 -5.351414e-01  1.644978e-08  2.056361e-07 -4.392749e-01  2.389929e-08  1.739742e-07 -3.475446e-01  1.797724e-08  1.379578e-07 -2.606621e-01  7.475902e-09  9.775104e-08 -1.756314e-01
  -2.740380e-11  5.199821e-08 -8.930200e-02]
 [ 4.102522e-06  3.689353e-06 -1.727981e+01 -1.035061e+00  1.141391e+01  2.191203e-06 -6.707842e-02  4.967387e-01  1.143567e-07 -1.051398e-01  4.565948e-01  1.298077e-07 -1.333975e-01  4.155569e-01  1.430515e-07 -1.493916e-01  3.765774e-01
   1.538517e-07 -1.525713e-01  3.421158e-01  1.619673e-07 -1.459334e-01  3.122138e-01  1.671449e-07 -1.357309e-01  2.842381e-01  1.691823e-07 -1.256204e-01  2.563711e-01  1.679935e-07 -1.112370e-01  2.307372e-01  1.635172e-07 -8.574302e-02
   2.098008e-01  1.554572e-07 -5.050735e-02  1.897139e-01  1.432857e-07 -1.792773e-02  1.638186e-01  1.268809e-07  2.019320e-05  1.322127e-01  1.070211e-07  4.233125e-03  9.909889e-02  8.447820e-08  2.299353e-03  6.611080e-02  5.926291e-08
  -7.013784e-05  3.311939e-02  3.113847e-08]
 [-1.305108e-05  9.654494e-06  4.358582e+01  2.604915e+00 -2.879076e+01  7.157309e-06  1.689404e-01 -1.252999e+00  2.664970e-07  2.649496e-01 -1.151763e+00  1.915142e-07  3.362306e-01 -1.048268e+00  1.227758e-07  3.765774e-01 -9.499575e-01
   6.092911e-08  3.845985e-01 -8.630355e-01  6.388090e-09  3.678533e-01 -7.876067e-01 -4.061637e-08  3.421159e-01 -7.170334e-01 -7.998557e-08  3.166103e-01 -6.467331e-01 -1.116678e-07  2.803262e-01 -5.820594e-01 -1.355011e-07  2.160163e-01
  -5.292184e-01 -1.508759e-07  1.271394e-01 -4.785027e-01 -1.565926e-07  4.497181e-02 -4.131338e-01 -1.516381e-07 -2.870185e-04 -3.333795e-01 -1.365806e-07 -1.090880e-02 -2.498447e-01 -1.130329e-07 -6.034462e-03 -1.666438e-01 -8.207743e-08
  -6.506593e-05 -8.344487e-02 -4.425274e-08]
 [ 6.617574e+00 -4.641832e+01  9.467612e-06  7.667514e-06 -5.241421e-06 -3.105728e+01  2.983067e-07 -1.704792e-07 -1.358756e+00  2.524362e-07 -7.730764e-08 -1.270576e+00  2.030876e-07  8.866238e-12 -1.184057e+00  1.538517e-07  6.092911e-08
  -1.099322e+00  1.089015e-07  1.068658e-07 -1.015896e+00  7.084693e-08  1.408071e-07 -9.327776e-01  3.909488e-08  1.657718e-07 -8.489594e-01  1.232031e-08  1.829451e-07 -7.640367e-01 -5.904348e-09  1.924100e-07 -6.780270e-01 -8.861876e-09
   1.944031e-07 -5.905919e-01  3.163155e-09  1.875061e-07 -5.014081e-01  1.793434e-08  1.700378e-07 -4.122023e-01  2.243164e-08  1.449792e-07 -3.263925e-01  1.629082e-08  1.159375e-07 -2.447976e-01  6.695799e-09  8.282522e-08 -1.648361e-01
  -2.707204e-11  4.439007e-08 -8.372776e-02]
 [ 4.546511e-06  1.741023e-06 -1.764783e+01 -1.057055e+00  1.165700e+01  8.776832e-07 -6.850485e-02  5.073185e-01  5.728402e-08 -1.073769e-01  4.663199e-01  7.690879e-08 -1.362364e-01  4.244081e-01  9.419624e-08 -1.525713e-01  3.845985e-01
   1.089015e-07 -1.558187e-01  3.494030e-01  1.208025e-07 -1.490394e-01  3.188640e-01  1.296884e-07 -1.386196e-01  2.902925e-01  1.354004e-07 -1.282937e-01  2.618319e-01  1.378703e-07 -1.136039e-01  2.356519e-01  1.370352e-07 -8.756694e-02
   2.142693e-01  1.326105e-07 -5.158082e-02  1.937543e-01  1.240792e-07 -1.830740e-02  1.673069e-01  1.112498e-07  2.267422e-05  1.350277e-01  9.476833e-08  4.325293e-03  1.012085e-01  7.537796e-08  2.350364e-03  6.751791e-02  5.319161e-08
  -6.953408e-05  3.382401e-02  2.808109e-08]
 [-1.279854e-05  1.085605e-05  3.959727e+01  2.366472e+00 -2.615631e+01  7.935939e-06  1.534781e-01 -1.138345e+00  3.048295e-07  2.407022e-01 -1.046374e+00  2.328011e-07  3.054608e-01 -9.523491e-01  1.666219e-07  3.421158e-01 -8.630355e-01
   1.068658e-07  3.494030e-01 -7.840678e-01  5.385637e-08  3.341900e-01 -7.155415e-01  7.718747e-09  3.108075e-01 -6.514262e-01 -3.153937e-08  2.876356e-01 -5.875591e-01 -6.390730e-08  2.546713e-01 -5.288036e-01 -8.924170e-08  1.962454e-01
  -4.807977e-01 -1.070332e-07  1.155001e-01 -4.347222e-01 -1.162823e-07  4.085031e-02 -3.753342e-01 -1.160706e-07 -2.676842e-04 -3.028773e-01 -1.067636e-07 -9.917692e-03 -2.269865e-01 -8.970175e-08 -5.489251e-03 -1.513996e-01 -6.588032e-08
  -6.571464e-05 -7.581463e-02 -3.583993e-08]
 [ 7.512014e+00 -4.269627e+01  1.141349e-05  7.214489e-06 -6.389961e-06 -2.865232e+01  2.843315e-07 -2.249274e-07 -1.253539e+00  2.471354e-07 -1.329485e-07 -1.172549e+00  2.053467e-07 -5.555016e-08 -1.093312e+00  1.619673e-07  6.388090e-09
  -1.015896e+00  1.208025e-07  5.385637e-08 -9.397968e-01  8.468609e-08  8.961751e-08 -8.640051e-01  5.390536e-08  1.168084e-07 -7.875131e-01  2.771721e-08  1.367566e-07 -7.099085e-01  8.889607e-09  1.492557e-07 -6.311968e-01  2.827879e-09
   1.541950e-07 -5.510029e-01  9.500520e-09  1.507204e-07 -4.688610e-01  1.911618e-08  1.380709e-07 -3.861838e-01  2.102528e-08  1.189633e-07 -3.061090e-01  1.473291e-08  9.619078e-08 -2.295844e-01  5.980525e-09  6.944430e-08 -1.544655e-01
  -2.689536e-11  3.756932e-08 -7.835783e-02]
 [ 4.650038e-06  2.730229e-07 -1.687955e+01 -1.011140e+00  1.114951e+01 -9.821176e-08 -6.552702e-02  4.852317e-01  1.376657e-08 -1.027067e-01  4.460175e-01  3.517324e-08 -1.303098e-01  4.059301e-01  5.427829e-08 -1.459334e-01  3.678533e-01
   7.084693e-08 -1.490394e-01  3.341900e-01  8.468609e-08 -1.425553e-01  3.049806e-01  9.563029e-08 -1.325892e-01  2.776531e-01  1.035639e-07 -1.227128e-01  2.504317e-01  1.084368e-07 -1.086627e-01  2.253917e-01  1.101888e-07 -8.375934e-02
   2.049405e-01  1.085626e-07 -4.933990e-02  1.853194e-01  1.030857e-07 -1.751490e-02  1.600244e-01  9.353561e-08  1.736309e-05  1.291510e-01  8.042836e-08  4.132743e-03  9.680429e-02  6.443605e-08  2.243740e-03  6.458025e-02  4.572746e-08
  -7.091778e-05  3.235288e-02  2.425161e-08]
 [-1.260196e-05  1.164035e-05  3.613611e+01  2.159620e+00 -2.387020e+01  8.442328e-06  1.400631e-01 -1.038852e+00  3.306870e-07  2.196637e-01 -9.549196e-01  2.617182e-07  2.787624e-01 -8.691136e-01  1.982556e-07  3.122138e-01 -7.876067e-01
   1.408071e-07  3.188640e-01 -7.155415e-01  8.961751e-08  3.049806e-01 -6.530050e-01  4.472225e-08  2.836416e-01 -5.944941e-01  6.052193e-09  2.624948e-01 -5.362096e-01 -2.641697e-08  2.324114e-01 -4.825899e-01 -5.255871e-08  1.790914e-01
  -4.387802e-01 -7.195119e-08  1.054023e-01 -3.967319e-01 -8.377388e-08  3.727598e-02 -3.425343e-01 -8.720758e-08 -2.489561e-04 -2.764103e-01 -8.246093e-08 -9.055769e-03 -2.071528e-01 -7.063467e-08 -5.014206e-03 -1.381730e-01 -5.262449e-08
  -6.421257e-05 -6.919521e-02 -2.895045e-08]
 [ 8.440917e+00 -3.898257e+01  1.302570e-05  6.742796e-06 -7.312846e-06 -2.625493e+01  2.690972e-07 -2.695407e-07 -1.148653e+00  2.398060e-07 -1.795170e-07 -1.074840e+00  2.050009e-07 -1.028225e-07 -1.002877e+00  1.671449e-07 -4.061637e-08
  -9.327776e-01  1.296884e-07  7.718747e-09 -8.640051e-01  9.563029e-08  4.472225e-08 -7.955407e-01  6.601372e-08  7.359716e-08 -7.263739e-01  4.060394e-08  9.577747e-08 -6.560839e-01  2.145362e-08  1.108097e-07 -5.846643e-01  1.279706e-08
   1.182851e-07 -5.117011e-01  1.482951e-08  1.178350e-07 -4.365827e-01  1.995073e-08  1.094832e-07 -3.604034e-01  1.963418e-08  9.568500e-08 -2.860216e-01  1.327121e-08  7.850476e-08 -2.145181e-01  5.316910e-09  5.744399e-08 -1.441907e-01
  -2.667748e-11  3.144273e-08 -7.303412e-02]
 [ 4.617952e-06 -8.586228e-07 -1.569871e+01 -9.405692e-01  1.036948e+01 -8.438257e-07 -6.095009e-02  4.512841e-01 -2.011753e-08 -9.552859e-02  4.148127e-01  1.893996e-09 -1.212004e-01  3.775291e-01  2.170387e-08 -1.357309e-01  3.421159e-01
   3.909488e-08 -1.386196e-01  3.108075e-01  5.390536e-08 -1.325892e-01  2.836416e-01  6.601372e-08 -1.233204e-01  2.582261e-01  7.534427e-08 -1.141351e-01  2.329093e-01  8.186376e-08 -1.010680e-01  2.096215e-01  8.551697e-08 -7.790708e-02
   1.906019e-01  8.607866e-08 -4.589569e-02  1.723549e-01  8.313297e-08 -1.629697e-02  1.488309e-01  7.644841e-08  9.032358e-06  1.201183e-01  6.642339e-08  3.836615e-03  9.003475e-02  5.364500e-08  2.079688e-03  6.006481e-02  3.831035e-08
  -7.319476e-05  3.009145e-02  2.042325e-08]
 [-1.238828e-05  1.208575e-05  3.289775e+01  1.966118e+00 -2.173127e+01  8.723865e-06  1.275131e-01 -9.457639e-01  3.464689e-07  1.999810e-01 -8.693527e-01  2.809114e-07  2.537842e-01 -7.912361e-01  2.205307e-07  2.842381e-01 -7.170334e-01
   1.657718e-07  2.902925e-01 -6.514262e-01  1.168084e-07  2.776531e-01 -5.944941e-01  7.359716e-08  2.582261e-01 -5.412268e-01  3.600286e-08  2.389740e-01 -4.881656e-01  3.970617e-09  2.115859e-01 -4.393512e-01 -2.238896e-08  1.630431e-01
  -3.994677e-01 -4.273434e-08  9.595601e-02 -3.611877e-01 -5.641181e-08  3.393301e-02 -3.118467e-01 -6.270703e-08 -2.302882e-04 -2.516481e-01 -6.170326e-08 -8.248230e-03 -1.885969e-01 -5.428047e-08 -4.568609e-03 -1.257989e-01 -4.122325e-08
  -6.160240e-05 -6.300287e-02 -2.301389e-08]
 [ 9.290301e+00 -3.525005e+01  1.425959e-05  6.245613e-06 -7.998007e-06 -2.384036e+01  2.523199e-07 -3.038401e-07 -1.043016e+00  2.301793e-07 -2.166786e-07 -9.764092e-01  2.018095e-07 -1.416010e-07 -9.117359e-01  1.691823e-07 -7.998557e-08
  -8.489594e-01  1.354004e-07 -3.153937e-08 -7.875131e-01  1.035639e-07  6.052193e-09 -7.263739e-01  7.534427e-08  3.600286e-08 -6.645337e-01  5.094159e-08  5.981571e-08 -6.015654e-01  3.177754e-08  7.683350e-08 -5.374509e-01  2.104477e-08
   8.639944e-08 -4.717416e-01  1.913486e-08  8.855586e-08 -4.036887e-01  2.040068e-08  8.398175e-08 -3.340771e-01  1.821409e-08  7.487227e-08 -2.654847e-01  1.187342e-08  6.264542e-08 -1.991149e-01  4.691566e-09  4.664728e-08 -1.336961e-01
  -2.627947e-11  2.591133e-08 -6.760448e-02]
 [ 4.586128e-06 -1.777952e-06 -1.452852e+01 -8.706335e-01  9.596476e+00 -1.449213e-06 -5.641438e-02  4.176425e-01 -4.785530e-08 -8.841513e-02  3.838890e-01 -2.563075e-08 -1.121731e-01  3.493841e-01 -5.506081e-09 -1.256204e-01  3.166103e-01
   1.232031e-08 -1.282937e-01  2.876356e-01  2.771721e-08 -1.227128e-01  2.624948e-01  4.060394e-08 -1.141351e-01  2.389740e-01  5.094159e-08 -1.056346e-01  2.155446e-01  5.871283e-08 -9.354177e-02  1.939931e-01  6.386744e-08 -7.210758e-02
   1.763922e-01  6.621189e-08 -4.248259e-02  1.595069e-01  6.538854e-08 -1.509013e-02  1.377380e-01  6.116781e-08  6.170688e-07  1.111667e-01  5.384671e-08  3.542983e-03  8.332594e-02  4.392772e-08  1.916953e-03  5.558974e-02  3.162009e-08
  -7.558914e-05  2.785005e-02  1.696656e-08]
 [-1.209176e-05  1.220981e-05  2.967193e+01  1.773375e+00 -1.960061e+01  8.788204e-06  1.150121e-01 -8.530359e-01  3.527349e-07  1.803749e-01 -7.841170e-01  2.911795e-07  2.289030e-01 -7.136600e-01  2.344554e-07  2.563711e-01 -6.467331e-01
   1.829451e-07  2.618319e-01 -5.875591e-01  1.367566e-07  2.504317e-01 -5.362096e-01  9.577747e-08  2.329093e-01 -4.881656e-01  5.981571e-08  2.155446e-01 -4.403075e-01  2.878983e-08  1.908415e-01 -3.962799e-01  2.794751e-09  1.470574e-01
  -3.603075e-01 -1.790396e-08  8.654665e-02 -3.257811e-01 -3.281204e-08  3.060336e-02 -2.812781e-01 -4.132678e-08 -2.113365e-04 -2.269818e-01 -4.342992e-08 -7.443467e-03 -1.701131e-01 -3.979235e-08 -4.124384e-03 -1.134729e-01 -3.107639e-08
  -5.863832e-05 -5.683463e-02 -1.771190e-08]
 [ 1.000400e+01 -3.148929e+01  1.509388e-05  5.720225e-06 -8.439982e-06 -2.139902e+01  2.338849e-07 -3.276054e-07 -9.362070e-01  2.181441e-07 -2.442772e-07 -8.768495e-01  1.956715e-07 -1.717855e-07 -8.194875e-01  1.679935e-07 -1.116678e-07
  -7.640367e-01  1.378703e-07 -6.390730e-08 -7.099085e-01  1.084368e-07 -2.641697e-08 -6.560839e-01  8.186376e-08  3.970617e-09 -6.015654e-01  5.871283e-08  2.878983e-08 -5.459234e-01  3.985660e-08  4.722341e-08 -4.891294e-01  2.757041e-08
   5.841723e-08 -4.307058e-01  2.240962e-08  6.275183e-08 -3.697828e-01  2.044915e-08  6.143442e-08 -3.068510e-01  1.674495e-08  5.640140e-08 -2.442060e-01  1.052483e-08  4.850575e-08 -1.831555e-01  4.098378e-09  3.697284e-08 -1.228390e-01
  -2.565627e-11  2.092952e-08 -6.200051e-02]
 [ 4.322653e-06 -2.261094e-06 -1.286384e+01 -7.711399e-01  8.496813e+00 -1.752623e-06 -4.996174e-02  3.697842e-01 -6.291074e-08 -7.829541e-02  3.398973e-01 -4.194135e-08 -9.933080e-02  3.093452e-01 -2.288173e-08 -1.112370e-01  2.803262e-01
  -5.904348e-09 -1.136039e-01  2.546713e-01  8.889607e-09 -1.086627e-01  2.324114e-01  2.145362e-08 -1.010680e-01  2.115859e-01  3.177754e-08 -9.354177e-02  1.908415e-01  3.985660e-08 -8.283488e-02  1.717601e-01  4.564730e-08 -6.385719e-02
   1.561773e-01  4.899072e-08 -3.762715e-02  1.412290e-01  4.959434e-08 -1.337339e-02  1.219568e-01  4.724963e-08 -1.152298e-05  9.843177e-02  4.216964e-08  3.125074e-03  7.378150e-02  3.476473e-08  1.685271e-03  4.922296e-02  2.523182e-08
  -7.912410e-05  2.466081e-02  1.363114e-08]
 [-1.178189e-05  1.205628e-05  2.670432e+01  1.596117e+00 -1.764051e+01  8.668419e-06  1.035143e-01 -7.677301e-01  3.506692e-07  1.623407e-01 -7.057036e-01  2.933040e-07  2.060159e-01 -6.422929e-01  2.404428e-07  2.307372e-01 -5.820594e-01
   1.924100e-07  2.356519e-01 -5.288036e-01  1.492557e-07  2.253917e-01 -4.825899e-01  1.108097e-07  2.096215e-01 -4.393512e-01  7.683350e-08  1.939931e-01 -3.962799e-01  4.722341e-08  1.717601e-01 -3.566560e-01  2.205980e-08  1.323537e-01
  -3.242819e-01  1.540257e-09  7.789290e-02 -2.932093e-01 -1.398589e-08  2.754250e-02 -2.531574e-01 -2.402872e-08 -1.918053e-04 -2.042915e-01 -2.849633e-08 -6.701088e-03 -1.531103e-01 -2.787179e-08 -3.713638e-03 -1.021350e-01 -2.268987e-08
  -5.373350e-05 -5.116146e-02 -1.331606e-08]
 [ 1.056737e+01 -2.770312e+01  1.551737e-05  5.166400e-06 -8.633618e-06 -1.893191e+01  2.137707e-07 -3.406106e-07 -8.282711e-01  2.036605e-07 -2.621083e-07 -7.761985e-01  1.865332e-07 -1.931932e-07 -7.261597e-01  1.635172e-07 -1.355011e-07
  -6.780270e-01  1.370352e-07 -8.924170e-08 -6.311968e-01  1.101888e-07 -5.255871e-08 -5.846643e-01  8.551697e-08 -2.238896e-08 -5.374509e-01  6.386744e-08  2.794751e-09 -4.891294e-01  4.564730e-08  2.205980e-08 -4.396617e-01  3.234080e-08
   3.440652e-08 -3.885480e-01  2.463343e-08  4.047973e-08 -3.348149e-01  2.008696e-08  4.188603e-08 -2.786759e-01  1.522395e-08  4.030481e-08 -2.221434e-01  9.224977e-09  3.610694e-08 -1.666084e-01  3.537382e-09  2.843272e-08 -1.115994e-01
  -2.475125e-11  1.650233e-08 -5.621321e-02]
 [ 3.410646e-06 -1.916731e-06 -9.913423e+00 -5.947771e-01  6.547774e+00 -1.470622e-06 -3.852422e-02  2.849603e-01 -5.373027e-08 -6.035837e-02  2.619265e-01 -3.724355e-08 -7.656823e-02  2.383804e-01 -2.224352e-08 -8.574302e-02  2.160163e-01
  -8.861876e-09 -8.756694e-02  1.962454e-01  2.827879e-09 -8.375934e-02  1.790914e-01  1.279706e-08 -7.790708e-02  1.630431e-01  2.104477e-08 -7.210758e-02  1.470574e-01  2.757041e-08 -6.385719e-02  1.323537e-01  3.234080e-08 -4.923347e-02
   1.203477e-01  3.523724e-08 -2.902080e-02  1.088323e-01  3.604206e-08 -1.033030e-02  9.398527e-02  3.459484e-08 -3.286139e-05  7.585914e-02  3.104710e-08  2.384493e-03  5.686362e-02  2.570447e-08  1.274804e-03  3.793706e-02  1.871948e-08
  -8.511790e-05  1.900670e-02  1.014271e-08]
 [-1.153864e-05  1.168203e-05  2.427975e+01  1.451456e+00 -1.603907e+01  8.406873e-06  9.412749e-02 -6.980338e-01  3.418202e-07  1.476135e-01 -6.416380e-01  2.883546e-07  1.873237e-01 -5.839836e-01  2.391240e-07  2.098008e-01 -5.292184e-01
   1.944031e-07  2.142693e-01 -4.807977e-01  1.541950e-07  2.049405e-01 -4.387802e-01  1.182851e-07  1.906019e-01 -3.994677e-01  8.639944e-08  1.763922e-01 -3.603075e-01  5.841723e-08  1.561773e-01 -3.242819e-01  3.440652e-08  1.203477e-01
  -2.948486e-01  1.450911e-08  7.082959e-02 -2.665990e-01 -1.047750e-09  2.504823e-02 -2.301852e-01 -1.188115e-08 -1.697642e-04 -1.857567e-01 -1.785746e-08 -6.088623e-03 -1.392226e-01 -1.930453e-08 -3.372016e-03 -9.287539e-02 -1.663173e-08
  -4.345052e-05 -4.652953e-02 -1.013186e-08]
 [ 1.089036e+01 -2.388981e+01  1.547476e-05  4.580571e-06 -8.556163e-06 -1.643251e+01  1.917877e-07 -3.418776e-07 -7.189222e-01  1.864801e-07 -2.693244e-07 -6.741663e-01  1.741100e-07 -2.051011e-07 -6.314442e-01  1.554572e-07 -1.508759e-07
  -5.905919e-01  1.326105e-07 -1.070332e-07 -5.510029e-01  1.085626e-07 -7.195119e-08 -5.117011e-01  8.607866e-08 -4.273434e-08 -4.717416e-01  6.621189e-08 -1.790396e-08 -4.307058e-01  4.899072e-08  1.540257e-09 -3.885480e-01  3.523724e-08
   1.450911e-08 -3.447571e-01  2.572814e-08  2.183518e-08 -2.982841e-01  1.926791e-08  2.539068e-08 -2.490938e-01  1.362515e-08  2.660045e-08 -1.989140e-01  7.960538e-09  2.544114e-08 -1.491866e-01  3.003898e-09  2.100702e-08 -9.979234e-02
  -2.331987e-11  1.261266e-08 -5.015528e-02]
 [ 1.828214e-06 -7.926592e-07 -5.835952e+00 -3.509801e-01  3.854173e+00 -6.334377e-07 -2.271473e-02  1.677326e-01 -2.146668e-08 -3.556644e-02  1.541699e-01 -1.238725e-08 -4.510736e-02  1.403063e-01 -4.150435e-09 -5.050735e-02  1.271394e-01
   3.163155e-09 -5.158082e-02  1.155001e-01  9.500520e-09 -4.933990e-02  1.054023e-01  1.482951e-08 -4.589569e-02  9.595601e-02  1.913486e-08 -4.248259e-02  8.654665e-02  2.240962e-08 -3.762715e-02  7.789290e-02  2.463343e-08 -2.902080e-02
   7.082959e-02  2.572814e-08 -1.712449e-02  6.405802e-02  2.554791e-08 -6.122898e-03  5.532599e-02  2.399458e-08 -6.086309e-05  4.466096e-02  2.118141e-08  1.362379e-03  3.348021e-02  1.731202e-08  7.089889e-04  2.233709e-02  1.247867e-08
  -9.174760e-05  1.118996e-02  6.705982e-09]
 [-1.114857e-05  1.096555e-05  2.195289e+01  1.312777e+00 -1.450211e+01  7.910541e-06  8.512546e-02 -6.311433e-01  3.225947e-07  1.334860e-01 -5.801506e-01  2.735414e-07  1.693909e-01 -5.280203e-01  2.284354e-07  1.897139e-01 -4.785027e-01
   1.875061e-07  1.937543e-01 -4.347222e-01  1.507204e-07  1.853194e-01 -3.967319e-01  1.178350e-07  1.723549e-01 -3.611877e-01  8.855586e-08  1.595069e-01 -3.257811e-01  6.275183e-08  1.412290e-01 -2.932093e-01  4.047973e-08  1.088323e-01
  -2.665990e-01  2.183518e-08  6.405802e-02 -2.410601e-01  6.943217e-09  2.266167e-02 -2.081390e-01 -3.916203e-09 -1.415380e-04 -1.679701e-01 -1.059528e-08 -5.493828e-03 -1.258962e-01 -1.329356e-08 -3.037106e-03 -8.399032e-02 -1.229726e-08
  -2.644531e-05 -4.208514e-02 -7.820054e-09]
 [ 1.073716e+01 -2.006903e+01  1.484478e-05  3.958502e-06 -8.163573e-06 -1.389971e+01  1.676682e-07 -3.294916e-07 -6.081124e-01  1.662008e-07 -2.642614e-07 -5.706474e-01  1.579114e-07 -2.060861e-07 -5.351414e-01  1.432857e-07 -1.565926e-07
  -5.014081e-01  1.240792e-07 -1.162823e-07 -4.688610e-01  1.030857e-07 -8.377388e-08 -4.365827e-01  8.313297e-08 -5.641181e-08 -4.036887e-01  6.538854e-08 -3.281204e-08 -3.697828e-01  4.959434e-08 -1.398589e-08 -3.348149e-01  3.604206e-08
  -1.047750e-09 -2.982841e-01  2.554791e-08  6.943217e-09 -2.591221e-01  1.789972e-08  1.198496e-08 -2.171029e-01  1.189091e-08  1.525377e-08 -1.736715e-01  6.699245e-09  1.642961e-08 -1.302558e-01  2.485893e-09  1.460713e-08 -8.701224e-02
  -2.099747e-11  9.198695e-09 -4.363844e-02]
 [ 2.448141e-07  3.867309e-07 -2.066321e+00 -1.255000e-01  1.363896e+00  2.403966e-07 -8.094843e-03  5.935393e-02  1.272958e-08 -1.264217e-02  5.454760e-02  1.470285e-08 -1.601758e-02  4.963572e-02  1.644978e-08 -1.792773e-02  4.497181e-02
   1.793434e-08 -1.830740e-02  4.085031e-02  1.911618e-08 -1.751490e-02  3.727598e-02  1.995073e-08 -1.629697e-02  3.393301e-02  2.040068e-08 -1.509013e-02  3.060336e-02  2.044915e-08 -1.337339e-02  2.754250e-02  2.008696e-08 -1.033030e-02
   2.504823e-02  1.926791e-08 -6.122898e-03  2.266167e-02  1.789972e-08 -2.230268e-03  1.958234e-02  1.593461e-08 -8.431494e-05  1.581474e-02  1.346040e-08  4.197200e-04  1.185866e-02  1.060256e-08  1.882823e-04  7.911409e-03  7.406059e-09
  -9.524499e-05  3.960079e-03  3.874609e-09]
 [-1.025233e-05  9.728665e-06  1.895382e+01  1.133920e+00 -1.252107e+01  7.040196e-06  7.351767e-02 -5.449258e-01  2.877255e-07  1.152719e-01 -5.008976e-01  2.449256e-07  1.462718e-01 -4.558876e-01  2.056361e-07  1.638186e-01 -4.131338e-01
   1.700378e-07  1.673069e-01 -3.753342e-01  1.380709e-07  1.600244e-01 -3.425343e-01  1.094832e-07  1.488309e-01 -3.118467e-01  8.398175e-08  1.377380e-01 -2.812781e-01  6.143442e-08  1.219568e-01 -2.531574e-01  4.188603e-08  9.398527e-02
  -2.301852e-01  2.539068e-08  5.532599e-02 -2.081390e-01  1.198496e-08  1.958234e-02 -1.797191e-01  1.847511e-09 -1.077715e-04 -1.450400e-01 -4.877228e-09 -4.729590e-03 -1.087145e-01 -8.276515e-09 -2.607986e-03 -7.253316e-02 -8.516741e-09
  -7.440701e-06 -3.635175e-02 -5.730699e-09]
 [ 9.860849e+00 -1.635040e+01  1.353128e-05  3.311216e-06 -7.430123e-06 -1.139116e+01  1.417577e-07 -3.022261e-07 -4.983631e-01  1.429762e-07 -2.457470e-07 -4.679333e-01  1.379316e-07 -1.950482e-07 -4.392749e-01  1.268809e-07 -1.516381e-07
  -4.122023e-01  1.112498e-07 -1.160706e-07 -3.861838e-01  9.353561e-08 -8.720758e-08 -3.604034e-01  7.644841e-08 -6.270703e-08 -3.340771e-01  6.116781e-08 -4.132678e-08 -3.068510e-01  4.724963e-08 -2.402872e-08 -2.786759e-01  3.459484e-08
  -1.188115e-08 -2.490938e-01  2.399458e-08 -3.916203e-09 -2.171029e-01  1.593461e-08  1.847511e-09 -1.823817e-01  1.000006e-08  6.353127e-09 -1.461029e-01  5.431423e-09  9.094256e-09 -1.095816e-01  1.979957e-09  9.218330e-09 -7.312503e-02
  -1.762372e-11  6.239374e-09 -3.661401e-02]
 [-5.710200e-07  8.875926e-07  1.000199e-02 -1.242695e-03 -7.787227e-03  6.201048e-07 -3.938950e-05 -3.426350e-04  2.711975e-08 -1.254647e-05 -3.256726e-04  2.545838e-08  8.095486e-06 -3.067235e-04  2.389929e-08  2.019320e-05 -2.870185e-04
   2.243164e-08  2.267422e-05 -2.676842e-04  2.102528e-08  1.736309e-05 -2.489561e-04  1.963418e-08  9.032358e-06 -2.302882e-04  1.821409e-08  6.170688e-07 -2.113365e-04  1.674495e-08 -1.152298e-05 -1.918053e-04  1.522395e-08 -3.286139e-05
  -1.697642e-04  1.362515e-08 -6.086309e-05 -1.415380e-04  1.189091e-08 -8.431494e-05 -1.077715e-04  1.000006e-08 -9.569391e-05 -7.648809e-05  8.015553e-09 -9.807401e-05 -5.325574e-05  6.012433e-09 -9.702078e-05 -3.696096e-05  4.012225e-09
  -9.548127e-05 -2.471149e-05  2.012006e-09]
 [-8.837796e-06  8.104041e-06  1.529457e+01  9.154433e-01 -1.010398e+01  5.882711e-06  5.934393e-02 -4.397315e-01  2.410004e-07  9.303776e-02 -4.042018e-01  2.060248e-07  1.180533e-01 -3.678801e-01  1.739742e-07  1.322127e-01 -3.333795e-01
   1.449792e-07  1.350277e-01 -3.028773e-01  1.189633e-07  1.291510e-01 -2.764103e-01  9.568500e-08  1.201183e-01 -2.516481e-01  7.487227e-08  1.111667e-01 -2.269818e-01  5.640140e-08  9.843177e-02 -2.042915e-01  4.030481e-08  7.585914e-02
  -1.857567e-01  2.660045e-08  4.466096e-02 -1.679701e-01  1.525377e-08  1.581474e-02 -1.450400e-01  6.353127e-09 -7.648809e-05 -1.170577e-01  3.157950e-11 -3.806838e-03 -8.774567e-02 -3.704729e-09 -2.094263e-03 -5.854924e-02 -4.918792e-09
   5.578814e-06 -2.935227e-02 -3.672588e-09]
 [ 8.253086e+00 -1.288237e+01  1.159073e-05  2.664793e-06 -6.394380e-06 -9.004399e+00  1.151229e-07 -2.615785e-07 -3.939425e-01  1.178037e-07 -2.149197e-07 -3.700076e-01  1.150702e-07 -1.728137e-07 -3.475446e-01  1.070211e-07 -1.365806e-07
  -3.263925e-01  9.476833e-08 -1.067636e-07 -3.061090e-01  8.042836e-08 -8.246093e-08 -2.860216e-01  6.642339e-08 -6.170326e-08 -2.654847e-01  5.384671e-08 -4.342992e-08 -2.442060e-01  4.216964e-08 -2.849633e-08 -2.221434e-01  3.104710e-08
  -1.785746e-08 -1.989140e-01  2.118141e-08 -1.059528e-08 -1.736715e-01  1.346040e-08 -4.877228e-09 -1.461029e-01  8.015553e-09  3.157950e-11 -1.171302e-01  4.193720e-09  3.551160e-09 -8.785543e-02  1.499729e-09  4.930862e-09 -5.859883e-02
  -1.345072e-11  3.786848e-09 -2.932182e-02]
 [-5.927638e-07  7.193782e-07  4.972710e-01  2.793601e-02 -3.297082e-01  5.102737e-07  1.851878e-03 -1.435282e-02  2.179312e-08  2.952235e-03 -1.320386e-02  1.981076e-08  3.769895e-03 -1.202769e-02  1.797724e-08  4.233125e-03 -1.090880e-02
   1.629082e-08  4.325293e-03 -9.917692e-03  1.473291e-08  4.132743e-03 -9.055769e-03  1.327121e-08  3.836615e-03 -8.248230e-03  1.187342e-08  3.542983e-03 -7.443467e-03  1.052483e-08  3.125074e-03 -6.701088e-03  9.224977e-09  2.384493e-03
  -6.088623e-03  7.960538e-09  1.362379e-03 -5.493828e-03  6.699245e-09  4.197200e-04 -4.729590e-03  5.431423e-09 -9.807401e-05 -3.806838e-03  4.193720e-09 -2.193424e-04 -2.849759e-03  3.026703e-09 -1.636985e-04 -1.903295e-03  1.941445e-09
  -9.518761e-05 -9.608553e-04  9.358529e-10]
 [-7.091877e-06  6.319656e-06  1.146159e+01  6.863969e-01 -7.572224e+00  4.599858e-06  4.448881e-02 -3.295473e-01  1.889765e-07  6.973997e-02 -3.029203e-01  1.623326e-07  8.848739e-02 -2.756999e-01  1.379578e-07  9.909889e-02 -2.498447e-01
   1.159375e-07  1.012085e-01 -2.269865e-01  9.619078e-08  9.680429e-02 -2.071528e-01  7.850476e-08  9.003475e-02 -1.885969e-01  6.264542e-08  8.332594e-02 -1.701131e-01  4.850575e-08  7.378150e-02 -1.531103e-01  3.610694e-08  5.686362e-02
  -1.392226e-01  2.544114e-08  3.348021e-02 -1.258962e-01  1.642961e-08  1.185866e-02 -1.087145e-01  9.094256e-09 -5.325574e-05 -8.774567e-02  3.551160e-09 -2.849759e-03 -6.577974e-02 -1.316212e-10 -1.565670e-03 -4.390014e-02 -1.944994e-09
   9.632212e-06 -2.201991e-02 -1.900670e-09]
 [ 6.186568e+00 -9.661353e+00  9.177962e-06  2.027933e-06 -5.116905e-06 -6.753370e+00  8.823878e-08 -2.101586e-07 -2.954599e-01  9.132014e-08 -1.740363e-07 -2.775093e-01  9.006504e-08 -1.413033e-07 -2.606621e-01  8.447820e-08 -1.130329e-07
  -2.447976e-01  7.537796e-08 -8.970175e-08 -2.295844e-01  6.443605e-08 -7.063467e-08 -2.145181e-01  5.364500e-08 -5.428047e-08 -1.991149e-01  4.392772e-08 -3.979235e-08 -1.831555e-01  3.476473e-08 -2.787179e-08 -1.666084e-01  2.570447e-08
  -1.930453e-08 -1.491866e-01  1.731202e-08 -1.329356e-08 -1.302558e-01  1.060256e-08 -8.276515e-09 -1.095816e-01  6.012433e-09 -3.704729e-09 -8.785543e-02  3.026703e-09 -1.316212e-10 -6.590339e-02  1.060048e-09  1.833664e-09 -4.396519e-02
  -8.918459e-12  1.906786e-09 -2.201153e-02]
 [-2.716163e-07  3.063985e-07  2.736915e-01  1.453531e-02 -1.819798e-01  2.181521e-07  9.835149e-04 -7.923615e-03  9.252140e-09  1.591239e-03 -7.294115e-03  8.328060e-09  2.043149e-03 -6.648970e-03  7.475902e-09  2.299353e-03 -6.034462e-03
   6.695799e-09  2.350364e-03 -5.489251e-03  5.980525e-09  2.243740e-03 -5.014206e-03  5.316910e-09  2.079688e-03 -4.568609e-03  4.691566e-09  1.916953e-03 -4.124384e-03  4.098378e-09  1.685271e-03 -3.713638e-03  3.537382e-09  1.274804e-03
  -3.372016e-03  3.003898e-09  7.089889e-04 -3.037106e-03  2.485893e-09  1.882823e-04 -2.607986e-03  1.979957e-09 -9.702078e-05 -2.094263e-03  1.499729e-09 -1.636985e-04 -1.565670e-03  1.060048e-09 -1.331305e-04 -1.046008e-03  6.650613e-10
  -9.541562e-05 -5.303831e-04  3.140932e-10]
 [-5.052168e-06  4.404888e-06  7.643702e+00  4.581222e-01 -5.050526e+00  3.213301e-06  2.968667e-02 -2.198011e-01  1.323994e-07  4.652875e-02 -2.020420e-01  1.142919e-07  5.903302e-02 -1.838875e-01  9.775104e-08  6.611080e-02 -1.666438e-01
   8.282522e-08  6.751791e-02 -1.513996e-01  6.944430e-08  6.458025e-02 -1.381730e-01  5.744399e-08  6.006481e-02 -1.257989e-01  4.664728e-08  5.558974e-02 -1.134729e-01  3.697284e-08  4.922296e-02 -1.021350e-01  2.843272e-08  3.793706e-02
  -9.287539e-02  2.100702e-08  2.233709e-02 -8.399032e-02  1.460713e-08  7.911409e-03 -7.253316e-02  9.218330e-09 -3.696096e-05 -5.854924e-02  4.930862e-09 -1.903295e-03 -4.390014e-02  1.833664e-09 -1.046008e-03 -2.930877e-02 -3.016495e-11
   6.842287e-06 -1.471695e-02 -6.461647e-10]
 [ 3.984425e+00 -6.530043e+00  6.404539e-06  1.383240e-06 -3.621963e-06 -4.553488e+00  6.051902e-08 -1.491795e-07 -1.992151e-01  6.317780e-08 -1.242933e-07 -1.870659e-01  6.277145e-08 -1.016689e-07 -1.756314e-01  5.926291e-08 -8.207743e-08
  -1.648361e-01  5.319161e-08 -6.588032e-08 -1.544655e-01  4.572746e-08 -5.262449e-08 -1.441907e-01  3.831035e-08 -4.122325e-08 -1.336961e-01  3.162009e-08 -3.107639e-08 -1.228390e-01  2.523182e-08 -2.268987e-08 -1.115994e-01  1.871948e-08
  -1.663173e-08 -9.979234e-02  1.247867e-08 -1.229726e-08 -8.701224e-02  7.406059e-09 -8.516741e-09 -7.312503e-02  4.012225e-09 -4.918792e-09 -5.859883e-02  1.941445e-09 -1.944994e-09 -4.396519e-02  6.650613e-10 -3.016495e-11 -2.935425e-02
  -4.370507e-12  6.379652e-10 -1.472373e-02]
 [-6.462349e-23  6.462349e-23  5.744775e-17 -1.906333e-03 -1.071500e-03 -6.923309e-10 -8.124406e-05 -5.046797e-05 -2.916437e-11 -7.680509e-05 -5.700729e-05 -2.806220e-11 -7.280642e-05 -6.205015e-05 -2.740380e-11 -7.013784e-05 -6.506593e-05
  -2.707204e-11 -6.953408e-05 -6.571464e-05 -2.689536e-11 -7.091778e-05 -6.421257e-05 -2.667748e-11 -7.319476e-05 -6.160240e-05 -2.627947e-11 -7.558914e-05 -5.863832e-05 -2.565627e-11 -7.912410e-05 -5.373350e-05 -2.475125e-11 -8.511790e-05
  -4.345052e-05 -2.331987e-11 -9.174760e-05 -2.644531e-05 -2.099747e-11 -9.524499e-05 -7.440701e-06 -1.762372e-11 -9.548127e-05  5.578814e-06 -1.345072e-11 -9.518761e-05  9.632212e-06 -8.918459e-12 -9.541562e-05  6.842287e-06 -4.370507e-12
  -9.564433e-05 -9.945120e-20 -2.995456e-14]
 [-2.686305e-06  2.307317e-06  3.825773e+00  2.297644e-01 -2.528847e+00  1.686475e-06  1.488093e-02 -1.100558e-01  6.968567e-08  2.331404e-02 -1.011652e-01  6.043681e-08  2.957526e-02 -9.207677e-02  5.199821e-08  3.311939e-02 -8.344487e-02
   4.439007e-08  3.382401e-02 -7.581463e-02  3.756932e-08  3.235288e-02 -6.919521e-02  3.144273e-08  3.009145e-02 -6.300287e-02  2.591133e-08  2.785005e-02 -5.683463e-02  2.092952e-08  2.466081e-02 -5.116146e-02  1.650233e-08  1.900670e-02
  -4.652953e-02  1.261266e-08  1.118996e-02 -4.208514e-02  9.198695e-09  3.960079e-03 -3.635175e-02  6.239374e-09 -2.471149e-05 -2.935227e-02  3.786848e-09 -9.608553e-04 -2.201991e-02  1.906786e-09 -5.303831e-04 -1.471695e-02  6.379652e-10
  -9.945120e-20 -7.413915e-03 -2.321941e-12]
 [ 1.875125e+00 -3.336082e+00  3.329821e-06  7.109493e-07 -1.913819e-06 -2.317775e+00  3.123921e-08 -7.898819e-08 -1.014026e-01  3.283317e-08 -6.613428e-08 -9.518239e-02  3.281178e-08 -5.441804e-08 -8.930200e-02  3.113847e-08 -4.425274e-08
  -8.372776e-02  2.808109e-08 -3.583993e-08 -7.835783e-02  2.425161e-08 -2.895045e-08 -7.303412e-02  2.042325e-08 -2.301389e-08 -6.760448e-02  1.696656e-08 -1.771190e-08 -6.200051e-02  1.363114e-08 -1.331606e-08 -5.621321e-02  1.014271e-08
  -1.013186e-08 -5.015528e-02  6.705982e-09 -7.820054e-09 -4.363844e-02  3.874609e-09 -5.730699e-09 -3.661401e-02  2.012006e-09 -3.672588e-09 -2.932182e-02  9.358529e-10 -1.900670e-09 -2.201153e-02  3.140932e-10 -6.461647e-10 -1.472373e-02
  -2.995456e-14 -2.321941e-12 -7.418472e-03]]

=== K ===
[[-1.000020e+08  1.368122e-14  1.025704e-19 -1.130177e-19 -3.059680e-04  1.195538e+02  7.657628e-07 -1.353783e-05  5.230480e+00  2.115871e-06 -1.353012e-05  5.398002e+00  3.267407e-06 -1.333033e-05  5.880643e+00  4.102522e-06 -1.305108e-05
   6.617574e+00  4.546511e-06 -1.279854e-05  7.512014e+00  4.650038e-06 -1.260196e-05  8.440917e+00  4.617952e-06 -1.238828e-05  9.290301e+00  4.586128e-06 -1.209176e-05  1.000400e+01  4.322653e-06 -1.178189e-05  1.056737e+01  3.410646e-06
  -1.153864e-05  1.089036e+01  1.828214e-06 -1.114857e-05  1.073716e+01  2.448141e-07 -1.025233e-05  9.860849e+00 -5.710200e-07 -8.837796e-06  8.253086e+00 -5.927638e-07 -7.091877e-06  6.186568e+00 -2.716163e-07 -5.052168e-06  3.984425e+00
  -6.462349e-23 -2.686305e-06  1.875125e+00]
 [ 1.368122e-14 -1.000020e+08 -7.841672e-19  3.059680e-04  4.749002e-19 -1.321009e+03  1.138036e-05  2.451362e-06 -5.779416e+01  8.698092e-06  5.519185e-06 -5.397092e+01  6.069093e-06  7.910130e-06 -5.017432e+01  3.689353e-06  9.654494e-06
  -4.641832e+01  1.741023e-06  1.085605e-05 -4.269627e+01  2.730229e-07  1.164035e-05 -3.898257e+01 -8.586228e-07  1.208575e-05 -3.525005e+01 -1.777952e-06  1.220981e-05 -3.148929e+01 -2.261094e-06  1.205628e-05 -2.770312e+01 -1.916731e-06
   1.168203e-05 -2.388981e+01 -7.926592e-07  1.096555e-05 -2.006903e+01  3.867309e-07  9.728665e-06 -1.635040e+01  8.875926e-07  8.104041e-06 -1.288237e+01  7.193782e-07  6.319656e-06 -9.661353e+00  3.063985e-07  4.404888e-06 -6.530043e+00
   6.462349e-23  2.307317e-06 -3.336082e+00]
 [ 1.025704e-19 -7.841672e-19 -1.000020e+08 -1.195538e+02  1.321009e+03 -4.668431e-19 -7.752921e+00  5.749142e+01  2.139816e-06 -1.215808e+01  5.284599e+01  4.783650e-06 -1.542863e+01  4.809693e+01  7.241185e-06 -1.727981e+01  4.358582e+01
   9.467612e-06 -1.764783e+01  3.959727e+01  1.141349e-05 -1.687955e+01  3.613611e+01  1.302570e-05 -1.569871e+01  3.289775e+01  1.425959e-05 -1.452852e+01  2.967193e+01  1.509388e-05 -1.286384e+01  2.670432e+01  1.551737e-05 -9.913423e+00
   2.427975e+01  1.547476e-05 -5.835952e+00  2.195289e+01  1.484478e-05 -2.066321e+00  1.895382e+01  1.353128e-05  1.000199e-02  1.529457e+01  1.159073e-05  4.972710e-01  1.146159e+01  9.177962e-06  2.736915e-01  7.643702e+00  6.404539e-06
   5.744775e-17  3.825773e+00  3.329821e-06]
 [-1.130177e-19  3.059680e-04 -1.195538e+02 -1.000000e+08  7.896586e+01  2.020933e-04 -4.656304e-01  3.436564e+00  8.969563e-06 -7.289423e-01  3.158694e+00  8.542797e-06 -9.244219e-01  2.874665e+00  8.108960e-06 -1.035061e+00  2.604915e+00
   7.667514e-06 -1.057055e+00  2.366472e+00  7.214489e-06 -1.011140e+00  2.159620e+00  6.742796e-06 -9.405692e-01  1.966118e+00  6.245613e-06 -8.706335e-01  1.773375e+00  5.720225e-06 -7.711399e-01  1.596117e+00  5.166400e-06 -5.947771e-01
   1.451456e+00  4.580571e-06 -3.509801e-01  1.312777e+00  3.958502e-06 -1.255000e-01  1.133920e+00  3.311216e-06 -1.242695e-03  9.154433e-01  2.664793e-06  2.793601e-02  6.863969e-01  2.027933e-06  1.453531e-02  4.581222e-01  1.383240e-06
  -1.906333e-03  2.297644e-01  7.109493e-07]
 [-3.059680e-04  4.749002e-19  1.321009e+03  7.896586e+01 -1.000009e+08  1.828982e-05  5.120936e+00 -3.797553e+01 -6.132534e-07  8.030747e+00 -3.490719e+01 -2.333993e-06  1.019110e+01 -3.177039e+01 -3.883480e-06  1.141391e+01 -2.879076e+01
  -5.241421e-06  1.165700e+01 -2.615631e+01 -6.389961e-06  1.114951e+01 -2.387020e+01 -7.312846e-06  1.036948e+01 -2.173127e+01 -7.998007e-06  9.596476e+00 -1.960061e+01 -8.439982e-06  8.496813e+00 -1.764051e+01 -8.633618e-06  6.547774e+00
  -1.603907e+01 -8.556163e-06  3.854173e+00 -1.450211e+01 -8.163573e-06  1.363896e+00 -1.252107e+01 -7.430123e-06 -7.787227e-03 -1.010398e+01 -6.394380e-06 -3.297082e-01 -7.572224e+00 -5.116905e-06 -1.819798e-01 -5.050526e+00 -3.621963e-06
  -1.071500e-03 -2.528847e+00 -1.913819e-06]
 [ 1.195538e+02 -1.321009e+03 -4.668431e-19  2.020933e-04  1.828982e-05 -1.000009e+08  7.470930e-06  2.428456e-06 -3.848816e+01  5.618470e-06  4.454392e-06 -3.597291e+01  3.813060e-06  6.021760e-06 -3.349408e+01  2.191203e-06  7.157309e-06
  -3.105728e+01  8.776832e-07  7.935939e-06 -2.865232e+01 -9.821176e-08  8.442328e-06 -2.625493e+01 -8.438257e-07  8.723865e-06 -2.384036e+01 -1.449213e-06  8.788204e-06 -2.139902e+01 -1.752623e-06  8.668419e-06 -1.893191e+01 -1.470622e-06
   8.406873e-06 -1.643251e+01 -6.334377e-07  7.910541e-06 -1.389971e+01  2.403966e-07  7.040196e-06 -1.139116e+01  6.201048e-07  5.882711e-06 -9.004399e+00  5.102737e-07  4.599858e-06 -6.753370e+00  2.181521e-07  3.213301e-06 -4.553488e+00
  -6.923309e-10  1.686475e-06 -2.317775e+00]
 [ 7.657628e-07  1.138036e-05 -7.752921e+00 -4.656304e-01  5.120936e+00  7.470930e-06 -3.049953e-02  2.228632e-01  3.351513e-07 -4.722565e-02  2.048475e-01  3.235850e-07 -5.990304e-02  1.864315e-01  3.113271e-07 -6.707842e-02  1.689404e-01
   2.983067e-07 -6.850485e-02  1.534781e-01  2.843315e-07 -6.552702e-02  1.400631e-01  2.690972e-07 -6.095009e-02  1.275131e-01  2.523199e-07 -5.641438e-02  1.150121e-01  2.338849e-07 -4.996174e-02  1.035143e-01  2.137707e-07 -3.852422e-02
   9.412749e-02  1.917877e-07 -2.271473e-02  8.512546e-02  1.676682e-07 -8.094843e-03  7.351767e-02  1.417577e-07 -3.938950e-05  5.934393e-02  1.151229e-07  1.851878e-03  4.448881e-02  8.823878e-08  9.835149e-04  2.968667e-02  6.051902e-08
  -8.124406e-05  1.488093e-02  3.123921e-08]
 [-1.353783e-05  2.451362e-06  5.749142e+01  3.436564e+00 -3.797553e+01  2.428456e-06  2.228632e-01 -1.653165e+00  4.473132e-08  3.495006e-01 -1.519191e+00 -3.482402e-08  4.435211e-01 -1.382675e+00 -1.068587e-07  4.967387e-01 -1.252999e+00
  -1.704792e-07  5.073185e-01 -1.138345e+00 -2.249274e-07  4.852317e-01 -1.038852e+00 -2.695407e-07  4.512841e-01 -9.457639e-01 -3.038401e-07  4.176425e-01 -8.530359e-01 -3.276054e-07  3.697842e-01 -7.677301e-01 -3.406106e-07  2.849603e-01
  -6.980338e-01 -3.418776e-07  1.677326e-01 -6.311433e-01 -3.294916e-07  5.935393e-02 -5.449258e-01 -3.022261e-07 -3.426350e-04 -4.397315e-01 -2.615785e-07 -1.435282e-02 -3.295473e-01 -2.101586e-07 -7.923615e-03 -2.198011e-01 -1.491795e-07
  -5.046797e-05 -1.100558e-01 -7.898819e-08]
 [ 5.230480e+00 -5.779416e+01  2.139816e-06  8.969563e-06 -6.132534e-07 -3.848816e+01  3.351513e-07  4.473132e-08 -1.684294e+00  2.588196e-07  1.383365e-07 -1.573815e+00  1.833323e-07  2.119901e-07 -1.465366e+00  1.143567e-07  2.664970e-07
  -1.358756e+00  5.728402e-08  3.048295e-07 -1.253539e+00  1.376657e-08  3.306870e-07 -1.148653e+00 -2.011753e-08  3.464689e-07 -1.043016e+00 -4.785530e-08  3.527349e-07 -9.362070e-01 -6.291074e-08  3.506692e-07 -8.282711e-01 -5.373027e-08
   3.418202e-07 -7.189222e-01 -2.146668e-08  3.225947e-07 -6.081124e-01  1.272958e-08  2.877255e-07 -4.983631e-01  2.711975e-08  2.410004e-07 -3.939425e-01  2.179312e-08  1.889765e-07 -2.954599e-01  9.252140e-09  1.323994e-07 -1.992151e-01
  -2.916437e-11  6.968567e-08 -1.014026e-01]
 [ 2.115871e-06  8.698092e-06 -1.215808e+01 -7.289423e-01  8.030747e+00  5.618470e-06 -4.722565e-02  3.495006e-01  2.588196e-07 -7.435517e-02  3.212530e-01  2.580913e-07 -9.388672e-02  2.923768e-01  2.560126e-07 -1.051398e-01  2.649496e-01
   2.524362e-07 -1.073769e-01  2.407022e-01  2.471354e-07 -1.027067e-01  2.196637e-01  2.398060e-07 -9.552859e-02  1.999810e-01  2.301793e-07 -8.841513e-02  1.803749e-01  2.181441e-07 -7.829541e-02  1.623407e-01  2.036605e-07 -6.035837e-02
   1.476135e-01  1.864801e-07 -3.556644e-02  1.334860e-01  1.662008e-07 -1.264217e-02  1.152719e-01  1.429762e-07 -1.254647e-05  9.303776e-02  1.178037e-07  2.952235e-03  6.973997e-02  9.132014e-08  1.591239e-03  4.652875e-02  6.317780e-08
  -7.680509e-05  2.331404e-02  3.283317e-08]
 [-1.353012e-05  5.519185e-06  5.284599e+01  3.158694e+00 -3.490719e+01  4.454392e-06  2.048475e-01 -1.519191e+00  1.383365e-07  3.212530e-01 -1.396882e+00  5.905718e-08  4.076769e-01 -1.270960e+00 -1.309460e-08  4.565948e-01 -1.151763e+00
  -7.730764e-08  4.663199e-01 -1.046374e+00 -1.329485e-07  4.460175e-01 -9.549196e-01 -1.795170e-07  4.148127e-01 -8.693527e-01 -2.166786e-07  3.838890e-01 -7.841170e-01 -2.442772e-07  3.398973e-01 -7.057036e-01 -2.621083e-07  2.619265e-01
  -6.416380e-01 -2.693244e-07  1.541699e-01 -5.801506e-01 -2.642614e-07  5.454760e-02 -5.008976e-01 -2.457470e-07 -3.256726e-04 -4.042018e-01 -2.149197e-07 -1.320386e-02 -3.029203e-01 -1.740363e-07 -7.294115e-03 -2.020420e-01 -1.242933e-07
  -5.700729e-05 -1.011652e-01 -6.613428e-08]
 [ 5.398002e+00 -5.397092e+01  4.783650e-06  8.542797e-06 -2.333993e-06 -3.597291e+01  3.235850e-07 -3.482402e-08 -1.573815e+00  2.580913e-07  5.905718e-08 -1.471533e+00  1.918568e-07  1.344017e-07 -1.369945e+00  1.298077e-07  1.915142e-07
  -1.270576e+00  7.690879e-08  2.328011e-07 -1.172549e+00  3.517324e-08  2.617182e-07 -1.074840e+00  1.893996e-09  2.809114e-07 -9.764092e-01 -2.563075e-08  2.911795e-07 -8.768495e-01 -4.194135e-08  2.933040e-07 -7.761985e-01 -3.724355e-08
   2.883546e-07 -6.741663e-01 -1.238725e-08  2.735414e-07 -5.706474e-01  1.470285e-08  2.449256e-07 -4.679333e-01  2.545838e-08  2.060248e-07 -3.700076e-01  1.981076e-08  1.623326e-07 -2.775093e-01  8.328060e-09  1.142919e-07 -1.870659e-01
  -2.806220e-11  6.043681e-08 -9.518239e-02]
 [ 3.267407e-06  6.069093e-06 -1.542863e+01 -9.244219e-01  1.019110e+01  3.813060e-06 -5.990304e-02  4.435211e-01  1.833323e-07 -9.388672e-02  4.076769e-01  1.918568e-07 -1.194669e-01  3.710347e-01  1.985098e-07 -1.333975e-01  3.362306e-01
   2.030876e-07 -1.362364e-01  3.054608e-01  2.053467e-07 -1.303098e-01  2.787624e-01  2.050009e-07 -1.212004e-01  2.537842e-01  2.018095e-07 -1.121731e-01  2.289030e-01  1.956715e-07 -9.933080e-02  2.060159e-01  1.865332e-07 -7.656823e-02
   1.873237e-01  1.741100e-07 -4.510736e-02  1.693909e-01  1.579114e-07 -1.601758e-02  1.462718e-01  1.379316e-07  8.095486e-06  1.180533e-01  1.150702e-07  3.769895e-03  8.848739e-02  9.006504e-08  2.043149e-03  5.903302e-02  6.277145e-08
  -7.280642e-05  2.957526e-02  3.281178e-08]
 [-1.333033e-05  7.910130e-06  4.809693e+01  2.874665e+00 -3.177039e+01  6.021760e-06  1.864315e-01 -1.382675e+00  2.119901e-07  2.923768e-01 -1.270960e+00  1.344017e-07  3.710347e-01 -1.157190e+00  6.349873e-08  4.155569e-01 -1.048268e+00
   8.866238e-12  4.244081e-01 -9.523491e-01 -5.555016e-08  4.059301e-01 -8.691136e-01 -1.028225e-07  3.775291e-01 -7.912361e-01 -1.416010e-07  3.493841e-01 -7.136600e-01 -1.717855e-07  3.093452e-01 -6.422929e-01 -1.931932e-07  2.383804e-01
  -5.839836e-01 -2.051011e-07  1.403063e-01 -5.280203e-01 -2.060861e-07  4.963572e-02 -4.558876e-01 -1.950482e-07 -3.067235e-04 -3.678801e-01 -1.728137e-07 -1.202769e-02 -2.756999e-01 -1.413033e-07 -6.648970e-03 -1.838875e-01 -1.016689e-07
  -6.205015e-05 -9.207677e-02 -5.441804e-08]
 [ 5.880643e+00 -5.017432e+01  7.241185e-06  8.108960e-06 -3.883480e-06 -3.349408e+01  3.113271e-07 -1.068587e-07 -1.465366e+00  2.560126e-07 -1.309460e-08 -1.369945e+00  1.985098e-07  6.349873e-08 -1.276555e+00  1.430515e-07  1.227758e-07
  -1.184057e+00  9.419624e-08  1.666219e-07 -1.093312e+00  5.427829e-08  1.982556e-07 -1.002877e+00  2.170387e-08  2.205307e-07 -9.117359e-01 -5.506081e-09  2.344554e-07 -8.194875e-01 -2.288173e-08  2.404428e-07 -7.261597e-01 -2.224352e-08
   2.391240e-07 -6.314442e-01 -4.150435e-09  2.284354e-07 -5.351414e-01  1.644978e-08  2.056361e-07 -4.392749e-01  2.389929e-08  1.739742e-07 -3.475446e-01  1.797724e-08  1.379578e-07 -2.606621e-01  7.475902e-09  9.775104e-08 -1.756314e-01
  -2.740380e-11  5.199821e-08 -8.930200e-02]
 [ 4.102522e-06  3.689353e-06 -1.727981e+01 -1.035061e+00  1.141391e+01  2.191203e-06 -6.707842e-02  4.967387e-01  1.143567e-07 -1.051398e-01  4.565948e-01  1.298077e-07 -1.333975e-01  4.155569e-01  1.430515e-07 -1.497416e-01  3.765774e-01
   1.538517e-07 -1.525713e-01  3.421158e-01  1.619673e-07 -1.459334e-01  3.122138e-01  1.671449e-07 -1.357309e-01  2.842381e-01  1.691823e-07 -1.256204e-01  2.563711e-01  1.679935e-07 -1.112370e-01  2.307372e-01  1.635172e-07 -8.574302e-02
   2.098008e-01  1.554572e-07 -5.050735e-02  1.897139e-01  1.432857e-07 -1.792773e-02  1.638186e-01  1.268809e-07  2.019320e-05  1.322127e-01  1.070211e-07  4.233125e-03  9.909889e-02  8.447820e-08  2.299353e-03  6.611080e-02  5.926291e-08
  -7.013784e-05  3.311939e-02  3.113847e-08]
 [-1.305108e-05  9.654494e-06  4.358582e+01  2.604915e+00 -2.879076e+01  7.157309e-06  1.689404e-01 -1.252999e+00  2.664970e-07  2.649496e-01 -1.151763e+00  1.915142e-07  3.362306e-01 -1.048268e+00  1.227758e-07  3.765774e-01 -9.503950e-01
   6.092911e-08  3.845985e-01 -8.630355e-01  6.388090e-09  3.678533e-01 -7.876067e-01 -4.061637e-08  3.421159e-01 -7.170334e-01 -7.998557e-08  3.166103e-01 -6.467331e-01 -1.116678e-07  2.803262e-01 -5.820594e-01 -1.355011e-07  2.160163e-01
  -5.292184e-01 -1.508759e-07  1.271394e-01 -4.785027e-01 -1.565926e-07  4.497181e-02 -4.131338e-01 -1.516381e-07 -2.870185e-04 -3.333795e-01 -1.365806e-07 -1.090880e-02 -2.498447e-01 -1.130329e-07 -6.034462e-03 -1.666438e-01 -8.207743e-08
  -6.506593e-05 -8.344487e-02 -4.425274e-08]
 [ 6.617574e+00 -4.641832e+01  9.467612e-06  7.667514e-06 -5.241421e-06 -3.105728e+01  2.983067e-07 -1.704792e-07 -1.358756e+00  2.524362e-07 -7.730764e-08 -1.270576e+00  2.030876e-07  8.866238e-12 -1.184057e+00  1.538517e-07  6.092911e-08
  -1.099759e+00  1.089015e-07  1.068658e-07 -1.015896e+00  7.084693e-08  1.408071e-07 -9.327776e-01  3.909488e-08  1.657718e-07 -8.489594e-01  1.232031e-08  1.829451e-07 -7.640367e-01 -5.904348e-09  1.924100e-07 -6.780270e-01 -8.861876e-09
   1.944031e-07 -5.905919e-01  3.163155e-09  1.875061e-07 -5.014081e-01  1.793434e-08  1.700378e-07 -4.122023e-01  2.243164e-08  1.449792e-07 -3.263925e-01  1.629082e-08  1.159375e-07 -2.447976e-01  6.695799e-09  8.282522e-08 -1.648361e-01
  -2.707204e-11  4.439007e-08 -8.372776e-02]
 [ 4.546511e-06  1.741023e-06 -1.764783e+01 -1.057055e+00  1.165700e+01  8.776832e-07 -6.850485e-02  5.073185e-01  5.728402e-08 -1.073769e-01  4.663199e-01  7.690879e-08 -1.362364e-01  4.244081e-01  9.419624e-08 -1.525713e-01  3.845985e-01
   1.089015e-07 -1.561687e-01  3.494030e-01  1.208025e-07 -1.490394e-01  3.188640e-01  1.296884e-07 -1.386196e-01  2.902925e-01  1.354004e-07 -1.282937e-01  2.618319e-01  1.378703e-07 -1.136039e-01  2.356519e-01  1.370352e-07 -8.756694e-02
   2.142693e-01  1.326105e-07 -5.158082e-02  1.937543e-01  1.240792e-07 -1.830740e-02  1.673069e-01  1.112498e-07  2.267422e-05  1.350277e-01  9.476833e-08  4.325293e-03  1.012085e-01  7.537796e-08  2.350364e-03  6.751791e-02  5.319161e-08
  -6.953408e-05  3.382401e-02  2.808109e-08]
 [-1.279854e-05  1.085605e-05  3.959727e+01  2.366472e+00 -2.615631e+01  7.935939e-06  1.534781e-01 -1.138345e+00  3.048295e-07  2.407022e-01 -1.046374e+00  2.328011e-07  3.054608e-01 -9.523491e-01  1.666219e-07  3.421158e-01 -8.630355e-01
   1.068658e-07  3.494030e-01 -7.845053e-01  5.385637e-08  3.341900e-01 -7.155415e-01  7.718747e-09  3.108075e-01 -6.514262e-01 -3.153937e-08  2.876356e-01 -5.875591e-01 -6.390730e-08  2.546713e-01 -5.288036e-01 -8.924170e-08  1.962454e-01
  -4.807977e-01 -1.070332e-07  1.155001e-01 -4.347222e-01 -1.162823e-07  4.085031e-02 -3.753342e-01 -1.160706e-07 -2.676842e-04 -3.028773e-01 -1.067636e-07 -9.917692e-03 -2.269865e-01 -8.970175e-08 -5.489251e-03 -1.513996e-01 -6.588032e-08
  -6.571464e-05 -7.581463e-02 -3.583993e-08]
 [ 7.512014e+00 -4.269627e+01  1.141349e-05  7.214489e-06 -6.389961e-06 -2.865232e+01  2.843315e-07 -2.249274e-07 -1.253539e+00  2.471354e-07 -1.329485e-07 -1.172549e+00  2.053467e-07 -5.555016e-08 -1.093312e+00  1.619673e-07  6.388090e-09
  -1.015896e+00  1.208025e-07  5.385637e-08 -9.402343e-01  8.468609e-08  8.961751e-08 -8.640051e-01  5.390536e-08  1.168084e-07 -7.875131e-01  2.771721e-08  1.367566e-07 -7.099085e-01  8.889607e-09  1.492557e-07 -6.311968e-01  2.827879e-09
   1.541950e-07 -5.510029e-01  9.500520e-09  1.507204e-07 -4.688610e-01  1.911618e-08  1.380709e-07 -3.861838e-01  2.102528e-08  1.189633e-07 -3.061090e-01  1.473291e-08  9.619078e-08 -2.295844e-01  5.980525e-09  6.944430e-08 -1.544655e-01
  -2.689536e-11  3.756932e-08 -7.835783e-02]
 [ 4.650038e-06  2.730229e-07 -1.687955e+01 -1.011140e+00  1.114951e+01 -9.821176e-08 -6.552702e-02  4.852317e-01  1.376657e-08 -1.027067e-01  4.460175e-01  3.517324e-08 -1.303098e-01  4.059301e-01  5.427829e-08 -1.459334e-01  3.678533e-01
   7.084693e-08 -1.490394e-01  3.341900e-01  8.468609e-08 -1.429053e-01  3.049806e-01  9.563029e-08 -1.325892e-01  2.776531e-01  1.035639e-07 -1.227128e-01  2.504317e-01  1.084368e-07 -1.086627e-01  2.253917e-01  1.101888e-07 -8.375934e-02
   2.049405e-01  1.085626e-07 -4.933990e-02  1.853194e-01  1.030857e-07 -1.751490e-02  1.600244e-01  9.353561e-08  1.736309e-05  1.291510e-01  8.042836e-08  4.132743e-03  9.680429e-02  6.443605e-08  2.243740e-03  6.458025e-02  4.572746e-08
  -7.091778e-05  3.235288e-02  2.425161e-08]
 [-1.260196e-05  1.164035e-05  3.613611e+01  2.159620e+00 -2.387020e+01  8.442328e-06  1.400631e-01 -1.038852e+00  3.306870e-07  2.196637e-01 -9.549196e-01  2.617182e-07  2.787624e-01 -8.691136e-01  1.982556e-07  3.122138e-01 -7.876067e-01
   1.408071e-07  3.188640e-01 -7.155415e-01  8.961751e-08  3.049806e-01 -6.534425e-01  4.472225e-08  2.836416e-01 -5.944941e-01  6.052193e-09  2.624948e-01 -5.362096e-01 -2.641697e-08  2.324114e-01 -4.825899e-01 -5.255871e-08  1.790914e-01
  -4.387802e-01 -7.195119e-08  1.054023e-01 -3.967319e-01 -8.377388e-08  3.727598e-02 -3.425343e-01 -8.720758e-08 -2.489561e-04 -2.764103e-01 -8.246093e-08 -9.055769e-03 -2.071528e-01 -7.063467e-08 -5.014206e-03 -1.381730e-01 -5.262449e-08
  -6.421257e-05 -6.919521e-02 -2.895045e-08]
 [ 8.440917e+00 -3.898257e+01  1.302570e-05  6.742796e-06 -7.312846e-06 -2.625493e+01  2.690972e-07 -2.695407e-07 -1.148653e+00  2.398060e-07 -1.795170e-07 -1.074840e+00  2.050009e-07 -1.028225e-07 -1.002877e+00  1.671449e-07 -4.061637e-08
  -9.327776e-01  1.296884e-07  7.718747e-09 -8.640051e-01  9.563029e-08  4.472225e-08 -7.959782e-01  6.601372e-08  7.359716e-08 -7.263739e-01  4.060394e-08  9.577747e-08 -6.560839e-01  2.145362e-08  1.108097e-07 -5.846643e-01  1.279706e-08
   1.182851e-07 -5.117011e-01  1.482951e-08  1.178350e-07 -4.365827e-01  1.995073e-08  1.094832e-07 -3.604034e-01  1.963418e-08  9.568500e-08 -2.860216e-01  1.327121e-08  7.850476e-08 -2.145181e-01  5.316910e-09  5.744399e-08 -1.441907e-01
  -2.667748e-11  3.144273e-08 -7.303412e-02]
 [ 4.617952e-06 -8.586228e-07 -1.569871e+01 -9.405692e-01  1.036948e+01 -8.438257e-07 -6.095009e-02  4.512841e-01 -2.011753e-08 -9.552859e-02  4.148127e-01  1.893996e-09 -1.212004e-01  3.775291e-01  2.170387e-08 -1.357309e-01  3.421159e-01
   3.909488e-08 -1.386196e-01  3.108075e-01  5.390536e-08 -1.325892e-01  2.836416e-01  6.601372e-08 -1.236704e-01  2.582261e-01  7.534427e-08 -1.141351e-01  2.329093e-01  8.186376e-08 -1.010680e-01  2.096215e-01  8.551697e-08 -7.790708e-02
   1.906019e-01  8.607866e-08 -4.589569e-02  1.723549e-01  8.313297e-08 -1.629697e-02  1.488309e-01  7.644841e-08  9.032358e-06  1.201183e-01  6.642339e-08  3.836615e-03  9.003475e-02  5.364500e-08  2.079688e-03  6.006481e-02  3.831035e-08
  -7.319476e-05  3.009145e-02  2.042325e-08]
 [-1.238828e-05  1.208575e-05  3.289775e+01  1.966118e+00 -2.173127e+01  8.723865e-06  1.275131e-01 -9.457639e-01  3.464689e-07  1.999810e-01 -8.693527e-01  2.809114e-07  2.537842e-01 -7.912361e-01  2.205307e-07  2.842381e-01 -7.170334e-01
   1.657718e-07  2.902925e-01 -6.514262e-01  1.168084e-07  2.776531e-01 -5.944941e-01  7.359716e-08  2.582261e-01 -5.416643e-01  3.600286e-08  2.389740e-01 -4.881656e-01  3.970617e-09  2.115859e-01 -4.393512e-01 -2.238896e-08  1.630431e-01
  -3.994677e-01 -4.273434e-08  9.595601e-02 -3.611877e-01 -5.641181e-08  3.393301e-02 -3.118467e-01 -6.270703e-08 -2.302882e-04 -2.516481e-01 -6.170326e-08 -8.248230e-03 -1.885969e-01 -5.428047e-08 -4.568609e-03 -1.257989e-01 -4.122325e-08
  -6.160240e-05 -6.300287e-02 -2.301389e-08]
 [ 9.290301e+00 -3.525005e+01  1.425959e-05  6.245613e-06 -7.998007e-06 -2.384036e+01  2.523199e-07 -3.038401e-07 -1.043016e+00  2.301793e-07 -2.166786e-07 -9.764092e-01  2.018095e-07 -1.416010e-07 -9.117359e-01  1.691823e-07 -7.998557e-08
  -8.489594e-01  1.354004e-07 -3.153937e-08 -7.875131e-01  1.035639e-07  6.052193e-09 -7.263739e-01  7.534427e-08  3.600286e-08 -6.649712e-01  5.094159e-08  5.981571e-08 -6.015654e-01  3.177754e-08  7.683350e-08 -5.374509e-01  2.104477e-08
   8.639944e-08 -4.717416e-01  1.913486e-08  8.855586e-08 -4.036887e-01  2.040068e-08  8.398175e-08 -3.340771e-01  1.821409e-08  7.487227e-08 -2.654847e-01  1.187342e-08  6.264542e-08 -1.991149e-01  4.691566e-09  4.664728e-08 -1.336961e-01
  -2.627947e-11  2.591133e-08 -6.760448e-02]
 [ 4.586128e-06 -1.777952e-06 -1.452852e+01 -8.706335e-01  9.596476e+00 -1.449213e-06 -5.641438e-02  4.176425e-01 -4.785530e-08 -8.841513e-02  3.838890e-01 -2.563075e-08 -1.121731e-01  3.493841e-01 -5.506081e-09 -1.256204e-01  3.166103e-01
   1.232031e-08 -1.282937e-01  2.876356e-01  2.771721e-08 -1.227128e-01  2.624948e-01  4.060394e-08 -1.141351e-01  2.389740e-01  5.094159e-08 -1.059846e-01  2.155446e-01  5.871283e-08 -9.354177e-02  1.939931e-01  6.386744e-08 -7.210758e-02
   1.763922e-01  6.621189e-08 -4.248259e-02  1.595069e-01  6.538854e-08 -1.509013e-02  1.377380e-01  6.116781e-08  6.170688e-07  1.111667e-01  5.384671e-08  3.542983e-03  8.332594e-02  4.392772e-08  1.916953e-03  5.558974e-02  3.162009e-08
  -7.558914e-05  2.785005e-02  1.696656e-08]
 [-1.209176e-05  1.220981e-05  2.967193e+01  1.773375e+00 -1.960061e+01  8.788204e-06  1.150121e-01 -8.530359e-01  3.527349e-07  1.803749e-01 -7.841170e-01  2.911795e-07  2.289030e-01 -7.136600e-01  2.344554e-07  2.563711e-01 -6.467331e-01
   1.829451e-07  2.618319e-01 -5.875591e-01  1.367566e-07  2.504317e-01 -5.362096e-01  9.577747e-08  2.329093e-01 -4.881656e-01  5.981571e-08  2.155446e-01 -4.407450e-01  2.878983e-08  1.908415e-01 -3.962799e-01  2.794751e-09  1.470574e-01
  -3.603075e-01 -1.790396e-08  8.654665e-02 -3.257811e-01 -3.281204e-08  3.060336e-02 -2.812781e-01 -4.132678e-08 -2.113365e-04 -2.269818e-01 -4.342992e-08 -7.443467e-03 -1.701131e-01 -3.979235e-08 -4.124384e-03 -1.134729e-01 -3.107639e-08
  -5.863832e-05 -5.683463e-02 -1.771190e-08]
 [ 1.000400e+01 -3.148929e+01  1.509388e-05  5.720225e-06 -8.439982e-06 -2.139902e+01  2.338849e-07 -3.276054e-07 -9.362070e-01  2.181441e-07 -2.442772e-07 -8.768495e-01  1.956715e-07 -1.717855e-07 -8.194875e-01  1.679935e-07 -1.116678e-07
  -7.640367e-01  1.378703e-07 -6.390730e-08 -7.099085e-01  1.084368e-07 -2.641697e-08 -6.560839e-01  8.186376e-08  3.970617e-09 -6.015654e-01  5.871283e-08  2.878983e-08 -5.463609e-01  3.985660e-08  4.722341e-08 -4.891294e-01  2.757041e-08
   5.841723e-08 -4.307058e-01  2.240962e-08  6.275183e-08 -3.697828e-01  2.044915e-08  6.143442e-08 -3.068510e-01  1.674495e-08  5.640140e-08 -2.442060e-01  1.052483e-08  4.850575e-08 -1.831555e-01  4.098378e-09  3.697284e-08 -1.228390e-01
  -2.565627e-11  2.092952e-08 -6.200051e-02]
 [ 4.322653e-06 -2.261094e-06 -1.286384e+01 -7.711399e-01  8.496813e+00 -1.752623e-06 -4.996174e-02  3.697842e-01 -6.291074e-08 -7.829541e-02  3.398973e-01 -4.194135e-08 -9.933080e-02  3.093452e-01 -2.288173e-08 -1.112370e-01  2.803262e-01
  -5.904348e-09 -1.136039e-01  2.546713e-01  8.889607e-09 -1.086627e-01  2.324114e-01  2.145362e-08 -1.010680e-01  2.115859e-01  3.177754e-08 -9.354177e-02  1.908415e-01  3.985660e-08 -8.318488e-02  1.717601e-01  4.564730e-08 -6.385719e-02
   1.561773e-01  4.899072e-08 -3.762715e-02  1.412290e-01  4.959434e-08 -1.337339e-02  1.219568e-01  4.724963e-08 -1.152298e-05  9.843177e-02  4.216964e-08  3.125074e-03  7.378150e-02  3.476473e-08  1.685271e-03  4.922296e-02  2.523182e-08
  -7.912410e-05  2.466081e-02  1.363114e-08]
 [-1.178189e-05  1.205628e-05  2.670432e+01  1.596117e+00 -1.764051e+01  8.668419e-06  1.035143e-01 -7.677301e-01  3.506692e-07  1.623407e-01 -7.057036e-01  2.933040e-07  2.060159e-01 -6.422929e-01  2.404428e-07  2.307372e-01 -5.820594e-01
   1.924100e-07  2.356519e-01 -5.288036e-01  1.492557e-07  2.253917e-01 -4.825899e-01  1.108097e-07  2.096215e-01 -4.393512e-01  7.683350e-08  1.939931e-01 -3.962799e-01  4.722341e-08  1.717601e-01 -3.570935e-01  2.205980e-08  1.323537e-01
  -3.242819e-01  1.540257e-09  7.789290e-02 -2.932093e-01 -1.398589e-08  2.754250e-02 -2.531574e-01 -2.402872e-08 -1.918053e-04 -2.042915e-01 -2.849633e-08 -6.701088e-03 -1.531103e-01 -2.787179e-08 -3.713638e-03 -1.021350e-01 -2.268987e-08
  -5.373350e-05 -5.116146e-02 -1.331606e-08]
 [ 1.056737e+01 -2.770312e+01  1.551737e-05  5.166400e-06 -8.633618e-06 -1.893191e+01  2.137707e-07 -3.406106e-07 -8.282711e-01  2.036605e-07 -2.621083e-07 -7.761985e-01  1.865332e-07 -1.931932e-07 -7.261597e-01  1.635172e-07 -1.355011e-07
  -6.780270e-01  1.370352e-07 -8.924170e-08 -6.311968e-01  1.101888e-07 -5.255871e-08 -5.846643e-01  8.551697e-08 -2.238896e-08 -5.374509e-01  6.386744e-08  2.794751e-09 -4.891294e-01  4.564730e-08  2.205980e-08 -4.400992e-01  3.234080e-08
   3.440652e-08 -3.885480e-01  2.463343e-08  4.047973e-08 -3.348149e-01  2.008696e-08  4.188603e-08 -2.786759e-01  1.522395e-08  4.030481e-08 -2.221434e-01  9.224977e-09  3.610694e-08 -1.666084e-01  3.537382e-09  2.843272e-08 -1.115994e-01
  -2.475125e-11  1.650233e-08 -5.621321e-02]
 [ 3.410646e-06 -1.916731e-06 -9.913423e+00 -5.947771e-01  6.547774e+00 -1.470622e-06 -3.852422e-02  2.849603e-01 -5.373027e-08 -6.035837e-02  2.619265e-01 -3.724355e-08 -7.656823e-02  2.383804e-01 -2.224352e-08 -8.574302e-02  2.160163e-01
  -8.861876e-09 -8.756694e-02  1.962454e-01  2.827879e-09 -8.375934e-02  1.790914e-01  1.279706e-08 -7.790708e-02  1.630431e-01  2.104477e-08 -7.210758e-02  1.470574e-01  2.757041e-08 -6.385719e-02  1.323537e-01  3.234080e-08 -4.958347e-02
   1.203477e-01  3.523724e-08 -2.902080e-02  1.088323e-01  3.604206e-08 -1.033030e-02  9.398527e-02  3.459484e-08 -3.286139e-05  7.585914e-02  3.104710e-08  2.384493e-03  5.686362e-02  2.570447e-08  1.274804e-03  3.793706e-02  1.871948e-08
  -8.511790e-05  1.900670e-02  1.014271e-08]
 [-1.153864e-05  1.168203e-05  2.427975e+01  1.451456e+00 -1.603907e+01  8.406873e-06  9.412749e-02 -6.980338e-01  3.418202e-07  1.476135e-01 -6.416380e-01  2.883546e-07  1.873237e-01 -5.839836e-01  2.391240e-07  2.098008e-01 -5.292184e-01
   1.944031e-07  2.142693e-01 -4.807977e-01  1.541950e-07  2.049405e-01 -4.387802e-01  1.182851e-07  1.906019e-01 -3.994677e-01  8.639944e-08  1.763922e-01 -3.603075e-01  5.841723e-08  1.561773e-01 -3.242819e-01  3.440652e-08  1.203477e-01
  -2.952861e-01  1.450911e-08  7.082959e-02 -2.665990e-01 -1.047750e-09  2.504823e-02 -2.301852e-01 -1.188115e-08 -1.697642e-04 -1.857567e-01 -1.785746e-08 -6.088623e-03 -1.392226e-01 -1.930453e-08 -3.372016e-03 -9.287539e-02 -1.663173e-08
  -4.345052e-05 -4.652953e-02 -1.013186e-08]
 [ 1.089036e+01 -2.388981e+01  1.547476e-05  4.580571e-06 -8.556163e-06 -1.643251e+01  1.917877e-07 -3.418776e-07 -7.189222e-01  1.864801e-07 -2.693244e-07 -6.741663e-01  1.741100e-07 -2.051011e-07 -6.314442e-01  1.554572e-07 -1.508759e-07
  -5.905919e-01  1.326105e-07 -1.070332e-07 -5.510029e-01  1.085626e-07 -7.195119e-08 -5.117011e-01  8.607866e-08 -4.273434e-08 -4.717416e-01  6.621189e-08 -1.790396e-08 -4.307058e-01  4.899072e-08  1.540257e-09 -3.885480e-01  3.523724e-08
   1.450911e-08 -3.451946e-01  2.572814e-08  2.183518e-08 -2.982841e-01  1.926791e-08  2.539068e-08 -2.490938e-01  1.362515e-08  2.660045e-08 -1.989140e-01  7.960538e-09  2.544114e-08 -1.491866e-01  3.003898e-09  2.100702e-08 -9.979234e-02
  -2.331987e-11  1.261266e-08 -5.015528e-02]
 [ 1.828214e-06 -7.926592e-07 -5.835952e+00 -3.509801e-01  3.854173e+00 -6.334377e-07 -2.271473e-02  1.677326e-01 -2.146668e-08 -3.556644e-02  1.541699e-01 -1.238725e-08 -4.510736e-02  1.403063e-01 -4.150435e-09 -5.050735e-02  1.271394e-01
   3.163155e-09 -5.158082e-02  1.155001e-01  9.500520e-09 -4.933990e-02  1.054023e-01  1.482951e-08 -4.589569e-02  9.595601e-02  1.913486e-08 -4.248259e-02  8.654665e-02  2.240962e-08 -3.762715e-02  7.789290e-02  2.463343e-08 -2.902080e-02
   7.082959e-02  2.572814e-08 -1.747449e-02  6.405802e-02  2.554791e-08 -6.122898e-03  5.532599e-02  2.399458e-08 -6.086309e-05  4.466096e-02  2.118141e-08  1.362379e-03  3.348021e-02  1.731202e-08  7.089889e-04  2.233709e-02  1.247867e-08
  -9.174760e-05  1.118996e-02  6.705982e-09]
 [-1.114857e-05  1.096555e-05  2.195289e+01  1.312777e+00 -1.450211e+01  7.910541e-06  8.512546e-02 -6.311433e-01  3.225947e-07  1.334860e-01 -5.801506e-01  2.735414e-07  1.693909e-01 -5.280203e-01  2.284354e-07  1.897139e-01 -4.785027e-01
   1.875061e-07  1.937543e-01 -4.347222e-01  1.507204e-07  1.853194e-01 -3.967319e-01  1.178350e-07  1.723549e-01 -3.611877e-01  8.855586e-08  1.595069e-01 -3.257811e-01  6.275183e-08  1.412290e-01 -2.932093e-01  4.047973e-08  1.088323e-01
  -2.665990e-01  2.183518e-08  6.405802e-02 -2.414976e-01  6.943217e-09  2.266167e-02 -2.081390e-01 -3.916203e-09 -1.415380e-04 -1.679701e-01 -1.059528e-08 -5.493828e-03 -1.258962e-01 -1.329356e-08 -3.037106e-03 -8.399032e-02 -1.229726e-08
  -2.644531e-05 -4.208514e-02 -7.820054e-09]
 [ 1.073716e+01 -2.006903e+01  1.484478e-05  3.958502e-06 -8.163573e-06 -1.389971e+01  1.676682e-07 -3.294916e-07 -6.081124e-01  1.662008e-07 -2.642614e-07 -5.706474e-01  1.579114e-07 -2.060861e-07 -5.351414e-01  1.432857e-07 -1.565926e-07
  -5.014081e-01  1.240792e-07 -1.162823e-07 -4.688610e-01  1.030857e-07 -8.377388e-08 -4.365827e-01  8.313297e-08 -5.641181e-08 -4.036887e-01  6.538854e-08 -3.281204e-08 -3.697828e-01  4.959434e-08 -1.398589e-08 -3.348149e-01  3.604206e-08
  -1.047750e-09 -2.982841e-01  2.554791e-08  6.943217e-09 -2.595596e-01  1.789972e-08  1.198496e-08 -2.171029e-01  1.189091e-08  1.525377e-08 -1.736715e-01  6.699245e-09  1.642961e-08 -1.302558e-01  2.485893e-09  1.460713e-08 -8.701224e-02
  -2.099747e-11  9.198695e-09 -4.363844e-02]
 [ 2.448141e-07  3.867309e-07 -2.066321e+00 -1.255000e-01  1.363896e+00  2.403966e-07 -8.094843e-03  5.935393e-02  1.272958e-08 -1.264217e-02  5.454760e-02  1.470285e-08 -1.601758e-02  4.963572e-02  1.644978e-08 -1.792773e-02  4.497181e-02
   1.793434e-08 -1.830740e-02  4.085031e-02  1.911618e-08 -1.751490e-02  3.727598e-02  1.995073e-08 -1.629697e-02  3.393301e-02  2.040068e-08 -1.509013e-02  3.060336e-02  2.044915e-08 -1.337339e-02  2.754250e-02  2.008696e-08 -1.033030e-02
   2.504823e-02  1.926791e-08 -6.122898e-03  2.266167e-02  1.789972e-08 -2.580268e-03  1.958234e-02  1.593461e-08 -8.431494e-05  1.581474e-02  1.346040e-08  4.197200e-04  1.185866e-02  1.060256e-08  1.882823e-04  7.911409e-03  7.406059e-09
  -9.524499e-05  3.960079e-03  3.874609e-09]
 [-1.025233e-05  9.728665e-06  1.895382e+01  1.133920e+00 -1.252107e+01  7.040196e-06  7.351767e-02 -5.449258e-01  2.877255e-07  1.152719e-01 -5.008976e-01  2.449256e-07  1.462718e-01 -4.558876e-01  2.056361e-07  1.638186e-01 -4.131338e-01
   1.700378e-07  1.673069e-01 -3.753342e-01  1.380709e-07  1.600244e-01 -3.425343e-01  1.094832e-07  1.488309e-01 -3.118467e-01  8.398175e-08  1.377380e-01 -2.812781e-01  6.143442e-08  1.219568e-01 -2.531574e-01  4.188603e-08  9.398527e-02
  -2.301852e-01  2.539068e-08  5.532599e-02 -2.081390e-01  1.198496e-08  1.958234e-02 -1.801566e-01  1.847511e-09 -1.077715e-04 -1.450400e-01 -4.877228e-09 -4.729590e-03 -1.087145e-01 -8.276515e-09 -2.607986e-03 -7.253316e-02 -8.516741e-09
  -7.440701e-06 -3.635175e-02 -5.730699e-09]
 [ 9.860849e+00 -1.635040e+01  1.353128e-05  3.311216e-06 -7.430123e-06 -1.139116e+01  1.417577e-07 -3.022261e-07 -4.983631e-01  1.429762e-07 -2.457470e-07 -4.679333e-01  1.379316e-07 -1.950482e-07 -4.392749e-01  1.268809e-07 -1.516381e-07
  -4.122023e-01  1.112498e-07 -1.160706e-07 -3.861838e-01  9.353561e-08 -8.720758e-08 -3.604034e-01  7.644841e-08 -6.270703e-08 -3.340771e-01  6.116781e-08 -4.132678e-08 -3.068510e-01  4.724963e-08 -2.402872e-08 -2.786759e-01  3.459484e-08
  -1.188115e-08 -2.490938e-01  2.399458e-08 -3.916203e-09 -2.171029e-01  1.593461e-08  1.847511e-09 -1.828192e-01  1.000006e-08  6.353127e-09 -1.461029e-01  5.431423e-09  9.094256e-09 -1.095816e-01  1.979957e-09  9.218330e-09 -7.312503e-02
  -1.762372e-11  6.239374e-09 -3.661401e-02]
 [-5.710200e-07  8.875926e-07  1.000199e-02 -1.242695e-03 -7.787227e-03  6.201048e-07 -3.938950e-05 -3.426350e-04  2.711975e-08 -1.254647e-05 -3.256726e-04  2.545838e-08  8.095486e-06 -3.067235e-04  2.389929e-08  2.019320e-05 -2.870185e-04
   2.243164e-08  2.267422e-05 -2.676842e-04  2.102528e-08  1.736309e-05 -2.489561e-04  1.963418e-08  9.032358e-06 -2.302882e-04  1.821409e-08  6.170688e-07 -2.113365e-04  1.674495e-08 -1.152298e-05 -1.918053e-04  1.522395e-08 -3.286139e-05
  -1.697642e-04  1.362515e-08 -6.086309e-05 -1.415380e-04  1.189091e-08 -8.431494e-05 -1.077715e-04  1.000006e-08 -4.456939e-04 -7.648809e-05  8.015553e-09 -9.807401e-05 -5.325574e-05  6.012433e-09 -9.702078e-05 -3.696096e-05  4.012225e-09
  -9.548127e-05 -2.471149e-05  2.012006e-09]
 [-8.837796e-06  8.104041e-06  1.529457e+01  9.154433e-01 -1.010398e+01  5.882711e-06  5.934393e-02 -4.397315e-01  2.410004e-07  9.303776e-02 -4.042018e-01  2.060248e-07  1.180533e-01 -3.678801e-01  1.739742e-07  1.322127e-01 -3.333795e-01
   1.449792e-07  1.350277e-01 -3.028773e-01  1.189633e-07  1.291510e-01 -2.764103e-01  9.568500e-08  1.201183e-01 -2.516481e-01  7.487227e-08  1.111667e-01 -2.269818e-01  5.640140e-08  9.843177e-02 -2.042915e-01  4.030481e-08  7.585914e-02
  -1.857567e-01  2.660045e-08  4.466096e-02 -1.679701e-01  1.525377e-08  1.581474e-02 -1.450400e-01  6.353127e-09 -7.648809e-05 -1.174952e-01  3.157950e-11 -3.806838e-03 -8.774567e-02 -3.704729e-09 -2.094263e-03 -5.854924e-02 -4.918792e-09
   5.578814e-06 -2.935227e-02 -3.672588e-09]
 [ 8.253086e+00 -1.288237e+01  1.159073e-05  2.664793e-06 -6.394380e-06 -9.004399e+00  1.151229e-07 -2.615785e-07 -3.939425e-01  1.178037e-07 -2.149197e-07 -3.700076e-01  1.150702e-07 -1.728137e-07 -3.475446e-01  1.070211e-07 -1.365806e-07
  -3.263925e-01  9.476833e-08 -1.067636e-07 -3.061090e-01  8.042836e-08 -8.246093e-08 -2.860216e-01  6.642339e-08 -6.170326e-08 -2.654847e-01  5.384671e-08 -4.342992e-08 -2.442060e-01  4.216964e-08 -2.849633e-08 -2.221434e-01  3.104710e-08
  -1.785746e-08 -1.989140e-01  2.118141e-08 -1.059528e-08 -1.736715e-01  1.346040e-08 -4.877228e-09 -1.461029e-01  8.015553e-09  3.157950e-11 -1.175677e-01  4.193720e-09  3.551160e-09 -8.785543e-02  1.499729e-09  4.930862e-09 -5.859883e-02
  -1.345072e-11  3.786848e-09 -2.932182e-02]
 [-5.927638e-07  7.193782e-07  4.972710e-01  2.793601e-02 -3.297082e-01  5.102737e-07  1.851878e-03 -1.435282e-02  2.179312e-08  2.952235e-03 -1.320386e-02  1.981076e-08  3.769895e-03 -1.202769e-02  1.797724e-08  4.233125e-03 -1.090880e-02
   1.629082e-08  4.325293e-03 -9.917692e-03  1.473291e-08  4.132743e-03 -9.055769e-03  1.327121e-08  3.836615e-03 -8.248230e-03  1.187342e-08  3.542983e-03 -7.443467e-03  1.052483e-08  3.125074e-03 -6.701088e-03  9.224977e-09  2.384493e-03
  -6.088623e-03  7.960538e-09  1.362379e-03 -5.493828e-03  6.699245e-09  4.197200e-04 -4.729590e-03  5.431423e-09 -9.807401e-05 -3.806838e-03  4.193720e-09 -5.693424e-04 -2.849759e-03  3.026703e-09 -1.636985e-04 -1.903295e-03  1.941445e-09
  -9.518761e-05 -9.608553e-04  9.358529e-10]
 [-7.091877e-06  6.319656e-06  1.146159e+01  6.863969e-01 -7.572224e+00  4.599858e-06  4.448881e-02 -3.295473e-01  1.889765e-07  6.973997e-02 -3.029203e-01  1.623326e-07  8.848739e-02 -2.756999e-01  1.379578e-07  9.909889e-02 -2.498447e-01
   1.159375e-07  1.012085e-01 -2.269865e-01  9.619078e-08  9.680429e-02 -2.071528e-01  7.850476e-08  9.003475e-02 -1.885969e-01  6.264542e-08  8.332594e-02 -1.701131e-01  4.850575e-08  7.378150e-02 -1.531103e-01  3.610694e-08  5.686362e-02
  -1.392226e-01  2.544114e-08  3.348021e-02 -1.258962e-01  1.642961e-08  1.185866e-02 -1.087145e-01  9.094256e-09 -5.325574e-05 -8.774567e-02  3.551160e-09 -2.849759e-03 -6.621724e-02 -1.316212e-10 -1.565670e-03 -4.390014e-02 -1.944994e-09
   9.632212e-06 -2.201991e-02 -1.900670e-09]
 [ 6.186568e+00 -9.661353e+00  9.177962e-06  2.027933e-06 -5.116905e-06 -6.753370e+00  8.823878e-08 -2.101586e-07 -2.954599e-01  9.132014e-08 -1.740363e-07 -2.775093e-01  9.006504e-08 -1.413033e-07 -2.606621e-01  8.447820e-08 -1.130329e-07
  -2.447976e-01  7.537796e-08 -8.970175e-08 -2.295844e-01  6.443605e-08 -7.063467e-08 -2.145181e-01  5.364500e-08 -5.428047e-08 -1.991149e-01  4.392772e-08 -3.979235e-08 -1.831555e-01  3.476473e-08 -2.787179e-08 -1.666084e-01  2.570447e-08
  -1.930453e-08 -1.491866e-01  1.731202e-08 -1.329356e-08 -1.302558e-01  1.060256e-08 -8.276515e-09 -1.095816e-01  6.012433e-09 -3.704729e-09 -8.785543e-02  3.026703e-09 -1.316212e-10 -6.634089e-02  1.060048e-09  1.833664e-09 -4.396519e-02
  -8.918459e-12  1.906786e-09 -2.201153e-02]
 [-2.716163e-07  3.063985e-07  2.736915e-01  1.453531e-02 -1.819798e-01  2.181521e-07  9.835149e-04 -7.923615e-03  9.252140e-09  1.591239e-03 -7.294115e-03  8.328060e-09  2.043149e-03 -6.648970e-03  7.475902e-09  2.299353e-03 -6.034462e-03
   6.695799e-09  2.350364e-03 -5.489251e-03  5.980525e-09  2.243740e-03 -5.014206e-03  5.316910e-09  2.079688e-03 -4.568609e-03  4.691566e-09  1.916953e-03 -4.124384e-03  4.098378e-09  1.685271e-03 -3.713638e-03  3.537382e-09  1.274804e-03
  -3.372016e-03  3.003898e-09  7.089889e-04 -3.037106e-03  2.485893e-09  1.882823e-04 -2.607986e-03  1.979957e-09 -9.702078e-05 -2.094263e-03  1.499729e-09 -1.636985e-04 -1.565670e-03  1.060048e-09 -4.831305e-04 -1.046008e-03  6.650613e-10
  -9.541562e-05 -5.303831e-04  3.140932e-10]
 [-5.052168e-06  4.404888e-06  7.643702e+00  4.581222e-01 -5.050526e+00  3.213301e-06  2.968667e-02 -2.198011e-01  1.323994e-07  4.652875e-02 -2.020420e-01  1.142919e-07  5.903302e-02 -1.838875e-01  9.775104e-08  6.611080e-02 -1.666438e-01
   8.282522e-08  6.751791e-02 -1.513996e-01  6.944430e-08  6.458025e-02 -1.381730e-01  5.744399e-08  6.006481e-02 -1.257989e-01  4.664728e-08  5.558974e-02 -1.134729e-01  3.697284e-08  4.922296e-02 -1.021350e-01  2.843272e-08  3.793706e-02
  -9.287539e-02  2.100702e-08  2.233709e-02 -8.399032e-02  1.460713e-08  7.911409e-03 -7.253316e-02  9.218330e-09 -3.696096e-05 -5.854924e-02  4.930862e-09 -1.903295e-03 -4.390014e-02  1.833664e-09 -1.046008e-03 -2.974627e-02 -3.016495e-11
   6.842287e-06 -1.471695e-02 -6.461647e-10]
 [ 3.984425e+00 -6.530043e+00  6.404539e-06  1.383240e-06 -3.621963e-06 -4.553488e+00  6.051902e-08 -1.491795e-07 -1.992151e-01  6.317780e-08 -1.242933e-07 -1.870659e-01  6.277145e-08 -1.016689e-07 -1.756314e-01  5.926291e-08 -8.207743e-08
  -1.648361e-01  5.319161e-08 -6.588032e-08 -1.544655e-01  4.572746e-08 -5.262449e-08 -1.441907e-01  3.831035e-08 -4.122325e-08 -1.336961e-01  3.162009e-08 -3.107639e-08 -1.228390e-01  2.523182e-08 -2.268987e-08 -1.115994e-01  1.871948e-08
  -1.663173e-08 -9.979234e-02  1.247867e-08 -1.229726e-08 -8.701224e-02  7.406059e-09 -8.516741e-09 -7.312503e-02  4.012225e-09 -4.918792e-09 -5.859883e-02  1.941445e-09 -1.944994e-09 -4.396519e-02  6.650613e-10 -3.016495e-11 -2.979175e-02
  -4.370507e-12  6.379652e-10 -1.472373e-02]
 [-6.462349e-23  6.462349e-23  5.744775e-17 -1.906333e-03 -1.071500e-03 -6.923309e-10 -8.124406e-05 -5.046797e-05 -2.916437e-11 -7.680509e-05 -5.700729e-05 -2.806220e-11 -7.280642e-05 -6.205015e-05 -2.740380e-11 -7.013784e-05 -6.506593e-05
  -2.707204e-11 -6.953408e-05 -6.571464e-05 -2.689536e-11 -7.091778e-05 -6.421257e-05 -2.667748e-11 -7.319476e-05 -6.160240e-05 -2.627947e-11 -7.558914e-05 -5.863832e-05 -2.565627e-11 -7.912410e-05 -5.373350e-05 -2.475125e-11 -8.511790e-05
  -4.345052e-05 -2.331987e-11 -9.174760e-05 -2.644531e-05 -2.099747e-11 -9.524499e-05 -7.440701e-06 -1.762372e-11 -9.548127e-05  5.578814e-06 -1.345072e-11 -9.518761e-05  9.632212e-06 -8.918459e-12 -9.541562e-05  6.842287e-06 -4.370507e-12
  -4.456443e-04 -9.945120e-20 -2.995456e-14]
 [-2.686305e-06  2.307317e-06  3.825773e+00  2.297644e-01 -2.528847e+00  1.686475e-06  1.488093e-02 -1.100558e-01  6.968567e-08  2.331404e-02 -1.011652e-01  6.043681e-08  2.957526e-02 -9.207677e-02  5.199821e-08  3.311939e-02 -8.344487e-02
   4.439007e-08  3.382401e-02 -7.581463e-02  3.756932e-08  3.235288e-02 -6.919521e-02  3.144273e-08  3.009145e-02 -6.300287e-02  2.591133e-08  2.785005e-02 -5.683463e-02  2.092952e-08  2.466081e-02 -5.116146e-02  1.650233e-08  1.900670e-02
  -4.652953e-02  1.261266e-08  1.118996e-02 -4.208514e-02  9.198695e-09  3.960079e-03 -3.635175e-02  6.239374e-09 -2.471149e-05 -2.935227e-02  3.786848e-09 -9.608553e-04 -2.201991e-02  1.906786e-09 -5.303831e-04 -1.471695e-02  6.379652e-10
  -9.945120e-20 -7.851415e-03 -2.321941e-12]
 [ 1.875125e+00 -3.336082e+00  3.329821e-06  7.109493e-07 -1.913819e-06 -2.317775e+00  3.123921e-08 -7.898819e-08 -1.014026e-01  3.283317e-08 -6.613428e-08 -9.518239e-02  3.281178e-08 -5.441804e-08 -8.930200e-02  3.113847e-08 -4.425274e-08
  -8.372776e-02  2.808109e-08 -3.583993e-08 -7.835783e-02  2.425161e-08 -2.895045e-08 -7.303412e-02  2.042325e-08 -2.301389e-08 -6.760448e-02  1.696656e-08 -1.771190e-08 -6.200051e-02  1.363114e-08 -1.331606e-08 -5.621321e-02  1.014271e-08
  -1.013186e-08 -5.015528e-02  6.705982e-09 -7.820054e-09 -4.363844e-02  3.874609e-09 -5.730699e-09 -3.661401e-02  2.012006e-09 -3.672588e-09 -2.932182e-02  9.358529e-10 -1.900670e-09 -2.201153e-02  3.140932e-10 -6.461647e-10 -1.472373e-02
  -2.995456e-14 -2.321941e-12 -7.855972e-03]]

=== A ===
[[ 3.000067e+04 -1.656941e-18 -3.089269e-23  3.426913e-23  9.663417e-08 -3.423031e-02  0.000000e+00  0.000000e+00 -1.497608e-03  0.000000e+00  0.000000e+00 -1.553524e-03  0.000000e+00  0.000000e+00 -1.713542e-03  0.000000e+00  0.000000e+00
  -1.956181e-03  0.000000e+00  0.000000e+00 -2.248825e-03  0.000000e+00  0.000000e+00 -2.550662e-03  0.000000e+00  0.000000e+00 -2.824902e-03  0.000000e+00  0.000000e+00 -3.053748e-03  0.000000e+00  0.000000e+00 -3.233208e-03  0.000000e+00
   0.000000e+00 -3.335332e-03  0.000000e+00  0.000000e+00 -3.287035e-03  0.000000e+00  0.000000e+00 -3.013398e-03  0.000000e+00  0.000000e+00 -2.514770e-03  0.000000e+00  0.000000e+00 -1.878549e-03  0.000000e+00  0.000000e+00 -1.205127e-03
   0.000000e+00  0.000000e+00 -5.648023e-04]
 [-1.656941e-18  3.000067e+04  2.446935e-22 -9.663417e-08 -1.461933e-22  4.201311e-01  0.000000e+00  0.000000e+00  1.837943e-02  0.000000e+00  0.000000e+00  1.710440e-02  0.000000e+00  0.000000e+00  1.584603e-02  0.000000e+00  0.000000e+00
   1.460947e-02  0.000000e+00  0.000000e+00  1.339172e-02  0.000000e+00  0.000000e+00  1.218494e-02  0.000000e+00  0.000000e+00  1.097971e-02  0.000000e+00  0.000000e+00  9.773703e-03  0.000000e+00  0.000000e+00  8.567316e-03  0.000000e+00
   0.000000e+00  7.360757e-03  0.000000e+00  0.000000e+00  6.159693e-03  0.000000e+00  0.000000e+00  4.999021e-03  0.000000e+00  0.000000e+00  3.923691e-03  0.000000e+00  0.000000e+00  2.932077e-03  0.000000e+00  0.000000e+00  1.974476e-03
   0.000000e+00  0.000000e+00  1.004804e-03]
 [-3.089269e-23  2.446935e-22  3.000067e+04  3.423031e-02 -4.201311e-01  1.442786e-22  0.000000e+00  0.000000e+00 -6.750674e-10  0.000000e+00  0.000000e+00 -1.504626e-09  0.000000e+00  0.000000e+00 -2.271294e-09  0.000000e+00  0.000000e+00
  -2.961818e-09  0.000000e+00  0.000000e+00 -3.561184e-09  0.000000e+00  0.000000e+00 -4.053406e-09  0.000000e+00  0.000000e+00 -4.425053e-09  0.000000e+00  0.000000e+00 -4.670705e-09  0.000000e+00  0.000000e+00 -4.787877e-09  0.000000e+00
   0.000000e+00 -4.760789e-09  0.000000e+00  0.000000e+00 -4.552788e-09  0.000000e+00  0.000000e+00 -4.136396e-09  0.000000e+00  0.000000e+00 -3.530820e-09  0.000000e+00  0.000000e+00 -2.785953e-09  0.000000e+00  0.000000e+00 -1.936746e-09
   0.000000e+00  0.000000e+00 -1.002925e-09]
 [ 3.426913e-23 -9.663417e-08  3.423031e-02  3.000007e+04 -2.323369e-02 -6.297030e-08  0.000000e+00  0.000000e+00 -2.887877e-09  0.000000e+00  0.000000e+00 -2.853831e-09  0.000000e+00  0.000000e+00 -2.792512e-09  0.000000e+00  0.000000e+00
  -2.710631e-09  0.000000e+00  0.000000e+00 -2.608059e-09  0.000000e+00  0.000000e+00 -2.491646e-09  0.000000e+00  0.000000e+00 -2.355653e-09  0.000000e+00  0.000000e+00 -2.205690e-09  0.000000e+00  0.000000e+00 -2.033463e-09  0.000000e+00
   0.000000e+00 -1.847781e-09  0.000000e+00  0.000000e+00 -1.637434e-09  0.000000e+00  0.000000e+00 -1.413837e-09  0.000000e+00  0.000000e+00 -1.166438e-09  0.000000e+00  0.000000e+00 -9.090541e-10  0.000000e+00  0.000000e+00 -6.186732e-10
   0.000000e+00  0.000000e+00 -3.077070e-10]
 [ 9.663417e-08 -1.461933e-22 -4.201311e-01 -2.323369e-02  3.000034e+04 -5.400931e-09  0.000000e+00  0.000000e+00  3.024160e-10  0.000000e+00  0.000000e+00  9.603379e-10  0.000000e+00  0.000000e+00  1.552123e-09  0.000000e+00  0.000000e+00
   2.070862e-09  0.000000e+00  0.000000e+00  2.502943e-09  0.000000e+00  0.000000e+00  2.847137e-09  0.000000e+00  0.000000e+00  3.090729e-09  0.000000e+00  0.000000e+00  3.241909e-09  0.000000e+00  0.000000e+00  3.288608e-09  0.000000e+00
   0.000000e+00  3.235441e-09  0.000000e+00  0.000000e+00  3.053721e-09  0.000000e+00  0.000000e+00  2.752707e-09  0.000000e+00  0.000000e+00  2.335423e-09  0.000000e+00  0.000000e+00  1.846019e-09  0.000000e+00  0.000000e+00  1.279856e-09
   0.000000e+00  0.000000e+00  6.573897e-10]
 [-3.423031e-02  4.201311e-01  1.442786e-22 -6.297030e-08 -5.400931e-09  3.000034e+04  0.000000e+00  0.000000e+00  1.495660e-02  0.000000e+00  0.000000e+00  1.397690e-02  0.000000e+00  0.000000e+00  1.299356e-02  0.000000e+00  0.000000e+00
   1.203880e-02  0.000000e+00  0.000000e+00  1.107992e-02  0.000000e+00  0.000000e+00  1.013983e-02  0.000000e+00  0.000000e+00  9.181167e-03  0.000000e+00  0.000000e+00  8.231460e-03  0.000000e+00  0.000000e+00  7.261280e-03  0.000000e+00
   0.000000e+00  6.299186e-03  0.000000e+00  0.000000e+00  5.315204e-03  0.000000e+00  0.000000e+00  4.357812e-03  0.000000e+00  0.000000e+00  3.426908e-03  0.000000e+00  0.000000e+00  2.556584e-03  0.000000e+00  0.000000e+00  1.690505e-03
   0.000000e+00  0.000000e+00  8.326563e-04]
 [ 0.000000e+00  0.000000e+00  0.000000e+00  0.000000e+00  0.000000e+00  0.000000e+00  1.000000e+00  0.000000e+00  0.000000e+00  0.000000e+00  0.000000e+00  0.000000e+00  0.000000e+00  0.000000e+00  0.000000e+00  0.000000e+00  0.000000e+00
   0.000000e+00  0.000000e+00  0.000000e+00  0.000000e+00  0.000000e+00  0.000000e+00  0.000000e+00  0.000000e+00  0.000000e+00  0.000000e+00  0.000000e+00  0.000000e+00  0.000000e+00  0.000000e+00  0.000000e+00  0.000000e+00  0.000000e+00
   0.000000e+00  0.000000e+00  0.000000e+00  0.000000e+00  0.000000e+00  0.000000e+00  0.000000e+00  0.000000e+00  0.000000e+00  0.000000e+00  0.000000e+00  0.000000e+00  0.000000e+00  0.000000e+00  0.000000e+00  0.000000e+00  0.000000e+00
   0.000000e+00  0.000000e+00  0.000000e+00]
 [ 0.000000e+00  0.000000e+00  0.000000e+00  0.000000e+00  0.000000e+00  0.000000e+00  0.000000e+00  1.000000e+00  0.000000e+00  0.000000e+00  0.000000e+00  0.000000e+00  0.000000e+00  0.000000e+00  0.000000e+00  0.000000e+00  0.000000e+00
   0.000000e+00  0.000000e+00  0.000000e+00  0.000000e+00  0.000000e+00  0.000000e+00  0.000000e+00  0.000000e+00  0.000000e+00  0.000000e+00  0.000000e+00  0.000000e+00  0.000000e+00  0.000000e+00  0.000000e+00  0.000000e+00  0.000000e+00
   0.000000e+00  0.000000e+00  0.000000e+00  0.000000e+00  0.000000e+00  0.000000e+00  0.000000e+00  0.000000e+00  0.000000e+00  0.000000e+00  0.000000e+00  0.000000e+00  0.000000e+00  0.000000e+00  0.000000e+00  0.000000e+00  0.000000e+00
   0.000000e+00  0.000000e+00  0.000000e+00]
 [-1.497608e-03  1.837943e-02 -6.750674e-10 -2.887877e-09  3.024160e-10  1.495660e-02  0.000000e+00  0.000000e+00  6.532608e-04  0.000000e+00  0.000000e+00  6.114894e-04  0.000000e+00  0.000000e+00  5.684682e-04  0.000000e+00  0.000000e+00
   5.266976e-04  0.000000e+00  0.000000e+00  4.847466e-04  0.000000e+00  0.000000e+00  4.436174e-04  0.000000e+00  0.000000e+00  4.016760e-04  0.000000e+00  0.000000e+00  3.601264e-04  0.000000e+00  0.000000e+00  3.176810e-04  0.000000e+00
   0.000000e+00  2.755894e-04  0.000000e+00  0.000000e+00  2.325402e-04  0.000000e+00  0.000000e+00  1.906543e-04  0.000000e+00  0.000000e+00  1.499272e-04  0.000000e+00  0.000000e+00  1.118506e-04  0.000000e+00  0.000000e+00  7.395958e-05
   0.000000e+00  0.000000e+00  3.642871e-05]
 [ 0.000000e+00  0.000000e+00  0.000000e+00  0.000000e+00  0.000000e+00  0.000000e+00  0.000000e+00  0.000000e+00  0.000000e+00  1.000000e+00  0.000000e+00  0.000000e+00  0.000000e+00  0.000000e+00  0.000000e+00  0.000000e+00  0.000000e+00
   0.000000e+00  0.000000e+00  0.000000e+00  0.000000e+00  0.000000e+00  0.000000e+00  0.000000e+00  0.000000e+00  0.000000e+00  0.000000e+00  0.000000e+00  0.000000e+00  0.000000e+00  0.000000e+00  0.000000e+00  0.000000e+00  0.000000e+00
   0.000000e+00  0.000000e+00  0.000000e+00  0.000000e+00  0.000000e+00  0.000000e+00  0.000000e+00  0.000000e+00  0.000000e+00  0.000000e+00  0.000000e+00  0.000000e+00  0.000000e+00  0.000000e+00  0.000000e+00  0.000000e+00  0.000000e+00
   0.000000e+00  0.000000e+00  0.000000e+00]
 [ 0.000000e+00  0.000000e+00  0.000000e+00  0.000000e+00  0.000000e+00  0.000000e+00  0.000000e+00  0.000000e+00  0.000000e+00  0.000000e+00  1.000000e+00  0.000000e+00  0.000000e+00  0.000000e+00  0.000000e+00  0.000000e+00  0.000000e+00
   0.000000e+00  0.000000e+00  0.000000e+00  0.000000e+00  0.000000e+00  0.000000e+00  0.000000e+00  0.000000e+00  0.000000e+00  0.000000e+00  0.000000e+00  0.000000e+00  0.000000e+00  0.000000e+00  0.000000e+00  0.000000e+00  0.000000e+00
   0.000000e+00  0.000000e+00  0.000000e+00  0.000000e+00  0.000000e+00  0.000000e+00  0.000000e+00  0.000000e+00  0.000000e+00  0.000000e+00  0.000000e+00  0.000000e+00  0.000000e+00  0.000000e+00  0.000000e+00  0.000000e+00  0.000000e+00
   0.000000e+00  0.000000e+00  0.000000e+00]
 [-1.553524e-03  1.710440e-02 -1.504626e-09 -2.853831e-09  9.603379e-10  1.397690e-02  0.000000e+00  0.000000e+00  6.114894e-04  0.000000e+00  0.000000e+00  5.778322e-04  0.000000e+00  0.000000e+00  5.383202e-04  0.000000e+00  0.000000e+00
   4.989337e-04  0.000000e+00  0.000000e+00  4.593351e-04  0.000000e+00  0.000000e+00  4.205381e-04  0.000000e+00  0.000000e+00  3.809237e-04  0.000000e+00  0.000000e+00  3.416986e-04  0.000000e+00  0.000000e+00  3.015744e-04  0.000000e+00
   0.000000e+00  2.617978e-04  0.000000e+00  0.000000e+00  2.210405e-04  0.000000e+00  0.000000e+00  1.813505e-04  0.000000e+00  0.000000e+00  1.426373e-04  0.000000e+00  0.000000e+00  1.064029e-04  0.000000e+00  0.000000e+00  7.028608e-05
   0.000000e+00  0.000000e+00  3.455522e-05]
 [ 0.000000e+00  0.000000e+00  0.000000e+00  0.000000e+00  0.000000e+00  0.000000e+00  0.000000e+00  0.000000e+00  0.000000e+00  0.000000e+00  0.000000e+00  0.000000e+00  1.000000e+00  0.000000e+00  0.000000e+00  0.000000e+00  0.000000e+00
   0.000000e+00  0.000000e+00  0.000000e+00  0.000000e+00  0.000000e+00  0.000000e+00  0.000000e+00  0.000000e+00  0.000000e+00  0.000000e+00  0.000000e+00  0.000000e+00  0.000000e+00  0.000000e+00  0.000000e+00  0.000000e+00  0.000000e+00
   0.000000e+00  0.000000e+00  0.000000e+00  0.000000e+00  0.000000e+00  0.000000e+00  0.000000e+00  0.000000e+00  0.000000e+00  0.000000e+00  0.000000e+00  0.000000e+00  0.000000e+00  0.000000e+00  0.000000e+00  0.000000e+00  0.000000e+00
   0.000000e+00  0.000000e+00  0.000000e+00]
 [ 0.000000e+00  0.000000e+00  0.000000e+00  0.000000e+00  0.000000e+00  0.000000e+00  0.000000e+00  0.000000e+00  0.000000e+00  0.000000e+00  0.000000e+00  0.000000e+00  0.000000e+00  1.000000e+00  0.000000e+00  0.000000e+00  0.000000e+00
   0.000000e+00  0.000000e+00  0.000000e+00  0.000000e+00  0.000000e+00  0.000000e+00  0.000000e+00  0.000000e+00  0.000000e+00  0.000000e+00  0.000000e+00  0.000000e+00  0.000000e+00  0.000000e+00  0.000000e+00  0.000000e+00  0.000000e+00
   0.000000e+00  0.000000e+00  0.000000e+00  0.000000e+00  0.000000e+00  0.000000e+00  0.000000e+00  0.000000e+00  0.000000e+00  0.000000e+00  0.000000e+00  0.000000e+00  0.000000e+00  0.000000e+00  0.000000e+00  0.000000e+00  0.000000e+00
   0.000000e+00  0.000000e+00  0.000000e+00]
 [-1.713542e-03  1.584603e-02 -2.271294e-09 -2.792512e-09  1.552123e-09  1.299356e-02  0.000000e+00  0.000000e+00  5.684682e-04  0.000000e+00  0.000000e+00  5.383202e-04  0.000000e+00  0.000000e+00  5.075625e-04  0.000000e+00  0.000000e+00
   4.716726e-04  0.000000e+00  0.000000e+00  4.344562e-04  0.000000e+00  0.000000e+00  3.980229e-04  0.000000e+00  0.000000e+00  3.607626e-04  0.000000e+00  0.000000e+00  3.238821e-04  0.000000e+00  0.000000e+00  2.860913e-04  0.000000e+00
   0.000000e+00  2.486297e-04  0.000000e+00  0.000000e+00  2.101408e-04  0.000000e+00  0.000000e+00  1.725880e-04  0.000000e+00  0.000000e+00  1.357958e-04  0.000000e+00  0.000000e+00  1.012903e-04  0.000000e+00  0.000000e+00  6.682875e-05
   0.000000e+00  0.000000e+00  3.278410e-05]
 [ 0.000000e+00  0.000000e+00  0.000000e+00  0.000000e+00  0.000000e+00  0.000000e+00  0.000000e+00  0.000000e+00  0.000000e+00  0.000000e+00  0.000000e+00  0.000000e+00  0.000000e+00  0.000000e+00  0.000000e+00  1.000000e+00  0.000000e+00
   0.000000e+00  0.000000e+00  0.000000e+00  0.000000e+00  0.000000e+00  0.000000e+00  0.000000e+00  0.000000e+00  0.000000e+00  0.000000e+00  0.000000e+00  0.000000e+00  0.000000e+00  0.000000e+00  0.000000e+00  0.000000e+00  0.000000e+00
   0.000000e+00  0.000000e+00  0.000000e+00  0.000000e+00  0.000000e+00  0.000000e+00  0.000000e+00  0.000000e+00  0.000000e+00  0.000000e+00  0.000000e+00  0.000000e+00  0.000000e+00  0.000000e+00  0.000000e+00  0.000000e+00  0.000000e+00
   0.000000e+00  0.000000e+00  0.000000e+00]
 [ 0.000000e+00  0.000000e+00  0.000000e+00  0.000000e+00  0.000000e+00  0.000000e+00  0.000000e+00  0.000000e+00  0.000000e+00  0.000000e+00  0.000000e+00  0.000000e+00  0.000000e+00  0.000000e+00  0.000000e+00  0.000000e+00  1.000000e+00
   0.000000e+00  0.000000e+00  0.000000e+00  0.000000e+00  0.000000e+00  0.000000e+00  0.000000e+00  0.000000e+00  0.000000e+00  0.000000e+00  0.000000e+00  0.000000e+00  0.000000e+00  0.000000e+00  0.000000e+00  0.000000e+00  0.000000e+00
   0.000000e+00  0.000000e+00  0.000000e+00  0.000000e+00  0.000000e+00  0.000000e+00  0.000000e+00  0.000000e+00  0.000000e+00  0.000000e+00  0.000000e+00  0.000000e+00  0.000000e+00  0.000000e+00  0.000000e+00  0.000000e+00  0.000000e+00
   0.000000e+00  0.000000e+00  0.000000e+00]
 [-1.956181e-03  1.460947e-02 -2.961818e-09 -2.710631e-09  2.070862e-09  1.203880e-02  0.000000e+00  0.000000e+00  5.266976e-04  0.000000e+00  0.000000e+00  4.989337e-04  0.000000e+00  0.000000e+00  4.716726e-04  0.000000e+00  0.000000e+00
   4.438665e-04  0.000000e+00  0.000000e+00  4.101352e-04  0.000000e+00  0.000000e+00  3.760794e-04  0.000000e+00  0.000000e+00  3.411836e-04  0.000000e+00  0.000000e+00  3.066522e-04  0.000000e+00  0.000000e+00  2.711932e-04  0.000000e+00
   0.000000e+00  2.360352e-04  0.000000e+00  0.000000e+00  1.997841e-04  0.000000e+00  0.000000e+00  1.643102e-04  0.000000e+00  0.000000e+00  1.293537e-04  0.000000e+00  0.000000e+00  9.647600e-05  0.000000e+00  0.000000e+00  6.356473e-05
   0.000000e+00  0.000000e+00  3.110519e-05]
 [ 0.000000e+00  0.000000e+00  0.000000e+00  0.000000e+00  0.000000e+00  0.000000e+00  0.000000e+00  0.000000e+00  0.000000e+00  0.000000e+00  0.000000e+00  0.000000e+00  0.000000e+00  0.000000e+00  0.000000e+00  0.000000e+00  0.000000e+00
   0.000000e+00  1.000000e+00  0.000000e+00  0.000000e+00  0.000000e+00  0.000000e+00  0.000000e+00  0.000000e+00  0.000000e+00  0.000000e+00  0.000000e+00  0.000000e+00  0.000000e+00  0.000000e+00  0.000000e+00  0.000000e+00  0.000000e+00
   0.000000e+00  0.000000e+00  0.000000e+00  0.000000e+00  0.000000e+00  0.000000e+00  0.000000e+00  0.000000e+00  0.000000e+00  0.000000e+00  0.000000e+00  0.000000e+00  0.000000e+00  0.000000e+00  0.000000e+00  0.000000e+00  0.000000e+00
   0.000000e+00  0.000000e+00  0.000000e+00]
 [ 0.000000e+00  0.000000e+00  0.000000e+00  0.000000e+00  0.000000e+00  0.000000e+00  0.000000e+00  0.000000e+00  0.000000e+00  0.000000e+00  0.000000e+00  0.000000e+00  0.000000e+00  0.000000e+00  0.000000e+00  0.000000e+00  0.000000e+00
   0.000000e+00  0.000000e+00  1.000000e+00  0.000000e+00  0.000000e+00  0.000000e+00  0.000000e+00  0.000000e+00  0.000000e+00  0.000000e+00  0.000000e+00  0.000000e+00  0.000000e+00  0.000000e+00  0.000000e+00  0.000000e+00  0.000000e+00
   0.000000e+00  0.000000e+00  0.000000e+00  0.000000e+00  0.000000e+00  0.000000e+00  0.000000e+00  0.000000e+00  0.000000e+00  0.000000e+00  0.000000e+00  0.000000e+00  0.000000e+00  0.000000e+00  0.000000e+00  0.000000e+00  0.000000e+00
   0.000000e+00  0.000000e+00  0.000000e+00]
 [-2.248825e-03  1.339172e-02 -3.561184e-09 -2.608059e-09  2.502943e-09  1.107992e-02  0.000000e+00  0.000000e+00  4.847466e-04  0.000000e+00  0.000000e+00  4.593351e-04  0.000000e+00  0.000000e+00  4.344562e-04  0.000000e+00  0.000000e+00
   4.101352e-04  0.000000e+00  0.000000e+00  3.851281e-04  0.000000e+00  0.000000e+00  3.545437e-04  0.000000e+00  0.000000e+00  3.220134e-04  0.000000e+00  0.000000e+00  2.898289e-04  0.000000e+00  0.000000e+00  2.566952e-04  0.000000e+00
   0.000000e+00  2.238283e-04  0.000000e+00  0.000000e+00  1.897908e-04  0.000000e+00  0.000000e+00  1.563546e-04  0.000000e+00  0.000000e+00  1.231763e-04  0.000000e+00  0.000000e+00  9.185947e-05  0.000000e+00  0.000000e+00  6.042914e-05
   0.000000e+00  0.000000e+00  2.948782e-05]
 [ 0.000000e+00  0.000000e+00  0.000000e+00  0.000000e+00  0.000000e+00  0.000000e+00  0.000000e+00  0.000000e+00  0.000000e+00  0.000000e+00  0.000000e+00  0.000000e+00  0.000000e+00  0.000000e+00  0.000000e+00  0.000000e+00  0.000000e+00
   0.000000e+00  0.000000e+00  0.000000e+00  0.000000e+00  1.000000e+00  0.000000e+00  0.000000e+00  0.000000e+00  0.000000e+00  0.000000e+00  0.000000e+00  0.000000e+00  0.000000e+00  0.000000e+00  0.000000e+00  0.000000e+00  0.000000e+00
   0.000000e+00  0.000000e+00  0.000000e+00  0.000000e+00  0.000000e+00  0.000000e+00  0.000000e+00  0.000000e+00  0.000000e+00  0.000000e+00  0.000000e+00  0.000000e+00  0.000000e+00  0.000000e+00  0.000000e+00  0.000000e+00  0.000000e+00
   0.000000e+00  0.000000e+00  0.000000e+00]
 [ 0.000000e+00  0.000000e+00  0.000000e+00  0.000000e+00  0.000000e+00  0.000000e+00  0.000000e+00  0.000000e+00  0.000000e+00  0.000000e+00  0.000000e+00  0.000000e+00  0.000000e+00  0.000000e+00  0.000000e+00  0.000000e+00  0.000000e+00
   0.000000e+00  0.000000e+00  0.000000e+00  0.000000e+00  0.000000e+00  1.000000e+00  0.000000e+00  0.000000e+00  0.000000e+00  0.000000e+00  0.000000e+00  0.000000e+00  0.000000e+00  0.000000e+00  0.000000e+00  0.000000e+00  0.000000e+00
   0.000000e+00  0.000000e+00  0.000000e+00  0.000000e+00  0.000000e+00  0.000000e+00  0.000000e+00  0.000000e+00  0.000000e+00  0.000000e+00  0.000000e+00  0.000000e+00  0.000000e+00  0.000000e+00  0.000000e+00  0.000000e+00  0.000000e+00
   0.000000e+00  0.000000e+00  0.000000e+00]
 [-2.550662e-03  1.218494e-02 -4.053406e-09 -2.491646e-09  2.847137e-09  1.013983e-02  0.000000e+00  0.000000e+00  4.436174e-04  0.000000e+00  0.000000e+00  4.205381e-04  0.000000e+00  0.000000e+00  3.980229e-04  0.000000e+00  0.000000e+00
   3.760794e-04  0.000000e+00  0.000000e+00  3.545437e-04  0.000000e+00  0.000000e+00  3.320124e-04  0.000000e+00  0.000000e+00  3.029378e-04  0.000000e+00  0.000000e+00  2.730989e-04  0.000000e+00  0.000000e+00  2.422886e-04  0.000000e+00
   0.000000e+00  2.117096e-04  0.000000e+00  0.000000e+00  1.798798e-04  0.000000e+00  0.000000e+00  1.484717e-04  0.000000e+00  0.000000e+00  1.170585e-04  0.000000e+00  0.000000e+00  8.728753e-05  0.000000e+00  0.000000e+00  5.732256e-05
   0.000000e+00  0.000000e+00  2.788437e-05]
 [ 0.000000e+00  0.000000e+00  0.000000e+00  0.000000e+00  0.000000e+00  0.000000e+00  0.000000e+00  0.000000e+00  0.000000e+00  0.000000e+00  0.000000e+00  0.000000e+00  0.000000e+00  0.000000e+00  0.000000e+00  0.000000e+00  0.000000e+00
   0.000000e+00  0.000000e+00  0.000000e+00  0.000000e+00  0.000000e+00  0.000000e+00  0.000000e+00  1.000000e+00  0.000000e+00  0.000000e+00  0.000000e+00  0.000000e+00  0.000000e+00  0.000000e+00  0.000000e+00  0.000000e+00  0.000000e+00
   0.000000e+00  0.000000e+00  0.000000e+00  0.000000e+00  0.000000e+00  0.000000e+00  0.000000e+00  0.000000e+00  0.000000e+00  0.000000e+00  0.000000e+00  0.000000e+00  0.000000e+00  0.000000e+00  0.000000e+00  0.000000e+00  0.000000e+00
   0.000000e+00  0.000000e+00  0.000000e+00]
 [ 0.000000e+00  0.000000e+00  0.000000e+00  0.000000e+00  0.000000e+00  0.000000e+00  0.000000e+00  0.000000e+00  0.000000e+00  0.000000e+00  0.000000e+00  0.000000e+00  0.000000e+00  0.000000e+00  0.000000e+00  0.000000e+00  0.000000e+00
   0.000000e+00  0.000000e+00  0.000000e+00  0.000000e+00  0.000000e+00  0.000000e+00  0.000000e+00  0.000000e+00  1.000000e+00  0.000000e+00  0.000000e+00  0.000000e+00  0.000000e+00  0.000000e+00  0.000000e+00  0.000000e+00  0.000000e+00
   0.000000e+00  0.000000e+00  0.000000e+00  0.000000e+00  0.000000e+00  0.000000e+00  0.000000e+00  0.000000e+00  0.000000e+00  0.000000e+00  0.000000e+00  0.000000e+00  0.000000e+00  0.000000e+00  0.000000e+00  0.000000e+00  0.000000e+00
   0.000000e+00  0.000000e+00  0.000000e+00]
 [-2.824902e-03  1.097971e-02 -4.425053e-09 -2.355653e-09  3.090729e-09  9.181167e-03  0.000000e+00  0.000000e+00  4.016760e-04  0.000000e+00  0.000000e+00  3.809237e-04  0.000000e+00  0.000000e+00  3.607626e-04  0.000000e+00  0.000000e+00
   3.411836e-04  0.000000e+00  0.000000e+00  3.220134e-04  0.000000e+00  0.000000e+00  3.029378e-04  0.000000e+00  0.000000e+00  2.825559e-04  0.000000e+00  0.000000e+00  2.561555e-04  0.000000e+00  0.000000e+00  2.276729e-04  0.000000e+00
   0.000000e+00  1.993890e-04  0.000000e+00  0.000000e+00  1.697802e-04  0.000000e+00  0.000000e+00  1.404220e-04  0.000000e+00  0.000000e+00  1.108039e-04  0.000000e+00  0.000000e+00  8.261332e-05  0.000000e+00  0.000000e+00  5.414948e-05
   0.000000e+00  0.000000e+00  2.624902e-05]
 [ 0.000000e+00  0.000000e+00  0.000000e+00  0.000000e+00  0.000000e+00  0.000000e+00  0.000000e+00  0.000000e+00  0.000000e+00  0.000000e+00  0.000000e+00  0.000000e+00  0.000000e+00  0.000000e+00  0.000000e+00  0.000000e+00  0.000000e+00
   0.000000e+00  0.000000e+00  0.000000e+00  0.000000e+00  0.000000e+00  0.000000e+00  0.000000e+00  0.000000e+00  0.000000e+00  0.000000e+00  1.000000e+00  0.000000e+00  0.000000e+00  0.000000e+00  0.000000e+00  0.000000e+00  0.000000e+00
   0.000000e+00  0.000000e+00  0.000000e+00  0.000000e+00  0.000000e+00  0.000000e+00  0.000000e+00  0.000000e+00  0.000000e+00  0.000000e+00  0.000000e+00  0.000000e+00  0.000000e+00  0.000000e+00  0.000000e+00  0.000000e+00  0.000000e+00
   0.000000e+00  0.000000e+00  0.000000e+00]
 [ 0.000000e+00  0.000000e+00  0.000000e+00  0.000000e+00  0.000000e+00  0.000000e+00  0.000000e+00  0.000000e+00  0.000000e+00  0.000000e+00  0.000000e+00  0.000000e+00  0.000000e+00  0.000000e+00  0.000000e+00  0.000000e+00  0.000000e+00
   0.000000e+00  0.000000e+00  0.000000e+00  0.000000e+00  0.000000e+00  0.000000e+00  0.000000e+00  0.000000e+00  0.000000e+00  0.000000e+00  0.000000e+00  1.000000e+00  0.000000e+00  0.000000e+00  0.000000e+00  0.000000e+00  0.000000e+00
   0.000000e+00  0.000000e+00  0.000000e+00  0.000000e+00  0.000000e+00  0.000000e+00  0.000000e+00  0.000000e+00  0.000000e+00  0.000000e+00  0.000000e+00  0.000000e+00  0.000000e+00  0.000000e+00  0.000000e+00  0.000000e+00  0.000000e+00
   0.000000e+00  0.000000e+00  0.000000e+00]
 [-3.053748e-03  9.773703e-03 -4.670705e-09 -2.205690e-09  3.241909e-09  8.231460e-03  0.000000e+00  0.000000e+00  3.601264e-04  0.000000e+00  0.000000e+00  3.416986e-04  0.000000e+00  0.000000e+00  3.238821e-04  0.000000e+00  0.000000e+00
   3.066522e-04  0.000000e+00  0.000000e+00  2.898289e-04  0.000000e+00  0.000000e+00  2.730989e-04  0.000000e+00  0.000000e+00  2.561555e-04  0.000000e+00  0.000000e+00  2.377766e-04  0.000000e+00  0.000000e+00  2.127168e-04  0.000000e+00
   0.000000e+00  1.867381e-04  0.000000e+00  0.000000e+00  1.593706e-04  0.000000e+00  0.000000e+00  1.320973e-04  0.000000e+00  0.000000e+00  1.043233e-04  0.000000e+00  0.000000e+00  7.777026e-05  0.000000e+00  0.000000e+00  5.086676e-05
   0.000000e+00  0.000000e+00  2.456115e-05]
 [ 0.000000e+00  0.000000e+00  0.000000e+00  0.000000e+00  0.000000e+00  0.000000e+00  0.000000e+00  0.000000e+00  0.000000e+00  0.000000e+00  0.000000e+00  0.000000e+00  0.000000e+00  0.000000e+00  0.000000e+00  0.000000e+00  0.000000e+00
   0.000000e+00  0.000000e+00  0.000000e+00  0.000000e+00  0.000000e+00  0.000000e+00  0.000000e+00  0.000000e+00  0.000000e+00  0.000000e+00  0.000000e+00  0.000000e+00  0.000000e+00  1.000000e+00  0.000000e+00  0.000000e+00  0.000000e+00
   0.000000e+00  0.000000e+00  0.000000e+00  0.000000e+00  0.000000e+00  0.000000e+00  0.000000e+00  0.000000e+00  0.000000e+00  0.000000e+00  0.000000e+00  0.000000e+00  0.000000e+00  0.000000e+00  0.000000e+00  0.000000e+00  0.000000e+00
   0.000000e+00  0.000000e+00  0.000000e+00]
 [ 0.000000e+00  0.000000e+00  0.000000e+00  0.000000e+00  0.000000e+00  0.000000e+00  0.000000e+00  0.000000e+00  0.000000e+00  0.000000e+00  0.000000e+00  0.000000e+00  0.000000e+00  0.000000e+00  0.000000e+00  0.000000e+00  0.000000e+00
   0.000000e+00  0.000000e+00  0.000000e+00  0.000000e+00  0.000000e+00  0.000000e+00  0.000000e+00  0.000000e+00  0.000000e+00  0.000000e+00  0.000000e+00  0.000000e+00  0.000000e+00  0.000000e+00  1.000000e+00  0.000000e+00  0.000000e+00
   0.000000e+00  0.000000e+00  0.000000e+00  0.000000e+00  0.000000e+00  0.000000e+00  0.000000e+00  0.000000e+00  0.000000e+00  0.000000e+00  0.000000e+00  0.000000e+00  0.000000e+00  0.000000e+00  0.000000e+00  0.000000e+00  0.000000e+00
   0.000000e+00  0.000000e+00  0.000000e+00]
 [-3.233208e-03  8.567316e-03 -4.787877e-09 -2.033463e-09  3.288608e-09  7.261280e-03  0.000000e+00  0.000000e+00  3.176810e-04  0.000000e+00  0.000000e+00  3.015744e-04  0.000000e+00  0.000000e+00  2.860913e-04  0.000000e+00  0.000000e+00
   2.711932e-04  0.000000e+00  0.000000e+00  2.566952e-04  0.000000e+00  0.000000e+00  2.422886e-04  0.000000e+00  0.000000e+00  2.276729e-04  0.000000e+00  0.000000e+00  2.127168e-04  0.000000e+00  0.000000e+00  1.963183e-04  0.000000e+00
   0.000000e+00  1.737431e-04  0.000000e+00  0.000000e+00  1.486357e-04  0.000000e+00  0.000000e+00  1.234825e-04  0.000000e+00  0.000000e+00  9.760377e-05  0.000000e+00  0.000000e+00  7.274875e-05  0.000000e+00  0.000000e+00  4.746837e-05
   0.000000e+00  0.000000e+00  2.281807e-05]
 [ 0.000000e+00  0.000000e+00  0.000000e+00  0.000000e+00  0.000000e+00  0.000000e+00  0.000000e+00  0.000000e+00  0.000000e+00  0.000000e+00  0.000000e+00  0.000000e+00  0.000000e+00  0.000000e+00  0.000000e+00  0.000000e+00  0.000000e+00
   0.000000e+00  0.000000e+00  0.000000e+00  0.000000e+00  0.000000e+00  0.000000e+00  0.000000e+00  0.000000e+00  0.000000e+00  0.000000e+00  0.000000e+00  0.000000e+00  0.000000e+00  0.000000e+00  0.000000e+00  0.000000e+00  1.000000e+00
   0.000000e+00  0.000000e+00  0.000000e+00  0.000000e+00  0.000000e+00  0.000000e+00  0.000000e+00  0.000000e+00  0.000000e+00  0.000000e+00  0.000000e+00  0.000000e+00  0.000000e+00  0.000000e+00  0.000000e+00  0.000000e+00  0.000000e+00
   0.000000e+00  0.000000e+00  0.000000e+00]
 [ 0.000000e+00  0.000000e+00  0.000000e+00  0.000000e+00  0.000000e+00  0.000000e+00  0.000000e+00  0.000000e+00  0.000000e+00  0.000000e+00  0.000000e+00  0.000000e+00  0.000000e+00  0.000000e+00  0.000000e+00  0.000000e+00  0.000000e+00
   0.000000e+00  0.000000e+00  0.000000e+00  0.000000e+00  0.000000e+00  0.000000e+00  0.000000e+00  0.000000e+00  0.000000e+00  0.000000e+00  0.000000e+00  0.000000e+00  0.000000e+00  0.000000e+00  0.000000e+00  0.000000e+00  0.000000e+00
   1.000000e+00  0.000000e+00  0.000000e+00  0.000000e+00  0.000000e+00  0.000000e+00  0.000000e+00  0.000000e+00  0.000000e+00  0.000000e+00  0.000000e+00  0.000000e+00  0.000000e+00  0.000000e+00  0.000000e+00  0.000000e+00  0.000000e+00
   0.000000e+00  0.000000e+00  0.000000e+00]
 [-3.335332e-03  7.360757e-03 -4.760789e-09 -1.847781e-09  3.235441e-09  6.299186e-03  0.000000e+00  0.000000e+00  2.755894e-04  0.000000e+00  0.000000e+00  2.617978e-04  0.000000e+00  0.000000e+00  2.486297e-04  0.000000e+00  0.000000e+00
   2.360352e-04  0.000000e+00  0.000000e+00  2.238283e-04  0.000000e+00  0.000000e+00  2.117096e-04  0.000000e+00  0.000000e+00  1.993890e-04  0.000000e+00  0.000000e+00  1.867381e-04  0.000000e+00  0.000000e+00  1.737431e-04  0.000000e+00
   0.000000e+00  1.591570e-04  0.000000e+00  0.000000e+00  1.374221e-04  0.000000e+00  0.000000e+00  1.144377e-04  0.000000e+00  0.000000e+00  9.052876e-05  0.000000e+00  0.000000e+00  6.746166e-05  0.000000e+00  0.000000e+00  4.389835e-05
   0.000000e+00  0.000000e+00  2.099346e-05]
 [ 0.000000e+00  0.000000e+00  0.000000e+00  0.000000e+00  0.000000e+00  0.000000e+00  0.000000e+00  0.000000e+00  0.000000e+00  0.000000e+00  0.000000e+00  0.000000e+00  0.000000e+00  0.000000e+00  0.000000e+00  0.000000e+00  0.000000e+00
   0.000000e+00  0.000000e+00  0.000000e+00  0.000000e+00  0.000000e+00  0.000000e+00  0.000000e+00  0.000000e+00  0.000000e+00  0.000000e+00  0.000000e+00  0.000000e+00  0.000000e+00  0.000000e+00  0.000000e+00  0.000000e+00  0.000000e+00
   0.000000e+00  0.000000e+00  1.000000e+00  0.000000e+00  0.000000e+00  0.000000e+00  0.000000e+00  0.000000e+00  0.000000e+00  0.000000e+00  0.000000e+00  0.000000e+00  0.000000e+00  0.000000e+00  0.000000e+00  0.000000e+00  0.000000e+00
   0.000000e+00  0.000000e+00  0.000000e+00]
 [ 0.000000e+00  0.000000e+00  0.000000e+00  0.000000e+00  0.000000e+00  0.000000e+00  0.000000e+00  0.000000e+00  0.000000e+00  0.000000e+00  0.000000e+00  0.000000e+00  0.000000e+00  0.000000e+00  0.000000e+00  0.000000e+00  0.000000e+00
   0.000000e+00  0.000000e+00  0.000000e+00  0.000000e+00  0.000000e+00  0.000000e+00  0.000000e+00  0.000000e+00  0.000000e+00  0.000000e+00  0.000000e+00  0.000000e+00  0.000000e+00  0.000000e+00  0.000000e+00  0.000000e+00  0.000000e+00
   0.000000e+00  0.000000e+00  0.000000e+00  1.000000e+00  0.000000e+00  0.000000e+00  0.000000e+00  0.000000e+00  0.000000e+00  0.000000e+00  0.000000e+00  0.000000e+00  0.000000e+00  0.000000e+00  0.000000e+00  0.000000e+00  0.000000e+00
   0.000000e+00  0.000000e+00  0.000000e+00]
 [-3.287035e-03  6.159693e-03 -4.552788e-09 -1.637434e-09  3.053721e-09  5.315204e-03  0.000000e+00  0.000000e+00  2.325402e-04  0.000000e+00  0.000000e+00  2.210405e-04  0.000000e+00  0.000000e+00  2.101408e-04  0.000000e+00  0.000000e+00
   1.997841e-04  0.000000e+00  0.000000e+00  1.897908e-04  0.000000e+00  0.000000e+00  1.798798e-04  0.000000e+00  0.000000e+00  1.697802e-04  0.000000e+00  0.000000e+00  1.593706e-04  0.000000e+00  0.000000e+00  1.486357e-04  0.000000e+00
   0.000000e+00  1.374221e-04  0.000000e+00  0.000000e+00  1.243123e-04  0.000000e+00  0.000000e+00  1.046569e-04  0.000000e+00  0.000000e+00  8.284036e-05  0.000000e+00  0.000000e+00  6.171637e-05  0.000000e+00  0.000000e+00  4.003403e-05
   0.000000e+00  0.000000e+00  1.903064e-05]
 [ 0.000000e+00  0.000000e+00  0.000000e+00  0.000000e+00  0.000000e+00  0.000000e+00  0.000000e+00  0.000000e+00  0.000000e+00  0.000000e+00  0.000000e+00  0.000000e+00  0.000000e+00  0.000000e+00  0.000000e+00  0.000000e+00  0.000000e+00
   0.000000e+00  0.000000e+00  0.000000e+00  0.000000e+00  0.000000e+00  0.000000e+00  0.000000e+00  0.000000e+00  0.000000e+00  0.000000e+00  0.000000e+00  0.000000e+00  0.000000e+00  0.000000e+00  0.000000e+00  0.000000e+00  0.000000e+00
   0.000000e+00  0.000000e+00  0.000000e+00  0.000000e+00  0.000000e+00  1.000000e+00  0.000000e+00  0.000000e+00  0.000000e+00  0.000000e+00  0.000000e+00  0.000000e+00  0.000000e+00  0.000000e+00  0.000000e+00  0.000000e+00  0.000000e+00
   0.000000e+00  0.000000e+00  0.000000e+00]
 [ 0.000000e+00  0.000000e+00  0.000000e+00  0.000000e+00  0.000000e+00  0.000000e+00  0.000000e+00  0.000000e+00  0.000000e+00  0.000000e+00  0.000000e+00  0.000000e+00  0.000000e+00  0.000000e+00  0.000000e+00  0.000000e+00  0.000000e+00
   0.000000e+00  0.000000e+00  0.000000e+00  0.000000e+00  0.000000e+00  0.000000e+00  0.000000e+00  0.000000e+00  0.000000e+00  0.000000e+00  0.000000e+00  0.000000e+00  0.000000e+00  0.000000e+00  0.000000e+00  0.000000e+00  0.000000e+00
   0.000000e+00  0.000000e+00  0.000000e+00  0.000000e+00  0.000000e+00  0.000000e+00  1.000000e+00  0.000000e+00  0.000000e+00  0.000000e+00  0.000000e+00  0.000000e+00  0.000000e+00  0.000000e+00  0.000000e+00  0.000000e+00  0.000000e+00
   0.000000e+00  0.000000e+00  0.000000e+00]
 [-3.013398e-03  4.999021e-03 -4.136396e-09 -1.413837e-09  2.752707e-09  4.357812e-03  0.000000e+00  0.000000e+00  1.906543e-04  0.000000e+00  0.000000e+00  1.813505e-04  0.000000e+00  0.000000e+00  1.725880e-04  0.000000e+00  0.000000e+00
   1.643102e-04  0.000000e+00  0.000000e+00  1.563546e-04  0.000000e+00  0.000000e+00  1.484717e-04  0.000000e+00  0.000000e+00  1.404220e-04  0.000000e+00  0.000000e+00  1.320973e-04  0.000000e+00  0.000000e+00  1.234825e-04  0.000000e+00
   0.000000e+00  1.144377e-04  0.000000e+00  0.000000e+00  1.046569e-04  0.000000e+00  0.000000e+00  9.295147e-05  0.000000e+00  0.000000e+00  7.444312e-05  0.000000e+00  0.000000e+00  5.544161e-05  0.000000e+00  0.000000e+00  3.583482e-05
   0.000000e+00  0.000000e+00  1.691492e-05]
 [ 0.000000e+00  0.000000e+00  0.000000e+00  0.000000e+00  0.000000e+00  0.000000e+00  0.000000e+00  0.000000e+00  0.000000e+00  0.000000e+00  0.000000e+00  0.000000e+00  0.000000e+00  0.000000e+00  0.000000e+00  0.000000e+00  0.000000e+00
   0.000000e+00  0.000000e+00  0.000000e+00  0.000000e+00  0.000000e+00  0.000000e+00  0.000000e+00  0.000000e+00  0.000000e+00  0.000000e+00  0.000000e+00  0.000000e+00  0.000000e+00  0.000000e+00  0.000000e+00  0.000000e+00  0.000000e+00
   0.000000e+00  0.000000e+00  0.000000e+00  0.000000e+00  0.000000e+00  0.000000e+00  0.000000e+00  0.000000e+00  1.000000e+00  0.000000e+00  0.000000e+00  0.000000e+00  0.000000e+00  0.000000e+00  0.000000e+00  0.000000e+00  0.000000e+00
   0.000000e+00  0.000000e+00  0.000000e+00]
 [ 0.000000e+00  0.000000e+00  0.000000e+00  0.000000e+00  0.000000e+00  0.000000e+00  0.000000e+00  0.000000e+00  0.000000e+00  0.000000e+00  0.000000e+00  0.000000e+00  0.000000e+00  0.000000e+00  0.000000e+00  0.000000e+00  0.000000e+00
   0.000000e+00  0.000000e+00  0.000000e+00  0.000000e+00  0.000000e+00  0.000000e+00  0.000000e+00  0.000000e+00  0.000000e+00  0.000000e+00  0.000000e+00  0.000000e+00  0.000000e+00  0.000000e+00  0.000000e+00  0.000000e+00  0.000000e+00
   0.000000e+00  0.000000e+00  0.000000e+00  0.000000e+00  0.000000e+00  0.000000e+00  0.000000e+00  0.000000e+00  0.000000e+00  1.000000e+00  0.000000e+00  0.000000e+00  0.000000e+00  0.000000e+00  0.000000e+00  0.000000e+00  0.000000e+00
   0.000000e+00  0.000000e+00  0.000000e+00]
 [-2.514770e-03  3.923691e-03 -3.530820e-09 -1.166438e-09  2.335423e-09  3.426908e-03  0.000000e+00  0.000000e+00  1.499272e-04  0.000000e+00  0.000000e+00  1.426373e-04  0.000000e+00  0.000000e+00  1.357958e-04  0.000000e+00  0.000000e+00
   1.293537e-04  0.000000e+00  0.000000e+00  1.231763e-04  0.000000e+00  0.000000e+00  1.170585e-04  0.000000e+00  0.000000e+00  1.108039e-04  0.000000e+00  0.000000e+00  1.043233e-04  0.000000e+00  0.000000e+00  9.760377e-05  0.000000e+00
   0.000000e+00  9.052876e-05  0.000000e+00  0.000000e+00  8.284036e-05  0.000000e+00  0.000000e+00  7.444312e-05  0.000000e+00  0.000000e+00  6.452720e-05  0.000000e+00  0.000000e+00  4.884722e-05  0.000000e+00  0.000000e+00  3.144227e-05
   0.000000e+00  0.000000e+00  1.471854e-05]
 [ 0.000000e+00  0.000000e+00  0.000000e+00  0.000000e+00  0.000000e+00  0.000000e+00  0.000000e+00  0.000000e+00  0.000000e+00  0.000000e+00  0.000000e+00  0.000000e+00  0.000000e+00  0.000000e+00  0.000000e+00  0.000000e+00  0.000000e+00
   0.000000e+00  0.000000e+00  0.000000e+00  0.000000e+00  0.000000e+00  0.000000e+00  0.000000e+00  0.000000e+00  0.000000e+00  0.000000e+00  0.000000e+00  0.000000e+00  0.000000e+00  0.000000e+00  0.000000e+00  0.000000e+00  0.000000e+00
   0.000000e+00  0.000000e+00  0.000000e+00  0.000000e+00  0.000000e+00  0.000000e+00  0.000000e+00  0.000000e+00  0.000000e+00  0.000000e+00  0.000000e+00  1.000000e+00  0.000000e+00  0.000000e+00  0.000000e+00  0.000000e+00  0.000000e+00
   0.000000e+00  0.000000e+00  0.000000e+00]
 [ 0.000000e+00  0.000000e+00  0.000000e+00  0.000000e+00  0.000000e+00  0.000000e+00  0.000000e+00  0.000000e+00  0.000000e+00  0.000000e+00  0.000000e+00  0.000000e+00  0.000000e+00  0.000000e+00  0.000000e+00  0.000000e+00  0.000000e+00
   0.000000e+00  0.000000e+00  0.000000e+00  0.000000e+00  0.000000e+00  0.000000e+00  0.000000e+00  0.000000e+00  0.000000e+00  0.000000e+00  0.000000e+00  0.000000e+00  0.000000e+00  0.000000e+00  0.000000e+00  0.000000e+00  0.000000e+00
   0.000000e+00  0.000000e+00  0.000000e+00  0.000000e+00  0.000000e+00  0.000000e+00  0.000000e+00  0.000000e+00  0.000000e+00  0.000000e+00  0.000000e+00  0.000000e+00  1.000000e+00  0.000000e+00  0.000000e+00  0.000000e+00  0.000000e+00
   0.000000e+00  0.000000e+00  0.000000e+00]
 [-1.878549e-03  2.932077e-03 -2.785953e-09 -9.090541e-10  1.846019e-09  2.556584e-03  0.000000e+00  0.000000e+00  1.118506e-04  0.000000e+00  0.000000e+00  1.064029e-04  0.000000e+00  0.000000e+00  1.012903e-04  0.000000e+00  0.000000e+00
   9.647600e-05  0.000000e+00  0.000000e+00  9.185947e-05  0.000000e+00  0.000000e+00  8.728753e-05  0.000000e+00  0.000000e+00  8.261332e-05  0.000000e+00  0.000000e+00  7.777026e-05  0.000000e+00  0.000000e+00  7.274875e-05  0.000000e+00
   0.000000e+00  6.746166e-05  0.000000e+00  0.000000e+00  6.171637e-05  0.000000e+00  0.000000e+00  5.544161e-05  0.000000e+00  0.000000e+00  4.884722e-05  0.000000e+00  0.000000e+00  4.109375e-05  0.000000e+00  0.000000e+00  2.701714e-05
   0.000000e+00  0.000000e+00  1.251671e-05]
 [ 0.000000e+00  0.000000e+00  0.000000e+00  0.000000e+00  0.000000e+00  0.000000e+00  0.000000e+00  0.000000e+00  0.000000e+00  0.000000e+00  0.000000e+00  0.000000e+00  0.000000e+00  0.000000e+00  0.000000e+00  0.000000e+00  0.000000e+00
   0.000000e+00  0.000000e+00  0.000000e+00  0.000000e+00  0.000000e+00  0.000000e+00  0.000000e+00  0.000000e+00  0.000000e+00  0.000000e+00  0.000000e+00  0.000000e+00  0.000000e+00  0.000000e+00  0.000000e+00  0.000000e+00  0.000000e+00
   0.000000e+00  0.000000e+00  0.000000e+00  0.000000e+00  0.000000e+00  0.000000e+00  0.000000e+00  0.000000e+00  0.000000e+00  0.000000e+00  0.000000e+00  0.000000e+00  0.000000e+00  0.000000e+00  1.000000e+00  0.000000e+00  0.000000e+00
   0.000000e+00  0.000000e+00  0.000000e+00]
 [ 0.000000e+00  0.000000e+00  0.000000e+00  0.000000e+00  0.000000e+00  0.000000e+00  0.000000e+00  0.000000e+00  0.000000e+00  0.000000e+00  0.000000e+00  0.000000e+00  0.000000e+00  0.000000e+00  0.000000e+00  0.000000e+00  0.000000e+00
   0.000000e+00  0.000000e+00  0.000000e+00  0.000000e+00  0.000000e+00  0.000000e+00  0.000000e+00  0.000000e+00  0.000000e+00  0.000000e+00  0.000000e+00  0.000000e+00  0.000000e+00  0.000000e+00  0.000000e+00  0.000000e+00  0.000000e+00
   0.000000e+00  0.000000e+00  0.000000e+00  0.000000e+00  0.000000e+00  0.000000e+00  0.000000e+00  0.000000e+00  0.000000e+00  0.000000e+00  0.000000e+00  0.000000e+00  0.000000e+00  0.000000e+00  0.000000e+00  1.000000e+00  0.000000e+00
   0.000000e+00  0.000000e+00  0.000000e+00]
 [-1.205127e-03  1.974476e-03 -1.936746e-09 -6.186732e-10  1.279856e-09  1.690505e-03  0.000000e+00  0.000000e+00  7.395958e-05  0.000000e+00  0.000000e+00  7.028608e-05  0.000000e+00  0.000000e+00  6.682875e-05  0.000000e+00  0.000000e+00
   6.356473e-05  0.000000e+00  0.000000e+00  6.042914e-05  0.000000e+00  0.000000e+00  5.732256e-05  0.000000e+00  0.000000e+00  5.414948e-05  0.000000e+00  0.000000e+00  5.086676e-05  0.000000e+00  0.000000e+00  4.746837e-05  0.000000e+00
   0.000000e+00  4.389835e-05  0.000000e+00  0.000000e+00  4.003403e-05  0.000000e+00  0.000000e+00  3.583482e-05  0.000000e+00  0.000000e+00  3.144227e-05  0.000000e+00  0.000000e+00  2.701714e-05  0.000000e+00  0.000000e+00  2.150826e-05
   0.000000e+00  0.000000e+00  1.032164e-05]
 [ 0.000000e+00  0.000000e+00  0.000000e+00  0.000000e+00  0.000000e+00  0.000000e+00  0.000000e+00  0.000000e+00  0.000000e+00  0.000000e+00  0.000000e+00  0.000000e+00  0.000000e+00  0.000000e+00  0.000000e+00  0.000000e+00  0.000000e+00
   0.000000e+00  0.000000e+00  0.000000e+00  0.000000e+00  0.000000e+00  0.000000e+00  0.000000e+00  0.000000e+00  0.000000e+00  0.000000e+00  0.000000e+00  0.000000e+00  0.000000e+00  0.000000e+00  0.000000e+00  0.000000e+00  0.000000e+00
   0.000000e+00  0.000000e+00  0.000000e+00  0.000000e+00  0.000000e+00  0.000000e+00  0.000000e+00  0.000000e+00  0.000000e+00  0.000000e+00  0.000000e+00  0.000000e+00  0.000000e+00  0.000000e+00  0.000000e+00  0.000000e+00  0.000000e+00
   1.000000e+00  0.000000e+00  0.000000e+00]
 [ 0.000000e+00  0.000000e+00  0.000000e+00  0.000000e+00  0.000000e+00  0.000000e+00  0.000000e+00  0.000000e+00  0.000000e+00  0.000000e+00  0.000000e+00  0.000000e+00  0.000000e+00  0.000000e+00  0.000000e+00  0.000000e+00  0.000000e+00
   0.000000e+00  0.000000e+00  0.000000e+00  0.000000e+00  0.000000e+00  0.000000e+00  0.000000e+00  0.000000e+00  0.000000e+00  0.000000e+00  0.000000e+00  0.000000e+00  0.000000e+00  0.000000e+00  0.000000e+00  0.000000e+00  0.000000e+00
   0.000000e+00  0.000000e+00  0.000000e+00  0.000000e+00  0.000000e+00  0.000000e+00  0.000000e+00  0.000000e+00  0.000000e+00  0.000000e+00  0.000000e+00  0.000000e+00  0.000000e+00  0.000000e+00  0.000000e+00  0.000000e+00  0.000000e+00
   0.000000e+00  1.000000e+00  0.000000e+00]
 [-5.648023e-04  1.004804e-03 -1.002925e-09 -3.077070e-10  6.573897e-10  8.326563e-04  0.000000e+00  0.000000e+00  3.642871e-05  0.000000e+00  0.000000e+00  3.455522e-05  0.000000e+00  0.000000e+00  3.278410e-05  0.000000e+00  0.000000e+00
   3.110519e-05  0.000000e+00  0.000000e+00  2.948782e-05  0.000000e+00  0.000000e+00  2.788437e-05  0.000000e+00  0.000000e+00  2.624902e-05  0.000000e+00  0.000000e+00  2.456115e-05  0.000000e+00  0.000000e+00  2.281807e-05  0.000000e+00
   0.000000e+00  2.099346e-05  0.000000e+00  0.000000e+00  1.903064e-05  0.000000e+00  0.000000e+00  1.691492e-05  0.000000e+00  0.000000e+00  1.471854e-05  0.000000e+00  0.000000e+00  1.251671e-05  0.000000e+00  0.000000e+00  1.032164e-05
   0.000000e+00  0.000000e+00  7.031022e-06]]

=== b ===
[ 1.656071e-03  1.905481e-04  7.537922e-10  5.805361e-10 -4.537744e-09 -5.643743e-05  0.000000e+00  0.000000e+00 -2.353401e-06  0.000000e+00  0.000000e+00 -2.984425e-06  0.000000e+00  0.000000e+00 -4.746804e-06  0.000000e+00  0.000000e+00
 -8.024369e-06  0.000000e+00  0.000000e+00 -1.283122e-05  0.000000e+00  0.000000e+00 -1.578505e-05  0.000000e+00  0.000000e+00 -1.433290e-05  0.000000e+00  0.000000e+00 -1.139706e-05  0.000000e+00  0.000000e+00 -1.370586e-05  0.000000e+00
  0.000000e+00 -2.213728e-05  0.000000e+00  0.000000e+00 -3.003720e-05  0.000000e+00  0.000000e+00 -2.878197e-05  0.000000e+00  0.000000e+00 -1.946085e-05  0.000000e+00  0.000000e+00 -1.045158e-05  0.000000e+00  0.000000e+00 -4.395917e-06
  0.000000e+00  0.000000e+00 -1.468934e-06]

=== dv ===
[-3.796554e-09 -1.299850e-10 -4.645691e-14  9.479171e-15 -1.043556e-13 -8.794744e-11  0.000000e+00  0.000000e+00 -2.802424e-04  0.000000e+00  0.000000e+00  1.036003e-01  0.000000e+00  0.000000e+00  1.834273e-01  0.000000e+00  0.000000e+00
  1.926974e-01  0.000000e+00  0.000000e+00 -1.907549e-01  0.000000e+00  0.000000e+00 -6.262393e-01  0.000000e+00  0.000000e+00 -3.105213e-01  0.000000e+00  0.000000e+00  7.978988e-01  0.000000e+00  0.000000e+00  1.001471e+00  0.000000e+00
  0.000000e+00 -1.049960e-01  0.000000e+00  0.000000e+00 -1.166492e+00  0.000000e+00  0.000000e+00 -9.679371e-01  0.000000e+00  0.000000e+00  9.290973e-02  0.000000e+00  0.000000e+00  5.124892e-01  0.000000e+00  0.000000e+00  3.499279e-01
  0.000000e+00  0.000000e+00  1.600047e-01]

=== residual ===
[-5.995204e-15  3.608225e-15 -1.561717e-20 -5.082198e-21  1.355253e-20 -6.800116e-16  1.603452e-06 -1.187780e-05 -5.898060e-17  2.513542e-06 -1.091770e-05 -1.604619e-16  3.189198e-06 -9.936240e-06  6.331741e-17  3.571609e-06 -9.003984e-06
 -1.760744e-16  3.647603e-06 -8.179734e-06  1.092876e-16  3.488856e-06 -7.464481e-06 -1.387779e-17  3.244898e-06 -6.795291e-06 -6.071532e-17  3.003180e-06 -6.128738e-06 -4.857226e-17  2.659356e-06 -5.515599e-06 -9.540979e-18  2.049970e-06
 -5.014762e-06 -1.474515e-17  1.207775e-06 -4.534224e-06  8.673617e-19  4.291525e-07 -3.914862e-06 -1.140581e-16  2.972894e-10 -3.159021e-06  1.778092e-17 -1.003074e-07 -2.367154e-06 -3.447763e-17 -5.407700e-08 -1.578294e-06  3.968180e-17
  2.470757e-09 -7.893651e-07  8.131516e-18]
