M(q) q'' + C(q,q') q' + f_int(q; EA, EI, GJ) = f_g + J_g(q)^T lambda   -- as SOFA assembles it

  dofs: 0..5 rigid base (tx ty tz rx ry rz), 6.. = 16 sections x (torsion, bend_y, bend_z, eps_x, eps_y, eps_z)
  planar table: PartialFixedProjectiveConstraint locks dofs [6, 7, 11, 12, 13, 17, 18, 19, 23, 24, 25, 29, 30, 31, 35, 36, 37, 41, 42, 43, 47, 48, 49, 53, 54, 55, 59, 60, 61, 65, 66, 67, 71, 72, 73, 77, 78, 79, 83, 84, 85, 89, 90, 91, 95, 96, 97, 101]
  step 200, h = 0.01, rM = 0.0, rK = 0.0, Hooke rayleighStiffness rK_ff = 0.0

  term           SOFA source                                                  shape     magnitude
  q (base)       RigidBaseMO.position [x y z qx qy qz qw]                     (7,)      |.|max=1           ||.||=1
  q (strain)     cosseratCoordinateMO.position [1/m, -], rest q0 = 0          (16, 6)   |.|max=4.186       ||.||=11.79
  q'             MechanicalObject.velocity at the start of the step           (102,)    |.|max=2.997e-06   ||.||=5.414e-06
  q''            (q'+ - q')/h, q'+ - q' = SparseLDLSolver solution            (102,)    |.|max=0.0006417   ||.||=0.001039
  M(q)           MatrixLinearSystem(assembleMass)/(1+h rM) = J^T diag(m) J    (102, 102) |.|max=0.07        ||.||=0.1321
  M q''                                                                       (102,)    |.|max=9.654e-06   ||.||=1.066e-05
  C(q,q') q'     Kelvin-Voigt -B q'+ + convective -sum J_f^T w_f (Rayleigh 0) (102,)    |.|max=3.007e-09   ||.||=1.041e-08
    of which     convective (Coriolis/centrifugal) term, explicit             (102,)    |.|max=0           ||.||=0
  B              MatrixLinearSystem(assembleDamping)/-h = df/dv (Kelvin-Voigt) (102, 102) |.|max=4.375       ||.||=20.11
  f_int          BeamHookeLawForceField: -K_int (q - q0)                      (102,)    |.|max=0.0365      ||.||=0.1503
  f_damp         DiagonalVelocityDampingForceField: B q' at the start of the step (102,)    |.|max=2.87e-09    ||.||=1.009e-08
  K_int          MatrixLinearSystem(assembleStiffness, applyMapped=0), strains (102, 102) |.|max=218.8       ||.||=1005
  f_g            UniformMass x root.gravity, gravity = [0.0, 0.0, 0.0]        (102,)    |.|max=0           ||.||=0
  f_clamp        baseSpring (RestShapeSprings 1e8): base force - J_g^T lambda (102,)    |.|max=4.167       ||.||=4.757
  lambda         FramesMO.force[tip] - convective wrench = graspSpring (F, tau) (6,)      |.|max=2.102       ||.||=2.262
  J_g(q)         DiscreteCosseratMapping.applyJ probed with unit velocities   (6, 102)  |.|max=1           ||.||=2.659
  J_g^T lambda   DiscreteCosseratMapping.applyJT (force - Hooke - clamp)      (102,)    |.|max=2.102       ||.||=2.69
  J_g^T lambda   probed J_g ^T lambda (== applyJT: transpose consistent)      (102,)    |.|max=2.102       ||.||=2.69
  d apply/dq     derivative of the mapping's apply(), central differences     (6, 102)  |.|max=1           ||.||=2.659
  (d apply/dq)^T lambda what a consistent Jacobian would project                     (102,)    |.|max=2.102       ||.||=2.69
  J^T K_g J      grasp spring stiffness projected on q (part of K)            (102, 102) |.|max=1e+05       ||.||=2.326e+05
  f(q+) - f(q)   SOFA linearisation h K q'+ (implicit Euler)                  (102,)    |.|max=2.779       ||.||=2.791
  residual       M q'' + C q' + f_int - f_g - f_clamp - J^T lambda - (f(q+)-f(q)) (54,)     |.|max=2.22e-15    ||.||=2.224e-15

  SOFA solves  A dq' = b  with  A = (1 + h rM) M - h B - h (h + rK [+ rK_ff]) K,
  b = h (f + ((h + rK) K - rM M) q')   (EulerImplicitSolver.cpp v25.12; K = df/dq < 0 for springs).
  Rewritten:  M q'' + (rM M - B - rK K) q'+ - rK_ff K_int dq' = f(q) + h K q'+  ~  f(q+),
  i.e. the equation above at the new configuration. SOFA itself has no Coriolis/centrifugal
  term (J^T M J is re-assembled every step, d(J q')/dt is dropped): the scene adds it as the
  explicit frame wrench w_f = -m_f (dJ_f/dt) q' (ConstantForceField convectiveInertia).

  lambda check: k (target - tip) = [-0.83204738132725, -0.07440738591588114, -2.1017893239818366]
  tip [ 6.6024e-01  5.9136e-02 -5.4647e-05 -3.0137e-05 -3.5893e-05  2.0702e-03
  1.0000e+00]  target [ 6.6023e-01  5.9136e-02 -7.5665e-05 -8.5002e-07 -8.4997e-07 -8.5002e-07
  1.0000e+00]
  clamp: base displacement [-8.320e-09 -7.441e-10 -2.102e-08 -3.713e-09  4.167e-08 -1.240e-09] -> translation force = k dx; rotation torque 0 (RestShapeSpringsForceField ignores |dtheta| < ~1e-7 rad)

  Jacobian of the patched Cosserat plugin (DiscreteCosseratMapping, cosserat-patches/0002):
    applyJT == applyJ^T and applyJ == d apply/dq (checked). Straight rod, tip dy per unit
    bend_z rate of section i:
      SOFA applyJ      : [0.02967 0.02775 0.02584 0.02393 0.02201 0.0201  0.01818 0.01627 0.01436
 0.01244 0.01053 0.00861 0.0067  0.00479 0.00287 0.00096]
      d apply/dq (FD)  : [0.02967 0.02775 0.02584 0.02393 0.02201 0.0201  0.01818 0.01627 0.01436
 0.01244 0.01053 0.00861 0.0067  0.00479 0.00287 0.00096]
      l (L - s_i - l/2): [0.02967 0.02775 0.02584 0.02393 0.02201 0.0201  0.01818 0.01627 0.01436
 0.01244 0.01053 0.00861 0.0067  0.00479 0.00287 0.00096]
    At this bent configuration, bend_z rows of J_g^T lambda, SOFA / finite differences:
      [1.       1.       1.       0.999999 1.       1.       1.       1.
 1.       1.       1.       1.000002 1.       1.       1.       1.      ]
    M = J^T diag(m, I) J, J^T K_g J and J_g^T lambda are the virtual work of the frames' motion.

  SOFA-written matrices (GlobalSystemMatrixExporter, SofaMatrix): sofa_export/{A,M,K,K_direct}*.txt

=== q_base ===
[-8.320474e-09 -7.440744e-10 -2.101789e-08 -1.856474e-09  2.083557e-08 -6.201370e-10  1.000000e+00]

=== q_strain ===
[[-1.000000e-04 -1.000000e-04 -3.868904e+00 -1.643605e-04 -7.214919e-05 -1.000000e-04]
 [-1.000000e-04 -1.000000e-04 -2.959057e+00 -1.583164e-04 -1.325522e-04 -1.000000e-04]
 [-1.000000e-04 -1.000000e-04 -1.610164e+00 -1.523123e-04 -1.714647e-04 -1.000000e-04]
 [-1.000000e-04 -1.000000e-04 -3.019167e-02 -1.497866e-04 -1.850485e-04 -1.000000e-04]
 [-1.000000e-04 -1.000000e-04  1.553975e+00 -1.521427e-04 -1.724281e-04 -1.000000e-04]
 [-1.000000e-04 -1.000000e-04  2.915189e+00 -1.580733e-04 -1.344091e-04 -1.000000e-04]
 [-1.000000e-04 -1.000000e-04  3.844301e+00 -1.641886e-04 -7.467944e-05 -1.000000e-04]
 [-1.000000e-04 -1.000000e-04  4.184798e+00 -1.668475e-04 -1.801460e-06 -1.000000e-04]
 [-1.000000e-04 -1.000000e-04  3.875680e+00 -1.644214e-04  7.141275e-05 -1.000000e-04]
 [-1.000000e-04 -1.000000e-04  2.972414e+00 -1.583967e-04  1.320296e-04 -1.000000e-04]
 [-1.000000e-04 -1.000000e-04  1.627781e+00 -1.523668e-04  1.712321e-04 -1.000000e-04]
 [-1.000000e-04 -1.000000e-04  4.930979e-02 -1.497856e-04  1.851319e-04 -1.000000e-04]
 [-1.000000e-04 -1.000000e-04 -1.536218e+00 -1.520879e-04  1.728282e-04 -1.000000e-04]
 [-1.000000e-04 -1.000000e-04 -2.901564e+00 -1.579979e-04  1.351011e-04 -1.000000e-04]
 [-1.000000e-04 -1.000000e-04 -3.837161e+00 -1.641410e-04  7.558671e-05 -1.000000e-04]
 [-1.000000e-04 -1.000000e-04 -4.185552e+00 -1.668635e-04  2.782758e-06 -1.000000e-04]]

=== v ===
[-1.292382e-13 -3.350495e-14  9.134388e-10 -1.237104e-07  1.388428e-06 -4.134247e-08  0.000000e+00  0.000000e+00  2.996984e-06 -6.559683e-10 -7.896452e-10  0.000000e+00  0.000000e+00  0.000000e+00 -2.706964e-08 -5.712179e-10 -1.074632e-09
  0.000000e+00  0.000000e+00  0.000000e+00 -1.203523e-06 -4.987298e-10 -1.224000e-09  0.000000e+00  0.000000e+00  0.000000e+00 -1.197970e-06 -4.560057e-10 -1.264570e-09  0.000000e+00  0.000000e+00  0.000000e+00 -6.163942e-07 -4.478097e-10
 -1.216627e-09  0.000000e+00  0.000000e+00  0.000000e+00  9.941466e-08 -4.661450e-10 -1.114752e-09  0.000000e+00  0.000000e+00  0.000000e+00  6.568836e-07 -4.975278e-10 -9.619937e-10  0.000000e+00  0.000000e+00  0.000000e+00  9.001928e-07
 -5.264079e-10 -7.798864e-10  0.000000e+00  0.000000e+00  0.000000e+00  7.817820e-07 -5.398516e-10 -5.833623e-10  0.000000e+00  0.000000e+00  0.000000e+00  3.373521e-07 -5.328219e-10 -4.063536e-10  0.000000e+00  0.000000e+00  0.000000e+00
 -3.310006e-07 -5.055687e-10 -2.637326e-10  0.000000e+00  0.000000e+00  0.000000e+00 -1.056661e-06 -4.661888e-10 -1.837138e-10  0.000000e+00  0.000000e+00  0.000000e+00 -1.584112e-06 -4.198746e-10 -1.570058e-10  0.000000e+00  0.000000e+00
  0.000000e+00 -1.524019e-06 -3.727832e-10 -2.078630e-10  0.000000e+00  0.000000e+00  0.000000e+00 -3.254222e-07 -3.218886e-10 -3.215017e-10  0.000000e+00  0.000000e+00  0.000000e+00  2.642525e-06 -2.620944e-10 -4.967929e-10  0.000000e+00]

=== q_dd ===
[ 2.797278e-11  1.002082e-11 -2.769657e-07  3.711857e-05 -4.165890e-04  1.240274e-05  0.000000e+00  0.000000e+00 -6.416714e-04  1.343373e-07  1.733548e-07  0.000000e+00  0.000000e+00  0.000000e+00 -2.036535e-05  1.157888e-07  2.340244e-07
  0.000000e+00  0.000000e+00  0.000000e+00  2.141611e-04  1.000006e-07  2.641931e-07  0.000000e+00  0.000000e+00  0.000000e+00  2.152819e-04  9.075621e-08  2.704105e-07  0.000000e+00  0.000000e+00  0.000000e+00  1.123410e-04  8.889721e-08
  2.581436e-07  0.000000e+00  0.000000e+00  0.000000e+00 -9.439272e-06  9.258214e-08  2.359462e-07  0.000000e+00  0.000000e+00  0.000000e+00 -1.011256e-04  9.892812e-08  2.042205e-07  0.000000e+00  0.000000e+00  0.000000e+00 -1.412497e-04
  1.047614e-07  1.674298e-07  0.000000e+00  0.000000e+00  0.000000e+00 -1.259092e-04  1.073558e-07  1.277471e-07  0.000000e+00  0.000000e+00  0.000000e+00 -6.152358e-05  1.056468e-07  9.178632e-08  0.000000e+00  0.000000e+00  0.000000e+00
  3.864541e-05  9.949096e-08  6.172932e-08  0.000000e+00  0.000000e+00  0.000000e+00  1.537118e-04  9.060907e-08  4.327836e-08  0.000000e+00  0.000000e+00  0.000000e+00  2.481191e-04  8.012549e-08  3.372010e-08  0.000000e+00  0.000000e+00
  0.000000e+00  2.587190e-04  6.974436e-08  3.890361e-08  0.000000e+00  0.000000e+00  0.000000e+00  8.148370e-05  5.913391e-08  5.643657e-08  0.000000e+00  0.000000e+00  0.000000e+00 -4.200106e-04  4.733707e-08  8.856347e-08  0.000000e+00]

=== M ===
[[ 7.000000e-02 -2.337703e-19  8.134954e-22  8.467078e-24 -2.060843e-06  1.309341e-03  7.015237e-09 -8.350876e-08  5.366646e-05  2.914309e-03  2.446992e-04 -5.847626e-09  1.678457e-08 -7.015060e-08  3.378722e-05  2.672448e-03  6.350177e-04
  -1.539808e-08  2.008493e-08 -5.807795e-08  8.840662e-07  2.413297e-03  8.361539e-04 -2.183777e-08  1.825004e-08 -4.823535e-08 -3.682926e-05  2.214716e-03  8.585484e-04 -2.640095e-08  1.312298e-08 -4.036756e-08 -7.189155e-05  2.058046e-03
   7.209779e-04 -2.981787e-08  6.556666e-09 -3.351994e-08 -9.839820e-05  1.943281e-03  4.749040e-04 -3.321113e-08  2.602711e-10 -2.682781e-08 -1.125280e-04  1.797824e-03  1.663385e-04 -3.643396e-08 -4.396738e-09 -2.009608e-08 -1.130913e-04
   1.620463e-03 -1.349502e-04 -3.987891e-08 -6.729548e-09 -1.382841e-08 -1.017555e-04  1.384544e-03 -3.673159e-04 -4.235197e-08 -6.904665e-09 -8.731242e-09 -8.240459e-05  1.150388e-03 -4.990979e-04 -4.403333e-08 -5.674548e-09 -5.159830e-09
  -5.977973e-05  9.252320e-04 -5.181670e-04 -4.342774e-08 -3.894305e-09 -2.956193e-09 -3.814057e-05  7.522581e-04 -4.593232e-04 -4.135536e-08 -2.200675e-09 -1.671882e-09 -2.052714e-05  5.972235e-04 -3.396857e-04 -3.634573e-08 -9.486885e-10
  -8.811201e-10 -8.527571e-06  4.629842e-04 -2.080571e-04 -2.983098e-08 -2.538205e-10 -3.588409e-10 -2.214115e-06  3.012354e-04 -8.635863e-05 -2.015344e-08 -2.175128e-11 -6.699335e-11 -1.837806e-07  1.333780e-04 -1.554922e-05 -9.284626e-09]
 [-2.337703e-19  7.000000e-02 -4.577133e-24  2.060843e-06  2.953865e-22  2.333698e-02  8.551690e-08  4.964220e-09  9.564510e-04 -2.446992e-04  2.914309e-03  6.690768e-09  7.592529e-08  1.177212e-08  8.341283e-04 -6.350177e-04  2.672448e-03
   2.005770e-08  6.692702e-08  1.345330e-08  7.230047e-04 -8.361539e-04  2.413297e-03  3.251563e-08  5.928687e-08  1.076335e-08  6.220071e-04 -8.585484e-04  2.214716e-03  4.359708e-08  5.267665e-08  5.061439e-09  5.287355e-04 -7.209779e-04
   2.058046e-03  5.231163e-08  4.612825e-08 -2.035233e-09  4.412495e-04 -4.749040e-04  1.943281e-03  5.891226e-08  3.882004e-08 -8.777524e-09  3.592917e-04 -1.663385e-04  1.797824e-03  6.230144e-08  3.071557e-08 -1.357610e-08  2.843367e-04
   1.349502e-04  1.620463e-03  6.326295e-08  2.262112e-08 -1.552751e-08  2.184979e-04  3.673159e-04  1.384544e-03  6.080430e-08  1.560592e-08 -1.473968e-08  1.630776e-04  4.990979e-04  1.150388e-03  5.655354e-08  1.030197e-08 -1.209597e-08
   1.178176e-04  5.181670e-04  9.252320e-04  4.986320e-08  6.657370e-09 -8.684373e-09  8.127404e-05  4.593232e-04  7.522581e-04  4.278238e-08  4.190498e-09 -5.376986e-09  5.183694e-05  3.396857e-04  5.972235e-04  3.439013e-08  2.403467e-09
  -2.722580e-09  2.863703e-05  2.080571e-04  4.629842e-04  2.637185e-08  1.059299e-09 -9.836863e-10  1.184456e-05  8.635863e-05  3.012354e-04  1.708326e-08  2.165643e-10 -1.607700e-10  2.277289e-06  1.554922e-05  1.333780e-04  7.751447e-09]
 [ 8.134954e-22 -4.577133e-24  7.000000e-02 -1.309341e-03 -2.333698e-02 -1.241396e-23  2.553586e-05 -9.564220e-04 -2.053688e-09  6.559362e-09 -5.990659e-09  2.928049e-03  1.591314e-04 -8.186590e-04 -5.876804e-09  1.973413e-08 -1.581351e-08
   2.748780e-03  2.354407e-04 -6.832119e-04 -9.177883e-09  3.133836e-08 -2.350415e-08  2.554573e-03  2.591556e-04 -5.666406e-04 -1.181076e-08  4.037525e-08 -3.110588e-08  2.375305e-03  2.429329e-04 -4.752541e-04 -1.365074e-08  4.537378e-08
  -3.955768e-08  2.181098e-03  2.007434e-04 -4.051924e-04 -1.460603e-08  4.612254e-08 -4.940369e-08  2.001829e-03  1.456061e-04 -3.471893e-04 -1.464034e-08  4.185929e-08 -5.872126e-08  1.807622e-03  8.957089e-05 -2.924826e-04 -1.380583e-08
   3.433380e-08 -6.637030e-08  1.628354e-03  4.274269e-05 -2.370758e-04 -1.225853e-08  2.522585e-08 -6.963656e-08  1.434146e-03  1.099337e-05 -1.822902e-04 -1.023109e-08  1.781429e-08 -6.941742e-08  1.254878e-03 -5.266949e-06 -1.319717e-04
  -7.977139e-09  1.349555e-08 -6.473902e-08  1.060671e-03 -9.798346e-06 -8.924140e-05 -5.726402e-09  1.300014e-08 -5.806596e-08  8.814024e-04 -7.872313e-06 -5.520814e-05 -3.673321e-09  1.460439e-08 -4.783697e-08  6.871951e-04 -4.079980e-06
  -2.961127e-05 -1.982936e-09  1.641260e-08 -3.623420e-08  5.079268e-04 -1.232548e-06 -1.199134e-05 -7.844374e-10  1.466711e-08 -2.193293e-08  3.137195e-04 -1.218695e-07 -2.281998e-06 -1.429683e-10  8.322176e-09 -8.755216e-09  1.344512e-04]
 [ 8.467078e-24  2.060843e-06 -1.309341e-03  1.476977e-04  1.409771e-04  9.123967e-07  5.979635e-06  5.434412e-06  3.794889e-08 -7.724903e-09  8.972220e-08 -5.722171e-05  5.274918e-06  3.783187e-06  3.406981e-08 -2.107886e-08  8.710399e-08
  -5.647427e-05  4.969638e-06  1.875520e-06  3.033298e-08 -2.937318e-08  8.329240e-08 -5.371675e-05  4.913501e-06 -1.951867e-07  2.674187e-08 -3.172089e-08  8.033173e-08 -4.864573e-05  4.845372e-06 -2.310913e-06  2.324559e-08 -2.805459e-08
   7.849051e-08 -4.012383e-05  4.498799e-06 -4.302353e-06  1.980076e-08 -1.937990e-08  7.738263e-08 -2.970022e-05  3.723713e-06 -5.925490e-06  1.642603e-08 -7.201157e-09  7.468634e-08 -1.644770e-05  2.581119e-06 -6.916815e-06  1.321530e-08
   5.757776e-09  6.969102e-08 -3.505792e-06  1.330592e-06 -7.120630e-06  1.029856e-08  1.663750e-08  6.146596e-08  9.778752e-06  2.909608e-07 -6.583168e-06  7.775602e-09  2.346990e-08  5.227403e-08  2.005510e-05 -3.333735e-07 -5.521094e-06
   5.672375e-09  2.532552e-08  4.286657e-08  2.781808e-05 -5.288583e-07 -4.202131e-06  3.948545e-09  2.329654e-08  3.533806e-08  3.118763e-05 -4.315601e-07 -2.851803e-06  2.542738e-09  1.804904e-08  2.847787e-08  3.044939e-05 -2.289762e-07
  -1.636678e-06  1.420011e-09  1.174949e-08  2.243889e-08  2.593133e-05 -6.945574e-08 -6.921963e-07  5.942967e-10  5.446906e-09  1.490038e-08  1.763239e-05 -6.122375e-09 -1.344779e-07  1.155098e-10  1.330994e-09  6.730676e-09  7.878617e-06]
 [-2.060843e-06  2.953865e-22 -2.333698e-02  1.409771e-04  1.042232e-02 -1.358452e-08 -3.110340e-05  4.320545e-04  4.921665e-10 -9.191126e-08 -5.489939e-09 -1.019688e-03 -9.207494e-05  3.784951e-04  3.003498e-09 -9.406643e-08 -1.483527e-08
  -1.011898e-03 -1.276837e-04  3.237082e-04  5.801648e-09 -9.502798e-08 -1.954287e-08 -9.952060e-04 -1.389697e-04  2.759223e-04  8.550171e-09 -9.624141e-08 -1.814398e-08 -9.723799e-04 -1.308621e-04  2.385147e-04  1.091117e-08 -9.732603e-08
  -1.015750e-08 -9.397149e-04 -1.092909e-04  2.098114e-04  1.258143e-08 -9.744492e-08  3.592336e-09 -9.021541e-04 -8.027193e-05  1.852539e-04  1.333270e-08 -9.391446e-08  2.092195e-08 -8.532144e-04 -4.995227e-05  1.603944e-04  1.306873e-08
  -8.642199e-08  3.847441e-08 -8.002554e-04 -2.396729e-05  1.332670e-04  1.186901e-08 -7.485843e-08  5.214815e-08 -7.344530e-04 -5.940640e-06  1.048517e-04  9.973758e-09 -6.284085e-08  6.005059e-08 -6.661537e-04  3.488917e-06  7.761384e-05
   7.709371e-09 -5.200427e-08  6.064843e-08 -5.843825e-04  6.162263e-06  5.366202e-05  5.402905e-09 -4.480639e-08  5.591423e-08 -5.020459e-04  4.977892e-06  3.395178e-05  3.330932e-09 -3.922787e-08  4.563411e-08 -4.055744e-04  2.613745e-06
   1.862608e-05  1.699049e-09 -3.430738e-08  3.300081e-08 -3.096896e-04  8.016639e-07  7.711861e-06  6.232184e-10 -2.540005e-08  1.846552e-08 -1.980492e-04  8.051791e-08  1.498053e-06  1.037991e-10 -1.266109e-08  6.537135e-09 -8.746577e-05]
 [ 1.309341e-03  2.333698e-02 -1.241396e-23  9.123967e-07 -1.358452e-08  1.056946e-02  3.855870e-08  1.759892e-09  4.400747e-04 -2.908198e-05  1.019660e-03  2.237608e-09  3.544165e-08  5.214488e-09  3.958769e-04 -1.794416e-04  9.967330e-04
   7.090795e-09  3.221444e-08  6.392549e-09  3.531099e-04 -2.752796e-04  9.576526e-04  1.223152e-08  2.932741e-08  5.425453e-09  3.119916e-04 -3.061123e-04  9.242203e-04  1.732955e-08  2.672864e-08  2.818432e-09  2.721244e-04 -2.725510e-04
   9.000745e-04  2.201098e-08  2.400473e-08 -7.057842e-10  2.331149e-04 -1.848013e-04  8.830060e-04  2.607688e-08  2.074422e-08 -4.273137e-09  1.951224e-04 -6.167876e-05  8.503031e-04  2.909293e-08  1.689054e-08 -7.008886e-09  1.590027e-04
   7.030725e-05  7.962383e-04  3.102025e-08  1.283365e-08 -8.329114e-09  1.259380e-04  1.790802e-04  7.116286e-04  3.144029e-08  9.153961e-09 -8.164149e-09  9.682278e-05  2.468479e-04  6.186789e-04  3.073546e-08  6.248982e-09 -6.895373e-09
   7.187391e-05  2.613500e-04  5.233461e-04  2.861896e-08  4.160988e-09 -5.080881e-09  5.074330e-05  2.350153e-04  4.447377e-04  2.583813e-08  2.679413e-09 -3.219291e-09  3.298011e-05  1.739386e-04  3.675368e-04  2.191140e-08  1.560402e-09
  -1.663264e-09  1.849758e-05  1.031052e-04  2.929245e-04  1.760561e-08  6.950104e-10 -6.116660e-10  7.747173e-06  3.750281e-05  1.950304e-04  1.191924e-08  1.433001e-10 -1.015558e-10  1.505857e-06  2.259316e-06  8.768036e-05  5.587607e-09]
 [ 7.015237e-09  8.551690e-08  2.553586e-05  5.979635e-06 -3.110340e-05  3.855870e-08  3.738667e-07 -1.307817e-06  1.601345e-09 -7.738399e-12  3.745551e-09  1.117762e-06  5.612184e-07 -1.189293e-06  1.431004e-09 -5.566737e-10  3.682208e-09
   1.130809e-06  6.753503e-07 -1.077275e-06  1.264984e-09 -9.021791e-10  3.553026e-09  1.199676e-06  7.133177e-07 -9.971998e-07  1.104693e-09 -9.991593e-10  3.434972e-09  1.345812e-06  6.812766e-07 -9.560643e-07  9.492704e-10 -8.440528e-10
   3.339971e-09  1.606665e-06  5.887776e-07 -9.405215e-07  7.980253e-10 -4.797699e-10  3.253512e-09  1.931432e-06  4.508067e-07 -9.236072e-07  6.526119e-10  2.167679e-11  3.086726e-09  2.338147e-06  2.920780e-07 -8.778895e-07  5.174055e-10
   5.445590e-10  2.819810e-09  2.715686e-06  1.441656e-07 -7.895432e-07  3.977127e-10  9.669414e-10  2.428242e-09  3.061508e-06  3.402064e-08 -6.641296e-07  2.970079e-10  1.216957e-09  2.013626e-09  3.266320e-06 -2.711943e-08 -5.199828e-07
   2.153269e-10  1.259979e-09  1.614047e-09  3.312739e-06 -4.526201e-08 -3.763800e-07  1.498686e-10  1.150009e-09  1.311649e-09  3.164968e-06 -3.675435e-08 -2.466111e-07  9.709279e-11  9.080016e-10  1.056398e-09  2.786932e-06 -1.940500e-08
  -1.384704e-07  5.482007e-11  6.225728e-10  8.436406e-10  2.245679e-06 -5.919047e-09 -5.797985e-08  2.326466e-11  3.223329e-10  5.729288e-10  1.482407e-06 -5.574345e-10 -1.126604e-08  4.585071e-12  1.015589e-10  2.653660e-10  6.588905e-07]
 [-8.350876e-08  4.964220e-09 -9.564220e-04  5.434412e-06  4.320545e-04  1.759892e-09 -1.307817e-06  1.791942e-05  1.172632e-10 -3.747552e-09 -5.737056e-12 -4.182747e-05 -3.837680e-06  1.571269e-05  2.117385e-10 -3.882886e-09 -3.911773e-10
  -4.164406e-05 -5.316420e-06  1.344944e-05  3.182868e-10 -3.958349e-09 -5.931093e-10 -4.109249e-05 -5.785396e-06  1.147241e-05  4.231693e-10 -4.026886e-09 -5.436846e-10 -4.025100e-05 -5.448117e-06  9.923049e-06  5.123594e-10 -4.074623e-09
  -2.202799e-10 -3.898264e-05 -4.550432e-06  8.732791e-06  5.731873e-10 -4.067701e-09  3.442972e-10 -3.747981e-05 -3.342402e-06  7.712901e-06  5.961636e-10 -3.900298e-09  1.055178e-09 -3.548535e-05 -2.079953e-06  6.679043e-06  5.774176e-10
  -3.564351e-09  1.771730e-09 -3.330276e-05 -9.978521e-07  5.550018e-06  5.204606e-10 -3.063177e-09  2.321343e-09 -3.057395e-05 -2.470947e-07  4.367057e-06  4.354440e-10 -2.550890e-09  2.629595e-09 -2.773328e-05  1.456531e-07  3.233041e-06
   3.359705e-10 -2.098898e-09  2.633969e-09 -2.432956e-05  2.570065e-07  2.235807e-06  2.355561e-10 -1.806831e-09  2.420402e-09 -2.090319e-05  2.076354e-07  1.415072e-06  1.455991e-10 -1.589850e-09  1.976651e-09 -1.689081e-05  1.090655e-07
   7.766928e-07  7.463085e-11 -1.402284e-09  1.435510e-09 -1.290367e-05  3.347242e-08  3.217814e-07  2.757968e-11 -1.047661e-09  8.099829e-10 -8.258732e-06  3.366911e-09  6.255220e-08  4.638212e-12 -5.262404e-10  2.906912e-10 -3.650932e-06]
 [ 5.366646e-05  9.564510e-04 -2.053688e-09  3.794889e-08  4.921665e-10  4.400747e-04  1.601345e-09  1.172632e-10  1.833744e-05 -1.195187e-06  4.182747e-05  2.001053e-12  1.467865e-09  2.563022e-10  1.652154e-05 -7.388649e-06  4.102171e-05
   2.023357e-10  1.331729e-09  3.005973e-10  1.475834e-05 -1.137557e-05  3.954846e-05  4.165986e-10  1.211745e-09  2.560039e-10  1.305786e-05 -1.269240e-05  3.827415e-05  6.306634e-10  1.105415e-09  1.436276e-10  1.140460e-05 -1.134696e-05
   3.737476e-05  8.293472e-10  9.949415e-10 -6.680525e-12  9.782876e-06 -7.736619e-06  3.675085e-05  1.003487e-09  8.624564e-10 -1.588531e-10  8.199704e-06 -2.636707e-06  3.547560e-05  1.135610e-09  7.048534e-10 -2.765961e-10  6.691048e-06
   2.859648e-06  3.329584e-05  1.222906e-09  5.378220e-10 -3.353996e-10  5.306706e-06  7.409384e-06  2.983191e-05  1.248696e-09  3.853661e-10 -3.319748e-10  4.084773e-06  1.026107e-05  2.599600e-05  1.227501e-09  2.642323e-10 -2.818873e-10
   3.035243e-06  1.088948e-05  2.204115e-05  1.148292e-09  1.765403e-10 -2.082958e-10  2.144495e-06  9.802849e-06  1.876397e-05  1.040798e-09  1.138619e-10 -1.320933e-10  1.394505e-06  7.253317e-06  1.552797e-05  8.860140e-10  6.629737e-11
  -6.817775e-11  7.823929e-07  4.287250e-06  1.238472e-05  7.145236e-10  2.949289e-11 -2.499527e-11  3.277517e-07  1.542051e-06  8.249686e-06  4.855580e-10  6.072160e-12 -4.129138e-12  6.371731e-08  7.680225e-08  3.709534e-06  2.284030e-10]
 [ 2.914309e-03 -2.446992e-04  6.559362e-09 -7.724903e-09 -9.191126e-08 -2.908198e-05 -7.738399e-12 -3.747552e-09 -1.195187e-06  1.264954e-04  2.001522e-16  7.743714e-12  4.661331e-10 -3.179040e-09 -1.609986e-06  1.187077e-04  1.777799e-05
  -4.722324e-10  6.506331e-10 -2.646172e-09 -2.632163e-06  1.081669e-04  2.749299e-05 -8.178823e-10  6.013101e-10 -2.196127e-09 -3.901186e-06  9.960315e-05  2.920160e-05 -1.075262e-09  4.008807e-10 -1.823437e-09 -5.083317e-06  9.227334e-05
   2.379031e-05 -1.275469e-09  1.349833e-10 -1.492128e-09 -5.914295e-06  8.636738e-05  1.349983e-05 -1.465357e-09 -1.176374e-10 -1.170092e-09 -6.226786e-06  7.889417e-05  6.017537e-07 -1.637442e-09 -2.960247e-10 -8.538386e-10 -5.974442e-06
   7.005873e-05 -1.186163e-05 -1.808751e-09 -3.723381e-10 -5.682383e-10 -5.237670e-06  5.892818e-05 -2.110771e-05 -1.926589e-09 -3.571952e-10 -3.437833e-10 -4.190391e-06  4.824593e-05 -2.598075e-05 -2.001856e-09 -2.856532e-10 -1.930596e-10
  -3.038091e-06  3.837187e-05 -2.597936e-05 -1.970014e-09 -1.951253e-10 -1.054790e-10 -1.960906e-06  3.105770e-05 -2.277828e-05 -1.871384e-09 -1.120793e-10 -5.840367e-11 -1.085257e-06  2.474920e-05 -1.699643e-05 -1.641497e-09 -5.058940e-11
  -3.124192e-11 -4.770826e-07  1.939045e-05 -1.076928e-05 -1.345977e-09 -1.508667e-11 -1.317880e-11 -1.401574e-07  1.279721e-05 -4.872887e-06 -9.095324e-10 -1.759106e-12 -2.549195e-12 -1.641398e-08  5.750025e-06 -1.169710e-06 -4.195785e-10]
 [ 2.446992e-04  2.914309e-03 -5.990659e-09  8.972220e-08 -5.489939e-09  1.019660e-03  3.745551e-09 -5.737056e-12  4.182747e-05  2.001524e-16  1.264954e-04  7.743714e-12  3.353507e-09  3.274554e-10  3.644391e-05 -1.777799e-05  1.187077e-04
   5.679769e-10  2.967002e-09  4.330064e-10  3.148390e-05 -2.749299e-05  1.081669e-04  1.104181e-09  2.625418e-09  3.417017e-10  2.694701e-05 -2.920160e-05  9.960315e-05  1.586033e-09  2.320128e-09  1.142334e-10  2.275632e-05 -2.379031e-05
   9.227334e-05  1.970411e-09  2.014561e-09 -1.758051e-10  1.884915e-05 -1.349983e-05  8.636738e-05  2.261483e-09  1.678077e-09 -4.498975e-10  1.522840e-05 -6.017537e-07  7.889417e-05  2.414704e-09  1.313061e-09 -6.389139e-10  1.196268e-05
   1.186163e-05  7.005873e-05  2.460050e-09  9.562331e-10 -7.057381e-10  9.137836e-06  2.110771e-05  5.892818e-05  2.361418e-09  6.530051e-10 -6.575589e-10  6.796236e-06  2.598075e-05  4.824592e-05  2.186329e-09  4.280776e-10 -5.338048e-10
   4.909127e-06  2.597936e-05  3.837187e-05  1.914815e-09  2.763720e-10 -3.809820e-10  3.397900e-06  2.277828e-05  3.105770e-05  1.630367e-09  1.750428e-10 -2.353064e-10  2.181229e-06  1.699643e-05  2.474920e-05  1.301018e-09  1.015148e-10
  -1.191228e-10  1.215397e-06  1.076928e-05  1.939045e-05  9.921608e-10  4.529720e-11 -4.307257e-11  5.075499e-07  4.872887e-06  1.279721e-05  6.410257e-10  9.360182e-12 -7.041322e-12  9.847746e-08  1.169710e-06  5.750025e-06  2.910587e-10]
 [-5.847626e-09  6.690768e-09  2.928049e-03 -5.722171e-05 -1.019688e-03  2.237608e-09  1.117762e-06 -4.182747e-05  2.001053e-12  7.743714e-12  7.743714e-12  1.267950e-04  6.961998e-06 -3.581633e-05 -1.758208e-10  5.633431e-10 -4.778923e-10
   1.202591e-04  1.030053e-05 -2.989052e-05 -3.285657e-10  1.073580e-09 -8.582919e-10  1.117626e-04  1.133806e-05 -2.479053e-05 -4.506295e-10  1.484208e-09 -1.212906e-09  1.039196e-04  1.062832e-05 -2.079237e-05 -5.374572e-10  1.730620e-09
  -1.586359e-09  9.542302e-05  8.782523e-06 -1.772717e-05 -5.857502e-10  1.798368e-09 -2.006998e-09  8.758003e-05  6.370268e-06 -1.518953e-05 -5.942844e-10  1.655863e-09 -2.402104e-09  7.908346e-05  3.918726e-06 -1.279611e-05 -5.652975e-10
   1.372716e-09 -2.728076e-09  7.124047e-05  1.869993e-06 -1.037206e-05 -5.052551e-10  1.018541e-09 -2.874301e-09  6.274390e-05  4.809600e-07 -7.975198e-06 -4.238617e-10  7.282657e-10 -2.876739e-09  5.490091e-05 -2.304290e-07 -5.773761e-06
  -3.318206e-10  5.611195e-10 -2.693123e-09  4.640434e-05 -4.286776e-07 -3.904311e-06 -2.389528e-10  5.487671e-10 -2.423846e-09  3.856136e-05 -3.444137e-07 -2.415356e-06 -1.536590e-10  6.205496e-10 -2.002550e-09  3.006479e-05 -1.784991e-07
  -1.295493e-06 -8.310761e-11  6.982084e-10 -1.520108e-09  2.222180e-05 -5.392396e-08 -5.246211e-07 -3.292707e-11  6.238239e-10 -9.215102e-10  1.372523e-05 -5.331789e-09 -9.983742e-08 -6.008568e-12  3.538942e-10 -3.681933e-10  5.882241e-06]
 [ 1.678457e-08  7.592529e-08  1.591314e-04  5.274918e-06 -9.207494e-05  3.544165e-08  5.612184e-07 -3.837680e-06  1.467865e-09  4.661331e-10  3.353507e-09  6.961998e-06  1.105927e-06 -3.409647e-06  1.301182e-09 -5.567983e-12  3.357669e-09
   6.962285e-06  1.429104e-06 -2.979459e-06  1.135939e-09 -3.065684e-10  3.293121e-09  6.973086e-06  1.533409e-06 -2.621030e-06  9.751067e-10 -3.866238e-10  3.200965e-09  7.015662e-06  1.453601e-06 -2.361529e-06  8.199518e-10 -2.398411e-10
   3.091701e-09  7.110120e-06  1.233917e-06 -2.178043e-06  6.717041e-10  9.429205e-11  2.953206e-09  7.230967e-06  9.247213e-07 -2.016998e-06  5.333220e-10  5.372378e-10  2.718962e-09  7.361633e-06  5.870038e-07 -1.824949e-06  4.095509e-10
   9.813596e-10  2.386153e-09  7.433486e-06  2.856421e-07 -1.576647e-06  3.050399e-10  1.312984e-09  1.956479e-09  7.394576e-06  6.901874e-08 -1.283562e-06  2.218446e-10  1.483426e-09  1.532997e-09  7.197564e-06 -4.783183e-08 -9.786498e-07
   1.583123e-10  1.468430e-09  1.161834e-09  6.761958e-06 -8.177131e-08 -6.936550e-07  1.100884e-10  1.329985e-09  9.087729e-10  6.128917e-06 -6.625387e-08 -4.474946e-07  7.235606e-11  1.075822e-09  7.302603e-10  5.182755e-06 -3.490645e-08
  -2.487863e-07  4.193243e-11  7.824908e-10  6.040447e-10  4.076932e-06 -1.067940e-08 -1.037128e-07  1.837452e-11  4.504355e-10  4.337741e-10  2.655460e-06 -1.036945e-09 -2.016264e-08  3.734221e-12  1.692754e-10  2.128882e-10  1.177973e-06]
 [-7.015060e-08  1.177212e-08 -8.186590e-04  3.783187e-06  3.784951e-04  5.214488e-09 -1.189293e-06  1.571269e-05  2.563022e-10 -3.179040e-09  3.274554e-10 -3.581633e-05 -3.409647e-06  1.380647e-05  3.246512e-10 -3.359551e-09 -3.685746e-12
  -3.580376e-05 -4.710064e-06  1.184233e-05  4.037220e-10 -3.486045e-09 -1.874494e-10 -3.560235e-05 -5.123147e-06  1.012068e-05  4.818452e-10 -3.580625e-09 -1.553458e-10 -3.509011e-05 -4.825182e-06  8.768302e-06  5.467273e-10 -3.633009e-09
   1.181333e-10 -3.416696e-05 -4.031321e-06  7.726706e-06  5.870879e-10 -3.613300e-09  6.069649e-10 -3.297383e-05 -2.961892e-06  6.830860e-06  5.945187e-10 -3.437436e-09  1.221973e-09 -3.131059e-05 -1.843428e-06  5.919193e-06  5.657642e-10
  -3.104964e-09  1.836828e-09 -2.943707e-05 -8.842144e-07  4.921055e-06  5.042244e-10 -2.631547e-09  2.295701e-09 -2.705637e-05 -2.184243e-07  3.873888e-06  4.191246e-10 -2.159259e-09  2.538498e-09 -2.455748e-05  1.300159e-07  2.869411e-06
   3.225612e-10 -1.757433e-09  2.511821e-09 -2.155363e-05  2.288371e-07  1.985701e-06  2.263864e-10 -1.510594e-09  2.297416e-09 -1.852778e-05  1.849329e-07  1.257957e-06  1.405569e-10 -1.342666e-09  1.879267e-09 -1.498493e-05  9.723102e-08
   6.913118e-07  7.262710e-11 -1.204125e-09  1.374848e-09 -1.146286e-05  2.988321e-08  2.868448e-07  2.716062e-11 -9.154260e-10  7.865551e-10 -7.351547e-06  3.015555e-09  5.585505e-08  4.636916e-12 -4.665082e-10  2.884439e-10 -3.257443e-06]
 [ 3.378722e-05  8.341283e-04 -5.876804e-09  3.406981e-08  3.003498e-09  3.958769e-04  1.431004e-09  2.117385e-10  1.652154e-05 -1.609986e-06  3.644391e-05 -1.758208e-10  1.301182e-09  3.246512e-10  1.493890e-05 -7.017975e-06  3.580376e-05
   1.881738e-12  1.174478e-09  3.525755e-10  1.339525e-05 -1.054638e-05  3.474077e-05  1.946897e-10  1.067390e-09  3.017877e-10  1.189682e-05 -1.175954e-05  3.383384e-05  3.905021e-10  9.766264e-10  1.913708e-10  1.043022e-05 -1.062493e-05
   3.327234e-05  5.764067e-10  8.846142e-10  4.750203e-11  8.981603e-06 -7.442894e-06  3.294091e-05  7.427681e-10  7.734253e-10 -9.820010e-11  7.557290e-06 -2.879590e-06  3.203534e-05  8.749160e-10  6.384404e-10 -2.133695e-10  6.190093e-06
   2.103748e-06  3.028314e-05  9.680616e-10  4.925081e-10 -2.754325e-10  4.926344e-06  6.288506e-06  2.733582e-05  1.008363e-09  3.569205e-10 -2.804783e-10  3.802886e-06  8.964259e-06  2.398206e-05  1.006084e-09  2.473005e-10 -2.417859e-10
   2.831667e-06  9.626417e-06  2.045752e-05  9.527838e-10  1.664693e-10 -1.800595e-10  2.003103e-06  8.704234e-06  1.748818e-05  8.725475e-10  1.076735e-10 -1.144600e-10  1.303149e-06  6.428193e-06  1.450737e-05  7.500836e-10  6.260233e-11
  -5.892092e-11  7.310532e-07  3.751784e-06  1.157642e-05  6.104587e-10  2.774108e-11 -2.142829e-11  3.061107e-07  1.286039e-06  7.708605e-06  4.185791e-10  5.687287e-12 -3.493429e-12  5.948164e-08  6.212984e-09  3.462938e-06  1.984689e-10]
 [ 2.672448e-03 -6.350177e-04  1.973413e-08 -2.107886e-08 -9.406643e-08 -1.794416e-04 -5.566737e-10 -3.882886e-09 -7.388649e-06  1.187077e-04 -1.777799e-05  5.633431e-10 -5.567983e-12 -3.359551e-09 -7.017975e-06  1.187872e-04  1.882398e-16
   5.569789e-12  2.499704e-10 -2.821738e-09 -7.291492e-06  1.111088e-04  1.109641e-05 -4.528516e-10  2.568616e-10 -2.339128e-09 -7.871553e-06  1.028906e-04  1.406181e-05 -8.157717e-10  1.007105e-10 -1.917911e-09 -8.417190e-06  9.483315e-05
   9.799381e-06 -1.110661e-09 -1.254636e-10 -1.532666e-09 -8.657621e-06  8.745799e-05  4.977132e-07 -1.378404e-09 -3.365387e-10 -1.161427e-09 -8.427726e-06  7.814405e-05 -1.115047e-05 -1.611056e-09 -4.701055e-10 -8.092477e-10 -7.691864e-06
   6.754709e-05 -2.216578e-05 -1.823835e-09 -5.020272e-10 -5.054444e-10 -6.542370e-06  5.515844e-05 -2.965632e-05 -1.965320e-09 -4.483724e-10 -2.793840e-10 -5.157619e-06  4.386439e-05 -3.288711e-05 -2.050260e-09 -3.474190e-10 -1.384323e-10
  -3.736629e-06  3.409563e-05 -3.141568e-05 -2.017921e-09 -2.361922e-10 -6.582614e-11 -2.445917e-06  2.733589e-05 -2.715973e-05 -1.914533e-09 -1.385516e-10 -3.400295e-11 -1.398449e-06  2.195534e-05 -2.050021e-05 -1.677646e-09 -6.599620e-11
  -1.921018e-11 -6.529539e-07  1.758073e-05 -1.354152e-05 -1.375831e-09 -2.192121e-11 -9.070137e-12 -2.142300e-07  1.193553e-05 -6.726280e-06 -9.313405e-10 -3.158775e-12 -1.938902e-12 -3.090067e-08  5.514678e-06 -2.013328e-06 -4.310396e-10]
 [ 6.350177e-04  2.672448e-03 -1.581351e-08  8.710399e-08 -1.483527e-08  9.967330e-04  3.682208e-09 -3.911773e-10  4.102171e-05  1.777799e-05  1.187077e-04 -4.778923e-10  3.357669e-09 -3.685746e-12  3.580376e-05  1.882417e-16  1.187872e-04
   5.569789e-12  2.990422e-09  1.559259e-10  3.075692e-05 -1.109641e-05  1.111088e-04  5.163954e-10  2.640914e-09  1.118667e-10  2.607939e-05 -1.406181e-05  1.028906e-04  9.866784e-10  2.311917e-09 -7.394499e-11  2.175731e-05 -9.799381e-06
   9.483315e-05  1.371693e-09  1.977518e-09 -3.240296e-10  1.776801e-05 -4.977131e-07  8.745799e-05  1.663275e-09  1.616810e-09 -5.575743e-10  1.413927e-05  1.115047e-05  7.814405e-05  1.823780e-09  1.239085e-09 -7.072231e-10  1.094587e-05
   2.216578e-05  6.754709e-05  1.875017e-09  8.830208e-10 -7.406683e-10  8.260790e-06  2.965632e-05  5.515844e-05  1.794426e-09  5.909205e-10 -6.693272e-10  6.100032e-06  3.288711e-05  4.386439e-05  1.641873e-09  3.819297e-10 -5.333983e-10
   4.404563e-06  3.141568e-05  3.409563e-05  1.412524e-09  2.461224e-10 -3.767615e-10  3.069793e-06  2.715973e-05  2.733589e-05  1.177666e-09  1.578932e-10 -2.316797e-10  1.996439e-06  2.050021e-05  2.195534e-05  9.205830e-10  9.362809e-11
  -1.172406e-10  1.131432e-06  1.354152e-05  1.758073e-05  6.908888e-10  4.278815e-11 -4.244384e-11  4.812811e-07  6.726280e-06  1.193553e-05  4.430041e-10  9.020332e-12 -6.940108e-12  9.498560e-08  2.013328e-06  5.514678e-06  2.015850e-10]
 [-1.539808e-08  2.005770e-08  2.748780e-03 -5.647427e-05 -1.011898e-03  7.090795e-09  1.130809e-06 -4.164406e-05  2.023357e-10 -4.722324e-10  5.679769e-10  1.202591e-04  6.962285e-06 -3.580376e-05  1.881738e-12  5.569789e-12  5.569789e-12
   1.189520e-04  1.030053e-05 -2.989052e-05 -1.700325e-10  5.097592e-10 -4.604344e-10  1.117626e-04  1.133806e-05 -2.479053e-05 -3.083181e-10  9.467676e-10 -8.621591e-10  1.039196e-04  1.062832e-05 -2.079237e-05 -4.100899e-10  1.248061e-09
  -1.248315e-09  9.542302e-05  8.782523e-06 -1.772717e-05 -4.734056e-10  1.387899e-09 -1.655361e-09  8.758003e-05  6.370268e-06 -1.518953e-05 -4.976997e-10  1.336035e-09 -2.033762e-09  7.908346e-05  3.918726e-06 -1.279611e-05 -4.850739e-10
   1.146960e-09 -2.351178e-09  7.124047e-05  1.869993e-06 -1.037206e-05 -4.412671e-10  8.809601e-10 -2.512559e-09  6.274390e-05  4.809600e-07 -7.975198e-06 -3.750860e-10  6.565071e-10 -2.545618e-09  5.490091e-05 -2.304290e-07 -5.773761e-06
  -2.965433e-10  5.290287e-10 -2.408411e-09  4.640434e-05 -4.286776e-07 -3.904311e-06 -2.151055e-10  5.310216e-10 -2.186368e-09  3.856136e-05 -3.444137e-07 -2.415356e-06 -1.390479e-10  6.009803e-10 -1.817950e-09  3.006479e-05 -1.784991e-07
  -1.295493e-06 -7.547898e-11  6.709066e-10 -1.385712e-09  2.222180e-05 -5.392396e-08 -5.246211e-07 -2.997871e-11  5.953041e-10 -8.417908e-10  1.372523e-05 -5.331789e-09 -9.983742e-08 -5.479826e-12  3.362874e-10 -3.364713e-10  5.882241e-06]
 [ 2.008493e-08  6.692702e-08  2.354407e-04  4.969638e-06 -1.276837e-04  3.221444e-08  6.753503e-07 -5.316420e-06  1.331729e-09  6.506331e-10  2.967002e-09  1.030053e-05  1.429104e-06 -4.710064e-06  1.174478e-09  2.499704e-10  2.990422e-09
   1.030053e-05  1.874873e-06 -4.096047e-06  1.017666e-09 -2.805866e-12  2.957119e-09  1.030077e-05  2.018148e-06 -3.576277e-06  8.642677e-10 -6.274526e-11  2.892882e-09  1.030558e-05  1.910193e-06 -3.189921e-06  7.163377e-10  7.759694e-11
   2.792624e-09  1.032230e-05  1.615470e-06 -2.908633e-06  5.761359e-10  3.840920e-10  2.641908e-09  1.033720e-05  1.205119e-06 -2.663314e-06  4.472817e-10  7.802833e-10  2.390239e-09  1.031609e-05  7.615469e-07 -2.385298e-06  3.346288e-10
   1.167516e-09  2.041962e-09  1.021429e-05  3.693615e-07 -2.042704e-06  2.424000e-10  1.441650e-09  1.613640e-09  9.952737e-06  8.967333e-08 -1.650586e-06  1.719063e-10  1.567038e-09  1.204327e-09  9.520850e-06 -6.019365e-08 -1.250615e-06
   1.207129e-10  1.525858e-09  8.641659e-10  8.802174e-06 -1.034995e-07 -8.819470e-07  8.381022e-11  1.380986e-09  6.481197e-10  7.883611e-06 -8.381607e-08 -5.668443e-07  5.584916e-11  1.132662e-09  5.191686e-10  6.602867e-06 -4.414420e-08
  -3.144179e-07  3.317724e-11  8.473727e-10  4.463981e-10  5.164111e-06 -1.352041e-08 -1.309656e-07  1.496826e-11  5.096455e-10  3.394135e-10  3.353445e-06 -1.324011e-09 -2.547356e-08  3.123961e-12  2.032535e-10  1.757220e-10  1.487590e-06]
 [-5.807795e-08  1.345330e-08 -6.832119e-04  1.875520e-06  3.237082e-04  6.392549e-09 -1.077275e-06  1.344944e-05  3.005973e-10 -2.646172e-09  4.330064e-10 -2.989052e-05 -2.979459e-06  1.184233e-05  3.525755e-10 -2.821738e-09  1.559259e-10
  -2.989052e-05 -4.096047e-06  1.018546e-05  4.137048e-10 -2.958861e-09 -1.063313e-12 -2.987451e-05 -4.451528e-06  8.730112e-06  4.742285e-10 -3.070010e-09  2.241615e-11 -2.969049e-05 -4.193887e-06  7.584448e-06  5.236673e-10 -3.134446e-09
   2.528348e-10 -2.913336e-05 -3.506192e-06  6.699807e-06  5.522185e-10 -3.122264e-09  6.711748e-10 -2.827627e-05 -2.577860e-06  5.934965e-06  5.525041e-10 -2.966738e-09  1.199639e-09 -2.697877e-05 -1.605279e-06  5.151168e-06  5.216626e-10
  -2.668287e-09  1.727315e-09 -2.544925e-05 -7.699988e-07  4.288242e-06  4.626875e-10 -2.247631e-09  2.117320e-09 -2.345445e-05 -1.895327e-07  3.379791e-06  3.836632e-10 -1.830422e-09  2.318094e-09 -2.132921e-05  1.145856e-07  2.506479e-06
   2.951426e-10 -1.481627e-09  2.283722e-09 -1.875367e-05  2.009102e-07  1.736894e-06  2.074287e-10 -1.273675e-09  2.086853e-09 -1.614737e-05  1.624352e-07  1.102069e-06  1.291896e-10 -1.140758e-09  1.710999e-09 -1.308623e-05  8.550809e-08
   6.067496e-07  6.708158e-11 -1.034967e-09  1.258116e-09 -1.003315e-05  2.632605e-08  2.522736e-07  2.525674e-11 -7.962605e-10  7.258209e-10 -6.453558e-06  2.665460e-09  4.922781e-08  4.346766e-12 -4.097446e-10  2.693441e-10 -2.868124e-06]
 [ 8.840662e-07  7.230047e-04 -9.177883e-09  3.033298e-08  5.801648e-09  3.531099e-04  1.264984e-09  3.182868e-10  1.475834e-05 -2.632163e-06  3.148390e-05 -3.285657e-10  1.135939e-09  4.037220e-10  1.339525e-05 -7.291492e-06  3.075692e-05
  -1.700325e-10  1.017666e-09  4.137048e-10  1.206973e-05 -1.032882e-05  2.987452e-05  1.741955e-12  9.236759e-10  3.552428e-10  1.077687e-05 -1.139307e-05  2.930677e-05  1.786070e-10  8.492220e-10  2.453887e-10  9.500333e-06 -1.042521e-05
   2.910739e-05  3.506465e-10  7.765691e-10  1.065435e-10  8.226510e-06 -7.631633e-06  2.912042e-05  5.084178e-10  6.873829e-10 -3.416040e-11  6.960110e-06 -3.554590e-06  2.864962e-05  6.396158e-10  5.752934e-10 -1.481779e-10  5.730598e-06
   9.732119e-07  2.738670e-05  7.378720e-10  4.502591e-10 -2.146720e-10  4.581340e-06  4.860672e-06  2.499842e-05  7.915391e-10  3.309947e-10 -2.289536e-10  3.548910e-06  7.422516e-06  2.214565e-05  8.069531e-10  2.322102e-10 -2.020024e-10
   2.648312e-06  8.172441e-06  1.904416e-05  7.776051e-10  1.575995e-10 -1.521818e-10  1.874932e-06  7.452383e-06  1.635978e-05  7.224317e-10  1.021715e-10 -9.707914e-11  1.219330e-06  5.480112e-06  1.359792e-05  6.292295e-10  5.923037e-11
  -4.979025e-11  6.832149e-07  3.118117e-06  1.084126e-05  5.182024e-10  2.609674e-11 -1.790347e-11  2.856087e-07  9.635787e-07  7.203568e-06  3.592644e-10  5.318127e-12 -2.864192e-12  5.540799e-08 -9.498048e-08  3.226957e-06  1.719563e-10]
 [ 2.413297e-03 -8.361539e-04  3.133836e-08 -2.937318e-08 -9.502798e-08 -2.752796e-04 -9.021791e-10 -3.958349e-09 -1.137557e-05  1.081669e-04 -2.749299e-05  1.073580e-09 -3.065684e-10 -3.486045e-09 -1.054638e-05  1.111088e-04 -1.109641e-05
   5.097592e-10 -2.805866e-12 -2.958861e-09 -1.032882e-05  1.104102e-04  1.742735e-16  2.805742e-12  4.359588e-11 -2.452468e-09 -1.043974e-05  1.038312e-04  3.726490e-06 -4.381680e-10 -8.223370e-11 -1.996420e-09 -1.055143e-05  9.538455e-05
   2.876542e-07 -8.087942e-10 -2.823963e-10 -1.574007e-09 -1.039251e-05  8.711397e-05 -8.235846e-06 -1.140098e-09 -4.674767e-10 -1.169588e-09 -9.801373e-06  7.667907e-05 -1.890174e-05 -1.426353e-09 -5.738774e-10 -7.931728e-10 -8.750012e-06
   6.503011e-05 -2.880952e-05 -1.678944e-09 -5.794218e-10 -4.763780e-10 -7.337630e-06  5.194941e-05 -3.502953e-05 -1.850374e-09 -5.031617e-10 -2.475610e-10 -5.743394e-06  4.038366e-05 -3.711824e-05 -1.955357e-09 -3.850323e-10 -1.108061e-10
  -4.159535e-06  3.080578e-05 -3.467817e-05 -1.938893e-09 -2.616493e-10 -4.566569e-11 -2.741377e-06  2.450136e-05 -2.976653e-05 -1.848180e-09 -1.552568e-10 -2.170089e-11 -1.591467e-06  1.980988e-05 -2.259982e-05 -1.625320e-09 -7.585790e-11
  -1.330858e-11 -7.629704e-07  1.614968e-05 -1.523572e-05 -1.337587e-09 -2.633941e-11 -7.176965e-12 -2.613140e-07  1.121028e-05 -7.887577e-06 -9.089777e-10 -4.069334e-12 -1.691190e-12 -4.024440e-08  5.288853e-06 -2.554819e-06 -4.224826e-10]
 [ 8.361539e-04  2.413297e-03 -2.350415e-08  8.329240e-08 -1.954287e-08  9.576526e-04  3.553026e-09 -5.931093e-10  3.954846e-05  2.749299e-05  1.081669e-04 -8.582919e-10  3.293121e-09 -1.874494e-10  3.474077e-05  1.109641e-05  1.111088e-04
  -4.604344e-10  2.957119e-09 -1.063313e-12  2.987452e-05  1.742746e-16  1.104102e-04  2.805742e-12  2.607105e-09 -1.816410e-11  2.517614e-05 -3.726490e-06  1.038312e-04  4.648434e-10  2.266978e-09 -1.778600e-10  2.081904e-05 -2.876542e-07
   9.538455e-05  8.543288e-10  1.919247e-09 -4.012168e-10  1.682369e-05  8.235846e-06  8.711397e-05  1.150770e-09  1.549210e-09 -6.072933e-10  1.323424e-05  1.890174e-05  7.667907e-05  1.322969e-09  1.170135e-09 -7.311494e-10  1.012868e-05
   2.880952e-05  6.503011e-05  1.385635e-09  8.210813e-10 -7.442831e-10  7.570449e-06  3.502953e-05  5.194941e-05  1.326925e-09  5.414797e-10 -6.607496e-10  5.557664e-06  3.711824e-05  4.038366e-05  1.199481e-09  3.464927e-10 -5.205960e-10
   4.011691e-06  3.467817e-05  3.080578e-05  1.010038e-09  2.232327e-10 -3.652582e-10  2.811787e-06  2.976653e-05  2.450136e-05  8.194603e-10  1.447951e-10 -2.238988e-10  1.847838e-06  2.259982e-05  1.980988e-05  6.228277e-10  8.736673e-11
  -1.131960e-10  1.061152e-06  1.523572e-05  1.614968e-05  4.572011e-10  4.063325e-11 -4.095745e-11  4.577270e-07  7.887577e-06  1.121028e-05  2.904515e-10  8.686738e-12 -6.683609e-12  9.147305e-08  2.554819e-06  5.288853e-06  1.329684e-10]
 [-2.183777e-08  3.251563e-08  2.554573e-03 -5.371675e-05 -9.952060e-04  1.223152e-08  1.199676e-06 -4.109249e-05  4.165986e-10 -8.178823e-10  1.104181e-09  1.117626e-04  6.973086e-06 -3.560235e-05  1.946897e-10 -4.528516e-10  5.163954e-10
   1.117626e-04  1.030077e-05 -2.987451e-05  1.741955e-12  2.805742e-12  2.805742e-12  1.104554e-04  1.133806e-05 -2.479053e-05 -1.556596e-10  4.572743e-10 -4.461081e-10  1.039196e-04  1.062832e-05 -2.079237e-05 -2.750942e-10  8.114663e-10
  -8.517965e-10  9.542302e-05  8.782523e-06 -1.772717e-05 -3.557992e-10  1.024607e-09 -1.254432e-09  8.758003e-05  6.370268e-06 -1.518953e-05 -3.977625e-10  1.064860e-09 -1.627668e-09  7.908346e-05  3.918727e-06 -1.279611e-05 -4.028885e-10
   9.702814e-10 -1.948444e-09  7.124047e-05  1.869993e-06 -1.037206e-05 -3.761986e-10  7.899321e-10 -2.135991e-09  6.274390e-05  4.809601e-07 -7.975198e-06 -3.256896e-10  6.269841e-10 -2.207754e-09  5.490091e-05 -2.304290e-07 -5.773761e-06
  -2.608245e-10  5.330481e-10 -2.121632e-09  4.640434e-05 -4.286776e-07 -3.904311e-06 -1.908647e-10  5.433327e-10 -1.948304e-09  3.856136e-05 -3.444137e-07 -2.415356e-06 -1.240764e-10  6.048153e-10 -1.632167e-09  3.006479e-05 -1.784991e-07
  -1.295493e-06 -6.757043e-11  6.607347e-10 -1.248809e-09  2.222180e-05 -5.392396e-08 -5.246211e-07 -2.687681e-11  5.770309e-10 -7.590310e-10  1.372523e-05 -5.331789e-09 -9.983742e-08 -4.914608e-12  3.228014e-10 -3.027507e-10  5.882241e-06]
 [ 1.825004e-08  5.928687e-08  2.591556e-04  4.913501e-06 -1.389697e-04  2.932741e-08  7.133177e-07 -5.785396e-06  1.211745e-09  6.013101e-10  2.625418e-09  1.133806e-05  1.533409e-06 -5.123147e-06  1.067390e-09  2.568616e-10  2.640914e-09
   1.133806e-05  2.018148e-06 -4.451528e-06  9.236759e-10  4.359588e-11  2.607105e-09  1.133806e-05  2.173887e-06 -3.881193e-06  7.832428e-10 -4.929271e-14  2.556995e-09  1.133806e-05  2.056943e-06 -3.454998e-06  6.474927e-10  1.324640e-10
   2.484343e-09  1.133711e-05  1.738177e-06 -3.142926e-06  5.185779e-10  4.136363e-10  2.356955e-09  1.132339e-05  1.295352e-06 -2.870963e-06  4.001702e-10  7.757334e-10  2.132526e-09  1.125805e-05  8.177452e-07 -2.565598e-06  2.970016e-10
   1.129319e-09  1.813385e-09  1.110355e-05  3.963189e-07 -2.192852e-06  2.131079e-10  1.379349e-09  1.420089e-09  1.077286e-05  9.630369e-08 -1.768962e-06  1.497047e-10  1.493245e-09  1.043184e-09  1.026704e-05 -6.421603e-08 -1.338430e-06
   1.044256e-10  1.455080e-09  7.332099e-10  9.458583e-06 -1.105463e-07 -9.428193e-07  7.243608e-11  1.322431e-09  5.399789e-10  8.449043e-06 -8.951396e-08 -6.054819e-07  4.854487e-11  1.093405e-09  4.323369e-10  7.061337e-06 -4.714440e-08
  -3.356983e-07  2.914115e-11  8.274330e-10  3.789834e-10  5.515800e-06 -1.444442e-08 -1.398173e-07  1.330930e-11  5.053280e-10  2.960919e-10  3.579800e-06 -1.417619e-09 -2.720158e-08  2.808442e-12  2.052357e-10  1.569729e-10  1.588249e-06]
 [-4.823535e-08  1.076335e-08 -5.666406e-04 -1.951867e-07  2.759223e-04  5.425453e-09 -9.971998e-07  1.147241e-05  2.560039e-10 -2.196127e-09  3.417017e-10 -2.479053e-05 -2.621030e-06  1.012068e-05  3.017877e-10 -2.339128e-09  1.118667e-10
  -2.479053e-05 -3.576277e-06  8.730112e-06  3.552428e-10 -2.452468e-09 -1.816410e-11 -2.479053e-05 -3.881193e-06  7.513646e-06  4.082190e-10 -2.558618e-09  1.573475e-12 -2.477795e-05 -3.658594e-06  6.557144e-06  4.519082e-10 -2.641085e-09
   1.962142e-10 -2.457612e-05 -3.062516e-06  5.817065e-06  4.778588e-10 -2.655622e-09  5.542926e-10 -2.406195e-05 -2.254835e-06  5.172365e-06  4.795013e-10 -2.545935e-09  1.012908e-09 -2.313744e-05 -1.405833e-06  4.503582e-06  4.540628e-10
  -2.306809e-09  1.476179e-09 -2.195532e-05 -6.746091e-07  3.759362e-06  4.038582e-10 -1.956915e-09  1.825389e-09 -2.034244e-05 -1.651934e-07  2.970226e-06  3.357391e-10 -1.603047e-09  2.010998e-09 -1.857671e-05  1.022959e-07  2.207945e-06
   2.588594e-10 -1.304410e-09  1.991546e-09 -1.639975e-05  1.783568e-07  1.533701e-06  1.822805e-10 -1.125462e-09  1.826905e-09 -1.417063e-05  1.442909e-07  9.755916e-07  1.137082e-10 -1.010778e-09  1.502821e-09 -1.152845e-05  7.607857e-08
   5.385332e-07  5.911526e-11 -9.186793e-10  1.107585e-09 -8.871408e-06  2.347058e-08  2.245154e-07  2.227475e-11 -7.080903e-10  6.400808e-10 -5.730021e-06  2.383556e-09  4.392502e-08  3.834413e-12 -3.649372e-10  2.376459e-10 -2.556184e-06]
 [-3.682926e-05  6.220071e-04 -1.181076e-08  2.674187e-08  8.550171e-09  3.119916e-04  1.104693e-09  4.231693e-10  1.305786e-05 -3.901186e-06  2.694701e-05 -4.506295e-10  9.751067e-10  4.818452e-10  1.189682e-05 -7.871553e-06  2.607939e-05
  -3.083181e-10  8.642677e-10  4.742285e-10  1.077687e-05 -1.043974e-05  2.517614e-05 -1.556596e-10  7.832428e-10  4.082190e-10  9.686823e-06 -1.133855e-05  2.477795e-05  1.622167e-12  7.252616e-10  2.988576e-10  8.600859e-06 -1.051227e-05
   2.493556e-05  1.578550e-10  6.720101e-10  1.647635e-10  7.501602e-06 -8.082818e-06  2.531920e-05  3.052813e-10  6.046479e-10  2.866283e-11  6.391565e-06 -4.461335e-06  2.531590e-05  4.335217e-10  5.150281e-10 -8.457005e-11  5.296772e-06
  -3.546692e-07  2.457278e-05  5.350840e-10  4.102880e-10 -1.556839e-10  4.257921e-06  3.274431e-06  2.276306e-05  5.999211e-10  3.066998e-10 -1.791414e-10  3.311852e-06  5.757009e-06  2.041829e-05  6.308783e-10  2.181850e-10 -1.636598e-10
   2.477210e-06  6.623652e-06  1.773313e-05  6.227741e-10  1.493696e-10 -1.253634e-10  1.754825e-06  6.124985e-06  1.531934e-05  5.899328e-10  9.702060e-11 -8.037127e-11  1.140179e-06  4.471042e-06  1.275517e-05  5.226478e-10  5.602598e-11
  -4.101419e-11  6.376037e-07  2.434931e-06  1.015088e-05  4.368779e-10  2.451251e-11 -1.451624e-11  2.658636e-07  6.069145e-07  6.721539e-06  3.069197e-10  4.959042e-12 -2.260017e-12  5.144956e-08 -2.122372e-07  2.998324e-06  1.485126e-10]
 [ 2.214716e-03 -8.585484e-04  4.037525e-08 -3.172089e-08 -9.624141e-08 -3.061123e-04 -9.991593e-10 -4.026886e-09 -1.269240e-05  9.960315e-05 -2.920160e-05  1.484208e-09 -3.866238e-10 -3.580625e-09 -1.175954e-05  1.028906e-04 -1.406181e-05
   9.467676e-10 -6.274526e-11 -3.070010e-09 -1.139307e-05  1.038312e-04 -3.726490e-06  4.572743e-10 -4.929271e-14 -2.558618e-09 -1.133855e-05  1.026124e-04  1.622891e-16  4.899233e-14 -1.167453e-10 -2.080716e-09 -1.129385e-05  9.535318e-05
  -3.135107e-06 -4.189414e-10 -3.124701e-10 -1.636977e-09 -1.099164e-05  8.678037e-05 -1.135811e-05 -7.952705e-10 -4.948131e-10 -1.214166e-09 -1.027197e-05  7.596731e-05 -2.164491e-05 -1.124991e-09 -5.983594e-10 -8.229329e-10 -9.109630e-06
   6.396793e-05 -3.113037e-05 -1.414253e-09 -6.003972e-10 -4.951320e-10 -7.606069e-06  5.066976e-05 -3.687829e-05 -1.620913e-09 -5.202536e-10 -2.588588e-10 -5.940306e-06  3.903411e-05 -3.855108e-05 -1.755810e-09 -3.983116e-10 -1.174997e-10
  -4.301666e-06  2.954797e-05 -3.576840e-05 -1.769967e-09 -2.714326e-10 -4.973033e-11 -2.841073e-06  2.342255e-05 -3.063269e-05 -1.706988e-09 -1.619010e-10 -2.429235e-11 -1.657076e-06  1.899028e-05 -2.330077e-05 -1.514581e-09 -7.974562e-11
  -1.494516e-11 -8.007137e-07  1.559592e-05 -1.580855e-05 -1.255564e-09 -2.802335e-11 -8.014118e-12 -2.776242e-07  1.092236e-05 -8.286382e-06 -8.585693e-10 -4.402733e-12 -1.890217e-12 -4.350909e-08  5.194868e-06 -2.743480e-06 -4.011692e-10]
 [ 8.585484e-04  2.214716e-03 -3.110588e-08  8.033173e-08 -1.814398e-08  9.242203e-04  3.434972e-09 -5.436846e-10  3.827415e-05  2.920160e-05  9.960315e-05 -1.212906e-09  3.200965e-09 -1.553458e-10  3.383384e-05  1.406181e-05  1.028906e-04
  -8.621591e-10  2.892882e-09  2.241615e-11  2.930677e-05  3.726490e-06  1.038312e-04 -4.461081e-10  2.556995e-09  1.573475e-12  2.477795e-05  1.622902e-16  1.026124e-04  4.899233e-14  2.216836e-09 -1.590367e-10  2.043133e-05  3.135107e-06
   9.535318e-05  4.101405e-10  1.870098e-09 -3.804627e-10  1.644343e-05  1.135811e-05  8.678037e-05  7.286563e-10  1.504068e-09 -5.829684e-10  1.287676e-05  2.164491e-05  7.596731e-05  9.274426e-10  1.131997e-09 -7.036675e-10  9.810284e-06
   3.113037e-05  6.396793e-05  1.015110e-09  7.918027e-10 -7.159652e-10  7.303847e-06  3.687829e-05  5.066976e-05  9.872084e-10  5.210976e-10 -6.346765e-10  5.349147e-06  3.855108e-05  3.903411e-05  8.901456e-10  3.335269e-10 -4.992465e-10
   3.860683e-06  3.576840e-05  2.954797e-05  7.383092e-10  2.156099e-10 -3.497656e-10  2.712191e-06  3.063269e-05  2.342255e-05  5.851628e-10  1.406579e-10 -2.140803e-10  1.789925e-06  2.330077e-05  1.899028e-05  4.335466e-10  8.538248e-11
  -1.079927e-10  1.033311e-06  1.580855e-05  1.559592e-05  3.124095e-10  3.990477e-11 -3.891660e-11  4.481503e-07  8.286382e-06  1.092236e-05  1.980461e-10  8.560099e-12 -6.307389e-12  8.998899e-08  2.743480e-06  5.194868e-06  9.218113e-11]
 [-2.640095e-08  4.359708e-08  2.375305e-03 -4.864573e-05 -9.723799e-04  1.732955e-08  1.345812e-06 -4.025100e-05  6.306634e-10 -1.075262e-09  1.586033e-09  1.039196e-04  7.015662e-06 -3.509011e-05  3.905021e-10 -8.157717e-10  9.866784e-10
   1.039196e-04  1.030558e-05 -2.969049e-05  1.786070e-10 -4.381680e-10  4.648434e-10  1.039196e-04  1.133806e-05 -2.477795e-05  1.622167e-12  4.899233e-14  4.899233e-14  1.026124e-04  1.062832e-05 -2.079237e-05 -1.368132e-10  4.028515e-10
  -4.259160e-10  9.542302e-05  8.782523e-06 -1.772717e-05 -2.360870e-10  6.894763e-10 -8.291863e-10  8.758003e-05  6.370268e-06 -1.518953e-05 -2.966474e-10  8.220497e-10 -1.203601e-09  7.908346e-05  3.918727e-06 -1.279611e-05 -3.201690e-10
   8.215812e-10 -1.534228e-09  7.124047e-05  1.869993e-06 -1.037206e-05 -3.109656e-10  7.249430e-10 -1.753785e-09  6.274390e-05  4.809601e-07 -7.975198e-06 -2.762773e-10  6.207377e-10 -1.868417e-09  5.490091e-05 -2.304290e-07 -5.773761e-06
  -2.250984e-10  5.567767e-10 -1.835603e-09  4.640434e-05 -4.286776e-07 -3.904311e-06 -1.665675e-10  5.719903e-10 -1.711479e-09  3.856136e-05 -3.444137e-07 -2.415356e-06 -1.090061e-10  6.214164e-10 -1.446954e-09  3.006479e-05 -1.784991e-07
  -1.295493e-06 -5.956069e-11  6.599916e-10 -1.111433e-09  2.222180e-05 -5.392396e-08 -5.246211e-07 -2.371132e-11  5.644776e-10 -6.751512e-10  1.372523e-05 -5.331789e-09 -9.983742e-08 -4.333156e-12  3.116560e-10 -2.681585e-10  5.882241e-06]
 [ 1.312298e-08  5.267665e-08  2.429329e-04  4.845372e-06 -1.308621e-04  2.672864e-08  6.812766e-07 -5.448117e-06  1.105415e-09  4.008807e-10  2.320128e-09  1.062832e-05  1.453601e-06 -4.825182e-06  9.766264e-10  1.007105e-10  2.311917e-09
   1.062832e-05  1.910193e-06 -4.193887e-06  8.492220e-10 -8.223370e-11  2.266978e-09  1.062832e-05  2.056943e-06 -3.658594e-06  7.252616e-10 -1.167453e-10  2.216836e-09  1.062832e-05  1.946684e-06 -3.259738e-06  6.053739e-10  2.302085e-12
   2.169699e-09  1.062809e-05  1.645739e-06 -2.968763e-06  4.904594e-10  2.553647e-10  2.091062e-09  1.062193e-05  1.227162e-06 -2.715333e-06  3.834401e-10  5.886658e-10  1.928111e-09  1.057689e-05  7.751572e-07 -2.429509e-06  2.887000e-10
   9.230465e-10  1.673014e-09  1.045216e-05  3.758665e-07 -2.078829e-06  2.102322e-10  1.171948e-09  1.342051e-09  1.016490e-05  9.132463e-08 -1.678574e-06  1.496342e-10  1.298534e-09  1.013144e-09  9.708557e-06 -6.104563e-08 -1.271030e-06
   1.052637e-10  1.284762e-09  7.341854e-10  8.962689e-06 -1.050531e-07 -8.958592e-07  7.312173e-11  1.177955e-09  5.537131e-10  8.018440e-06 -8.506689e-08 -5.755215e-07  4.873914e-11  9.779206e-10  4.458053e-10  6.709259e-06 -4.479585e-08
  -3.191119e-07  2.897796e-11  7.394695e-10  3.850880e-10  5.243672e-06 -1.371854e-08 -1.328832e-07  1.309504e-11  4.495102e-10  2.947793e-10  3.403241e-06 -1.343759e-09 -2.584162e-08  2.738423e-12  1.810453e-10  1.535360e-10  1.509193e-06]
 [-4.036756e-08  5.061439e-09 -4.752541e-04 -2.310913e-06  2.385147e-04  2.818432e-09 -9.560643e-07  9.923049e-06  1.436276e-10 -1.823437e-09  1.142334e-10 -2.079237e-05 -2.361529e-06  8.768302e-06  1.913708e-10 -1.917911e-09 -7.394499e-11
  -2.079237e-05 -3.189921e-06  7.584448e-06  2.453887e-10 -1.996420e-09 -1.778600e-10 -2.079237e-05 -3.454998e-06  6.557144e-06  2.988576e-10 -2.080716e-09 -1.590367e-10 -2.079237e-05 -3.259738e-06  5.758454e-06  3.445088e-10 -2.171181e-09
   3.784070e-12 -2.077636e-05 -2.734187e-06  5.142440e-06  3.751787e-10 -2.225883e-09  3.082992e-10 -2.059242e-05 -2.017814e-06  4.600100e-06  3.848862e-10 -2.181302e-09  7.097918e-10 -2.003788e-05 -1.260710e-06  4.026278e-06  3.706502e-10
  -2.020456e-09  1.127326e-09 -1.919438e-05 -6.055575e-07  3.376170e-06  3.338656e-10 -1.754443e-09  1.458509e-09 -1.794314e-05 -1.472521e-07  2.678286e-06  2.800884e-10 -1.469476e-09  1.650684e-09 -1.650476e-05  9.428517e-08  1.998473e-06
   2.172271e-10 -1.218043e-09  1.663522e-09 -1.467394e-05  1.631659e-07  1.393280e-06  1.534028e-10 -1.059953e-09  1.541444e-09 -1.275573e-05  1.321085e-07  8.894420e-07  9.568274e-11 -9.497390e-10  1.274007e-09 -1.044074e-05  6.978890e-08
   4.926796e-07  4.958324e-11 -8.552417e-10  9.380086e-10 -8.077067e-06  2.157687e-08  2.060708e-07  1.855920e-11 -6.527484e-10  5.385581e-10 -5.244974e-06  2.195913e-09  4.043383e-08  3.164003e-12 -3.337209e-10  1.971988e-10 -2.350033e-06]
 [-7.189155e-05  5.287355e-04 -1.365074e-08  2.324559e-08  1.091117e-08  2.721244e-04  9.492704e-10  5.123594e-10  1.140460e-05 -5.083317e-06  2.275632e-05 -5.374572e-10  8.199518e-10  5.467273e-10  1.043022e-05 -8.417190e-06  2.175731e-05
  -4.100899e-10  7.163377e-10  5.236673e-10  9.500333e-06 -1.055143e-05  2.081904e-05 -2.750942e-10  6.474927e-10  4.519082e-10  8.600859e-06 -1.129385e-05  2.043133e-05 -1.368132e-10  6.053739e-10  3.445088e-10  7.702087e-06 -1.060506e-05
   2.077636e-05  1.481474e-12  5.708183e-10  2.163105e-10  6.777293e-06 -8.538915e-06  2.151850e-05  1.356187e-10  5.243703e-10  8.575814e-11  5.823582e-06 -5.372395e-06  2.198330e-05  2.576741e-10  4.562907e-10 -2.579858e-11  4.863448e-06
  -1.686200e-06  2.176053e-05  3.595641e-10  3.710635e-10 -1.006254e-10  3.934921e-06  1.685282e-06  2.052973e-05  4.323399e-10  2.826171e-10 -1.323576e-10  3.075122e-06  4.089249e-06  1.869306e-05  4.758548e-10  2.040939e-10 -1.275135e-10
   2.306347e-06  5.073150e-06  1.642409e-05  4.857528e-10  1.409912e-10 -1.000318e-10  1.634876e-06  4.796225e-06  1.428059e-05  4.722471e-10  9.174724e-11 -6.458352e-11  1.061120e-06  3.460870e-06  1.191370e-05  4.276256e-10  5.275786e-11
  -3.273151e-11  5.920363e-07  1.750844e-06  9.461385e-06  3.641047e-10  2.290924e-11 -1.132870e-11  2.461335e-07  2.496232e-07  6.239964e-06  2.598609e-10  4.598162e-12 -1.693820e-12  4.749348e-08 -3.297907e-07  2.769839e-06  1.273359e-10]
 [ 2.058046e-03 -7.209779e-04  4.537378e-08 -2.805459e-08 -9.732603e-08 -2.725510e-04 -8.440528e-10 -4.074623e-09 -1.134696e-05  9.227334e-05 -2.379031e-05  1.730620e-09 -2.398411e-10 -3.633009e-09 -1.062493e-05  9.483315e-05 -9.799381e-06
   1.248061e-09  7.759694e-11 -3.134446e-09 -1.042521e-05  9.538455e-05 -2.876542e-07  8.114663e-10  1.324640e-10 -2.641085e-09 -1.051227e-05  9.535318e-05  3.135107e-06  4.028515e-10  2.302085e-12 -2.171181e-09 -1.060506e-05  9.408007e-05
   1.482020e-16 -2.302920e-12 -2.126068e-10 -1.723754e-09 -1.043552e-05  8.709392e-05 -8.458082e-06 -3.982625e-10 -4.172595e-10 -1.297224e-09 -9.835228e-06  7.663171e-05 -1.909748e-05 -7.572152e-10 -5.435426e-10 -9.001354e-10 -8.775937e-06
   6.495735e-05 -2.897566e-05 -1.076666e-09 -5.656195e-10 -5.626895e-10 -7.357015e-06  5.186066e-05 -3.516239e-05 -1.320203e-09 -5.004579e-10 -3.137000e-10 -5.757629e-06  4.028945e-05 -3.722163e-05 -1.491559e-09 -3.878796e-10 -1.585799e-10
  -4.169810e-06  3.071768e-05 -3.475711e-05 -1.546867e-09 -2.658669e-10 -7.793710e-11 -2.748577e-06  2.442572e-05 -2.982934e-05 -1.522363e-09 -1.585566e-10 -4.167041e-11 -1.596197e-06  1.975246e-05 -2.265058e-05 -1.371255e-09 -7.759948e-11
  -2.403697e-11 -7.656847e-07  1.611100e-05 -1.527707e-05 -1.149793e-09 -2.690188e-11 -1.153399e-11 -2.624841e-07  1.119029e-05 -7.916250e-06 -7.930087e-10 -4.136871e-12 -2.523184e-12 -4.047810e-08  5.282396e-06 -2.568334e-06 -3.728036e-10]
 [ 7.209779e-04  2.058046e-03 -3.955768e-08  7.849051e-08 -1.015750e-08  9.000745e-04  3.339971e-09 -2.202799e-10  3.737476e-05  2.379031e-05  9.227334e-05 -1.586359e-09  3.091701e-09  1.181333e-10  3.327234e-05  9.799381e-06  9.483315e-05
  -1.248315e-09  2.792624e-09  2.528348e-10  2.910739e-05  2.876542e-07  9.538455e-05 -8.517965e-10  2.484343e-09  1.962142e-10  2.493556e-05 -3.135107e-06  9.535318e-05 -4.259160e-10  2.169699e-09  3.784070e-12  2.077636e-05  1.482009e-16
   9.408007e-05 -2.302920e-12  1.839626e-09 -2.459343e-10  1.679737e-05  8.458082e-06  8.709392e-05  3.608587e-10  1.490790e-09 -4.737855e-10  1.320939e-05  1.909748e-05  7.663171e-05  6.086825e-10  1.133470e-09 -6.181909e-10  1.010648e-05
   2.897566e-05  6.495735e-05  7.411839e-10  8.028085e-10 -6.523001e-10  7.551820e-06  3.516239e-05  5.186066e-05  7.583888e-10  5.358805e-10 -5.897210e-10  5.543078e-06  3.722163e-05  4.028945e-05  7.011547e-10  3.475853e-10 -4.689997e-10
   4.001128e-06  3.475711e-05  3.071768e-05  5.881033e-10  2.264201e-10 -3.302936e-10  2.804827e-06  2.982934e-05  2.442572e-05  4.682343e-10  1.474957e-10 -2.022516e-10  1.843800e-06  2.265058e-05  1.975246e-05  3.485201e-10  8.877828e-11
  -1.015895e-10  1.059218e-06  1.527707e-05  1.611100e-05  2.541045e-10  4.105110e-11 -3.626182e-11  4.570656e-07  7.916250e-06  1.119029e-05  1.647984e-10  8.724369e-12 -5.790830e-12  9.137142e-08  2.568334e-06  5.282396e-06  7.903324e-11]
 [-2.981787e-08  5.231163e-08  2.181098e-03 -4.012383e-05 -9.397149e-04  2.201098e-08  1.606665e-06 -3.898264e-05  8.293472e-10 -1.275469e-09  1.970411e-09  9.542302e-05  7.110120e-06 -3.416696e-05  5.764067e-10 -1.110661e-09  1.371693e-09
   9.542302e-05  1.032230e-05 -2.913336e-05  3.506465e-10 -8.087942e-10  8.543288e-10  9.542302e-05  1.133711e-05 -2.457612e-05  1.578550e-10 -4.189414e-10  4.101405e-10  9.542302e-05  1.062809e-05 -2.077636e-05  1.481474e-12 -2.302920e-12
  -2.302920e-12  9.411585e-05  8.782523e-06 -1.772717e-05 -1.163405e-10  3.548901e-10 -4.035028e-10  8.758003e-05  6.370268e-06 -1.518953e-05 -1.955145e-10  5.797833e-10 -7.792139e-10  7.908346e-05  3.918727e-06 -1.279611e-05 -2.374430e-10
   6.734133e-10 -1.119814e-09  7.124047e-05  1.869993e-06 -1.037206e-05 -2.457324e-10  6.604460e-10 -1.371490e-09  6.274390e-05  4.809601e-07 -7.975198e-06 -2.268669e-10  6.149290e-10 -1.529068e-09  5.490091e-05 -2.304290e-07 -5.773761e-06
  -1.893737e-10  5.808746e-10 -1.549601e-09  4.640434e-05 -4.286776e-07 -3.904311e-06 -1.422703e-10  6.009539e-10 -1.474687e-09  3.856136e-05 -3.444137e-07 -2.415356e-06 -9.393458e-11  6.382567e-10 -1.261759e-09  3.006479e-05 -1.784991e-07
  -1.295493e-06 -5.154940e-11  6.594257e-10 -9.740538e-10  2.222180e-05 -5.392396e-08 -5.246211e-07 -2.054476e-11  5.520323e-10 -5.912541e-10  1.372523e-05 -5.331789e-09 -9.983742e-08 -3.751424e-12  3.005550e-10 -2.335514e-10  5.882241e-06]
 [ 6.556666e-09  4.612825e-08  2.007434e-04  4.498799e-06 -1.092909e-04  2.400473e-08  5.887776e-07 -4.550432e-06  9.949415e-10  1.349833e-10  2.014561e-09  8.782523e-06  1.233917e-06 -4.031321e-06  8.846142e-10 -1.254636e-10  1.977518e-09
   8.782523e-06  1.615470e-06 -3.506192e-06  7.765691e-10 -2.823963e-10  1.919247e-09  8.782523e-06  1.738177e-06 -3.062516e-06  6.720101e-10 -3.124701e-10  1.870098e-09  8.782523e-06  1.645739e-06 -2.734187e-06  5.708183e-10 -2.126068e-10
   1.839626e-09  8.782523e-06  1.392949e-06 -2.497111e-06  4.728364e-10  3.965530e-12  1.808863e-09  8.782243e-06  1.040261e-06 -2.291396e-06  3.793821e-10  3.016879e-10  1.726941e-09  8.770085e-06  6.581806e-07 -2.056892e-06  2.939413e-10
   6.163362e-10  1.559515e-09  8.708101e-06  3.196288e-07 -1.765236e-06  2.204318e-10  8.703924e-10  1.312249e-09  8.522537e-06  7.771741e-08 -1.428998e-06  1.610509e-10  1.019564e-09  1.046295e-09  8.188722e-06 -5.211974e-08 -1.084248e-06
   1.152712e-10  1.041007e-09  8.042563e-10  7.603504e-06 -8.968646e-08 -7.652774e-07  8.037817e-11  9.681531e-10  6.343326e-10  6.831158e-06 -7.261827e-08 -4.919431e-07  5.303965e-11  8.043003e-10  5.156714e-10  5.732826e-06 -3.821150e-08
  -2.727053e-07  3.091980e-11  6.004441e-10  4.326143e-10  4.485342e-06 -1.168027e-08 -1.134316e-07  1.364950e-11  3.557851e-10  3.166875e-10  2.909002e-06 -1.136195e-09 -2.201819e-08  2.794596e-12  1.379189e-10  1.581561e-10  1.287140e-06]
 [-3.351994e-08 -2.035233e-09 -4.051924e-04 -4.302353e-06  2.098114e-04 -7.057842e-10 -9.405215e-07  8.732791e-06 -6.680525e-12 -1.492128e-09 -1.758051e-10 -1.772717e-05 -2.178043e-06  7.726706e-06  4.750203e-11 -1.532666e-09 -3.240296e-10
  -1.772717e-05 -2.908633e-06  6.699807e-06  1.065435e-10 -1.574007e-09 -4.012168e-10 -1.772717e-05 -3.142926e-06  5.817065e-06  1.647635e-10 -1.636977e-09 -3.804627e-10 -1.772717e-05 -2.968763e-06  5.142440e-06  2.163105e-10 -1.723754e-09
  -2.459343e-10 -1.772717e-05 -2.497111e-06  4.631547e-06  2.553808e-10 -1.810224e-09  5.326847e-12 -1.771459e-05 -1.848940e-06  4.177978e-06  2.766832e-10 -1.839285e-09  3.503158e-10 -1.751335e-05 -1.158700e-06  3.683733e-06  2.768850e-10
  -1.768131e-09  7.272543e-10 -1.700436e-05 -5.574401e-07  3.108611e-06  2.562705e-10 -1.595631e-09  1.049010e-09 -1.610246e-05 -1.343993e-07  2.479943e-06  2.189935e-10 -1.385455e-09  1.257709e-09 -1.496937e-05  8.968955e-08  1.860011e-06
   1.717390e-10 -1.182283e-09  1.311623e-09 -1.344619e-05  1.538503e-07  1.302978e-06  1.218171e-10 -1.042340e-09  1.237875e-09 -1.178819e-05  1.246834e-07  8.355117e-07  7.582082e-11 -9.298491e-10  1.030110e-09 -9.728430e-06  6.600287e-08
   4.646888e-07  3.893518e-11 -8.239566e-10  7.546873e-10 -7.576454e-06  2.044866e-08  1.950579e-07  1.432762e-11 -6.176135e-10  4.258632e-10 -4.950474e-06  2.082795e-09  3.838563e-08  2.383571e-12 -3.108983e-10  1.506625e-10 -2.228223e-06]
 [-9.839820e-05  4.412495e-04 -1.460603e-08  1.980076e-08  1.258143e-08  2.331149e-04  7.980253e-10  5.731873e-10  9.782876e-06 -5.914295e-06  1.884915e-05 -5.857502e-10  6.717041e-10  5.870879e-10  8.981603e-06 -8.657621e-06  1.776801e-05
  -4.734056e-10  5.761359e-10  5.522185e-10  8.226510e-06 -1.039251e-05  1.682369e-05 -3.557992e-10  5.185779e-10  4.778588e-10  7.501602e-06 -1.099164e-05  1.644343e-05 -2.360870e-10  4.904594e-10  3.751787e-10  6.777293e-06 -1.043552e-05
   1.679737e-05 -1.163405e-10  4.728364e-10  2.553808e-10  6.023822e-06 -8.742563e-06  1.771459e-05  1.360952e-12  4.456589e-10  1.326587e-10  5.227869e-06 -6.059910e-06  1.859998e-05  1.128467e-10  3.976977e-10  2.492585e-11  4.405277e-06
  -2.827459e-06  1.886818e-05  2.109313e-10  3.310347e-10 -5.161670e-11  3.591035e-06  2.487800e-07  1.819753e-05  2.874012e-10  2.573166e-10 -8.988731e-11  2.822024e-06  2.540684e-06  1.686228e-05  3.396768e-10  1.887998e-10 -9.429556e-11
   2.123628e-06  3.613916e-06  1.501606e-05  3.638294e-10  1.316726e-10 -7.659827e-11  1.507122e-06  3.540173e-06  1.315678e-05  3.664231e-10  8.587610e-11 -4.995297e-11  9.775417e-07  2.509405e-06  1.100772e-05  3.413326e-10  4.919377e-11
  -2.507565e-11  5.443120e-07  1.114445e-06  8.728540e-06  2.974136e-10  2.120729e-11 -8.400811e-12  2.256697e-07 -7.471032e-08  5.736102e-06  2.163480e-10  4.223503e-12 -1.178126e-12  4.342553e-08 -4.318580e-07  2.534225e-06  1.075996e-10]
 [ 1.943281e-03 -4.749040e-04  4.612254e-08 -1.937990e-08 -9.744492e-08 -1.848013e-04 -4.797699e-10 -4.067701e-09 -7.736619e-06  8.636738e-05 -1.349983e-05  1.798368e-09  9.429205e-11 -3.613300e-09 -7.442894e-06  8.745799e-05 -4.977131e-07
   1.387899e-09  3.840920e-10 -3.122264e-09 -7.631633e-06  8.711397e-05  8.235846e-06  1.024607e-09  4.136363e-10 -2.655622e-09 -8.082818e-06  8.678037e-05  1.135811e-05  6.894763e-10  2.553647e-10 -2.225883e-09 -8.538915e-06  8.709392e-05
   8.458082e-06  3.548901e-10  3.965530e-12 -1.810224e-09 -8.742563e-06  8.615717e-05  1.361433e-16 -3.968593e-12 -2.434578e-10 -1.399018e-09 -8.494808e-06  7.809194e-05 -1.152088e-05 -3.690091e-10 -4.140070e-10 -1.008274e-09 -7.743807e-06
   6.744268e-05 -2.248608e-05 -7.060688e-10 -4.766424e-10 -6.659734e-10 -6.581578e-06  5.501842e-05 -2.991799e-05 -9.815475e-10 -4.435705e-10 -4.023425e-10 -5.186574e-06  4.370895e-05 -3.309529e-05 -1.189802e-09 -3.528763e-10 -2.272179e-10
  -3.757536e-06  3.394708e-05 -3.157755e-05 -1.290749e-09 -2.441403e-10 -1.257880e-10 -2.460487e-06  2.720744e-05 -2.728953e-05 -1.310284e-09 -1.447480e-10 -7.110424e-11 -1.407923e-06  2.185840e-05 -2.060444e-05 -1.206550e-09 -6.926347e-11
  -3.914300e-11 -6.583217e-07  1.751672e-05 -1.362496e-05 -1.027680e-09 -2.297699e-11 -1.716597e-11 -2.165127e-07  1.190376e-05 -6.782904e-06 -7.163840e-10 -3.285872e-12 -3.484961e-12 -3.135108e-08  5.505188e-06 -2.039480e-06 -3.389712e-10]
 [ 4.749040e-04  1.943281e-03 -4.940369e-08  7.738263e-08  3.592336e-09  8.830060e-04  3.253512e-09  3.442972e-10  3.675085e-05  1.349983e-05  8.636738e-05 -2.006998e-09  2.953206e-09  6.069649e-10  3.294091e-05  4.977132e-07  8.745799e-05
  -1.655361e-09  2.641908e-09  6.711748e-10  2.912042e-05 -8.235846e-06  8.711397e-05 -1.254432e-09  2.356955e-09  5.542926e-10  2.531920e-05 -1.135811e-05  8.678037e-05 -8.291863e-10  2.091062e-09  3.082992e-10  2.151850e-05 -8.458082e-06
   8.709392e-05 -4.035028e-10  1.808863e-09  5.326847e-12  1.771459e-05  1.361414e-16  8.615717e-05 -3.968593e-12  1.494219e-09 -2.745392e-10  1.409946e-05  1.152088e-05  7.809194e-05  3.138731e-10  1.162428e-09 -4.679864e-10  1.090952e-05
   2.248608e-05  6.744268e-05  5.130897e-10  8.451272e-10 -5.460401e-10  8.229864e-06  2.991799e-05  5.501842e-05  5.932303e-10  5.796648e-10 -5.191585e-10  6.075648e-06  3.309529e-05  4.370895e-05  5.892609e-10  3.846642e-10 -4.243794e-10
   4.386897e-06  3.157755e-05  3.394708e-05  5.214665e-10  2.531487e-10 -3.029097e-10  3.058231e-06  2.728953e-05  2.720744e-05  4.360834e-10  1.637807e-10 -1.859603e-10  1.989831e-06  2.060444e-05  2.185840e-05  3.415233e-10  9.670703e-11
  -9.272326e-11  1.128349e-06  1.362496e-05  1.751672e-05  2.622446e-10  4.370902e-11 -3.252138e-11  4.802704e-07  6.782904e-06  1.190376e-05  1.778669e-10  9.106731e-12 -5.052824e-12  9.484005e-08  2.039480e-06  5.505188e-06  8.780372e-11]
 [-3.321113e-08  5.891226e-08  2.001829e-03 -2.970022e-05 -9.021541e-04  2.607688e-08  1.931432e-06 -3.747981e-05  1.003487e-09 -1.465357e-09  2.261483e-09  8.758003e-05  7.230967e-06 -3.297383e-05  7.427681e-10 -1.378404e-09  1.663275e-09
   8.758003e-05  1.033720e-05 -2.827627e-05  5.084178e-10 -1.140098e-09  1.150770e-09  8.758003e-05  1.132339e-05 -2.406195e-05  3.052813e-10 -7.952705e-10  7.286563e-10  8.758003e-05  1.062193e-05 -2.059242e-05  1.356187e-10 -3.982625e-10
   3.608587e-10  8.758003e-05  8.782243e-06 -1.771459e-05  1.360952e-12 -3.968593e-12 -3.968593e-12  8.627287e-05  6.370268e-06 -1.518953e-05 -9.550243e-11  3.100980e-10 -3.721081e-10  7.908346e-05  3.918727e-06 -1.279611e-05 -1.552193e-10
   4.982150e-10 -7.164176e-10  7.124047e-05  1.869993e-06 -1.037206e-05 -1.806475e-10  5.708047e-10 -9.945753e-10  6.274390e-05  4.809601e-07 -7.975198e-06 -1.774638e-10  5.866516e-10 -1.191086e-09  5.490091e-05 -2.304290e-07 -5.773761e-06
  -1.536504e-10  5.859521e-10 -1.262829e-09  4.640434e-05 -4.286776e-07 -3.904311e-06 -1.180236e-10  6.141437e-10 -1.236662e-09  3.856136e-05 -3.444137e-07 -2.415356e-06 -7.895608e-11  6.427772e-10 -1.075985e-09  3.006479e-05 -1.784991e-07
  -1.295493e-06 -4.363450e-11  6.497586e-10 -8.371096e-10  2.222180e-05 -5.392396e-08 -5.246211e-07 -1.743909e-11  5.340640e-10 -5.084244e-10  1.372523e-05 -5.331789e-09 -9.983742e-08 -3.185269e-12  2.871930e-10 -1.997801e-10  5.882241e-06]
 [ 2.602711e-10  3.882004e-08  1.456061e-04  3.723713e-06 -8.027193e-05  2.074422e-08  4.508067e-07 -3.342402e-06  8.624564e-10 -1.176374e-10  1.678077e-09  6.370268e-06  9.247213e-07 -2.961892e-06  7.734253e-10 -3.365387e-10  1.616810e-09
   6.370268e-06  1.205119e-06 -2.577860e-06  6.873829e-10 -4.674767e-10  1.549210e-09  6.370268e-06  1.295352e-06 -2.254835e-06  6.046479e-10 -4.948131e-10  1.504068e-09  6.370268e-06  1.227162e-06 -2.017814e-06  5.243703e-10 -4.172595e-10
   1.490790e-09  6.370268e-06  1.040261e-06 -1.848940e-06  4.456589e-10 -2.434578e-10  1.494219e-09  6.370268e-06  7.785904e-07 -1.703609e-06  3.686696e-10  4.686015e-12  1.481457e-09  6.369705e-06  4.938722e-07 -1.536121e-06  2.952711e-10
   2.846175e-10  1.409774e-09  6.356090e-06  2.404936e-07 -1.323931e-06  2.287906e-10  5.328211e-10  1.258917e-09  6.275484e-06  5.873656e-08 -1.075647e-06  1.719428e-10  6.990300e-10  1.068449e-09  6.084666e-06 -3.913091e-08 -8.183522e-07
   1.253982e-10  7.547108e-10  8.734909e-10  5.700450e-06 -6.752048e-08 -5.784513e-07  8.791884e-11  7.175677e-10  7.198205e-10  5.153397e-06 -5.464469e-08 -3.718191e-07  5.753807e-11  5.940715e-10  5.918549e-10  4.340931e-06 -2.868608e-08
  -2.057370e-07  3.291929e-11  4.304821e-10  4.846328e-10  3.396901e-06 -8.726100e-09 -8.526527e-08  1.418626e-11  2.402966e-10  3.400268e-10  2.195257e-06 -8.353423e-10 -1.646677e-08  2.837678e-12  8.447975e-11  1.623720e-10  9.650926e-07]
 [-2.682781e-08 -8.777524e-09 -3.471893e-04 -5.925490e-06  1.852539e-04 -4.273137e-09 -9.236072e-07  7.712901e-06 -1.588531e-10 -1.170092e-09 -4.498975e-10 -1.518953e-05 -2.016998e-06  6.830860e-06 -9.820010e-11 -1.161427e-09 -5.575743e-10
  -1.518953e-05 -2.663314e-06  5.934965e-06 -3.416040e-11 -1.169588e-09 -6.072933e-10 -1.518953e-05 -2.870963e-06  5.172365e-06  2.866283e-11 -1.214166e-09 -5.829684e-10 -1.518953e-05 -2.715333e-06  4.600100e-06  8.575814e-11 -1.297224e-09
  -4.737855e-10 -1.518953e-05 -2.291396e-06  4.177978e-06  1.326587e-10 -1.399018e-09 -2.745392e-10 -1.518953e-05 -1.703609e-06  3.806333e-06  1.650433e-10 -1.482677e-09  5.906320e-12 -1.517354e-05 -1.071743e-06  3.387333e-06  1.795529e-10
  -1.500067e-09  3.317819e-10 -1.499022e-05 -5.167107e-07  2.881391e-06  1.753482e-10 -1.424360e-09  6.354027e-10 -1.444129e-05 -1.233648e-07  2.314763e-06  1.550525e-10 -1.293656e-09  8.555894e-10 -1.361353e-05  8.630618e-08  1.747009e-06
   1.239958e-10 -1.143516e-09  9.481976e-10 -1.239157e-05  1.466332e-07  1.230773e-06  8.857726e-11 -1.024946e-09  9.225636e-10 -1.098031e-05  1.189554e-07  7.932337e-07  5.485771e-11 -9.117617e-10  7.754098e-10 -9.152330e-06  6.310319e-08
   4.431267e-07  2.765756e-11 -7.944394e-10  5.622439e-10 -7.182762e-06  1.958700e-08  1.866890e-07  9.827415e-12 -5.833616e-10  3.067344e-10 -4.724637e-06  1.994148e-09  3.684214e-08  1.550108e-12 -2.881613e-10  1.011018e-10 -2.136173e-06]
 [-1.125280e-04  3.592917e-04 -1.464034e-08  1.642603e-08  1.333270e-08  1.951224e-04  6.526119e-10  5.961636e-10  8.199704e-06 -6.226786e-06  1.522840e-05 -5.942844e-10  5.333220e-10  5.945187e-10  7.557290e-06 -8.427726e-06  1.413927e-05
  -4.976997e-10  4.472817e-10  5.525041e-10  6.960110e-06 -9.801373e-06  1.323424e-05 -3.977625e-10  4.001702e-10  4.795013e-10  6.391565e-06 -1.027197e-05  1.287676e-05 -2.966474e-10  3.834401e-10  3.848862e-10  5.823582e-06 -9.835228e-06
   1.320939e-05 -1.955145e-10  3.793821e-10  2.766832e-10  5.227869e-06 -8.494808e-06  1.409946e-05 -9.550243e-11  3.686696e-10  1.650433e-10  4.587330e-06 -6.322797e-06  1.517354e-05  1.220123e-12  3.387439e-10  6.430201e-11  3.905986e-06
  -3.600127e-06  1.585962e-05  9.047247e-11  2.893422e-10 -1.101438e-11  3.212108e-06 -8.860010e-07  1.570762e-05  1.655000e-10  2.298733e-10 -5.330441e-11  2.541275e-06  1.232650e-06  1.485551e-05  2.219590e-10  1.715122e-10 -6.500510e-11
   1.920876e-06  2.342016e-06  1.343942e-05  2.560355e-10  1.208487e-10 -5.567839e-11  1.366266e-06  2.434441e-06  1.188707e-05  2.711142e-10  7.907107e-11 -3.684720e-11  8.864879e-07  1.678589e-06  9.991692e-06  2.623119e-10  4.517756e-11
  -1.824687e-11  4.931098e-07  5.744732e-07  7.923198e-06  2.354407e-10  1.935868e-11 -5.816755e-12  2.040719e-07 -3.337360e-07  5.196432e-06  1.753825e-10  3.829214e-12 -7.294170e-13  3.919562e-08 -5.038200e-07  2.288016e-06  8.881978e-11]
 [ 1.797824e-03 -1.663385e-04  4.185929e-08 -7.201157e-09 -9.391446e-08 -6.167876e-05  2.167679e-11 -3.900298e-09 -2.636707e-06  7.889417e-05 -6.017537e-07  1.655863e-09  5.372378e-10 -3.437436e-09 -2.879590e-06  7.814405e-05  1.115047e-05
   1.336035e-09  7.802833e-10 -2.966738e-09 -3.554590e-06  7.667907e-05  1.890174e-05  1.064860e-09  7.757334e-10 -2.545935e-09 -4.461335e-06  7.596731e-05  2.164491e-05  8.220497e-10  5.886658e-10 -2.181302e-09 -5.372395e-06  7.663171e-05
   1.909748e-05  5.797833e-10  3.016879e-10 -1.839285e-09 -6.059910e-06  7.809194e-05  1.152088e-05  3.100980e-10  4.686015e-12 -1.482677e-09 -6.322797e-06  7.759593e-05  1.220451e-16 -4.691640e-12 -2.224266e-10 -1.116912e-09 -6.049022e-06
   6.998445e-05 -1.229851e-05 -3.372591e-10 -3.392724e-10 -7.803050e-10 -5.294637e-06  5.879628e-05 -2.147514e-05 -6.318093e-10 -3.512283e-10 -5.061275e-10 -4.232758e-06  4.808369e-05 -2.628153e-05 -8.696711e-10 -2.931309e-10 -3.102311e-10
  -3.068694e-06  3.820968e-05 -2.621856e-05 -1.013464e-09 -2.057948e-10 -1.845875e-10 -1.982089e-06  3.091551e-05 -2.297188e-05 -1.076748e-09 -1.203586e-10 -1.073457e-10 -1.098856e-06  2.464309e-05 -1.715071e-05 -1.022136e-09 -5.494766e-11
  -5.753648e-11 -4.846605e-07  1.932320e-05 -1.089016e-05 -8.883785e-10 -1.649453e-11 -2.385923e-11 -1.433222e-07  1.276677e-05 -4.952677e-06 -6.270735e-10 -1.928751e-12 -4.588930e-12 -1.702807e-08  5.742705e-06 -1.205566e-06 -2.986264e-10]
 [ 1.663385e-04  1.797824e-03 -5.872126e-08  7.468634e-08  2.092195e-08  8.503031e-04  3.086726e-09  1.055178e-09  3.547560e-05  6.017537e-07  7.889417e-05 -2.402104e-09  2.718962e-09  1.221973e-09  3.203534e-05 -1.115047e-05  7.814405e-05
  -2.033762e-09  2.390239e-09  1.199639e-09  2.864962e-05 -1.890174e-05  7.667907e-05 -1.627668e-09  2.132526e-09  1.012908e-09  2.531590e-05 -2.164491e-05  7.596731e-05 -1.203601e-09  1.928111e-09  7.097918e-10  2.198330e-05 -1.909748e-05
   7.663171e-05 -7.792139e-10  1.726941e-09  3.503158e-10  1.859998e-05 -1.152088e-05  7.809194e-05 -3.721081e-10  1.481457e-09  5.906320e-12  1.517354e-05  1.220458e-16  7.759593e-05 -4.691640e-12  1.191682e-09 -2.539345e-10  1.192536e-05
   1.229851e-05  6.998445e-05  2.758117e-10  8.968691e-10 -3.929145e-10  9.105132e-06  2.147514e-05  5.879628e-05  4.356041e-10  6.361045e-10 -4.164439e-10  6.770073e-06  2.628153e-05  4.808369e-05  4.992700e-10  4.333227e-10 -3.588977e-10
   4.890158e-06  2.621856e-05  3.820968e-05  4.871147e-10  2.882292e-10 -2.625506e-10  3.385656e-06  2.297188e-05  3.091551e-05  4.425065e-10  1.848483e-10 -1.619974e-10  2.174451e-06  1.715071e-05  2.464309e-05  3.737513e-10  1.066434e-10
  -7.980257e-11  1.212416e-06  1.089016e-05  1.932320e-05  3.059621e-10  4.684768e-11 -2.715280e-11  5.066736e-07  4.952677e-06  1.276677e-05  2.167094e-10  9.511799e-12 -4.011991e-12  9.837467e-08  1.205566e-06  5.742705e-06  1.090231e-10]
 [-3.643396e-08  6.230144e-08  1.807622e-03 -1.644770e-05 -8.532144e-04  2.909293e-08  2.338147e-06 -3.548535e-05  1.135610e-09 -1.637442e-09  2.414704e-09  7.908346e-05  7.361633e-06 -3.131059e-05  8.749160e-10 -1.611056e-09  1.823780e-09
   7.908346e-05  1.031609e-05 -2.697877e-05  6.396158e-10 -1.426353e-09  1.322969e-09  7.908346e-05  1.125805e-05 -2.313744e-05  4.335217e-10 -1.124991e-09  9.274426e-10  7.908346e-05  1.057689e-05 -2.003788e-05  2.576741e-10 -7.572152e-10
   6.086825e-10  7.908346e-05  8.770085e-06 -1.751335e-05  1.128467e-10 -3.690091e-10  3.138731e-10  7.908346e-05  6.369705e-06 -1.517354e-05  1.220123e-12 -4.691640e-12 -4.691640e-12  7.777630e-05  3.918727e-06 -1.279611e-05 -7.488294e-11
   2.745496e-10 -3.382566e-10  7.124047e-05  1.869993e-06 -1.037206e-05 -1.165908e-10  4.352314e-10 -6.320611e-10  6.274390e-05  4.809601e-07 -7.975198e-06 -1.286447e-10  5.167319e-10 -8.595586e-10  5.490091e-05 -2.304290e-07 -5.773761e-06
  -1.183420e-10  5.554431e-10 -9.779317e-10  4.640434e-05 -4.286776e-07 -3.904311e-06 -9.415121e-11  5.977177e-10 -9.990804e-10  3.856136e-05 -3.444137e-07 -2.415356e-06 -6.432421e-11  6.242335e-10 -8.912722e-10  3.006479e-05 -1.784991e-07
  -1.295493e-06 -3.599102e-11  6.232032e-10 -7.025591e-10  2.222180e-05 -5.392396e-08 -5.246211e-07 -1.448299e-11  5.059867e-10 -4.285449e-10  1.372523e-05 -5.331789e-09 -9.983742e-08 -2.654745e-12  2.697621e-10 -1.679596e-10  5.882241e-06]
 [-4.396738e-09  3.071557e-08  8.957089e-05  2.581119e-06 -4.995227e-05  1.689054e-08  2.920780e-07 -2.079953e-06  7.048534e-10 -2.960247e-10  1.313061e-09  3.918726e-06  5.870038e-07 -1.843428e-06  6.384404e-10 -4.701055e-10  1.239085e-09
   3.918726e-06  7.615469e-07 -1.605279e-06  5.752934e-10 -5.738774e-10  1.170135e-09  3.918727e-06  8.177452e-07 -1.405833e-06  5.150281e-10 -5.983594e-10  1.131997e-09  3.918727e-06  7.751572e-07 -1.260710e-06  4.562907e-10 -5.435426e-10
   1.133470e-09  3.918727e-06  6.581806e-07 -1.158700e-06  3.976977e-10 -4.140070e-10  1.162428e-09  3.918727e-06  4.938722e-07 -1.071743e-06  3.387439e-10 -2.224266e-10  1.191682e-09  3.918727e-06  3.143700e-07 -9.708282e-07  2.802082e-10
   4.597917e-12  1.192115e-09  3.918322e-06  1.538435e-07 -8.407819e-07  2.240674e-10  2.248227e-10  1.135346e-09  3.902000e-06  3.816420e-08 -6.859140e-07  1.729250e-10  3.906434e-10  1.025376e-09  3.827859e-06 -2.435115e-08 -5.231425e-07
   1.284136e-10  4.689125e-10  8.869586e-10  3.629627e-06 -4.254016e-08 -3.698016e-07  9.067156e-11  4.622388e-10  7.594954e-10  3.306742e-06 -3.436839e-08 -2.369618e-07  5.908872e-11  3.782858e-10  6.327519e-10  2.792811e-06 -1.791809e-08
  -1.302201e-07  3.335232e-11  2.567622e-10  5.106865e-10  2.176676e-06 -5.380694e-09 -5.338861e-08  1.409797e-11  1.233848e-10  3.473339e-10  1.389721e-06 -4.949515e-10 -1.016712e-08  2.763936e-12  3.101347e-11  1.597584e-10  6.000356e-07]
 [-2.009608e-08 -1.357610e-08 -2.924826e-04 -6.916815e-06  1.603944e-04 -7.008886e-09 -8.778895e-07  6.679043e-06 -2.765961e-10 -8.538386e-10 -6.389139e-10 -1.279611e-05 -1.824949e-06  5.919193e-06 -2.133695e-10 -8.092477e-10 -7.072231e-10
  -1.279611e-05 -2.385298e-06  5.151168e-06 -1.481779e-10 -7.931728e-10 -7.311494e-10 -1.279611e-05 -2.565598e-06  4.503582e-06 -8.457005e-11 -8.229329e-10 -7.036675e-10 -1.279611e-05 -2.429509e-06  4.026278e-06 -2.579858e-11 -9.001354e-10
  -6.181909e-10 -1.279611e-05 -2.056892e-06  3.683733e-06  2.492585e-11 -1.008274e-09 -4.679864e-10 -1.279611e-05 -1.536121e-06  3.387333e-06  6.430201e-11 -1.116912e-09 -2.539345e-10 -1.279611e-05 -9.708282e-07  3.046264e-06  8.942589e-11
  -1.193215e-09  5.697972e-12 -1.278355e-05 -4.693125e-07  2.616508e-06  9.883980e-11 -1.204548e-09  2.698133e-10 -1.258274e-05 -1.107780e-07  2.119617e-06  9.366736e-11 -1.151799e-09  4.835136e-10 -1.207576e-05  8.177143e-08  1.611541e-06
   7.770136e-11 -1.058833e-09  6.010874e-10 -1.117536e-05  1.374925e-07  1.142776e-06  5.618520e-11 -9.679736e-10  6.157742e-10 -1.003175e-05  1.116628e-07  7.407388e-07  3.441914e-11 -8.621716e-10  5.253768e-10 -8.459982e-06  5.936485e-08
   4.157973e-07  1.669870e-11 -7.412596e-10  3.734741e-10 -6.697417e-06  1.845999e-08  1.758495e-07  5.482140e-12 -5.342751e-10  1.907095e-10 -4.437344e-06  1.877020e-09  3.480084e-08  7.516837e-13 -2.590242e-10  5.344758e-11 -2.015550e-06]
 [-1.130913e-04  2.843367e-04 -1.380583e-08  1.321530e-08  1.306873e-08  1.590027e-04  5.174055e-10  5.774176e-10  6.691048e-06 -5.974442e-06  1.196268e-05 -5.652975e-10  4.095509e-10  5.657642e-10  6.190093e-06 -7.691864e-06  1.094587e-05
  -4.850739e-10  3.346288e-10  5.216626e-10  5.730598e-06 -8.750012e-06  1.012868e-05 -4.028885e-10  2.970016e-10  4.540628e-10  5.296772e-06 -9.109630e-06  9.810284e-06 -3.201690e-10  2.887000e-10  3.706502e-10  4.863448e-06 -8.775937e-06
   1.010648e-05 -2.374430e-10  2.939413e-10  2.768850e-10  4.405277e-06 -7.743807e-06  1.090952e-05 -1.552193e-10  2.952711e-10  1.795529e-10  3.905986e-06 -6.049022e-06  1.192536e-05 -7.488294e-11  2.802082e-10  8.942589e-11  3.364269e-06
  -3.872287e-06  1.278355e-05  1.100051e-12  2.461966e-10  1.887482e-11  2.795880e-06 -1.598594e-06  1.306783e-05  6.904643e-11  2.001888e-10 -2.432542e-11  2.230674e-06  2.704492e-07  1.266377e-05  1.245328e-10  1.520323e-10 -4.084453e-11
   1.696480e-06  1.345279e-06  1.167762e-05  1.636484e-10  1.083489e-10 -3.806630e-11  1.211446e-06  1.551456e-06  1.045495e-05  1.871299e-10  7.123799e-11 -2.575181e-11  7.877111e-07  1.025253e-06  8.854520e-06  1.910134e-10  4.068164e-11
  -1.250392e-11  4.385179e-07  1.735012e-07  7.041173e-06  1.783945e-10  1.736652e-11 -3.679927e-12  1.814812e-07 -5.010708e-07  4.622147e-06  1.370401e-10  3.418855e-12 -3.668672e-13  3.485024e-08 -5.346042e-07  2.033552e-06  7.101449e-11]
 [ 1.620463e-03  1.349502e-04  3.433380e-08  5.757776e-09 -8.642199e-08  7.030725e-05  5.445590e-10 -3.564351e-09  2.859648e-06  7.005873e-05  1.186163e-05  1.372716e-09  9.813596e-10 -3.104964e-09  2.103748e-06  6.754709e-05  2.216578e-05
   1.146960e-09  1.167516e-09 -2.668287e-09  9.732119e-07  6.503011e-05  2.880952e-05  9.702814e-10  1.129319e-09 -2.306809e-09 -3.546692e-07  6.396793e-05  3.113037e-05  8.215812e-10  9.230465e-10 -2.020456e-09 -1.686200e-06  6.495735e-05
   2.897566e-05  6.734133e-10  6.163362e-10 -1.768131e-09 -2.827459e-06  6.744268e-05  2.248608e-05  4.982150e-10  2.846175e-10 -1.500067e-09 -3.600127e-06  6.998445e-05  1.229851e-05  2.745496e-10  4.597917e-12 -1.193215e-09 -3.872287e-06
   6.974063e-05  1.100242e-16 -4.604267e-12 -1.699000e-10 -8.778172e-10 -3.621407e-06  6.163074e-05 -1.086862e-05 -2.975695e-10 -2.327208e-10 -6.025426e-10 -2.984021e-06  5.192492e-05 -1.747149e-05 -5.516342e-10 -2.137700e-10 -3.909375e-10
  -2.166529e-06  4.219393e-05 -1.913446e-05 -7.289295e-10 -1.539282e-10 -2.430247e-10 -1.359707e-06  3.444636e-05 -1.721269e-05 -8.300546e-10 -8.755160e-11 -1.435295e-10 -7.018450e-07  2.725485e-05 -1.257810e-05 -8.219280e-10 -3.616661e-11
  -7.570664e-11 -2.652949e-07  2.092425e-05 -7.344583e-06 -7.331354e-10 -8.266468e-12 -3.030655e-11 -5.257222e-08  1.343283e-05 -2.645106e-06 -5.251208e-10 -2.580819e-13 -5.613297e-12  4.232909e-10  5.863732e-06 -1.835274e-07 -2.516453e-10]
 [-1.349502e-04  1.620463e-03 -6.637030e-08  6.969102e-08  3.847441e-08  7.962383e-04  2.819810e-09  1.771730e-09  3.329584e-05 -1.186163e-05  7.005873e-05 -2.728076e-09  2.386153e-09  1.836828e-09  3.028314e-05 -2.216578e-05  6.754709e-05
  -2.351178e-09  2.041962e-09  1.727315e-09  2.738670e-05 -2.880952e-05  6.503011e-05 -1.948444e-09  1.813385e-09  1.476179e-09  2.457278e-05 -3.113037e-05  6.396793e-05 -1.534228e-09  1.673014e-09  1.127326e-09  2.176053e-05 -2.897566e-05
   6.495735e-05 -1.119814e-09  1.559515e-09  7.272543e-10  1.886818e-05 -2.248608e-05  6.744268e-05 -7.164176e-10  1.409774e-09  3.317819e-10  1.585962e-05 -1.229851e-05  6.998445e-05 -3.382566e-10  1.192115e-09  5.697972e-12  1.278355e-05
   1.100236e-16  6.974063e-05 -4.604267e-12  9.332752e-10 -2.012524e-10  9.888054e-06  1.086862e-05  6.163074e-05  2.414600e-10  6.852581e-10 -2.836860e-10  7.403914e-06  1.747149e-05  5.192492e-05  3.829020e-10  4.788656e-10 -2.717059e-10
   5.349966e-06  1.913446e-05  4.219393e-05  4.363733e-10  3.217189e-10 -2.076819e-10  3.679107e-06  1.721269e-05  3.444636e-05  4.407318e-10  2.046253e-10 -1.292564e-10  2.332498e-06  1.257810e-05  2.725485e-05  4.038254e-10  1.154260e-10
  -6.235907e-11  1.278172e-06  7.344583e-06  2.092425e-05  3.509423e-10  4.925431e-11 -2.007174e-11  5.238078e-07  2.645106e-06  1.343283e-05  2.577495e-10  9.725669e-12 -2.674000e-12  9.981485e-08  1.835274e-07  5.863732e-06  1.315799e-10]
 [-3.987891e-08  6.326295e-08  1.628354e-03 -3.505792e-06 -8.002554e-04  3.102025e-08  2.715686e-06 -3.330276e-05  1.222906e-09 -1.808751e-09  2.460050e-09  7.124047e-05  7.433486e-06 -2.943707e-05  9.680616e-10 -1.823835e-09  1.875017e-09
   7.124047e-05  1.021429e-05 -2.544925e-05  7.378720e-10 -1.678944e-09  1.385635e-09  7.124047e-05  1.110355e-05 -2.195532e-05  5.350840e-10 -1.414253e-09  1.015110e-09  7.124047e-05  1.045216e-05 -1.919438e-05  3.595641e-10 -1.076666e-09
   7.411839e-10  7.124047e-05  8.708101e-06 -1.700436e-05  2.109313e-10 -7.060688e-10  5.130897e-10  7.124047e-05  6.356090e-06 -1.499022e-05  9.047247e-11 -3.372591e-10  2.758117e-10  7.124047e-05  3.918322e-06 -1.278355e-05  1.100051e-12
  -4.604267e-12 -4.604267e-12  6.993331e-05  1.869993e-06 -1.037206e-05 -5.535463e-11  2.424668e-10 -2.967743e-10  6.274390e-05  4.809601e-07 -7.975198e-06 -8.171289e-11  3.937454e-10 -5.441165e-10  5.490091e-05 -2.304290e-07 -5.773761e-06
  -8.438880e-11  4.789133e-10 -7.020347e-10  4.640434e-05 -4.286776e-07 -3.904311e-06 -7.131806e-11  5.427866e-10 -7.675339e-10  3.856136e-05 -3.444137e-07 -2.415356e-06 -5.048331e-11  5.758349e-10 -7.121931e-10  3.006479e-05 -1.784991e-07
  -1.295493e-06 -2.887933e-11  5.750848e-10 -5.742397e-10  2.222180e-05 -5.392396e-08 -5.246211e-07 -1.179111e-11  4.652820e-10 -3.543720e-10  1.372523e-05 -5.331789e-09 -9.983742e-08 -2.183178e-12  2.473893e-10 -1.394309e-10  5.882241e-06]
 [-6.729548e-09  2.262112e-08  4.274269e-05  1.330592e-06 -2.396729e-05  1.283365e-08  1.441656e-07 -9.978521e-07  5.378220e-10 -3.723381e-10  9.562331e-10  1.869993e-06  2.856421e-07 -8.842144e-07  4.925081e-10 -5.020272e-10  8.830208e-10
   1.869993e-06  3.693615e-07 -7.699988e-07  4.502591e-10 -5.794218e-10  8.210813e-10  1.869993e-06  3.963189e-07 -6.746091e-07  4.102880e-10 -6.003972e-10  7.918027e-10  1.869993e-06  3.758665e-07 -6.055575e-07  3.710635e-10 -5.656195e-10
   8.028085e-10  1.869993e-06  3.196288e-07 -5.574401e-07  3.310347e-10 -4.766424e-10  8.451272e-10  1.869993e-06  2.404936e-07 -5.167107e-07  2.893422e-10 -3.392724e-10  8.968691e-10  1.869993e-06  1.538435e-07 -4.693125e-07  2.461966e-10
  -1.699000e-10  9.332752e-10  1.869993e-06  7.614452e-08 -4.077283e-07  2.027016e-10  3.716357e-12  9.383775e-10  1.869423e-06  1.994672e-08 -3.334211e-07  1.604752e-10  1.479702e-10  9.013966e-10  1.856349e-06 -1.049540e-08 -2.540319e-07
   1.213561e-10  2.312203e-10  8.226966e-10  1.787283e-06 -1.937284e-08 -1.782757e-07  8.649242e-11  2.441847e-10  7.301563e-10  1.640593e-06 -1.554212e-08 -1.124258e-07  5.638454e-11  1.929881e-10  6.184635e-10  1.378450e-06 -7.897370e-09
  -6.013128e-08  3.158993e-11  1.093131e-10  4.967230e-10  1.051592e-06 -2.261665e-09 -2.368516e-08  1.318037e-11  2.613152e-11  3.315029e-10  6.413658e-07 -1.780391e-10 -4.279941e-09  2.545761e-12 -1.244088e-11  1.483556e-10  2.592727e-07]
 [-1.382841e-08 -1.552751e-08 -2.370758e-04 -7.120630e-06  1.332670e-04 -8.329114e-09 -7.895432e-07  5.550018e-06 -3.353996e-10 -5.682383e-10 -7.057381e-10 -1.037206e-05 -1.576647e-06  4.921055e-06 -2.754325e-10 -5.054444e-10 -7.406683e-10
  -1.037206e-05 -2.042704e-06  4.288242e-06 -2.146720e-10 -4.763780e-10 -7.442831e-10 -1.037206e-05 -2.192852e-06  3.759362e-06 -1.556839e-10 -4.951320e-10 -7.159652e-10 -1.037206e-05 -2.078829e-06  3.376170e-06 -1.006254e-10 -5.626895e-10
  -6.523001e-10 -1.037206e-05 -1.765236e-06  3.108611e-06 -5.161670e-11 -6.659734e-10 -5.460401e-10 -1.037206e-05 -1.323931e-06  2.881391e-06 -1.101438e-11 -7.803050e-10 -3.929145e-10 -1.037206e-05 -8.407819e-07  2.616508e-06  1.887482e-11
  -8.778172e-10 -2.012524e-10 -1.037206e-05 -4.077283e-07  2.272568e-06  3.658805e-11 -9.393375e-10  4.676152e-12 -1.035607e-05 -9.484199e-08  1.860354e-06  4.230528e-11 -9.520062e-10  1.887063e-10 -1.017267e-05  7.476147e-08  1.427325e-06
   3.828062e-11 -9.148763e-10  3.102943e-10 -9.621132e-06  1.241910e-07  1.020210e-06  2.837628e-11 -8.568176e-10  3.507428e-10 -8.779779e-06  1.009910e-07  6.658339e-07  1.687637e-11 -7.686140e-10  3.065650e-10 -7.511754e-06  5.382974e-08
   3.758865e-07  7.363958e-12 -6.558251e-10  2.089427e-10 -6.009474e-06  1.677413e-08  1.596878e-07  1.831558e-12 -4.661554e-10  9.125406e-11 -4.015783e-06  1.703033e-09  3.170599e-08  9.231417e-14 -2.223891e-10  1.373111e-11 -1.833918e-06]
 [-1.017555e-04  2.184979e-04 -1.225853e-08  1.029856e-08  1.186901e-08  1.259380e-04  3.977127e-10  5.204606e-10  5.306706e-06 -5.237670e-06  9.137836e-06 -5.052551e-10  3.050399e-10  5.042244e-10  4.926344e-06 -6.542370e-06  8.260790e-06
  -4.412671e-10  2.424000e-10  4.626875e-10  4.581340e-06 -7.337630e-06  7.570449e-06 -3.761986e-10  2.131079e-10  4.038582e-10  4.257921e-06 -7.606069e-06  7.303847e-06 -3.109656e-10  2.102322e-10  3.338656e-10  3.934921e-06 -7.357015e-06
   7.551820e-06 -2.457324e-10  2.204318e-10  2.562705e-10  3.591035e-06 -6.581578e-06  8.229864e-06 -1.806475e-10  2.287906e-10  1.753482e-10  3.212108e-06 -5.294637e-06  9.105132e-06 -1.165908e-10  2.240674e-10  9.883980e-11  2.795880e-06
  -3.621407e-06  9.888054e-06 -5.535463e-11  2.027016e-10  3.658805e-11  2.351566e-06 -1.832222e-06  1.035607e-05  9.599315e-13  1.689338e-10 -4.199514e-12  1.896853e-06 -2.874617e-07  1.033610e-05  5.019735e-11  1.307562e-10 -2.278013e-11
   1.455225e-06  6.770746e-07  9.766920e-06  8.918094e-11  9.441374e-11 -2.443929e-11  1.046045e-06  9.366833e-07  8.888889e-06  1.166442e-10  6.253195e-11 -1.708861e-11  6.834741e-07  5.841297e-07  7.619468e-06  1.292088e-10  3.580391e-11
  -8.067508e-12  3.818627e-07 -6.455297e-08  6.102003e-06  1.276462e-10  1.527931e-11 -2.074754e-12  1.584822e-07 -5.638201e-07  4.027292e-06  1.022235e-10  3.003393e-12 -1.053259e-13  3.050833e-08 -5.197362e-07  1.777670e-06  5.459844e-11]
 [ 1.384544e-03  3.673159e-04  2.522585e-08  1.663750e-08 -7.485843e-08  1.790802e-04  9.669414e-10 -3.063177e-09  7.409384e-06  5.892818e-05  2.110771e-05  1.018541e-09  1.312984e-09 -2.631547e-09  6.288506e-06  5.515844e-05  2.965632e-05
   8.809601e-10  1.441650e-09 -2.247631e-09  4.860672e-06  5.194941e-05  3.502953e-05  7.899321e-10  1.379349e-09 -1.956915e-09  3.274431e-06  5.066976e-05  3.687829e-05  7.249430e-10  1.171948e-09 -1.754443e-09  1.685282e-06  5.186066e-05
   3.516239e-05  6.604460e-10  8.703924e-10 -1.595631e-09  2.487800e-07  5.501842e-05  2.991799e-05  5.708047e-10  5.328211e-10 -1.424360e-09 -8.860010e-07  5.879628e-05  2.147514e-05  4.352314e-10  2.248227e-10 -1.204548e-09 -1.598594e-06
   6.163074e-05  1.086862e-05  2.424668e-10  3.716357e-12 -9.393375e-10 -1.832222e-06  6.129253e-05  9.599683e-17 -3.720733e-12 -1.070190e-10 -6.748208e-10 -1.639354e-06  5.419530e-05 -8.094027e-06 -2.575762e-10 -1.273994e-10 -4.555944e-10
  -1.194734e-06  4.490505e-05 -1.143879e-05 -4.565813e-10 -9.683315e-11 -2.912752e-10 -6.934079e-07  3.693892e-05 -1.090572e-05 -5.865986e-10 -5.168099e-11 -1.736196e-10 -2.818740e-07  2.904438e-05 -7.603800e-06 -6.188768e-10 -1.607215e-11
  -9.064266e-11 -3.698388e-08  2.189250e-05 -3.561078e-06 -5.719266e-10  2.869862e-13 -3.545140e-11  4.013238e-08  1.369126e-05 -2.478809e-07 -4.172521e-10  1.430981e-12 -6.393729e-12  1.792889e-08  5.806164e-06  8.480481e-07 -2.013041e-10]
 [-3.673159e-04  1.384544e-03 -6.963656e-08  6.146596e-08  5.214815e-08  7.116286e-04  2.428242e-09  2.321343e-09  2.983191e-05 -2.110771e-05  5.892818e-05 -2.874301e-09  1.956479e-09  2.295701e-09  2.733582e-05 -2.965632e-05  5.515844e-05
  -2.512559e-09  1.613640e-09  2.117320e-09  2.499842e-05 -3.502953e-05  5.194941e-05 -2.135991e-09  1.420089e-09  1.825389e-09  2.276306e-05 -3.687829e-05  5.066976e-05 -1.753785e-09  1.342051e-09  1.458509e-09  2.052973e-05 -3.516239e-05
   5.186066e-05 -1.371490e-09  1.312249e-09  1.049010e-09  1.819753e-05 -2.991799e-05  5.501842e-05 -9.945753e-10  1.258917e-09  6.354027e-10  1.570762e-05 -2.147514e-05  5.879628e-05 -6.320611e-10  1.135346e-09  2.698133e-10  1.306783e-05
  -1.086862e-05  6.163074e-05 -2.967743e-10  9.383775e-10  4.676152e-12  1.035607e-05  9.599503e-17  6.129253e-05 -3.720733e-12  7.133231e-10 -1.359182e-10  7.814102e-06  8.094027e-06  5.419530e-05  2.142181e-10  5.101293e-10 -1.716563e-10
   5.648172e-06  1.143879e-05  4.490505e-05  3.381533e-10  3.458268e-10 -1.434030e-10  3.861338e-06  1.090572e-05  3.693892e-05  3.972733e-10  2.184818e-10 -9.067477e-11  2.419926e-06  7.603800e-06  2.904438e-05  3.996829e-10  1.208483e-10
  -4.199617e-11  1.305150e-06  3.561078e-06  2.189250e-05  3.691174e-10  5.020558e-11 -1.196660e-11  5.250125e-07  2.478809e-07  1.369126e-05  2.810328e-10  9.647270e-12 -1.176145e-12  9.821253e-08 -8.480481e-07  5.806164e-06  1.459009e-10]
 [-4.235197e-08  6.080430e-08  1.434146e-03  9.778752e-06 -7.344530e-04  3.144029e-08  3.061508e-06 -3.057395e-05  1.248696e-09 -1.926589e-09  2.361418e-09  6.274390e-05  7.394576e-06 -2.705637e-05  1.008363e-09 -1.965320e-09  1.794426e-09
   6.274390e-05  9.952737e-06 -2.345445e-05  7.915391e-10 -1.850374e-09  1.326925e-09  6.274390e-05  1.077286e-05 -2.034244e-05  5.999211e-10 -1.620913e-09  9.872084e-10  6.274390e-05  1.016490e-05 -1.794314e-05  4.323399e-10 -1.320203e-09
   7.583888e-10  6.274390e-05  8.522537e-06 -1.610246e-05  2.874012e-10 -9.815475e-10  5.932303e-10  6.274390e-05  6.275484e-06 -1.444129e-05  1.655000e-10 -6.318093e-10  4.356041e-10  6.274390e-05  3.902000e-06 -1.258274e-05  6.904643e-11
  -2.975695e-10  2.414600e-10  6.274390e-05  1.869423e-06 -1.035607e-05  9.599315e-13 -3.720733e-12 -3.720733e-12  6.143674e-05  4.809601e-07 -7.975198e-06 -3.822314e-11  2.167498e-10 -2.555037e-10  5.490091e-05 -2.304290e-07 -5.773761e-06
  -5.291478e-11  3.546521e-10 -4.440969e-10  4.640434e-05 -4.286776e-07 -3.904311e-06 -5.029112e-11  4.476493e-10 -5.494104e-10  3.856136e-05 -3.444137e-07 -2.415356e-06 -3.791217e-11  4.964346e-10 -5.445447e-10  3.006479e-05 -1.784991e-07
  -1.295493e-06 -2.255629e-11  5.049656e-10 -4.564951e-10  2.222180e-05 -5.392396e-08 -5.246211e-07 -9.466122e-12  4.120648e-10 -2.885987e-10  1.372523e-05 -5.331789e-09 -9.983742e-08 -1.789650e-12  2.203106e-10 -1.153245e-10  5.882241e-06]
 [-6.904665e-09  1.560592e-08  1.099337e-05  2.909608e-07 -5.940640e-06  9.153961e-09  3.402064e-08 -2.470947e-07  3.853661e-10 -3.571952e-10  6.530051e-10  4.809600e-07  6.901874e-08 -2.184243e-07  3.569205e-10 -4.483724e-10  5.909205e-10
   4.809600e-07  8.967333e-08 -1.895327e-07  3.309947e-10 -5.031617e-10  5.414797e-10  4.809601e-07  9.630369e-08 -1.651934e-07  3.066998e-10 -5.202536e-10  5.210976e-10  4.809601e-07  9.132463e-08 -1.472521e-07  2.826171e-10 -5.004579e-10
   5.358805e-10  4.809601e-07  7.771741e-08 -1.343993e-07  2.573166e-10 -4.435705e-10  5.796648e-10  4.809601e-07  5.873656e-08 -1.233648e-07  2.298733e-10 -3.512283e-10  6.361045e-10  4.809601e-07  3.816420e-08 -1.107780e-07  2.001888e-10
  -2.327208e-10  6.852581e-10  4.809601e-07  1.994672e-08 -9.484199e-08  1.689338e-10 -1.070190e-10  7.133231e-10  4.809601e-07  6.989833e-09 -7.584083e-08  1.371111e-10  2.496153e-12  7.181770e-10  4.806710e-07  9.351948e-11 -5.539181e-08
   1.058122e-10  7.413644e-11  6.928917e-10  4.698153e-07 -1.898901e-09 -3.566575e-08  7.640233e-11  9.422263e-11  6.390326e-10  4.269549e-07 -1.322271e-09 -1.899870e-08  5.009424e-11  6.499442e-11  5.537828e-10  3.316405e-07 -3.069894e-10
  -7.221352e-09  2.804629e-11  9.730957e-12  4.470459e-10  2.092295e-07  1.065361e-10 -1.150668e-09  1.163482e-11 -3.715384e-11  2.964414e-10  7.577064e-08  6.227151e-11  2.026420e-10  2.228516e-12 -3.950924e-11  1.305898e-10  1.888643e-10]
 [-8.731242e-09 -1.473968e-08 -1.822902e-04 -6.583168e-06  1.048517e-04 -8.164149e-09 -6.641296e-07  4.367057e-06 -3.319748e-10 -3.437833e-10 -6.575589e-10 -7.975198e-06 -1.283562e-06  3.873888e-06 -2.804783e-10 -2.793840e-10 -6.693272e-10
  -7.975198e-06 -1.650586e-06  3.379791e-06 -2.289536e-10 -2.475610e-10 -6.607496e-10 -7.975198e-06 -1.768962e-06  2.970226e-06 -1.791414e-10 -2.588588e-10 -6.346765e-10 -7.975198e-06 -1.678574e-06  2.678286e-06 -1.323576e-10 -3.137000e-10
  -5.897210e-10 -7.975198e-06 -1.428998e-06  2.479943e-06 -8.988731e-11 -4.023425e-10 -5.191585e-10 -7.975198e-06 -1.075647e-06  2.314763e-06 -5.330441e-11 -5.061275e-10 -4.164439e-10 -7.975198e-06 -6.859140e-07  2.119617e-06 -2.432542e-11
  -6.025426e-10 -2.836860e-10 -7.975198e-06 -3.334211e-07  1.860354e-06 -4.199514e-12 -6.748208e-10 -1.359182e-10 -7.975198e-06 -7.584083e-08  1.542504e-06  6.933893e-12 -7.190174e-10  3.336275e-12 -7.962624e-06  6.547865e-08  1.198170e-06
   1.029479e-11 -7.281053e-10  1.081385e-10 -7.761223e-06  1.070586e-07  8.656318e-07  8.360504e-12 -7.038538e-10  1.571202e-10 -7.249017e-06  8.720988e-08  5.701537e-07  4.252798e-12 -6.412676e-10  1.436275e-10 -6.325974e-06  4.664790e-08
   3.243415e-07  7.304004e-13 -5.473620e-10  8.729157e-11 -5.133018e-06  1.458050e-08  1.386349e-07 -7.028157e-13 -3.864210e-10  1.972394e-11 -3.469969e-06  1.478853e-09  2.765147e-08 -3.518808e-13 -1.822937e-10 -1.348678e-11 -1.596459e-06]
 [-8.240459e-05  1.630776e-04 -1.023109e-08  7.775602e-09  9.973758e-09  9.682278e-05  2.970079e-10  4.354440e-10  4.084773e-06 -4.190391e-06  6.796236e-06 -4.238617e-10  2.218446e-10  4.191246e-10  3.802886e-06 -5.157619e-06  6.100032e-06
  -3.750860e-10  1.719063e-10  3.836632e-10  3.548910e-06 -5.743394e-06  5.557664e-06 -3.256896e-10  1.497047e-10  3.357391e-10  3.311852e-06 -5.940306e-06  5.349147e-06 -2.762773e-10  1.496342e-10  2.800884e-10  3.075122e-06 -5.757629e-06
   5.543078e-06 -2.268669e-10  1.610509e-10  2.189935e-10  2.822024e-06 -5.186574e-06  6.075648e-06 -1.774638e-10  1.719428e-10  1.550525e-10  2.541275e-06 -4.232758e-06  6.770073e-06 -1.286447e-10  1.729250e-10  9.366736e-11  2.230674e-06
  -2.984021e-06  7.403914e-06 -8.171289e-11  1.604752e-10  4.230528e-11  1.896853e-06 -1.639354e-06  7.814102e-06 -3.822314e-11  1.371111e-10  6.933893e-12  1.550807e-06 -4.556958e-07  7.962627e-06  8.403435e-13  1.083952e-10 -1.103311e-11
   1.204998e-06  3.321352e-07  7.770885e-06  3.470182e-11  7.951984e-11 -1.499586e-11  8.754008e-07  5.877344e-07  7.241834e-06  6.171449e-11  5.324691e-11 -1.098923e-11  5.770522e-07  3.520803e-07  6.327740e-06  7.876589e-11  3.070174e-11
  -5.002282e-12  3.248590e-07 -1.448802e-07  5.135772e-06  8.476809e-11  1.316009e-11 -1.021939e-12  1.357399e-07 -5.278053e-07  3.429792e-06  7.202622e-11  2.594526e-12  5.246916e-14  2.628962e-08 -4.629249e-07  1.527542e-06  4.009034e-11]
 [ 1.150388e-03  4.990979e-04  1.781429e-08  2.346990e-08 -6.284085e-08  2.468479e-04  1.216957e-09 -2.550890e-09  1.026107e-05  4.824593e-05  2.598075e-05  7.282657e-10  1.483426e-09 -2.159259e-09  8.964259e-06  4.386439e-05  3.288711e-05
   6.565071e-10  1.567038e-09 -1.830422e-09  7.422516e-06  4.038366e-05  3.711824e-05  6.269841e-10  1.493245e-09 -1.603047e-09  5.757009e-06  3.903411e-05  3.855108e-05  6.207377e-10  1.298534e-09 -1.469476e-09  4.089249e-06  4.028945e-05
   3.722163e-05  6.149290e-10  1.019564e-09 -1.385455e-09  2.540684e-06  4.370895e-05  3.309529e-05  5.866516e-10  6.990300e-10 -1.293656e-09  1.232650e-06  4.808369e-05  2.628153e-05  5.167319e-10  3.906434e-10 -1.151799e-09  2.704492e-07
   5.192492e-05  1.747149e-05  3.937454e-10  1.479702e-10 -9.520062e-10 -2.874617e-07  5.419530e-05  8.094027e-06  2.167498e-10  2.496153e-12 -7.190174e-10 -4.556958e-07  5.351950e-05  8.403354e-17 -2.497914e-12 -5.080060e-11 -4.998059e-10
  -3.385743e-07  4.613205e-05 -4.611224e-06 -2.126447e-10 -4.590030e-11 -3.254320e-10 -1.094209e-07  3.817165e-05 -5.273336e-06 -3.643101e-10 -1.990403e-11 -1.951134e-10  8.247892e-08  2.986865e-05 -3.185561e-06 -4.304068e-10  1.419301e-12
  -1.012064e-10  1.582920e-07  2.218973e-05 -2.540326e-07 -4.203918e-10  7.561303e-12 -3.899016e-11  1.180953e-07  1.358162e-05  1.799100e-06 -3.150505e-10  2.834481e-12 -6.906530e-12  3.240155e-08  5.617345e-06  1.705918e-06 -1.534613e-10]
 [-4.990979e-04  1.150388e-03 -6.941742e-08  5.227403e-08  6.005059e-08  6.186789e-04  2.013626e-09  2.629595e-09  2.599600e-05 -2.598075e-05  4.824592e-05 -2.876739e-09  1.532997e-09  2.538498e-09  2.398206e-05 -3.288711e-05  4.386439e-05
  -2.545618e-09  1.204327e-09  2.318094e-09  2.214565e-05 -3.711824e-05  4.038366e-05 -2.207754e-09  1.043184e-09  2.010998e-09  2.041829e-05 -3.855108e-05  3.903411e-05 -1.868417e-09  1.013144e-09  1.650684e-09  1.869306e-05 -3.722163e-05
   4.028945e-05 -1.529068e-09  1.046295e-09  1.257709e-09  1.686228e-05 -3.309529e-05  4.370895e-05 -1.191086e-09  1.068449e-09  8.555894e-10  1.485551e-05 -2.628153e-05  4.808369e-05 -8.595586e-10  1.025376e-09  4.835136e-10  1.266377e-05
  -1.747149e-05  5.192492e-05 -5.441165e-10  9.013966e-10  1.887063e-10  1.033610e-05 -8.094027e-06  5.419530e-05 -2.555037e-10  7.181770e-10  3.336275e-12  7.962627e-06  8.403269e-17  5.351950e-05 -2.497914e-12  5.247618e-10 -7.488328e-11
   5.766066e-06  4.611224e-06  4.613205e-05  1.864529e-10  3.585790e-10 -8.018008e-11  3.923515e-06  5.273336e-06  3.817165e-05  3.009032e-10  2.254635e-10 -5.252330e-11  2.436093e-06  3.185561e-06  2.986865e-05  3.477023e-10  1.227855e-10
  -2.197468e-11  1.296692e-06  2.540326e-07  2.218973e-05  3.470036e-10  4.987626e-11 -4.100119e-12  5.133965e-07 -1.799100e-06  1.358162e-05  2.763628e-10  9.355115e-12  2.564008e-13  9.448348e-08 -1.705918e-06  5.617345e-06  1.469836e-10]
 [-4.403333e-08  5.655354e-08  1.254878e-03  2.005510e-05 -6.661537e-04  3.073546e-08  3.266320e-06 -2.773328e-05  1.227501e-09 -2.001856e-09  2.186329e-09  5.490091e-05  7.197564e-06 -2.455748e-05  1.006084e-09 -2.050260e-09  1.641873e-09
   5.490091e-05  9.520850e-06 -2.132921e-05  8.069531e-10 -1.955357e-09  1.199481e-09  5.490091e-05  1.026704e-05 -1.857671e-05  6.308783e-10 -1.755810e-09  8.901456e-10  5.490091e-05  9.708557e-06 -1.650476e-05  4.758548e-10 -1.491559e-09
   7.011547e-10  5.490091e-05  8.188722e-06 -1.496937e-05  3.396768e-10 -1.189802e-09  5.892609e-10  5.490091e-05  6.084666e-06 -1.361353e-05  2.219590e-10 -8.696711e-10  4.992700e-10  5.490091e-05  3.827859e-06 -1.207576e-05  1.245328e-10
  -5.516342e-10  3.829020e-10  5.490091e-05  1.856349e-06 -1.017267e-05  5.019735e-11 -2.575762e-10  2.142181e-10  5.490091e-05  4.806710e-07 -7.962624e-06  8.403435e-13 -2.497914e-12 -2.497914e-12  5.359375e-05 -2.304290e-07 -5.773761e-06
  -2.461006e-11  1.895396e-10 -2.099445e-10  4.640434e-05 -4.286776e-07 -3.904311e-06 -3.152062e-11  3.178379e-10 -3.497643e-10  3.856136e-05 -3.444137e-07 -2.415356e-06 -2.686624e-11  3.904650e-10 -3.921314e-10  3.006479e-05 -1.784991e-07
  -1.295493e-06 -1.713955e-11  4.163714e-10 -3.518132e-10  2.222180e-05 -5.392396e-08 -5.246211e-07 -7.545730e-12  3.487087e-10 -2.324345e-10  1.372523e-05 -5.331789e-09 -9.983742e-08 -1.479391e-12  1.896137e-10 -9.598658e-11  5.882241e-06]
 [-5.674548e-09  1.030197e-08 -5.266949e-06 -3.333735e-07  3.488917e-06  6.248982e-09 -2.711943e-08  1.456531e-07  2.642323e-10 -2.856532e-10  4.280776e-10 -2.304290e-07 -4.783183e-08  1.300159e-07  2.473005e-10 -3.474190e-10  3.819297e-10
  -2.304290e-07 -6.019365e-08  1.145856e-07  2.322102e-10 -3.850323e-10  3.464927e-10 -2.304290e-07 -6.421603e-08  1.022959e-07  2.181850e-10 -3.983116e-10  3.335269e-10 -2.304290e-07 -6.104563e-08  9.428517e-08  2.040939e-10 -3.878796e-10
   3.475853e-10 -2.304290e-07 -5.211974e-08  8.968955e-08  1.887998e-10 -3.528763e-10  3.846642e-10 -2.304290e-07 -3.913091e-08  8.630618e-08  1.715122e-10 -2.931309e-10  4.333227e-10 -2.304290e-07 -2.435115e-08  8.177143e-08  1.520323e-10
  -2.137700e-10  4.788656e-10 -2.304290e-07 -1.049540e-08  7.476147e-08  1.307562e-10 -1.273994e-10  5.101293e-10 -2.304290e-07  9.351948e-11  6.547865e-08  1.083952e-10 -5.080060e-11  5.247618e-10 -2.304290e-07  6.250408e-09  5.508788e-08
   8.559402e-11  1.139571e-12  5.269342e-10 -2.306706e-07  8.113650e-09  4.461116e-08  6.301010e-11  1.863637e-11  5.096450e-10 -2.355390e-07  6.841374e-09  3.413138e-08  4.186344e-11  7.745781e-13  4.573307e-10 -2.526375e-07  4.067956e-09
   2.312478e-08  2.362199e-11 -3.701870e-11  3.758802e-10 -2.684268e-07  1.476364e-09  1.186286e-08  9.832757e-12 -6.371813e-11  2.513822e-10 -2.491182e-07  2.012163e-10  2.804759e-09  1.883911e-12 -4.931171e-11  1.106023e-10 -1.498904e-07]
 [-5.159830e-09 -1.209597e-08 -1.319717e-04 -5.521094e-06  7.761384e-05 -6.895373e-09 -5.199828e-07  3.233041e-06 -2.818873e-10 -1.930596e-10 -5.338048e-10 -5.773761e-06 -9.786498e-07  2.869411e-06 -2.417859e-10 -1.384323e-10 -5.333983e-10
  -5.773761e-06 -1.250615e-06  2.506479e-06 -2.020024e-10 -1.108061e-10 -5.205960e-10 -5.773761e-06 -1.338430e-06  2.207945e-06 -1.636598e-10 -1.174997e-10 -4.992465e-10 -5.773761e-06 -1.271030e-06  1.998473e-06 -1.275135e-10 -1.585799e-10
  -4.689997e-10 -5.773761e-06 -1.084248e-06  1.860011e-06 -9.429556e-11 -2.272179e-10 -4.243794e-10 -5.773761e-06 -8.183522e-07  1.747009e-06 -6.500510e-11 -3.102311e-10 -3.588977e-10 -5.773761e-06 -5.231425e-07  1.611541e-06 -4.084453e-11
  -3.909375e-10 -2.717059e-10 -5.773761e-06 -2.540319e-07  1.427325e-06 -2.278013e-11 -4.555944e-10 -1.716563e-10 -5.773761e-06 -5.539181e-08  1.198170e-06 -1.103311e-11 -4.998059e-10 -7.488328e-11 -5.773761e-06  5.508788e-08  9.460559e-07
  -4.876961e-12 -5.276344e-10  1.839536e-12 -5.757753e-06  8.802767e-08  6.946485e-07 -2.794930e-12 -5.332971e-10  4.473411e-11 -5.573731e-06  7.189394e-08  4.639106e-07 -2.767592e-12 -5.004057e-10  4.600979e-11 -5.016614e-06  3.866547e-08
   2.669743e-07 -2.856275e-12 -4.324326e-10  1.564356e-11 -4.159533e-06  1.214678e-08  1.151919e-07 -2.001465e-12 -3.065985e-10 -2.000345e-11 -2.861958e-06  1.232846e-09  2.314202e-08 -5.631682e-13 -1.442391e-10 -2.701882e-11 -1.332139e-06]
 [-5.977973e-05  1.178176e-04 -7.977139e-09  5.672375e-09  7.709371e-09  7.187391e-05  2.153269e-10  3.359705e-10  3.035243e-06 -3.038091e-06  4.909127e-06 -3.318206e-10  1.583123e-10  3.225612e-10  2.831667e-06 -3.736629e-06  4.404563e-06
  -2.965433e-10  1.207129e-10  2.951426e-10  2.648312e-06 -4.159535e-06  4.011691e-06 -2.608245e-10  1.044256e-10  2.588594e-10  2.477210e-06 -4.301666e-06  3.860683e-06 -2.250984e-10  1.052637e-10  2.172271e-10  2.306347e-06 -4.169810e-06
   4.001128e-06 -1.893737e-10  1.152712e-10  1.717390e-10  2.123628e-06 -3.757536e-06  4.386897e-06 -1.536504e-10  1.253982e-10  1.239958e-10  1.920876e-06 -3.068694e-06  4.890158e-06 -1.183420e-10  1.284136e-10  7.770136e-11  1.696480e-06
  -2.166529e-06  5.349966e-06 -8.438880e-11  1.213561e-10  3.828062e-11  1.455225e-06 -1.194734e-06  5.648172e-06 -5.291478e-11  1.058122e-10  1.029479e-11  1.204998e-06 -3.385743e-07  5.766066e-06 -2.461006e-11  8.559402e-11 -4.876961e-12
   9.524713e-07  2.420665e-07  5.757755e-06  7.002047e-13  6.411843e-11 -9.293035e-12  7.037999e-07  4.498538e-07  5.562151e-06  2.319104e-11  4.365302e-11 -7.189848e-12  4.708701e-07  2.852719e-07  5.015695e-06  4.066125e-11  2.550300e-11
  -3.163922e-12  2.686170e-07 -1.022597e-07  4.166154e-06  5.070432e-11  1.104970e-11 -4.603024e-13  1.136062e-07 -4.163640e-07  2.841051e-06  4.715393e-11  2.197654e-12  1.186151e-13  2.224206e-08 -3.748315e-07  1.286368e-06  2.783741e-11]
 [ 9.252320e-04  5.181670e-04  1.349555e-08  2.532552e-08 -5.200427e-08  2.613500e-04  1.259979e-09 -2.098898e-09  1.088948e-05  3.837187e-05  2.597936e-05  5.611195e-10  1.468430e-09 -1.757433e-09  9.626417e-06  3.409563e-05  3.141568e-05
   5.290287e-10  1.525858e-09 -1.481627e-09  8.172441e-06  3.080578e-05  3.467817e-05  5.330481e-10  1.455080e-09 -1.304410e-09  6.623652e-06  2.954797e-05  3.576840e-05  5.567767e-10  1.284762e-09 -1.218043e-09  5.073150e-06  3.071768e-05
   3.475711e-05  5.808746e-10  1.041007e-09 -1.182283e-09  3.613916e-06  3.394708e-05  3.157755e-05  5.859521e-10  7.547108e-10 -1.143516e-09  2.342016e-06  3.820968e-05  2.621856e-05  5.554431e-10  4.689125e-10 -1.058833e-09  1.345279e-06
   4.219393e-05  1.913446e-05  4.789133e-10  2.312203e-10 -9.148763e-10  6.770746e-07  4.490505e-05  1.143879e-05  3.546521e-10  7.413644e-11 -7.281053e-10  3.321352e-07  4.613205e-05  4.611224e-06  1.895396e-10  1.139571e-12 -5.276344e-10
   2.420665e-07  4.507863e-05  7.001725e-17 -1.139758e-12 -1.144779e-11 -3.483766e-10  2.854279e-07  3.852731e-05 -1.412651e-06 -1.707000e-10  1.403760e-12 -2.096298e-10  3.269517e-07  3.005239e-05 -1.689391e-07 -2.674205e-10  1.300536e-11
  -1.083853e-10  2.878983e-07  2.211390e-05  1.977397e-06 -2.904100e-10  1.231366e-11 -4.142410e-11  1.691569e-07  1.333876e-05  3.155958e-06 -2.282793e-10  3.739450e-12 -7.267868e-12  4.175000e-08  5.420226e-06  2.262720e-06 -1.133206e-10]
 [-5.181670e-04  9.252320e-04 -6.473902e-08  4.286657e-08  6.064843e-08  5.233461e-04  1.614047e-09  2.633969e-09  2.204115e-05 -2.597936e-05  3.837187e-05 -2.693123e-09  1.161834e-09  2.511821e-09  2.045752e-05 -3.141568e-05  3.409563e-05
  -2.408411e-09  8.641659e-10  2.283722e-09  1.904416e-05 -3.467817e-05  3.080578e-05 -2.121632e-09  7.332099e-10  1.991546e-09  1.773313e-05 -3.576840e-05  2.954797e-05 -1.835603e-09  7.341854e-10  1.663522e-09  1.642409e-05 -3.475711e-05
   3.071768e-05 -1.549601e-09  8.042563e-10  1.311623e-09  1.501606e-05 -3.157755e-05  3.394708e-05 -1.262829e-09  8.734909e-10  9.481976e-10  1.343942e-05 -2.621856e-05  3.820968e-05 -9.779317e-10  8.869586e-10  6.010874e-10  1.167762e-05
  -1.913446e-05  4.219393e-05 -7.020347e-10  8.226966e-10  3.102943e-10  9.766920e-06 -1.143879e-05  4.490505e-05 -4.440969e-10  6.928917e-10  1.081385e-10  7.770885e-06 -4.611224e-06  4.613205e-05 -2.099445e-10  5.269342e-10  1.839536e-12
   5.757755e-06  7.001704e-17  4.507863e-05 -1.139758e-12  3.635040e-10 -2.934934e-11  3.916591e-06  1.412651e-06  3.852731e-05  1.607798e-10  2.280004e-10 -2.168840e-11  2.416676e-06  1.689391e-07  3.005239e-05  2.526483e-10  1.228938e-10
  -5.810629e-12  1.274859e-06 -1.977397e-06  2.211390e-05  2.866137e-10  4.913368e-11  2.223293e-12  4.991818e-07 -3.155958e-06  1.333876e-05  2.443476e-10  9.051739e-12  1.403429e-12  9.079525e-08 -2.262720e-06  5.420226e-06  1.349858e-10]
 [-4.342774e-08  4.986320e-08  1.060671e-03  2.781808e-05 -5.843825e-04  2.861896e-08  3.312739e-06 -2.432956e-05  1.148292e-09 -1.970014e-09  1.914815e-09  4.640434e-05  6.761958e-06 -2.155363e-05  9.527838e-10 -2.017921e-09  1.412524e-09
   4.640434e-05  8.802174e-06 -1.875367e-05  7.776051e-10 -1.938893e-09  1.010038e-09  4.640434e-05  9.458583e-06 -1.639975e-05  6.227741e-10 -1.769967e-09  7.383092e-10  4.640434e-05  8.962689e-06 -1.467394e-05  4.857528e-10 -1.546867e-09
   5.881033e-10  4.640434e-05  7.603504e-06 -1.344619e-05  3.638294e-10 -1.290749e-09  5.214665e-10  4.640434e-05  5.700450e-06 -1.239157e-05  2.560355e-10 -1.013464e-09  4.871147e-10  4.640434e-05  3.629627e-06 -1.117536e-05  1.636484e-10
  -7.289295e-10  4.363733e-10  4.640434e-05  1.787283e-06 -9.621132e-06  8.918094e-11 -4.565813e-10  3.381533e-10  4.640434e-05  4.698153e-07 -7.761223e-06  3.470182e-11 -2.126447e-10  1.864529e-10  4.640434e-05 -2.306706e-07 -5.757753e-06
   7.002047e-13 -1.139758e-12 -1.139758e-12  4.509718e-05 -4.286776e-07 -3.904311e-06 -1.482717e-11  1.636612e-10 -1.679562e-10  3.856136e-05 -3.444137e-07 -2.415356e-06 -1.719464e-11  2.659428e-10 -2.542056e-10  3.006479e-05 -1.784991e-07
  -1.295493e-06 -1.251875e-11  3.151459e-10 -2.590836e-10  2.222180e-05 -5.392396e-08 -5.246211e-07 -5.971674e-12  2.786868e-10 -1.846865e-10  1.372523e-05 -5.331789e-09 -9.983742e-08 -1.238876e-12  1.566841e-10 -8.067109e-11  5.882241e-06]
 [-3.894305e-09  6.657370e-09 -9.798346e-06 -5.288583e-07  6.162263e-06  4.160988e-09 -4.526201e-08  2.570065e-07  1.765403e-10 -1.951253e-10  2.763720e-10 -4.286776e-07 -8.177131e-08  2.288371e-07  1.664693e-10 -2.361922e-10  2.461224e-10
  -4.286776e-07 -1.034995e-07  2.009102e-07  1.575995e-10 -2.616493e-10  2.232327e-10 -4.286776e-07 -1.105463e-07  1.783568e-07  1.493696e-10 -2.714326e-10  2.156099e-10 -4.286776e-07 -1.050531e-07  1.631659e-07  1.409912e-10 -2.658669e-10
   2.264201e-10 -4.286776e-07 -8.968646e-08  1.538503e-07  1.316726e-10 -2.441403e-10  2.531487e-10 -4.286776e-07 -6.752048e-08  1.466332e-07  1.208487e-10 -2.057948e-10  2.882292e-10 -4.286776e-07 -4.254016e-08  1.374925e-07  1.083489e-10
  -1.539282e-10  3.217189e-10 -4.286776e-07 -1.937284e-08  1.241910e-07  9.441374e-11 -9.683315e-11  3.458268e-10 -4.286776e-07 -1.898901e-09  1.070586e-07  7.951984e-11 -4.590030e-11  3.585790e-10 -4.286776e-07  8.113650e-09  8.802767e-08
   6.411843e-11 -1.144779e-11  3.635040e-10 -4.286776e-07  1.119637e-08  6.892510e-08  4.847821e-11  2.871748e-14  3.643959e-10 -4.286847e-07  9.375430e-09  5.043136e-08  3.302710e-11 -1.290393e-11  3.461859e-10 -4.278064e-07  5.432584e-09
   3.253110e-08  1.901133e-11 -4.135040e-11  2.957410e-10 -4.144291e-07  1.905597e-09  1.593056e-08  8.038784e-12 -6.073143e-11  2.036384e-10 -3.500005e-07  2.447990e-10  3.623382e-09  1.558578e-12 -4.530771e-11  9.121045e-11 -1.969793e-07]
 [-2.956193e-09 -8.684373e-09 -8.924140e-05 -4.202131e-06  5.366202e-05 -5.080881e-09 -3.763800e-07  2.235807e-06 -2.082958e-10 -1.054790e-10 -3.809820e-10 -3.904311e-06 -6.936550e-07  1.985701e-06 -1.800595e-10 -6.582614e-11 -3.767615e-10
  -3.904311e-06 -8.819470e-07  1.736894e-06 -1.521818e-10 -4.566569e-11 -3.652582e-10 -3.904311e-06 -9.428193e-07  1.533701e-06 -1.253634e-10 -4.973033e-11 -3.497656e-10 -3.904311e-06 -8.958592e-07  1.393280e-06 -1.000318e-10 -7.793710e-11
  -3.302936e-10 -3.904311e-06 -7.652774e-07  1.302978e-06 -7.659827e-11 -1.257880e-10 -3.029097e-10 -3.904311e-06 -5.784513e-07  1.230773e-06 -5.567839e-11 -1.845875e-10 -2.625506e-10 -3.904311e-06 -3.698016e-07  1.142776e-06 -3.806630e-11
  -2.430247e-10 -2.076819e-10 -3.904311e-06 -1.782757e-07  1.020210e-06 -2.443929e-11 -2.912752e-10 -1.434030e-10 -3.904311e-06 -3.566575e-08  8.656318e-07 -1.499586e-11 -3.254320e-10 -8.018008e-11 -3.904311e-06  4.461116e-08  6.946485e-07
  -9.293035e-12 -3.483766e-10 -2.934934e-11 -3.904311e-06  6.892510e-08  5.220034e-07 -6.360428e-12 -3.649761e-10  6.087357e-13 -3.891731e-06  5.654402e-08  3.567889e-07 -4.945233e-12 -3.613045e-10  5.043632e-12 -3.689901e-06  3.069026e-08
   2.093337e-07 -3.807309e-12 -3.227498e-10 -1.219694e-11 -3.175714e-06  9.728205e-09  9.175494e-08 -2.237546e-12 -2.341004e-10 -3.198306e-11 -2.251112e-06  9.916652e-10  1.866123e-08 -5.762035e-13 -1.114237e-10 -2.882460e-11 -1.068717e-06]
 [-3.814057e-05  8.127404e-05 -5.726402e-09  3.948545e-09  5.402905e-09  5.074330e-05  1.498686e-10  2.355561e-10  2.144495e-06 -1.960906e-06  3.397900e-06 -2.389528e-10  1.100884e-10  2.263864e-10  2.003103e-06 -2.445917e-06  3.069793e-06
  -2.151055e-10  8.381022e-11  2.074287e-10  1.874932e-06 -2.741377e-06  2.811787e-06 -1.908647e-10  7.243608e-11  1.822805e-10  1.754825e-06 -2.841073e-06  2.712191e-06 -1.665675e-10  7.312173e-11  1.534028e-10  1.634876e-06 -2.748577e-06
   2.804827e-06 -1.422703e-10  8.037817e-11  1.218171e-10  1.507122e-06 -2.460487e-06  3.058231e-06 -1.180236e-10  8.791884e-11  8.857726e-11  1.366266e-06 -1.982089e-06  3.385656e-06 -9.415121e-11  9.067156e-11  5.618520e-11  1.211446e-06
  -1.359707e-06  3.679107e-06 -7.131806e-11  8.649242e-11  2.837628e-11  1.046045e-06 -6.934079e-07  3.861338e-06 -5.029112e-11  7.640233e-11  8.360504e-12  8.754008e-07 -1.094209e-07  3.923515e-06 -3.152062e-11  6.301010e-11 -2.794930e-12
   7.037999e-07  2.854279e-07  3.916591e-06 -1.482717e-11  4.847821e-11 -6.360428e-12  5.329087e-07  4.289708e-07  3.891732e-06  5.802330e-13  3.389359e-11 -5.098933e-12  3.655279e-07  3.097974e-07  3.701223e-06  1.480073e-11  2.025491e-11
  -2.236860e-12  2.131688e-07  7.702143e-09  3.201138e-06  2.556195e-11  8.948910e-12 -2.633762e-13  9.195497e-08 -2.641783e-07  2.261053e-06  2.775195e-11  1.809102e-12  1.166301e-13  1.831561e-08 -2.701192e-07  1.051726e-06  1.792470e-11]
 [ 7.522581e-04  4.593232e-04  1.300014e-08  2.329654e-08 -4.480639e-08  2.350153e-04  1.150009e-09 -1.806831e-09  9.802849e-06  3.105770e-05  2.277828e-05  5.487671e-10  1.329985e-09 -1.510594e-09  8.704234e-06  2.733589e-05  2.715973e-05
   5.310216e-10  1.380986e-09 -1.273675e-09  7.452383e-06  2.450136e-05  2.976653e-05  5.433327e-10  1.322431e-09 -1.125462e-09  6.124985e-06  2.342255e-05  3.063269e-05  5.719903e-10  1.177955e-09 -1.059953e-09  4.796225e-06  2.442572e-05
   2.982934e-05  6.009539e-10  9.681531e-10 -1.042340e-09  3.540173e-06  2.720744e-05  2.728953e-05  6.141437e-10  7.175677e-10 -1.024946e-09  2.434441e-06  3.091551e-05  2.297188e-05  5.977177e-10  4.622388e-10 -9.679736e-10  1.551456e-06
   3.444636e-05  1.721269e-05  5.427866e-10  2.441847e-10 -8.568176e-10  9.366833e-07  3.693892e-05  1.090572e-05  4.476493e-10  9.422263e-11 -7.038538e-10  5.877344e-07  3.817165e-05  5.273336e-06  3.178379e-10  1.863637e-11 -5.332971e-10
   4.498538e-07  3.852731e-05  1.412651e-06  1.636612e-10  2.871748e-14 -3.649761e-10  4.289708e-07  3.725418e-05  5.802528e-17 -2.861016e-14  8.271004e-12 -2.208235e-10  4.154586e-07  3.004471e-05  9.336372e-07 -1.273947e-10  1.673223e-11
  -1.141774e-10  3.345347e-07  2.203114e-05  2.787751e-06 -1.832059e-10  1.387618e-11 -4.360292e-11  1.873917e-07  1.321682e-05  3.643845e-06 -1.595727e-10  4.046627e-12 -7.646826e-12  4.506162e-08  5.334713e-06  2.460521e-06 -8.275745e-11]
 [-4.593232e-04  7.522581e-04 -5.806596e-08  3.533806e-08  5.591423e-08  4.447377e-04  1.311649e-09  2.420402e-09  1.876397e-05 -2.277828e-05  3.105770e-05 -2.423846e-09  9.087729e-10  2.297416e-09  1.748818e-05 -2.715973e-05  2.733589e-05
  -2.186368e-09  6.481197e-10  2.086853e-09  1.635978e-05 -2.976653e-05  2.450136e-05 -1.948304e-09  5.399789e-10  1.826905e-09  1.531934e-05 -3.063269e-05  2.342255e-05 -1.711479e-09  5.537131e-10  1.541444e-09  1.428059e-05 -2.982934e-05
   2.442572e-05 -1.474687e-09  6.343326e-10  1.237875e-09  1.315678e-05 -2.728953e-05  2.720744e-05 -1.236662e-09  7.198205e-10  9.225636e-10  1.188707e-05 -2.297188e-05  3.091551e-05 -9.990804e-10  7.594954e-10  6.157742e-10  1.045495e-05
  -1.721269e-05  3.444636e-05 -7.675339e-10  7.301563e-10  3.507428e-10  8.888889e-06 -1.090572e-05  3.693892e-05 -5.494104e-10  6.390326e-10  1.571202e-10  7.241834e-06 -5.273336e-06  3.817165e-05 -3.497643e-10  5.096450e-10  4.473411e-11
   5.562151e-06 -1.412651e-06  3.852731e-05 -1.679562e-10  3.643959e-10  6.087357e-13  3.891732e-06  5.802358e-17  3.725418e-05 -2.861016e-14  2.293607e-10 -3.348607e-12  2.403565e-06 -9.336372e-07  3.004471e-05  1.299108e-10  1.231461e-10
   3.874739e-12  1.263709e-06 -2.787751e-06  2.203114e-05  1.992512e-10  4.889678e-11  6.052832e-12  4.927455e-07 -3.643845e-06  1.321682e-05  1.921516e-10  8.933859e-12  2.109180e-12  8.922168e-08 -2.460521e-06  5.334713e-06  1.131703e-10]
 [-4.135536e-08  4.278238e-08  8.814024e-04  3.118763e-05 -5.020459e-04  2.583813e-08  3.164968e-06 -2.090319e-05  1.040798e-09 -1.871384e-09  1.630367e-09  3.856136e-05  6.128917e-06 -1.852778e-05  8.725475e-10 -1.914533e-09  1.177666e-09
   3.856136e-05  7.883611e-06 -1.614737e-05  7.224317e-10 -1.848180e-09  8.194603e-10  3.856136e-05  8.449043e-06 -1.417063e-05  5.899328e-10 -1.706988e-09  5.851628e-10  3.856136e-05  8.018440e-06 -1.275573e-05  4.722471e-10 -1.522363e-09
   4.682343e-10  3.856136e-05  6.831158e-06 -1.178819e-05  3.664231e-10 -1.310284e-09  4.360834e-10  3.856136e-05  5.153397e-06 -1.098031e-05  2.711142e-10 -1.076748e-09  4.425065e-10  3.856136e-05  3.306742e-06 -1.003175e-05  1.871299e-10
  -8.300546e-10  4.407318e-10  3.856136e-05  1.640593e-06 -8.779779e-06  1.166442e-10 -5.865986e-10  3.972733e-10  3.856136e-05  4.269549e-07 -7.249017e-06  6.171449e-11 -3.643101e-10  3.009032e-10  3.856136e-05 -2.355390e-07 -5.573731e-06
   2.319104e-11 -1.707000e-10  1.607798e-10  3.856136e-05 -4.286847e-07 -3.891731e-06  5.802330e-13 -2.861016e-14 -2.861016e-14  3.725419e-05 -3.444137e-07 -2.415356e-06 -8.343408e-12  1.320458e-10 -1.251676e-10  3.006479e-05 -1.784991e-07
  -1.295493e-06 -8.366528e-12  2.076471e-10 -1.735461e-10  2.222180e-05 -5.392396e-08 -5.246211e-07 -4.598602e-12  2.054650e-10 -1.418858e-10  1.372523e-05 -5.331789e-09 -9.983742e-08 -1.038325e-12  1.227458e-10 -6.767012e-11  5.882241e-06]
 [-2.200675e-09  4.190498e-09 -7.872313e-06 -4.315601e-07  4.977892e-06  2.679413e-09 -3.675435e-08  2.076354e-07  1.138619e-10 -1.120793e-10  1.750428e-10 -3.444137e-07 -6.625387e-08  1.849329e-07  1.076735e-10 -1.385516e-10  1.578932e-10
  -3.444137e-07 -8.381607e-08  1.624352e-07  1.021715e-10 -1.552568e-10  1.447951e-10 -3.444137e-07 -8.951396e-08  1.442909e-07  9.702060e-11 -1.619010e-10  1.406579e-10 -3.444137e-07 -8.506689e-08  1.321085e-07  9.174724e-11 -1.585566e-10
   1.474957e-10 -3.444137e-07 -7.261827e-08  1.246834e-07  8.587610e-11 -1.447480e-10  1.637807e-10 -3.444137e-07 -5.464469e-08  1.189554e-07  7.907107e-11 -1.203586e-10  1.848483e-10 -3.444137e-07 -3.436839e-08  1.116628e-07  7.123799e-11
  -8.755160e-11  2.046253e-10 -3.444137e-07 -1.554212e-08  1.009910e-07  6.253195e-11 -5.168099e-11  2.184818e-10 -3.444137e-07 -1.322271e-09  8.720988e-08  5.324691e-11 -1.990403e-11  2.254635e-10 -3.444137e-07  6.841374e-09  7.189394e-08
   4.365302e-11  1.403760e-12  2.280004e-10 -3.444137e-07  9.375430e-09  5.654402e-08  3.389359e-11  8.271004e-12  2.293607e-10 -3.444137e-07  7.934731e-09  4.173962e-08  2.401370e-11 -6.752399e-13  2.293437e-10 -3.441910e-07  4.649402e-09
   2.728787e-08  1.438425e-11 -2.223612e-11  2.115613e-10 -3.380882e-07  1.653959e-09  1.357823e-08  6.290533e-12 -4.041548e-11  1.551712e-10 -2.933639e-07  2.189093e-10  3.136286e-09  1.253399e-12 -3.290041e-11  7.263232e-11 -1.692927e-07]
 [-1.671882e-09 -5.376986e-09 -5.520814e-05 -2.851803e-06  3.395178e-05 -3.219291e-09 -2.466111e-07  1.415072e-06 -1.320933e-10 -5.840367e-11 -2.353064e-10 -2.415356e-06 -4.474946e-07  1.257957e-06 -1.144600e-10 -3.400295e-11 -2.316797e-10
  -2.415356e-06 -5.668443e-07  1.102069e-06 -9.707914e-11 -2.170089e-11 -2.238988e-10 -2.415356e-06 -6.054819e-07  9.755916e-07 -8.037127e-11 -2.429235e-11 -2.140803e-10 -2.415356e-06 -5.755215e-07  8.894420e-07 -6.458352e-11 -4.167041e-11
  -2.022516e-10 -2.415356e-06 -4.919431e-07  8.355117e-07 -4.995297e-11 -7.110424e-11 -1.859603e-10 -2.415356e-06 -3.718191e-07  7.932337e-07 -3.684720e-11 -1.073457e-10 -1.619974e-10 -2.415356e-06 -2.369618e-07  7.407388e-07 -2.575181e-11
  -1.435295e-10 -1.292564e-10 -2.415356e-06 -1.124258e-07  6.658339e-07 -1.708861e-11 -1.736196e-10 -9.067477e-11 -2.415356e-06 -1.899870e-08  5.701537e-07 -1.098923e-11 -1.951134e-10 -5.252330e-11 -2.415356e-06  3.413138e-08  4.639106e-07
  -7.189848e-12 -2.096298e-10 -2.168840e-11 -2.415356e-06  5.043136e-08  3.567889e-07 -5.098933e-12 -2.208235e-10 -3.348607e-12 -2.415356e-06  4.173962e-08  2.526748e-07 -3.955802e-12 -2.297833e-10 -2.357638e-13 -2.399349e-06  2.304114e-08
   1.536040e-07 -2.999844e-12 -2.206665e-10 -1.135880e-11 -2.215403e-06  7.425702e-09  6.927136e-08 -1.754256e-12 -1.693625e-10 -2.527897e-11 -1.660829e-06  7.658147e-10  1.440090e-08 -4.536946e-13 -8.354380e-11 -2.262754e-11 -8.171914e-07]
 [-2.052714e-05  5.183694e-05 -3.673321e-09  2.542738e-09  3.330932e-09  3.298011e-05  9.709279e-11  1.455991e-10  1.394505e-06 -1.085257e-06  2.181229e-06 -1.536590e-10  7.235606e-11  1.405569e-10  1.303149e-06 -1.398449e-06  1.996439e-06
  -1.390479e-10  5.584916e-11  1.291896e-10  1.219330e-06 -1.591467e-06  1.847838e-06 -1.240764e-10  4.854487e-11  1.137082e-10  1.140179e-06 -1.657076e-06  1.789925e-06 -1.090061e-10  4.873914e-11  9.568274e-11  1.061120e-06 -1.596197e-06
   1.843800e-06 -9.393458e-11  5.303965e-11  7.582082e-11  9.775417e-07 -1.407923e-06  1.989831e-06 -7.895608e-11  5.753807e-11  5.485771e-11  8.864879e-07 -1.098856e-06  2.174451e-06 -6.432421e-11  5.908872e-11  3.441914e-11  7.877111e-07
  -7.018450e-07  2.332498e-06 -5.048331e-11  5.638454e-11  1.687637e-11  6.834741e-07 -2.818740e-07  2.419926e-06 -3.791217e-11  5.009424e-11  4.252798e-12  5.770522e-07  8.247892e-08  2.436093e-06 -2.686624e-11  4.186344e-11 -2.767592e-12
   4.708701e-07  3.269517e-07  2.416676e-06 -1.719464e-11  3.302710e-11 -4.945233e-12  3.655279e-07  4.154586e-07  2.403565e-06 -8.343408e-12  2.401370e-11 -3.955802e-12  2.603104e-07  3.374385e-07  2.399347e-06  4.396281e-13  1.493946e-11
  -1.818318e-12  1.577488e-07  1.196992e-07  2.236333e-06  8.939408e-12  6.828551e-12 -2.722353e-13  7.031992e-08 -1.107676e-07  1.681364e-06  1.361128e-11  1.418853e-12  7.552492e-14  1.439313e-08 -1.649103e-07  8.172997e-07  1.026683e-11]
 [ 5.972235e-04  3.396857e-04  1.460439e-08  1.804904e-08 -3.922787e-08  1.739386e-04  9.080016e-10 -1.589850e-09  7.253317e-06  2.474920e-05  1.699643e-05  6.205496e-10  1.075822e-09 -1.342666e-09  6.428193e-06  2.195534e-05  2.050021e-05
   6.009803e-10  1.132662e-09 -1.140758e-09  5.480112e-06  1.980988e-05  2.259982e-05  6.048153e-10  1.093405e-09 -1.010778e-09  4.471042e-06  1.899028e-05  2.330077e-05  6.214164e-10  9.779206e-10 -9.497390e-10  3.460870e-06  1.975246e-05
   2.265058e-05  6.382567e-10  8.043003e-10 -9.298491e-10  2.509405e-06  2.185840e-05  2.060444e-05  6.427772e-10  5.940715e-10 -9.117617e-10  1.678589e-06  2.464309e-05  1.715071e-05  6.242335e-10  3.782858e-10 -8.621716e-10  1.025253e-06
   2.725485e-05  1.257810e-05  5.758349e-10  1.929881e-10 -7.686140e-10  5.841297e-07  2.904438e-05  7.603800e-06  4.964346e-10  6.499442e-11 -6.412676e-10  3.520803e-07  2.986865e-05  3.185561e-06  3.904650e-10  7.745781e-13 -5.004057e-10
   2.852719e-07  3.005239e-05  1.689391e-07  2.659428e-10 -1.290393e-11 -3.613045e-10  3.097974e-07  3.004471e-05 -9.336372e-07  1.320458e-10 -6.752399e-13 -2.297833e-10  3.374385e-07  2.874725e-05  4.396256e-17  6.753507e-13  1.191401e-11
  -1.200438e-10  2.932063e-07  2.210599e-05  2.069427e-06 -8.968279e-11  1.203404e-11 -4.612624e-11  1.712361e-07  1.332582e-05  3.211497e-06 -1.040214e-10  3.729286e-12 -8.158617e-12  4.212834e-08  5.410891e-06  2.285302e-06 -5.994151e-11]
 [-3.396857e-04  5.972235e-04 -4.783697e-08  2.847787e-08  4.563411e-08  3.675368e-04  1.056398e-09  1.976651e-09  1.552797e-05 -1.699643e-05  2.474920e-05 -2.002550e-09  7.302603e-10  1.879267e-09  1.450737e-05 -2.050021e-05  2.195534e-05
  -1.817950e-09  5.191686e-10  1.710999e-09  1.359792e-05 -2.259982e-05  1.980988e-05 -1.632167e-09  4.323369e-10  1.502821e-09  1.275517e-05 -2.330077e-05  1.899028e-05 -1.446954e-09  4.458053e-10  1.274007e-09  1.191370e-05 -2.265058e-05
   1.975246e-05 -1.261759e-09  5.156714e-10  1.030110e-09  1.100772e-05 -2.060444e-05  2.185840e-05 -1.075985e-09  5.918549e-10  7.754098e-10  9.991692e-06 -1.715071e-05  2.464309e-05 -8.912722e-10  6.327519e-10  5.253768e-10  8.854520e-06
  -1.257810e-05  2.725485e-05 -7.121931e-10  6.184635e-10  3.065650e-10  7.619468e-06 -7.603800e-06  2.904438e-05 -5.445447e-10  5.537828e-10  1.436275e-10  6.327740e-06 -3.185561e-06  2.986865e-05 -3.921314e-10  4.573307e-10  4.600979e-11
   5.015695e-06 -1.689391e-07  3.005239e-05 -2.542056e-10  3.461859e-10  5.043632e-12  3.701223e-06  9.336372e-07  3.004471e-05 -1.251676e-10  2.293437e-10 -2.357638e-13  2.399347e-06  4.396193e-17  2.874725e-05  6.753507e-13  1.243607e-10
   5.666530e-12  1.273680e-06 -2.069427e-06  2.210599e-05  9.868969e-11  4.954213e-11  6.860869e-12  4.984852e-07 -3.211497e-06  1.332582e-05  1.284814e-10  9.081693e-12  2.283432e-12  9.062287e-08 -2.285302e-06  5.410891e-06  8.539373e-11]
 [-3.634573e-08  3.439013e-08  6.871951e-04  3.044939e-05 -4.055744e-04  2.191140e-08  2.786932e-06 -1.689081e-05  8.860140e-10 -1.641497e-09  1.301018e-09  3.006479e-05  5.182755e-06 -1.498493e-05  7.500836e-10 -1.677646e-09  9.205830e-10
   3.006479e-05  6.602867e-06 -1.308623e-05  6.292295e-10 -1.625320e-09  6.228277e-10  3.006479e-05  7.061337e-06 -1.152845e-05  5.226478e-10 -1.514581e-09  4.335466e-10  3.006479e-05  6.709259e-06 -1.044074e-05  4.276256e-10 -1.371255e-09
   3.485201e-10  3.006479e-05  5.732826e-06 -9.728430e-06  3.413326e-10 -1.206550e-09  3.415233e-10  3.006479e-05  4.340931e-06 -9.152330e-06  2.623119e-10 -1.022136e-09  3.737513e-10  3.006479e-05  2.792811e-06 -8.459982e-06  1.910134e-10
  -8.219280e-10  4.038254e-10  3.006479e-05  1.378450e-06 -7.511754e-06  1.292088e-10 -6.188768e-10  3.996829e-10  3.006479e-05  3.316405e-07 -6.325974e-06  7.876589e-11 -4.304068e-10  3.477023e-10  3.006479e-05 -2.526375e-07 -5.016614e-06
   4.066125e-11 -2.674205e-10  2.526483e-10  3.006479e-05 -4.278064e-07 -3.689901e-06  1.480073e-11 -1.273947e-10  1.299108e-10  3.006479e-05 -3.441910e-07 -2.399349e-06  4.396281e-13  6.753507e-13  6.753507e-13  2.875762e-05 -1.784991e-07
  -1.295493e-06 -4.228829e-12  9.996587e-11 -8.823315e-11  2.222180e-05 -5.392396e-08 -5.246211e-07 -3.231729e-12  1.321515e-10 -9.923833e-11  1.372523e-05 -5.331789e-09 -9.983742e-08 -8.390022e-13  8.877950e-11 -5.474033e-11  5.882241e-06]
 [-9.486885e-10  2.403467e-09 -4.079980e-06 -2.289762e-07  2.613745e-06  1.560402e-09 -1.940500e-08  1.090655e-07  6.629737e-11 -5.058940e-11  1.015148e-10 -1.784991e-07 -3.490645e-08  9.723102e-08  6.260233e-11 -6.599620e-11  9.362809e-11
  -1.784991e-07 -4.414420e-08  8.550809e-08  5.923037e-11 -7.585790e-11  8.736673e-11 -1.784991e-07 -4.714440e-08  7.607857e-08  5.602598e-11 -7.974562e-11  8.538248e-11 -1.784991e-07 -4.479585e-08  6.978890e-08  5.275786e-11 -7.759948e-11
   8.877828e-11 -1.784991e-07 -3.821150e-08  6.600287e-08  4.919377e-11 -6.926347e-11  9.670703e-11 -1.784991e-07 -2.868608e-08  6.310319e-08  4.517756e-11 -5.494766e-11  1.066434e-10 -1.784991e-07 -1.791809e-08  5.936485e-08  4.068164e-11
  -3.616661e-11  1.154260e-10 -1.784991e-07 -7.897370e-09  5.382974e-08  3.580391e-11 -1.607215e-11  1.208483e-10 -1.784991e-07 -3.069894e-10  4.664790e-08  3.070174e-11  1.419301e-12  1.227855e-10 -1.784991e-07  4.067956e-09  3.866547e-08
   2.550300e-11  1.300536e-11  1.228938e-10 -1.784991e-07  5.432584e-09  3.069026e-08  2.025491e-11  1.673223e-11  1.231461e-10 -1.784991e-07  4.649402e-09  2.304114e-08  1.493946e-11  1.191401e-11  1.243607e-10 -1.784991e-07  2.835278e-09
   1.557298e-08  9.548371e-12 -9.264493e-13  1.243578e-10 -1.782202e-07  1.064158e-09  8.141127e-09  4.464765e-12 -1.626479e-11  1.040596e-10 -1.661116e-07  1.572444e-10  1.980694e-09  9.371614e-13 -1.785079e-11  5.324938e-11 -1.043184e-07]
 [-8.811201e-10 -2.722580e-09 -2.961127e-05 -1.636678e-06  1.862608e-05 -1.663264e-09 -1.384704e-07  7.766928e-07 -6.817775e-11 -3.124192e-11 -1.191228e-10 -1.295493e-06 -2.487863e-07  6.913118e-07 -5.892092e-11 -1.921018e-11 -1.172406e-10
  -1.295493e-06 -3.144179e-07  6.067496e-07 -4.979025e-11 -1.330858e-11 -1.131960e-10 -1.295493e-06 -3.356983e-07  5.385332e-07 -4.101419e-11 -1.494516e-11 -1.079927e-10 -1.295493e-06 -3.191119e-07  4.926796e-07 -3.273151e-11 -2.403697e-11
  -1.015895e-10 -1.295493e-06 -2.727053e-07  4.646888e-07 -2.507565e-11 -3.914300e-11 -9.272326e-11 -1.295493e-06 -2.057370e-07  4.431267e-07 -1.824687e-11 -5.753648e-11 -7.980257e-11 -1.295493e-06 -1.302201e-07  4.157973e-07 -1.250392e-11
  -7.570664e-11 -6.235907e-11 -1.295493e-06 -6.013128e-08  3.758865e-07 -8.067508e-12 -9.064266e-11 -4.199617e-11 -1.295493e-06 -7.221352e-09  3.243415e-07 -5.002282e-12 -1.012064e-10 -2.197468e-11 -1.295493e-06  2.312478e-08  2.669743e-07
  -3.163922e-12 -1.083853e-10 -5.810629e-12 -1.295493e-06  3.253110e-08  2.093337e-07 -2.236860e-12 -1.141774e-10  3.874739e-12 -1.295493e-06  2.728787e-08  1.536040e-07 -1.818318e-12 -1.200438e-10  5.666530e-12 -1.295493e-06  1.557298e-08
   9.901238e-08 -1.499370e-12 -1.246772e-10 -6.071241e-13 -1.282918e-06  5.194200e-09  4.733327e-08 -9.638806e-13 -1.085889e-10 -1.108527e-11 -1.081672e-06  5.503730e-10  1.027318e-08 -2.694067e-13 -5.811121e-11 -1.287086e-11 -5.726550e-07]
 [-8.527571e-06  2.863703e-05 -1.982936e-09  1.420011e-09  1.699049e-09  1.849758e-05  5.482007e-11  7.463085e-11  7.823929e-07 -4.770826e-07  1.215397e-06 -8.310761e-11  4.193243e-11  7.262710e-11  7.310532e-07 -6.529539e-07  1.131432e-06
  -7.547898e-11  3.317724e-11  6.708158e-11  6.832149e-07 -7.629704e-07  1.061152e-06 -6.757043e-11  2.914115e-11  5.911526e-11  6.376037e-07 -8.007137e-07  1.033311e-06 -5.956069e-11  2.897796e-11  4.958324e-11  5.920363e-07 -7.656847e-07
   1.059218e-06 -5.154940e-11  3.091980e-11  3.893518e-11  5.443120e-07 -6.583217e-07  1.128349e-06 -4.363450e-11  3.291929e-11  2.765756e-11  4.931098e-07 -4.846605e-07  1.212416e-06 -3.599102e-11  3.335232e-11  1.669870e-11  4.385179e-07
  -2.652949e-07  1.278172e-06 -2.887933e-11  3.158993e-11  7.363958e-12  3.818627e-07 -3.698388e-08  1.305150e-06 -2.255629e-11  2.804629e-11  7.304004e-13  3.248590e-07  1.582920e-07  1.296692e-06 -1.713955e-11  2.362199e-11 -2.856275e-12
   2.686170e-07  2.878983e-07  1.274859e-06 -1.251875e-11  1.901133e-11 -3.807309e-12  2.131688e-07  3.345347e-07  1.263709e-06 -8.366528e-12  1.438425e-11 -2.999844e-12  1.577488e-07  2.932063e-07  1.273680e-06 -4.228829e-12  9.548371e-12
  -1.499370e-12  1.016562e-07  1.689535e-07  1.282917e-06  3.194116e-13  4.658614e-12 -3.256471e-13  4.822389e-08  4.219207e-09  1.093270e-06  4.475911e-12  1.016696e-12  2.472745e-14  1.035529e-08 -7.536282e-08  5.766454e-07  4.757637e-12]
 [ 4.629842e-04  2.080571e-04  1.641260e-08  1.174949e-08 -3.430738e-08  1.031052e-04  6.225728e-10 -1.402284e-09  4.287250e-06  1.939045e-05  1.076928e-05  6.982084e-10  7.824908e-10 -1.204125e-09  3.751784e-06  1.758073e-05  1.354152e-05
   6.709066e-10  8.473727e-10 -1.034967e-09  3.118117e-06  1.614968e-05  1.523572e-05  6.607347e-10  8.274330e-10 -9.186793e-10  2.434931e-06  1.559592e-05  1.580855e-05  6.599916e-10  7.394695e-10 -8.552417e-10  1.750844e-06  1.611100e-05
   1.527707e-05  6.594257e-10  6.004441e-10 -8.239566e-10  1.114445e-06  1.751672e-05  1.362496e-05  6.497586e-10  4.304821e-10 -7.944394e-10  5.744732e-07  1.932320e-05  1.089016e-05  6.232032e-10  2.567622e-10 -7.412596e-10  1.735012e-07
   2.092425e-05  7.344583e-06  5.750848e-10  1.093131e-10 -6.558251e-10 -6.455297e-08  2.189250e-05  3.561078e-06  5.049656e-10  9.730957e-12 -5.473620e-10 -1.448802e-07  2.218973e-05  2.540326e-07  4.163714e-10 -3.701870e-11 -4.324326e-10
  -1.022597e-07  2.211390e-05 -1.977397e-06  3.151459e-10 -4.135040e-11 -3.227498e-10  7.702143e-09  2.203114e-05 -2.787751e-06  2.076471e-10 -2.223612e-11 -2.206665e-10  1.196992e-07  2.210599e-05 -2.069427e-06  9.996587e-11 -9.264493e-13
  -1.246772e-10  1.689535e-07  2.088774e-05  3.194173e-17  9.268142e-13  6.922949e-12 -4.897542e-11  1.220556e-07  1.356779e-05  1.903863e-06 -5.251483e-11  2.805490e-12 -8.798765e-12  3.313044e-08  5.604206e-06  1.749252e-06 -4.072590e-11]
 [-2.080571e-04  4.629842e-04 -3.623420e-08  2.243889e-08  3.300081e-08  2.929245e-04  8.436406e-10  1.435510e-09  1.238472e-05 -1.076928e-05  1.939045e-05 -1.520108e-09  6.040447e-10  1.374848e-09  1.157642e-05 -1.354152e-05  1.758073e-05
  -1.385712e-09  4.463981e-10  1.258116e-09  1.084126e-05 -1.523572e-05  1.614968e-05 -1.248809e-09  3.789834e-10  1.107585e-09  1.015088e-05 -1.580855e-05  1.559592e-05 -1.111433e-09  3.850880e-10  9.380086e-10  9.461385e-06 -1.527707e-05
   1.611100e-05 -9.740538e-10  4.326143e-10  7.546873e-10  8.728540e-06 -1.362496e-05  1.751672e-05 -8.371096e-10  4.846328e-10  5.622439e-10  7.923198e-06 -1.089016e-05  1.932320e-05 -7.025591e-10  5.106865e-10  3.734741e-10  7.041173e-06
  -7.344583e-06  2.092425e-05 -5.742397e-10  4.967230e-10  2.089427e-10  6.102003e-06 -3.561078e-06  2.189250e-05 -4.564951e-10  4.470459e-10  8.729157e-11  5.135772e-06 -2.540326e-07  2.218973e-05 -3.518132e-10  3.758802e-10  1.564356e-11
   4.166154e-06  1.977397e-06  2.211390e-05 -2.590836e-10  2.957410e-10 -1.219694e-11  3.201138e-06  2.787751e-06  2.203114e-05 -1.735461e-10  2.115613e-10 -1.135880e-11  2.236333e-06  2.069427e-06  2.210599e-05 -8.823315e-11  1.243578e-10
  -6.071241e-13  1.282917e-06  3.194258e-17  2.088774e-05  9.268142e-13  5.067245e-11  4.512381e-12  5.124874e-07 -1.903863e-06  1.356779e-05  6.133964e-11  9.417758e-12  1.891436e-12  9.423389e-08 -1.749252e-06  5.604206e-06  5.497319e-11]
 [-2.983098e-08  2.637185e-08  5.079268e-04  2.593133e-05 -3.096896e-04  1.760561e-08  2.245679e-06 -1.290367e-05  7.145236e-10 -1.345977e-09  9.921608e-10  2.222180e-05  4.076932e-06 -1.146286e-05  6.104587e-10 -1.375831e-09  6.908888e-10
   2.222180e-05  5.164111e-06 -1.003315e-05  5.182024e-10 -1.337587e-09  4.572011e-10  2.222180e-05  5.515800e-06 -8.871408e-06  4.368779e-10 -1.255564e-09  3.124095e-10  2.222180e-05  5.243672e-06 -8.077067e-06  3.641047e-10 -1.149793e-09
   2.541045e-10  2.222180e-05  4.485342e-06 -7.576454e-06  2.974136e-10 -1.027680e-09  2.622446e-10  2.222180e-05  3.396901e-06 -7.182762e-06  2.354407e-10 -8.883785e-10  3.059621e-10  2.222180e-05  2.176676e-06 -6.697417e-06  1.783945e-10
  -7.331354e-10  3.509423e-10  2.222180e-05  1.051592e-06 -6.009474e-06  1.276462e-10 -5.719266e-10  3.691174e-10  2.222180e-05  2.092295e-07 -5.133018e-06  8.476809e-11 -4.203918e-10  3.470036e-10  2.222180e-05 -2.684268e-07 -4.159533e-06
   5.070432e-11 -2.904100e-10  2.866137e-10  2.222180e-05 -4.144291e-07 -3.175714e-06  2.556195e-11 -1.832059e-10  1.992512e-10  2.222180e-05 -3.380882e-07 -2.215403e-06  8.939408e-12 -8.968279e-11  9.868969e-11  2.222180e-05 -1.782202e-07
  -1.282918e-06  3.194116e-13  9.268142e-13  9.268142e-13  2.091463e-05 -5.392396e-08 -5.246211e-07 -1.674766e-12  6.183978e-11 -5.190938e-11  1.372523e-05 -5.331789e-09 -9.983742e-08 -6.018997e-13  5.575652e-11 -3.962221e-11  5.882241e-06]
 [-2.538205e-10  1.059299e-09 -1.232548e-06 -6.945574e-08  8.016639e-07  6.950104e-10 -5.919047e-09  3.347242e-08  2.949289e-11 -1.508667e-11  4.529720e-11 -5.392396e-08 -1.067940e-08  2.988321e-08  2.774108e-11 -2.192121e-11  4.278815e-11
  -5.392396e-08 -1.352041e-08  2.632605e-08  2.609674e-11 -2.633941e-11  4.063325e-11 -5.392396e-08 -1.444442e-08  2.347058e-08  2.451251e-11 -2.802335e-11  3.990477e-11 -5.392396e-08 -1.371854e-08  2.157687e-08  2.290924e-11 -2.690188e-11
   4.105110e-11 -5.392396e-08 -1.168027e-08  2.044866e-08  2.120729e-11 -2.297699e-11  4.370902e-11 -5.392396e-08 -8.726100e-09  1.958700e-08  1.935868e-11 -1.649453e-11  4.684768e-11 -5.392396e-08 -5.380694e-09  1.845999e-08  1.736652e-11
  -8.266468e-12  4.925431e-11 -5.392396e-08 -2.261665e-09  1.677413e-08  1.527931e-11  2.869862e-13  5.020558e-11 -5.392396e-08  1.065361e-10  1.458050e-08  1.316009e-11  7.561303e-12  4.987626e-11 -5.392396e-08  1.476364e-09  1.214678e-08
   1.104970e-11  1.231366e-11  4.913368e-11 -5.392396e-08  1.905597e-09  9.728205e-09  8.948910e-12  1.387618e-11  4.889678e-11 -5.392396e-08  1.653959e-09  7.425702e-09  6.828551e-12  1.203404e-11  4.954213e-11 -5.392396e-08  1.064158e-09
   5.194200e-09  4.658614e-12  6.922949e-12  5.067245e-11 -5.392396e-08  4.669212e-10  2.937732e-09  2.449647e-12 -6.859995e-13  4.975123e-11 -5.336243e-08  9.342720e-11  8.014271e-10  5.778024e-13 -5.598953e-12  3.141751e-11 -3.976754e-08]
 [-3.588409e-10 -9.836863e-10 -1.199134e-05 -6.921963e-07  7.711861e-06 -6.116660e-10 -5.797985e-08  3.217814e-07 -2.499527e-11 -1.317880e-11 -4.307257e-11 -5.246211e-07 -1.037128e-07  2.868448e-07 -2.142829e-11 -9.070137e-12 -4.244384e-11
  -5.246211e-07 -1.309656e-07  2.522736e-07 -1.790347e-11 -7.176965e-12 -4.095745e-11 -5.246211e-07 -1.398173e-07  2.245154e-07 -1.451624e-11 -8.014118e-12 -3.891660e-11 -5.246211e-07 -1.328832e-07  2.060708e-07 -1.132870e-11 -1.153399e-11
  -3.626182e-11 -5.246211e-07 -1.134316e-07  1.950579e-07 -8.400811e-12 -1.716597e-11 -3.252138e-11 -5.246211e-07 -8.526527e-08  1.866890e-07 -5.816755e-12 -2.385923e-11 -2.715280e-11 -5.246211e-07 -5.338861e-08  1.758495e-07 -3.679927e-12
  -3.030655e-11 -2.007174e-11 -5.246211e-07 -2.368516e-08  1.596878e-07 -2.074754e-12 -3.545140e-11 -1.196660e-11 -5.246211e-07 -1.150668e-09  1.386349e-07 -1.021939e-12 -3.899016e-11 -4.100119e-12 -5.246211e-07  1.186286e-08  1.151919e-07
  -4.603024e-13 -4.142410e-11  2.223293e-12 -5.246211e-07  1.593056e-08  9.175494e-08 -2.633762e-13 -4.360292e-11  6.052832e-12 -5.246211e-07  1.357823e-08  6.927136e-08 -2.722353e-13 -4.612624e-11  6.860869e-12 -5.246211e-07  8.141127e-09
   4.733327e-08 -3.256471e-13 -4.897542e-11  4.512381e-12 -5.246211e-07  2.937732e-09  2.523770e-08 -2.848457e-13 -4.993011e-11 -5.071428e-13 -5.086272e-07  3.350154e-10  6.099517e-09 -1.001436e-13 -3.278320e-11 -4.151263e-12 -3.253029e-07]
 [-2.214115e-06  1.184456e-05 -7.844374e-10  5.942967e-10  6.232184e-10  7.747173e-06  2.326466e-11  2.757968e-11  3.277517e-07 -1.401574e-07  5.075499e-07 -3.292707e-11  1.837452e-11  2.716062e-11  3.061107e-07 -2.142300e-07  4.812811e-07
  -2.997871e-11  1.496826e-11  2.525674e-11  2.856087e-07 -2.613140e-07  4.577270e-07 -2.687681e-11  1.330930e-11  2.227475e-11  2.658636e-07 -2.776242e-07  4.481503e-07 -2.371132e-11  1.309504e-11  1.855920e-11  2.461335e-07 -2.624841e-07
   4.570656e-07 -2.054476e-11  1.364950e-11  1.432762e-11  2.256697e-07 -2.165127e-07  4.802704e-07 -1.743909e-11  1.418626e-11  9.827415e-12  2.040719e-07 -1.433222e-07  5.066736e-07 -1.448299e-11  1.409797e-11  5.482140e-12  1.814812e-07
  -5.257222e-08  5.238078e-07 -1.179111e-11  1.318037e-11  1.831558e-12  1.584822e-07  4.013238e-08  5.250125e-07 -9.466122e-12  1.163482e-11 -7.028157e-13  1.357399e-07  1.180953e-07  5.133965e-07 -7.545730e-12  9.832757e-12 -2.001465e-12
   1.136062e-07  1.691569e-07  4.991818e-07 -5.971674e-12  8.038784e-12 -2.237546e-12  9.195497e-08  1.873917e-07  4.927455e-07 -4.598602e-12  6.290533e-12 -1.754256e-12  7.031992e-08  1.712361e-07  4.984852e-07 -3.231729e-12  4.464765e-12
  -9.638806e-13  4.822389e-08  1.220556e-07  5.124874e-07 -1.674766e-12  2.449647e-12 -2.848457e-13  2.560438e-08  4.649889e-08  5.086267e-07  1.788837e-13  5.985397e-13 -9.911088e-15  6.146597e-09 -1.629159e-08  3.270268e-07  1.360451e-12]
 [ 3.012354e-04  8.635863e-05  1.466711e-08  5.446906e-09 -2.540005e-08  3.750281e-05  3.223329e-10 -1.047661e-09  1.542051e-06  1.279721e-05  4.872887e-06  6.238239e-10  4.504355e-10 -9.154260e-10  1.286039e-06  1.193553e-05  6.726280e-06
   5.953041e-10  5.096455e-10 -7.962605e-10  9.635787e-07  1.121028e-05  7.887577e-06  5.770309e-10  5.053280e-10 -7.080903e-10  6.069145e-07  1.092236e-05  8.286382e-06  5.644776e-10  4.495102e-10 -6.527484e-10  2.496232e-07  1.119029e-05
   7.916250e-06  5.520323e-10  3.557851e-10 -6.176135e-10 -7.471032e-08  1.190376e-05  6.782904e-06  5.340640e-10  2.402966e-10 -5.833616e-10 -3.337360e-07  1.276677e-05  4.952677e-06  5.059867e-10  1.233848e-10 -5.342751e-10 -5.010708e-07
   1.343283e-05  2.645106e-06  4.652820e-10  2.613152e-11 -4.661554e-10 -5.638201e-07  1.369126e-05  2.478809e-07  4.120648e-10 -3.715384e-11 -3.864210e-10 -5.278053e-07  1.358162e-05 -1.799100e-06  3.487087e-10 -6.371813e-11 -3.065985e-10
  -4.163640e-07  1.333876e-05 -3.155958e-06  2.786868e-10 -6.073143e-11 -2.341004e-10 -2.641783e-07  1.321682e-05 -3.643845e-06  2.054650e-10 -4.041548e-11 -1.693625e-10 -1.107676e-07  1.332582e-05 -3.211497e-06  1.321515e-10 -1.626479e-11
  -1.085889e-10  4.219207e-09  1.356779e-05 -1.903863e-06  6.183978e-11 -6.859995e-13 -4.993011e-11  4.649889e-08  1.239172e-05  1.789022e-17  6.864664e-13  1.366021e-12 -9.446589e-12  1.892089e-08  5.797435e-06  9.066993e-07 -2.064511e-11]
 [-8.635863e-05  3.012354e-04 -2.193293e-08  1.490038e-08  1.846552e-08  1.950304e-04  5.729288e-10  8.099829e-10  8.249686e-06 -4.872887e-06  1.279721e-05 -9.215102e-10  4.337741e-10  7.865551e-10  7.708605e-06 -6.726280e-06  1.193553e-05
  -8.417908e-10  3.394135e-10  7.258209e-10  7.203568e-06 -7.887577e-06  1.121028e-05 -7.590310e-10  2.960919e-10  6.400808e-10  6.721539e-06 -8.286382e-06  1.092236e-05 -6.751512e-10  2.947793e-10  5.385581e-10  6.239964e-06 -7.916250e-06
   1.119029e-05 -5.912541e-10  3.166875e-10  4.258632e-10  5.736102e-06 -6.782904e-06  1.190376e-05 -5.084244e-10  3.400268e-10  3.067344e-10  5.196432e-06 -4.952677e-06  1.276677e-05 -4.285449e-10  3.473339e-10  1.907095e-10  4.622147e-06
  -2.645106e-06  1.343283e-05 -3.543720e-10  3.315029e-10  9.125406e-11  4.027292e-06 -2.478809e-07  1.369126e-05 -2.885987e-10  2.964414e-10  1.972394e-11  3.429792e-06  1.799100e-06  1.358162e-05 -2.324345e-10  2.513822e-10 -2.000345e-11
   2.841051e-06  3.155958e-06  1.333876e-05 -1.846865e-10  2.036384e-10 -3.198306e-11  2.261053e-06  3.643845e-06  1.321682e-05 -1.418858e-10  1.551712e-10 -2.527897e-11  1.681364e-06  3.211497e-06  1.332582e-05 -9.923833e-11  1.040596e-10
  -1.108527e-11  1.093270e-06  1.903863e-06  1.356779e-05 -5.190938e-11  4.975123e-11 -5.071428e-13  5.086267e-07  1.788969e-17  1.239172e-05  6.864664e-13  9.744139e-12  9.780742e-13  9.802866e-08 -9.066993e-07  5.797435e-06  2.481713e-11]
 [-2.015344e-08  1.708326e-08  3.137195e-04  1.763239e-05 -1.980492e-04  1.191924e-08  1.482407e-06 -8.258732e-06  4.855580e-10 -9.095324e-10  6.410257e-10  1.372523e-05  2.655460e-06 -7.351547e-06  4.185791e-10 -9.313405e-10  4.430041e-10
   1.372523e-05  3.353445e-06 -6.453558e-06  3.592644e-10 -9.089777e-10  2.904515e-10  1.372523e-05  3.579800e-06 -5.730021e-06  3.069197e-10 -8.585693e-10  1.980461e-10  1.372523e-05  3.403241e-06 -5.244974e-06  2.598609e-10 -7.930087e-10
   1.647984e-10  1.372523e-05  2.909002e-06 -4.950474e-06  2.163480e-10 -7.163840e-10  1.778669e-10  1.372523e-05  2.195257e-06 -4.724637e-06  1.753825e-10 -6.270735e-10  2.167094e-10  1.372523e-05  1.389721e-06 -4.437344e-06  1.370401e-10
  -5.251208e-10  2.577495e-10  1.372523e-05  6.413658e-07 -4.015783e-06  1.022235e-10 -4.172521e-10  2.810328e-10  1.372523e-05  7.577064e-08 -3.469969e-06  7.202622e-11 -3.150505e-10  2.763628e-10  1.372523e-05 -2.491182e-07 -2.861958e-06
   4.715393e-11 -2.282793e-10  2.443476e-10  1.372523e-05 -3.500005e-07 -2.251112e-06  2.775195e-11 -1.595727e-10  1.921516e-10  1.372523e-05 -2.933639e-07 -1.660829e-06  1.361128e-11 -1.040214e-10  1.284814e-10  1.372523e-05 -1.661116e-07
  -1.081672e-06  4.475911e-12 -5.251483e-11  6.133964e-11  1.372523e-05 -5.336243e-08 -5.086272e-07  1.788837e-13  6.864664e-13  6.864664e-13  1.241806e-05 -5.331789e-09 -9.983742e-08 -2.964526e-13  2.488452e-11 -2.056111e-11  5.882241e-06]
 [-2.175128e-11  2.165643e-10 -1.218695e-07 -6.122375e-09  8.051791e-08  1.433001e-10 -5.574345e-10  3.366911e-09  6.072160e-12 -1.759106e-12  9.360182e-12 -5.331789e-09 -1.036945e-09  3.015555e-09  5.687287e-12 -3.158775e-12  9.020332e-12
  -5.331789e-09 -1.324011e-09  2.665460e-09  5.318127e-12 -4.069334e-12  8.686738e-12 -5.331789e-09 -1.417619e-09  2.383556e-09  4.959042e-12 -4.402733e-12  8.560099e-12 -5.331789e-09 -1.343759e-09  2.195913e-09  4.598162e-12 -4.136871e-12
   8.724369e-12 -5.331789e-09 -1.136195e-09  2.082795e-09  4.223503e-12 -3.285872e-12  9.106731e-12 -5.331789e-09 -8.353423e-10  1.994148e-09  3.829214e-12 -1.928751e-12  9.511799e-12 -5.331789e-09 -4.949515e-10  1.877020e-09  3.418855e-12
  -2.580819e-13  9.725669e-12 -5.331789e-09 -1.780391e-10  1.703033e-09  3.003393e-12  1.430981e-12  9.647270e-12 -5.331789e-09  6.227151e-11  1.478853e-09  2.594526e-12  2.834481e-12  9.355115e-12 -5.331789e-09  2.012163e-10  1.232846e-09
   2.197654e-12  3.739450e-12  9.051739e-12 -5.331789e-09  2.447990e-10  9.916652e-10  1.809102e-12  4.046627e-12  8.933859e-12 -5.331789e-09  2.189093e-10  7.658147e-10  1.418853e-12  3.729286e-12  9.081693e-12 -5.331789e-09  1.572444e-10
   5.503730e-10  1.016696e-12  2.805490e-12  9.417758e-12 -5.331789e-09  9.342720e-11  3.350154e-10  5.985397e-13  1.366021e-12  9.744139e-12 -5.331789e-09  4.375418e-11  1.128706e-10  1.805142e-13 -2.463462e-13  8.610596e-12 -4.927194e-09]
 [-6.699335e-11 -1.607700e-10 -2.281998e-06 -1.344779e-07  1.498053e-06 -1.015558e-10 -1.126604e-08  6.255220e-08 -4.129138e-12 -2.549195e-12 -7.041322e-12 -9.983742e-08 -2.016264e-08  5.585505e-08 -3.493429e-12 -1.938902e-12 -6.940108e-12
  -9.983742e-08 -2.547356e-08  4.922781e-08 -2.864192e-12 -1.691190e-12 -6.683609e-12 -9.983742e-08 -2.720158e-08  4.392502e-08 -2.260017e-12 -1.890217e-12 -6.307389e-12 -9.983742e-08 -2.584162e-08  4.043383e-08 -1.693820e-12 -2.523184e-12
  -5.790830e-12 -9.983742e-08 -2.201819e-08  3.838563e-08 -1.178126e-12 -3.484961e-12 -5.052824e-12 -9.983742e-08 -1.646677e-08  3.684214e-08 -7.294170e-13 -4.588930e-12 -4.011991e-12 -9.983742e-08 -1.016712e-08  3.480084e-08 -3.668672e-13
  -5.613297e-12 -2.674000e-12 -9.983742e-08 -4.279941e-09  3.170599e-08 -1.053259e-13 -6.393729e-12 -1.176145e-12 -9.983742e-08  2.026420e-10  2.765147e-08  5.246916e-14 -6.906530e-12  2.564008e-13 -9.983742e-08  2.804759e-09  2.314202e-08
   1.186151e-13 -7.267868e-12  1.403429e-12 -9.983742e-08  3.623382e-09  1.866123e-08  1.166301e-13 -7.646826e-12  2.109180e-12 -9.983742e-08  3.136286e-09  1.440090e-08  7.552492e-14 -8.158617e-12  2.283432e-12 -9.983742e-08  1.980694e-09
   1.027318e-08  2.472745e-14 -8.798765e-12  1.891436e-12 -9.983742e-08  8.014271e-10  6.099517e-09 -9.911088e-15 -9.446589e-12  9.780742e-13 -9.983742e-08  1.128706e-10  1.892794e-09 -1.083662e-14 -8.669489e-12 -1.874535e-13 -8.726866e-08]
 [-1.837806e-07  2.277289e-06 -1.429683e-10  1.155098e-10  1.037991e-10  1.505857e-06  4.585071e-12  4.638212e-12  6.371731e-08 -1.641398e-08  9.847746e-08 -6.008568e-12  3.734221e-12  4.636916e-12  5.948164e-08 -3.090067e-08  9.498560e-08
  -5.479826e-12  3.123961e-12  4.346766e-12  5.540799e-08 -4.024440e-08  9.147305e-08 -4.914608e-12  2.808442e-12  3.834413e-12  5.144956e-08 -4.350909e-08  8.998899e-08 -4.333156e-12  2.738423e-12  3.164003e-12  4.749348e-08 -4.047810e-08
   9.137142e-08 -3.751424e-12  2.794596e-12  2.383571e-12  4.342553e-08 -3.135108e-08  9.484005e-08 -3.185269e-12  2.837678e-12  1.550108e-12  3.919562e-08 -1.702807e-08  9.837467e-08 -2.654745e-12  2.763936e-12  7.516837e-13  3.485024e-08
   4.232909e-10  9.981485e-08 -2.183178e-12  2.545761e-12  9.231417e-14  3.050833e-08  1.792889e-08  9.821253e-08 -1.789650e-12  2.228516e-12 -3.518808e-13  2.628962e-08  3.240155e-08  9.448348e-08 -1.479391e-12  1.883911e-12 -5.631682e-13
   2.224206e-08  4.175000e-08  9.079525e-08 -1.238876e-12  1.558578e-12 -5.762035e-13  1.831561e-08  4.506162e-08  8.922168e-08 -1.038325e-12  1.253399e-12 -4.536946e-13  1.439313e-08  4.212834e-08  9.062287e-08 -8.390022e-13  9.371614e-13
  -2.694067e-13  1.035529e-08  3.313044e-08  9.423389e-08 -6.018997e-13  5.778024e-13 -1.001436e-13  6.146597e-09  1.892089e-08  9.802866e-08 -2.964526e-13  1.805142e-13 -1.083662e-14  1.900334e-09  2.462201e-09  8.726865e-08  5.889306e-14]
 [ 1.333780e-04  1.554922e-05  8.322176e-09  1.330994e-09 -1.266109e-08  2.259316e-06  1.015589e-10 -5.262404e-10  7.680225e-08  5.750025e-06  1.169710e-06  3.538942e-10  1.692754e-10 -4.665082e-10  6.212984e-09  5.514678e-06  2.013328e-06
   3.362874e-10  2.032535e-10 -4.097446e-10 -9.498048e-08  5.288853e-06  2.554819e-06  3.228014e-10  2.052357e-10 -3.649372e-10 -2.122372e-07  5.194868e-06  2.743480e-06  3.116560e-10  1.810453e-10 -3.337209e-10 -3.297907e-07  5.282396e-06
   2.568334e-06  3.005550e-10  1.379189e-10 -3.108983e-10 -4.318580e-07  5.505188e-06  2.039480e-06  2.871930e-10  8.447975e-11 -2.881613e-10 -5.038200e-07  5.742705e-06  1.205566e-06  2.697621e-10  3.101347e-11 -2.590242e-10 -5.346042e-07
   5.863732e-06  1.835274e-07  2.473893e-10 -1.244088e-11 -2.223891e-10 -5.197362e-07  5.806164e-06 -8.480481e-07  2.203106e-10 -3.950924e-11 -1.822937e-10 -4.629249e-07  5.617345e-06 -1.705918e-06  1.896137e-10 -4.931171e-11 -1.442391e-10
  -3.748315e-07  5.420226e-06 -2.262720e-06  1.566841e-10 -4.530771e-11 -1.114237e-10 -2.701192e-07  5.334713e-06 -2.460521e-06  1.227458e-10 -3.290041e-11 -8.354380e-11 -1.649103e-07  5.410891e-06 -2.285302e-06  8.877950e-11 -1.785079e-11
  -5.811121e-11 -7.536282e-08  5.604206e-06 -1.749252e-06  5.575652e-11 -5.598953e-12 -3.278320e-11 -1.629159e-08  5.797435e-06 -9.066993e-07  2.488452e-11 -2.463462e-13 -8.669489e-12  2.462201e-09  4.564757e-06  5.890183e-18  2.465405e-13]
 [-1.554922e-05  1.333780e-04 -8.755216e-09  6.730676e-09  6.537135e-09  8.768036e-05  2.653660e-10  2.906912e-10  3.709534e-06 -1.169710e-06  5.750025e-06 -3.681933e-10  2.128882e-10  2.884439e-10  3.462938e-06 -2.013328e-06  5.514678e-06
  -3.364713e-10  1.757220e-10  2.693441e-10  3.226957e-06 -2.554819e-06  5.288853e-06 -3.027507e-10  1.569729e-10  2.376459e-10  2.998324e-06 -2.743480e-06  5.194868e-06 -2.681585e-10  1.535360e-10  1.971988e-10  2.769839e-06 -2.568334e-06
   5.282396e-06 -2.335514e-10  1.581561e-10  1.506625e-10  2.534225e-06 -2.039480e-06  5.505188e-06 -1.997801e-10  1.623720e-10  1.011018e-10  2.288016e-06 -1.205566e-06  5.742705e-06 -1.679596e-10  1.597584e-10  5.344758e-11  2.033552e-06
  -1.835274e-07  5.863732e-06 -1.394309e-10  1.483556e-10  1.373111e-11  1.777670e-06  8.480481e-07  5.806164e-06 -1.153245e-10  1.305898e-10 -1.348678e-11  1.527542e-06  1.705918e-06  5.617345e-06 -9.598658e-11  1.106023e-10 -2.701882e-11
   1.286368e-06  2.262720e-06  5.420226e-06 -8.067109e-11  9.121045e-11 -2.882460e-11  1.051726e-06  2.460521e-06  5.334713e-06 -6.767012e-11  7.263232e-11 -2.262754e-11  8.172997e-07  2.285302e-06  5.410891e-06 -5.474033e-11  5.324938e-11
  -1.287086e-11  5.766454e-07  1.749252e-06  5.604206e-06 -3.962221e-11  3.141751e-11 -4.151263e-12  3.270268e-07  9.066993e-07  5.797435e-06 -2.056111e-11  8.610596e-12 -1.874535e-13  8.726865e-08  5.890236e-18  4.564757e-06  2.465405e-13]
 [-9.284626e-09  7.751447e-09  1.344512e-04  7.878617e-06 -8.746577e-05  5.587607e-09  6.588905e-07 -3.650932e-06  2.284030e-10 -4.195785e-10  2.910587e-10  5.882241e-06  1.177973e-06 -3.257443e-06  1.984689e-10 -4.310396e-10  2.015850e-10
   5.882241e-06  1.487590e-06 -2.868124e-06  1.719563e-10 -4.224826e-10  1.329684e-10  5.882241e-06  1.588249e-06 -2.556184e-06  1.485126e-10 -4.011692e-10  9.218113e-11  5.882241e-06  1.509193e-06 -2.350033e-06  1.273359e-10 -3.728036e-10
   7.903324e-11  5.882241e-06  1.287140e-06 -2.228223e-06  1.075996e-10 -3.389712e-10  8.780372e-11  5.882241e-06  9.650926e-07 -2.136173e-06  8.881978e-11 -2.986264e-10  1.090231e-10  5.882241e-06  6.000356e-07 -2.015550e-06  7.101449e-11
  -2.516453e-10  1.315799e-10  5.882241e-06  2.592727e-07 -1.833918e-06  5.459844e-11 -2.013041e-10  1.459009e-10  5.882241e-06  1.888643e-10 -1.596459e-06  4.009034e-11 -1.534613e-10  1.469836e-10  5.882241e-06 -1.498904e-07 -1.332139e-06
   2.783741e-11 -1.133206e-10  1.349858e-10  5.882241e-06 -1.969793e-07 -1.068717e-06  1.792470e-11 -8.275745e-11  1.131703e-10  5.882241e-06 -1.692927e-07 -8.171914e-07  1.026683e-11 -5.994151e-11  8.539373e-11  5.882241e-06 -1.043184e-07
  -5.726550e-07  4.757637e-12 -4.072590e-11  5.497319e-11  5.882241e-06 -3.976754e-08 -3.253029e-07  1.360451e-12 -2.064511e-11  2.481713e-11  5.882241e-06 -4.927194e-09 -8.726866e-08  5.889306e-14  2.465405e-13  2.465405e-13  4.575076e-06]]

=== M_qdd ===
[-7.983447e-11 -6.964076e-08  9.653938e-06 -5.288692e-08 -4.330129e-06 -2.671784e-08  1.317212e-08 -1.795225e-07 -1.102779e-09  2.551901e-10 -3.039571e-09  4.218558e-07  3.850904e-08 -1.573097e-07 -9.720747e-10  7.063833e-10 -2.951201e-09
  4.186878e-07  5.331081e-08 -1.345944e-07 -8.482845e-10  9.845681e-10 -2.725856e-09  4.118904e-07  5.800378e-08 -1.147965e-07 -7.354579e-10  1.060736e-09 -2.470988e-09  4.026191e-07  5.462822e-08 -9.931674e-08 -6.332812e-10  9.618061e-10
 -2.247748e-09  3.893813e-07  4.564073e-08 -8.745257e-08 -5.385270e-10  7.418780e-10 -2.127470e-09  3.741705e-07  3.353824e-08 -7.729852e-08 -4.478088e-10  4.468516e-10 -2.052739e-09  3.543285e-07  2.088053e-08 -6.699426e-08 -3.596696e-10
  1.231015e-10 -1.992143e-09  3.327963e-07  1.002203e-08 -5.571620e-08 -2.752449e-10 -1.651910e-10 -1.869975e-09  3.059307e-07  2.482541e-09 -4.387390e-08 -1.975212e-10 -3.645192e-10 -1.680726e-09  2.779091e-07 -1.464371e-09 -3.250144e-08
 -1.299733e-10 -4.253554e-10 -1.400235e-09  2.441860e-07 -2.584053e-09 -2.248625e-08 -7.557270e-11 -3.690573e-10 -1.084175e-09  2.100602e-07 -2.087576e-09 -1.423449e-08 -3.631240e-11 -2.312810e-10 -7.109853e-10  1.698977e-07 -1.096227e-09
 -7.811964e-09 -1.263962e-11 -1.022338e-10 -3.817294e-10  1.298351e-07 -3.362011e-10 -3.235047e-09 -2.351545e-12 -2.356224e-11 -1.168569e-10  8.307268e-08 -3.373637e-11 -6.284318e-10 -8.837028e-14 -2.466133e-12 -1.258672e-11  3.669246e-08]

=== C_qdot ===
[ 0.000000e+00  0.000000e+00  0.000000e+00  0.000000e+00  0.000000e+00  0.000000e+00  0.000000e+00  0.000000e+00 -2.992263e-11  3.007397e-09  1.651830e-09  0.000000e+00  0.000000e+00  0.000000e+00 -2.018827e-12  2.566684e-09  2.214822e-09
  0.000000e+00  0.000000e+00  0.000000e+00  8.208272e-12  2.193081e-09  2.481379e-09  0.000000e+00  0.000000e+00  0.000000e+00  8.354927e-12  1.975559e-09  2.519186e-09  0.000000e+00  0.000000e+00  0.000000e+00  4.436392e-12  1.930085e-09
  2.388416e-09  0.000000e+00  0.000000e+00  0.000000e+00  4.394192e-14  2.011084e-09  2.178243e-09  0.000000e+00  0.000000e+00  0.000000e+00 -3.100757e-12  2.151421e-09  1.890370e-09  0.000000e+00  0.000000e+00  0.000000e+00 -4.482664e-12
  2.280279e-09  1.565220e-09  0.000000e+00  0.000000e+00  0.000000e+00 -4.176463e-12  2.334967e-09  1.214690e-09  0.000000e+00  0.000000e+00  0.000000e+00 -2.431483e-12  2.290952e-09  8.951417e-10  0.000000e+00  0.000000e+00  0.000000e+00
  4.852186e-13  2.140867e-09  6.187310e-10  0.000000e+00  0.000000e+00  0.000000e+00  4.204000e-12  1.924571e-09  4.358721e-10  0.000000e+00  0.000000e+00  0.000000e+00  7.849443e-12  1.668539e-09  3.153416e-10  0.000000e+00  0.000000e+00
  0.000000e+00  9.302748e-12  1.420389e-09  3.170530e-10  0.000000e+00  0.000000e+00  0.000000e+00  4.282380e-12  1.178846e-09  4.250120e-10  0.000000e+00  0.000000e+00  0.000000e+00 -1.362883e-11  9.243339e-10  6.804730e-10  0.000000e+00]

=== f_int ===
[-0.000000e+00 -0.000000e+00 -0.000000e+00 -0.000000e+00 -0.000000e+00 -0.000000e+00 -3.500000e-08 -4.375000e-08 -1.692645e-03 -3.595386e-02 -6.313054e-03 -8.750000e-03 -3.500000e-08 -4.375000e-08 -1.294587e-03 -3.463172e-02 -1.159832e-02
 -8.750000e-03 -3.500000e-08 -4.375000e-08 -7.044467e-04 -3.331832e-02 -1.500316e-02 -8.750000e-03 -3.500000e-08 -4.375000e-08 -1.320885e-05 -3.276581e-02 -1.619175e-02 -8.750000e-03 -3.500000e-08 -4.375000e-08  6.798639e-04 -3.328121e-02
 -1.508746e-02 -8.750000e-03 -3.500000e-08 -4.375000e-08  1.275395e-03 -3.457853e-02 -1.176080e-02 -8.750000e-03 -3.500000e-08 -4.375000e-08  1.681882e-03 -3.591625e-02 -6.534451e-03 -8.750000e-03 -3.500000e-08 -4.375000e-08  1.830849e-03
 -3.649789e-02 -1.576277e-04 -8.750000e-03 -3.500000e-08 -4.375000e-08  1.695610e-03 -3.596717e-02  6.248615e-03 -8.750000e-03 -3.500000e-08 -4.375000e-08  1.300431e-03 -3.464927e-02  1.155259e-02 -8.750000e-03 -3.500000e-08 -4.375000e-08
  7.121541e-04 -3.333025e-02  1.498281e-02 -8.750000e-03 -3.500000e-08 -4.375000e-08  2.157303e-05 -3.276560e-02  1.619904e-02 -8.750000e-03 -3.500000e-08 -4.375000e-08 -6.720954e-04 -3.326922e-02  1.512247e-02 -8.750000e-03 -3.500000e-08
 -4.375000e-08 -1.269434e-03 -3.456203e-02  1.182134e-02 -8.750000e-03 -3.500000e-08 -4.375000e-08 -1.678758e-03 -3.590585e-02  6.613837e-03 -8.750000e-03 -3.500000e-08 -4.375000e-08 -1.831179e-03 -3.650138e-02  2.434913e-04 -8.750000e-03]

=== K_int ===
[[ 0.0000e+00  0.0000e+00  0.0000e+00  0.0000e+00  0.0000e+00  0.0000e+00  0.0000e+00  0.0000e+00  0.0000e+00  0.0000e+00  0.0000e+00  0.0000e+00  0.0000e+00  0.0000e+00  0.0000e+00  0.0000e+00  0.0000e+00  0.0000e+00  0.0000e+00  0.0000e+00
   0.0000e+00  0.0000e+00  0.0000e+00  0.0000e+00  0.0000e+00  0.0000e+00  0.0000e+00  0.0000e+00  0.0000e+00  0.0000e+00  0.0000e+00  0.0000e+00  0.0000e+00  0.0000e+00  0.0000e+00  0.0000e+00  0.0000e+00  0.0000e+00  0.0000e+00  0.0000e+00
   0.0000e+00  0.0000e+00  0.0000e+00  0.0000e+00  0.0000e+00  0.0000e+00  0.0000e+00  0.0000e+00  0.0000e+00  0.0000e+00  0.0000e+00  0.0000e+00  0.0000e+00  0.0000e+00  0.0000e+00  0.0000e+00  0.0000e+00  0.0000e+00  0.0000e+00  0.0000e+00
   0.0000e+00  0.0000e+00  0.0000e+00  0.0000e+00  0.0000e+00  0.0000e+00  0.0000e+00  0.0000e+00  0.0000e+00  0.0000e+00  0.0000e+00  0.0000e+00  0.0000e+00  0.0000e+00  0.0000e+00  0.0000e+00  0.0000e+00  0.0000e+00  0.0000e+00  0.0000e+00
   0.0000e+00  0.0000e+00  0.0000e+00  0.0000e+00  0.0000e+00  0.0000e+00  0.0000e+00  0.0000e+00  0.0000e+00  0.0000e+00  0.0000e+00  0.0000e+00  0.0000e+00  0.0000e+00  0.0000e+00  0.0000e+00  0.0000e+00  0.0000e+00  0.0000e+00  0.0000e+00
   0.0000e+00  0.0000e+00]
 [ 0.0000e+00  0.0000e+00  0.0000e+00  0.0000e+00  0.0000e+00  0.0000e+00  0.0000e+00  0.0000e+00  0.0000e+00  0.0000e+00  0.0000e+00  0.0000e+00  0.0000e+00  0.0000e+00  0.0000e+00  0.0000e+00  0.0000e+00  0.0000e+00  0.0000e+00  0.0000e+00
   0.0000e+00  0.0000e+00  0.0000e+00  0.0000e+00  0.0000e+00  0.0000e+00  0.0000e+00  0.0000e+00  0.0000e+00  0.0000e+00  0.0000e+00  0.0000e+00  0.0000e+00  0.0000e+00  0.0000e+00  0.0000e+00  0.0000e+00  0.0000e+00  0.0000e+00  0.0000e+00
   0.0000e+00  0.0000e+00  0.0000e+00  0.0000e+00  0.0000e+00  0.0000e+00  0.0000e+00  0.0000e+00  0.0000e+00  0.0000e+00  0.0000e+00  0.0000e+00  0.0000e+00  0.0000e+00  0.0000e+00  0.0000e+00  0.0000e+00  0.0000e+00  0.0000e+00  0.0000e+00
   0.0000e+00  0.0000e+00  0.0000e+00  0.0000e+00  0.0000e+00  0.0000e+00  0.0000e+00  0.0000e+00  0.0000e+00  0.0000e+00  0.0000e+00  0.0000e+00  0.0000e+00  0.0000e+00  0.0000e+00  0.0000e+00  0.0000e+00  0.0000e+00  0.0000e+00  0.0000e+00
   0.0000e+00  0.0000e+00  0.0000e+00  0.0000e+00  0.0000e+00  0.0000e+00  0.0000e+00  0.0000e+00  0.0000e+00  0.0000e+00  0.0000e+00  0.0000e+00  0.0000e+00  0.0000e+00  0.0000e+00  0.0000e+00  0.0000e+00  0.0000e+00  0.0000e+00  0.0000e+00
   0.0000e+00  0.0000e+00]
 [ 0.0000e+00  0.0000e+00  0.0000e+00  0.0000e+00  0.0000e+00  0.0000e+00  0.0000e+00  0.0000e+00  0.0000e+00  0.0000e+00  0.0000e+00  0.0000e+00  0.0000e+00  0.0000e+00  0.0000e+00  0.0000e+00  0.0000e+00  0.0000e+00  0.0000e+00  0.0000e+00
   0.0000e+00  0.0000e+00  0.0000e+00  0.0000e+00  0.0000e+00  0.0000e+00  0.0000e+00  0.0000e+00  0.0000e+00  0.0000e+00  0.0000e+00  0.0000e+00  0.0000e+00  0.0000e+00  0.0000e+00  0.0000e+00  0.0000e+00  0.0000e+00  0.0000e+00  0.0000e+00
   0.0000e+00  0.0000e+00  0.0000e+00  0.0000e+00  0.0000e+00  0.0000e+00  0.0000e+00  0.0000e+00  0.0000e+00  0.0000e+00  0.0000e+00  0.0000e+00  0.0000e+00  0.0000e+00  0.0000e+00  0.0000e+00  0.0000e+00  0.0000e+00  0.0000e+00  0.0000e+00
   0.0000e+00  0.0000e+00  0.0000e+00  0.0000e+00  0.0000e+00  0.0000e+00  0.0000e+00  0.0000e+00  0.0000e+00  0.0000e+00  0.0000e+00  0.0000e+00  0.0000e+00  0.0000e+00  0.0000e+00  0.0000e+00  0.0000e+00  0.0000e+00  0.0000e+00  0.0000e+00
   0.0000e+00  0.0000e+00  0.0000e+00  0.0000e+00  0.0000e+00  0.0000e+00  0.0000e+00  0.0000e+00  0.0000e+00  0.0000e+00  0.0000e+00  0.0000e+00  0.0000e+00  0.0000e+00  0.0000e+00  0.0000e+00  0.0000e+00  0.0000e+00  0.0000e+00  0.0000e+00
   0.0000e+00  0.0000e+00]
 [ 0.0000e+00  0.0000e+00  0.0000e+00  0.0000e+00  0.0000e+00  0.0000e+00  0.0000e+00  0.0000e+00  0.0000e+00  0.0000e+00  0.0000e+00  0.0000e+00  0.0000e+00  0.0000e+00  0.0000e+00  0.0000e+00  0.0000e+00  0.0000e+00  0.0000e+00  0.0000e+00
   0.0000e+00  0.0000e+00  0.0000e+00  0.0000e+00  0.0000e+00  0.0000e+00  0.0000e+00  0.0000e+00  0.0000e+00  0.0000e+00  0.0000e+00  0.0000e+00  0.0000e+00  0.0000e+00  0.0000e+00  0.0000e+00  0.0000e+00  0.0000e+00  0.0000e+00  0.0000e+00
   0.0000e+00  0.0000e+00  0.0000e+00  0.0000e+00  0.0000e+00  0.0000e+00  0.0000e+00  0.0000e+00  0.0000e+00  0.0000e+00  0.0000e+00  0.0000e+00  0.0000e+00  0.0000e+00  0.0000e+00  0.0000e+00  0.0000e+00  0.0000e+00  0.0000e+00  0.0000e+00
   0.0000e+00  0.0000e+00  0.0000e+00  0.0000e+00  0.0000e+00  0.0000e+00  0.0000e+00  0.0000e+00  0.0000e+00  0.0000e+00  0.0000e+00  0.0000e+00  0.0000e+00  0.0000e+00  0.0000e+00  0.0000e+00  0.0000e+00  0.0000e+00  0.0000e+00  0.0000e+00
   0.0000e+00  0.0000e+00  0.0000e+00  0.0000e+00  0.0000e+00  0.0000e+00  0.0000e+00  0.0000e+00  0.0000e+00  0.0000e+00  0.0000e+00  0.0000e+00  0.0000e+00  0.0000e+00  0.0000e+00  0.0000e+00  0.0000e+00  0.0000e+00  0.0000e+00  0.0000e+00
   0.0000e+00  0.0000e+00]
 [ 0.0000e+00  0.0000e+00  0.0000e+00  0.0000e+00  0.0000e+00  0.0000e+00  0.0000e+00  0.0000e+00  0.0000e+00  0.0000e+00  0.0000e+00  0.0000e+00  0.0000e+00  0.0000e+00  0.0000e+00  0.0000e+00  0.0000e+00  0.0000e+00  0.0000e+00  0.0000e+00
   0.0000e+00  0.0000e+00  0.0000e+00  0.0000e+00  0.0000e+00  0.0000e+00  0.0000e+00  0.0000e+00  0.0000e+00  0.0000e+00  0.0000e+00  0.0000e+00  0.0000e+00  0.0000e+00  0.0000e+00  0.0000e+00  0.0000e+00  0.0000e+00  0.0000e+00  0.0000e+00
   0.0000e+00  0.0000e+00  0.0000e+00  0.0000e+00  0.0000e+00  0.0000e+00  0.0000e+00  0.0000e+00  0.0000e+00  0.0000e+00  0.0000e+00  0.0000e+00  0.0000e+00  0.0000e+00  0.0000e+00  0.0000e+00  0.0000e+00  0.0000e+00  0.0000e+00  0.0000e+00
   0.0000e+00  0.0000e+00  0.0000e+00  0.0000e+00  0.0000e+00  0.0000e+00  0.0000e+00  0.0000e+00  0.0000e+00  0.0000e+00  0.0000e+00  0.0000e+00  0.0000e+00  0.0000e+00  0.0000e+00  0.0000e+00  0.0000e+00  0.0000e+00  0.0000e+00  0.0000e+00
   0.0000e+00  0.0000e+00  0.0000e+00  0.0000e+00  0.0000e+00  0.0000e+00  0.0000e+00  0.0000e+00  0.0000e+00  0.0000e+00  0.0000e+00  0.0000e+00  0.0000e+00  0.0000e+00  0.0000e+00  0.0000e+00  0.0000e+00  0.0000e+00  0.0000e+00  0.0000e+00
   0.0000e+00  0.0000e+00]
 [ 0.0000e+00  0.0000e+00  0.0000e+00  0.0000e+00  0.0000e+00  0.0000e+00  0.0000e+00  0.0000e+00  0.0000e+00  0.0000e+00  0.0000e+00  0.0000e+00  0.0000e+00  0.0000e+00  0.0000e+00  0.0000e+00  0.0000e+00  0.0000e+00  0.0000e+00  0.0000e+00
   0.0000e+00  0.0000e+00  0.0000e+00  0.0000e+00  0.0000e+00  0.0000e+00  0.0000e+00  0.0000e+00  0.0000e+00  0.0000e+00  0.0000e+00  0.0000e+00  0.0000e+00  0.0000e+00  0.0000e+00  0.0000e+00  0.0000e+00  0.0000e+00  0.0000e+00  0.0000e+00
   0.0000e+00  0.0000e+00  0.0000e+00  0.0000e+00  0.0000e+00  0.0000e+00  0.0000e+00  0.0000e+00  0.0000e+00  0.0000e+00  0.0000e+00  0.0000e+00  0.0000e+00  0.0000e+00  0.0000e+00  0.0000e+00  0.0000e+00  0.0000e+00  0.0000e+00  0.0000e+00
   0.0000e+00  0.0000e+00  0.0000e+00  0.0000e+00  0.0000e+00  0.0000e+00  0.0000e+00  0.0000e+00  0.0000e+00  0.0000e+00  0.0000e+00  0.0000e+00  0.0000e+00  0.0000e+00  0.0000e+00  0.0000e+00  0.0000e+00  0.0000e+00  0.0000e+00  0.0000e+00
   0.0000e+00  0.0000e+00  0.0000e+00  0.0000e+00  0.0000e+00  0.0000e+00  0.0000e+00  0.0000e+00  0.0000e+00  0.0000e+00  0.0000e+00  0.0000e+00  0.0000e+00  0.0000e+00  0.0000e+00  0.0000e+00  0.0000e+00  0.0000e+00  0.0000e+00  0.0000e+00
   0.0000e+00  0.0000e+00]
 [ 0.0000e+00  0.0000e+00  0.0000e+00  0.0000e+00  0.0000e+00  0.0000e+00 -3.5000e-04 -0.0000e+00 -0.0000e+00 -0.0000e+00 -0.0000e+00 -0.0000e+00 -0.0000e+00 -0.0000e+00 -0.0000e+00 -0.0000e+00 -0.0000e+00 -0.0000e+00 -0.0000e+00 -0.0000e+00
  -0.0000e+00 -0.0000e+00 -0.0000e+00 -0.0000e+00 -0.0000e+00 -0.0000e+00 -0.0000e+00 -0.0000e+00 -0.0000e+00 -0.0000e+00 -0.0000e+00 -0.0000e+00 -0.0000e+00 -0.0000e+00 -0.0000e+00 -0.0000e+00 -0.0000e+00 -0.0000e+00 -0.0000e+00 -0.0000e+00
  -0.0000e+00 -0.0000e+00 -0.0000e+00 -0.0000e+00 -0.0000e+00 -0.0000e+00 -0.0000e+00 -0.0000e+00 -0.0000e+00 -0.0000e+00 -0.0000e+00 -0.0000e+00 -0.0000e+00 -0.0000e+00 -0.0000e+00 -0.0000e+00 -0.0000e+00 -0.0000e+00 -0.0000e+00 -0.0000e+00
  -0.0000e+00 -0.0000e+00 -0.0000e+00 -0.0000e+00 -0.0000e+00 -0.0000e+00 -0.0000e+00 -0.0000e+00 -0.0000e+00 -0.0000e+00 -0.0000e+00 -0.0000e+00 -0.0000e+00 -0.0000e+00 -0.0000e+00 -0.0000e+00 -0.0000e+00 -0.0000e+00 -0.0000e+00 -0.0000e+00
  -0.0000e+00 -0.0000e+00 -0.0000e+00 -0.0000e+00 -0.0000e+00 -0.0000e+00 -0.0000e+00 -0.0000e+00 -0.0000e+00 -0.0000e+00 -0.0000e+00 -0.0000e+00 -0.0000e+00 -0.0000e+00 -0.0000e+00 -0.0000e+00 -0.0000e+00 -0.0000e+00 -0.0000e+00 -0.0000e+00
  -0.0000e+00 -0.0000e+00]
 [ 0.0000e+00  0.0000e+00  0.0000e+00  0.0000e+00  0.0000e+00  0.0000e+00 -0.0000e+00 -4.3750e-04 -0.0000e+00 -0.0000e+00 -0.0000e+00 -0.0000e+00 -0.0000e+00 -0.0000e+00 -0.0000e+00 -0.0000e+00 -0.0000e+00 -0.0000e+00 -0.0000e+00 -0.0000e+00
  -0.0000e+00 -0.0000e+00 -0.0000e+00 -0.0000e+00 -0.0000e+00 -0.0000e+00 -0.0000e+00 -0.0000e+00 -0.0000e+00 -0.0000e+00 -0.0000e+00 -0.0000e+00 -0.0000e+00 -0.0000e+00 -0.0000e+00 -0.0000e+00 -0.0000e+00 -0.0000e+00 -0.0000e+00 -0.0000e+00
  -0.0000e+00 -0.0000e+00 -0.0000e+00 -0.0000e+00 -0.0000e+00 -0.0000e+00 -0.0000e+00 -0.0000e+00 -0.0000e+00 -0.0000e+00 -0.0000e+00 -0.0000e+00 -0.0000e+00 -0.0000e+00 -0.0000e+00 -0.0000e+00 -0.0000e+00 -0.0000e+00 -0.0000e+00 -0.0000e+00
  -0.0000e+00 -0.0000e+00 -0.0000e+00 -0.0000e+00 -0.0000e+00 -0.0000e+00 -0.0000e+00 -0.0000e+00 -0.0000e+00 -0.0000e+00 -0.0000e+00 -0.0000e+00 -0.0000e+00 -0.0000e+00 -0.0000e+00 -0.0000e+00 -0.0000e+00 -0.0000e+00 -0.0000e+00 -0.0000e+00
  -0.0000e+00 -0.0000e+00 -0.0000e+00 -0.0000e+00 -0.0000e+00 -0.0000e+00 -0.0000e+00 -0.0000e+00 -0.0000e+00 -0.0000e+00 -0.0000e+00 -0.0000e+00 -0.0000e+00 -0.0000e+00 -0.0000e+00 -0.0000e+00 -0.0000e+00 -0.0000e+00 -0.0000e+00 -0.0000e+00
  -0.0000e+00 -0.0000e+00]
 [ 0.0000e+00  0.0000e+00  0.0000e+00  0.0000e+00  0.0000e+00  0.0000e+00 -0.0000e+00 -0.0000e+00 -4.3750e-04 -0.0000e+00 -0.0000e+00 -0.0000e+00 -0.0000e+00 -0.0000e+00 -0.0000e+00 -0.0000e+00 -0.0000e+00 -0.0000e+00 -0.0000e+00 -0.0000e+00
  -0.0000e+00 -0.0000e+00 -0.0000e+00 -0.0000e+00 -0.0000e+00 -0.0000e+00 -0.0000e+00 -0.0000e+00 -0.0000e+00 -0.0000e+00 -0.0000e+00 -0.0000e+00 -0.0000e+00 -0.0000e+00 -0.0000e+00 -0.0000e+00 -0.0000e+00 -0.0000e+00 -0.0000e+00 -0.0000e+00
  -0.0000e+00 -0.0000e+00 -0.0000e+00 -0.0000e+00 -0.0000e+00 -0.0000e+00 -0.0000e+00 -0.0000e+00 -0.0000e+00 -0.0000e+00 -0.0000e+00 -0.0000e+00 -0.0000e+00 -0.0000e+00 -0.0000e+00 -0.0000e+00 -0.0000e+00 -0.0000e+00 -0.0000e+00 -0.0000e+00
  -0.0000e+00 -0.0000e+00 -0.0000e+00 -0.0000e+00 -0.0000e+00 -0.0000e+00 -0.0000e+00 -0.0000e+00 -0.0000e+00 -0.0000e+00 -0.0000e+00 -0.0000e+00 -0.0000e+00 -0.0000e+00 -0.0000e+00 -0.0000e+00 -0.0000e+00 -0.0000e+00 -0.0000e+00 -0.0000e+00
  -0.0000e+00 -0.0000e+00 -0.0000e+00 -0.0000e+00 -0.0000e+00 -0.0000e+00 -0.0000e+00 -0.0000e+00 -0.0000e+00 -0.0000e+00 -0.0000e+00 -0.0000e+00 -0.0000e+00 -0.0000e+00 -0.0000e+00 -0.0000e+00 -0.0000e+00 -0.0000e+00 -0.0000e+00 -0.0000e+00
  -0.0000e+00 -0.0000e+00]
 [ 0.0000e+00  0.0000e+00  0.0000e+00  0.0000e+00  0.0000e+00  0.0000e+00 -0.0000e+00 -0.0000e+00 -0.0000e+00 -2.1875e+02 -0.0000e+00 -0.0000e+00 -0.0000e+00 -0.0000e+00 -0.0000e+00 -0.0000e+00 -0.0000e+00 -0.0000e+00 -0.0000e+00 -0.0000e+00
  -0.0000e+00 -0.0000e+00 -0.0000e+00 -0.0000e+00 -0.0000e+00 -0.0000e+00 -0.0000e+00 -0.0000e+00 -0.0000e+00 -0.0000e+00 -0.0000e+00 -0.0000e+00 -0.0000e+00 -0.0000e+00 -0.0000e+00 -0.0000e+00 -0.0000e+00 -0.0000e+00 -0.0000e+00 -0.0000e+00
  -0.0000e+00 -0.0000e+00 -0.0000e+00 -0.0000e+00 -0.0000e+00 -0.0000e+00 -0.0000e+00 -0.0000e+00 -0.0000e+00 -0.0000e+00 -0.0000e+00 -0.0000e+00 -0.0000e+00 -0.0000e+00 -0.0000e+00 -0.0000e+00 -0.0000e+00 -0.0000e+00 -0.0000e+00 -0.0000e+00
  -0.0000e+00 -0.0000e+00 -0.0000e+00 -0.0000e+00 -0.0000e+00 -0.0000e+00 -0.0000e+00 -0.0000e+00 -0.0000e+00 -0.0000e+00 -0.0000e+00 -0.0000e+00 -0.0000e+00 -0.0000e+00 -0.0000e+00 -0.0000e+00 -0.0000e+00 -0.0000e+00 -0.0000e+00 -0.0000e+00
  -0.0000e+00 -0.0000e+00 -0.0000e+00 -0.0000e+00 -0.0000e+00 -0.0000e+00 -0.0000e+00 -0.0000e+00 -0.0000e+00 -0.0000e+00 -0.0000e+00 -0.0000e+00 -0.0000e+00 -0.0000e+00 -0.0000e+00 -0.0000e+00 -0.0000e+00 -0.0000e+00 -0.0000e+00 -0.0000e+00
  -0.0000e+00 -0.0000e+00]
 [ 0.0000e+00  0.0000e+00  0.0000e+00  0.0000e+00  0.0000e+00  0.0000e+00 -0.0000e+00 -0.0000e+00 -0.0000e+00 -0.0000e+00 -8.7500e+01 -0.0000e+00 -0.0000e+00 -0.0000e+00 -0.0000e+00 -0.0000e+00 -0.0000e+00 -0.0000e+00 -0.0000e+00 -0.0000e+00
  -0.0000e+00 -0.0000e+00 -0.0000e+00 -0.0000e+00 -0.0000e+00 -0.0000e+00 -0.0000e+00 -0.0000e+00 -0.0000e+00 -0.0000e+00 -0.0000e+00 -0.0000e+00 -0.0000e+00 -0.0000e+00 -0.0000e+00 -0.0000e+00 -0.0000e+00 -0.0000e+00 -0.0000e+00 -0.0000e+00
  -0.0000e+00 -0.0000e+00 -0.0000e+00 -0.0000e+00 -0.0000e+00 -0.0000e+00 -0.0000e+00 -0.0000e+00 -0.0000e+00 -0.0000e+00 -0.0000e+00 -0.0000e+00 -0.0000e+00 -0.0000e+00 -0.0000e+00 -0.0000e+00 -0.0000e+00 -0.0000e+00 -0.0000e+00 -0.0000e+00
  -0.0000e+00 -0.0000e+00 -0.0000e+00 -0.0000e+00 -0.0000e+00 -0.0000e+00 -0.0000e+00 -0.0000e+00 -0.0000e+00 -0.0000e+00 -0.0000e+00 -0.0000e+00 -0.0000e+00 -0.0000e+00 -0.0000e+00 -0.0000e+00 -0.0000e+00 -0.0000e+00 -0.0000e+00 -0.0000e+00
  -0.0000e+00 -0.0000e+00 -0.0000e+00 -0.0000e+00 -0.0000e+00 -0.0000e+00 -0.0000e+00 -0.0000e+00 -0.0000e+00 -0.0000e+00 -0.0000e+00 -0.0000e+00 -0.0000e+00 -0.0000e+00 -0.0000e+00 -0.0000e+00 -0.0000e+00 -0.0000e+00 -0.0000e+00 -0.0000e+00
  -0.0000e+00 -0.0000e+00]
 [ 0.0000e+00  0.0000e+00  0.0000e+00  0.0000e+00  0.0000e+00  0.0000e+00 -0.0000e+00 -0.0000e+00 -0.0000e+00 -0.0000e+00 -0.0000e+00 -8.7500e+01 -0.0000e+00 -0.0000e+00 -0.0000e+00 -0.0000e+00 -0.0000e+00 -0.0000e+00 -0.0000e+00 -0.0000e+00
  -0.0000e+00 -0.0000e+00 -0.0000e+00 -0.0000e+00 -0.0000e+00 -0.0000e+00 -0.0000e+00 -0.0000e+00 -0.0000e+00 -0.0000e+00 -0.0000e+00 -0.0000e+00 -0.0000e+00 -0.0000e+00 -0.0000e+00 -0.0000e+00 -0.0000e+00 -0.0000e+00 -0.0000e+00 -0.0000e+00
  -0.0000e+00 -0.0000e+00 -0.0000e+00 -0.0000e+00 -0.0000e+00 -0.0000e+00 -0.0000e+00 -0.0000e+00 -0.0000e+00 -0.0000e+00 -0.0000e+00 -0.0000e+00 -0.0000e+00 -0.0000e+00 -0.0000e+00 -0.0000e+00 -0.0000e+00 -0.0000e+00 -0.0000e+00 -0.0000e+00
  -0.0000e+00 -0.0000e+00 -0.0000e+00 -0.0000e+00 -0.0000e+00 -0.0000e+00 -0.0000e+00 -0.0000e+00 -0.0000e+00 -0.0000e+00 -0.0000e+00 -0.0000e+00 -0.0000e+00 -0.0000e+00 -0.0000e+00 -0.0000e+00 -0.0000e+00 -0.0000e+00 -0.0000e+00 -0.0000e+00
  -0.0000e+00 -0.0000e+00 -0.0000e+00 -0.0000e+00 -0.0000e+00 -0.0000e+00 -0.0000e+00 -0.0000e+00 -0.0000e+00 -0.0000e+00 -0.0000e+00 -0.0000e+00 -0.0000e+00 -0.0000e+00 -0.0000e+00 -0.0000e+00 -0.0000e+00 -0.0000e+00 -0.0000e+00 -0.0000e+00
  -0.0000e+00 -0.0000e+00]
 [ 0.0000e+00  0.0000e+00  0.0000e+00  0.0000e+00  0.0000e+00  0.0000e+00 -0.0000e+00 -0.0000e+00 -0.0000e+00 -0.0000e+00 -0.0000e+00 -0.0000e+00 -3.5000e-04 -0.0000e+00 -0.0000e+00 -0.0000e+00 -0.0000e+00 -0.0000e+00 -0.0000e+00 -0.0000e+00
  -0.0000e+00 -0.0000e+00 -0.0000e+00 -0.0000e+00 -0.0000e+00 -0.0000e+00 -0.0000e+00 -0.0000e+00 -0.0000e+00 -0.0000e+00 -0.0000e+00 -0.0000e+00 -0.0000e+00 -0.0000e+00 -0.0000e+00 -0.0000e+00 -0.0000e+00 -0.0000e+00 -0.0000e+00 -0.0000e+00
  -0.0000e+00 -0.0000e+00 -0.0000e+00 -0.0000e+00 -0.0000e+00 -0.0000e+00 -0.0000e+00 -0.0000e+00 -0.0000e+00 -0.0000e+00 -0.0000e+00 -0.0000e+00 -0.0000e+00 -0.0000e+00 -0.0000e+00 -0.0000e+00 -0.0000e+00 -0.0000e+00 -0.0000e+00 -0.0000e+00
  -0.0000e+00 -0.0000e+00 -0.0000e+00 -0.0000e+00 -0.0000e+00 -0.0000e+00 -0.0000e+00 -0.0000e+00 -0.0000e+00 -0.0000e+00 -0.0000e+00 -0.0000e+00 -0.0000e+00 -0.0000e+00 -0.0000e+00 -0.0000e+00 -0.0000e+00 -0.0000e+00 -0.0000e+00 -0.0000e+00
  -0.0000e+00 -0.0000e+00 -0.0000e+00 -0.0000e+00 -0.0000e+00 -0.0000e+00 -0.0000e+00 -0.0000e+00 -0.0000e+00 -0.0000e+00 -0.0000e+00 -0.0000e+00 -0.0000e+00 -0.0000e+00 -0.0000e+00 -0.0000e+00 -0.0000e+00 -0.0000e+00 -0.0000e+00 -0.0000e+00
  -0.0000e+00 -0.0000e+00]
 [ 0.0000e+00  0.0000e+00  0.0000e+00  0.0000e+00  0.0000e+00  0.0000e+00 -0.0000e+00 -0.0000e+00 -0.0000e+00 -0.0000e+00 -0.0000e+00 -0.0000e+00 -0.0000e+00 -4.3750e-04 -0.0000e+00 -0.0000e+00 -0.0000e+00 -0.0000e+00 -0.0000e+00 -0.0000e+00
  -0.0000e+00 -0.0000e+00 -0.0000e+00 -0.0000e+00 -0.0000e+00 -0.0000e+00 -0.0000e+00 -0.0000e+00 -0.0000e+00 -0.0000e+00 -0.0000e+00 -0.0000e+00 -0.0000e+00 -0.0000e+00 -0.0000e+00 -0.0000e+00 -0.0000e+00 -0.0000e+00 -0.0000e+00 -0.0000e+00
  -0.0000e+00 -0.0000e+00 -0.0000e+00 -0.0000e+00 -0.0000e+00 -0.0000e+00 -0.0000e+00 -0.0000e+00 -0.0000e+00 -0.0000e+00 -0.0000e+00 -0.0000e+00 -0.0000e+00 -0.0000e+00 -0.0000e+00 -0.0000e+00 -0.0000e+00 -0.0000e+00 -0.0000e+00 -0.0000e+00
  -0.0000e+00 -0.0000e+00 -0.0000e+00 -0.0000e+00 -0.0000e+00 -0.0000e+00 -0.0000e+00 -0.0000e+00 -0.0000e+00 -0.0000e+00 -0.0000e+00 -0.0000e+00 -0.0000e+00 -0.0000e+00 -0.0000e+00 -0.0000e+00 -0.0000e+00 -0.0000e+00 -0.0000e+00 -0.0000e+00
  -0.0000e+00 -0.0000e+00 -0.0000e+00 -0.0000e+00 -0.0000e+00 -0.0000e+00 -0.0000e+00 -0.0000e+00 -0.0000e+00 -0.0000e+00 -0.0000e+00 -0.0000e+00 -0.0000e+00 -0.0000e+00 -0.0000e+00 -0.0000e+00 -0.0000e+00 -0.0000e+00 -0.0000e+00 -0.0000e+00
  -0.0000e+00 -0.0000e+00]
 [ 0.0000e+00  0.0000e+00  0.0000e+00  0.0000e+00  0.0000e+00  0.0000e+00 -0.0000e+00 -0.0000e+00 -0.0000e+00 -0.0000e+00 -0.0000e+00 -0.0000e+00 -0.0000e+00 -0.0000e+00 -4.3750e-04 -0.0000e+00 -0.0000e+00 -0.0000e+00 -0.0000e+00 -0.0000e+00
  -0.0000e+00 -0.0000e+00 -0.0000e+00 -0.0000e+00 -0.0000e+00 -0.0000e+00 -0.0000e+00 -0.0000e+00 -0.0000e+00 -0.0000e+00 -0.0000e+00 -0.0000e+00 -0.0000e+00 -0.0000e+00 -0.0000e+00 -0.0000e+00 -0.0000e+00 -0.0000e+00 -0.0000e+00 -0.0000e+00
  -0.0000e+00 -0.0000e+00 -0.0000e+00 -0.0000e+00 -0.0000e+00 -0.0000e+00 -0.0000e+00 -0.0000e+00 -0.0000e+00 -0.0000e+00 -0.0000e+00 -0.0000e+00 -0.0000e+00 -0.0000e+00 -0.0000e+00 -0.0000e+00 -0.0000e+00 -0.0000e+00 -0.0000e+00 -0.0000e+00
  -0.0000e+00 -0.0000e+00 -0.0000e+00 -0.0000e+00 -0.0000e+00 -0.0000e+00 -0.0000e+00 -0.0000e+00 -0.0000e+00 -0.0000e+00 -0.0000e+00 -0.0000e+00 -0.0000e+00 -0.0000e+00 -0.0000e+00 -0.0000e+00 -0.0000e+00 -0.0000e+00 -0.0000e+00 -0.0000e+00
  -0.0000e+00 -0.0000e+00 -0.0000e+00 -0.0000e+00 -0.0000e+00 -0.0000e+00 -0.0000e+00 -0.0000e+00 -0.0000e+00 -0.0000e+00 -0.0000e+00 -0.0000e+00 -0.0000e+00 -0.0000e+00 -0.0000e+00 -0.0000e+00 -0.0000e+00 -0.0000e+00 -0.0000e+00 -0.0000e+00
  -0.0000e+00 -0.0000e+00]
 [ 0.0000e+00  0.0000e+00  0.0000e+00  0.0000e+00  0.0000e+00  0.0000e+00 -0.0000e+00 -0.0000e+00 -0.0000e+00 -0.0000e+00 -0.0000e+00 -0.0000e+00 -0.0000e+00 -0.0000e+00 -0.0000e+00 -2.1875e+02 -0.0000e+00 -0.0000e+00 -0.0000e+00 -0.0000e+00
  -0.0000e+00 -0.0000e+00 -0.0000e+00 -0.0000e+00 -0.0000e+00 -0.0000e+00 -0.0000e+00 -0.0000e+00 -0.0000e+00 -0.0000e+00 -0.0000e+00 -0.0000e+00 -0.0000e+00 -0.0000e+00 -0.0000e+00 -0.0000e+00 -0.0000e+00 -0.0000e+00 -0.0000e+00 -0.0000e+00
  -0.0000e+00 -0.0000e+00 -0.0000e+00 -0.0000e+00 -0.0000e+00 -0.0000e+00 -0.0000e+00 -0.0000e+00 -0.0000e+00 -0.0000e+00 -0.0000e+00 -0.0000e+00 -0.0000e+00 -0.0000e+00 -0.0000e+00 -0.0000e+00 -0.0000e+00 -0.0000e+00 -0.0000e+00 -0.0000e+00
  -0.0000e+00 -0.0000e+00 -0.0000e+00 -0.0000e+00 -0.0000e+00 -0.0000e+00 -0.0000e+00 -0.0000e+00 -0.0000e+00 -0.0000e+00 -0.0000e+00 -0.0000e+00 -0.0000e+00 -0.0000e+00 -0.0000e+00 -0.0000e+00 -0.0000e+00 -0.0000e+00 -0.0000e+00 -0.0000e+00
  -0.0000e+00 -0.0000e+00 -0.0000e+00 -0.0000e+00 -0.0000e+00 -0.0000e+00 -0.0000e+00 -0.0000e+00 -0.0000e+00 -0.0000e+00 -0.0000e+00 -0.0000e+00 -0.0000e+00 -0.0000e+00 -0.0000e+00 -0.0000e+00 -0.0000e+00 -0.0000e+00 -0.0000e+00 -0.0000e+00
  -0.0000e+00 -0.0000e+00]
 [ 0.0000e+00  0.0000e+00  0.0000e+00  0.0000e+00  0.0000e+00  0.0000e+00 -0.0000e+00 -0.0000e+00 -0.0000e+00 -0.0000e+00 -0.0000e+00 -0.0000e+00 -0.0000e+00 -0.0000e+00 -0.0000e+00 -0.0000e+00 -8.7500e+01 -0.0000e+00 -0.0000e+00 -0.0000e+00
  -0.0000e+00 -0.0000e+00 -0.0000e+00 -0.0000e+00 -0.0000e+00 -0.0000e+00 -0.0000e+00 -0.0000e+00 -0.0000e+00 -0.0000e+00 -0.0000e+00 -0.0000e+00 -0.0000e+00 -0.0000e+00 -0.0000e+00 -0.0000e+00 -0.0000e+00 -0.0000e+00 -0.0000e+00 -0.0000e+00
  -0.0000e+00 -0.0000e+00 -0.0000e+00 -0.0000e+00 -0.0000e+00 -0.0000e+00 -0.0000e+00 -0.0000e+00 -0.0000e+00 -0.0000e+00 -0.0000e+00 -0.0000e+00 -0.0000e+00 -0.0000e+00 -0.0000e+00 -0.0000e+00 -0.0000e+00 -0.0000e+00 -0.0000e+00 -0.0000e+00
  -0.0000e+00 -0.0000e+00 -0.0000e+00 -0.0000e+00 -0.0000e+00 -0.0000e+00 -0.0000e+00 -0.0000e+00 -0.0000e+00 -0.0000e+00 -0.0000e+00 -0.0000e+00 -0.0000e+00 -0.0000e+00 -0.0000e+00 -0.0000e+00 -0.0000e+00 -0.0000e+00 -0.0000e+00 -0.0000e+00
  -0.0000e+00 -0.0000e+00 -0.0000e+00 -0.0000e+00 -0.0000e+00 -0.0000e+00 -0.0000e+00 -0.0000e+00 -0.0000e+00 -0.0000e+00 -0.0000e+00 -0.0000e+00 -0.0000e+00 -0.0000e+00 -0.0000e+00 -0.0000e+00 -0.0000e+00 -0.0000e+00 -0.0000e+00 -0.0000e+00
  -0.0000e+00 -0.0000e+00]
 [ 0.0000e+00  0.0000e+00  0.0000e+00  0.0000e+00  0.0000e+00  0.0000e+00 -0.0000e+00 -0.0000e+00 -0.0000e+00 -0.0000e+00 -0.0000e+00 -0.0000e+00 -0.0000e+00 -0.0000e+00 -0.0000e+00 -0.0000e+00 -0.0000e+00 -8.7500e+01 -0.0000e+00 -0.0000e+00
  -0.0000e+00 -0.0000e+00 -0.0000e+00 -0.0000e+00 -0.0000e+00 -0.0000e+00 -0.0000e+00 -0.0000e+00 -0.0000e+00 -0.0000e+00 -0.0000e+00 -0.0000e+00 -0.0000e+00 -0.0000e+00 -0.0000e+00 -0.0000e+00 -0.0000e+00 -0.0000e+00 -0.0000e+00 -0.0000e+00
  -0.0000e+00 -0.0000e+00 -0.0000e+00 -0.0000e+00 -0.0000e+00 -0.0000e+00 -0.0000e+00 -0.0000e+00 -0.0000e+00 -0.0000e+00 -0.0000e+00 -0.0000e+00 -0.0000e+00 -0.0000e+00 -0.0000e+00 -0.0000e+00 -0.0000e+00 -0.0000e+00 -0.0000e+00 -0.0000e+00
  -0.0000e+00 -0.0000e+00 -0.0000e+00 -0.0000e+00 -0.0000e+00 -0.0000e+00 -0.0000e+00 -0.0000e+00 -0.0000e+00 -0.0000e+00 -0.0000e+00 -0.0000e+00 -0.0000e+00 -0.0000e+00 -0.0000e+00 -0.0000e+00 -0.0000e+00 -0.0000e+00 -0.0000e+00 -0.0000e+00
  -0.0000e+00 -0.0000e+00 -0.0000e+00 -0.0000e+00 -0.0000e+00 -0.0000e+00 -0.0000e+00 -0.0000e+00 -0.0000e+00 -0.0000e+00 -0.0000e+00 -0.0000e+00 -0.0000e+00 -0.0000e+00 -0.0000e+00 -0.0000e+00 -0.0000e+00 -0.0000e+00 -0.0000e+00 -0.0000e+00
  -0.0000e+00 -0.0000e+00]
 [ 0.0000e+00  0.0000e+00  0.0000e+00  0.0000e+00  0.0000e+00  0.0000e+00 -0.0000e+00 -0.0000e+00 -0.0000e+00 -0.0000e+00 -0.0000e+00 -0.0000e+00 -0.0000e+00 -0.0000e+00 -0.0000e+00 -0.0000e+00 -0.0000e+00 -0.0000e+00 -3.5000e-04 -0.0000e+00
  -0.0000e+00 -0.0000e+00 -0.0000e+00 -0.0000e+00 -0.0000e+00 -0.0000e+00 -0.0000e+00 -0.0000e+00 -0.0000e+00 -0.0000e+00 -0.0000e+00 -0.0000e+00 -0.0000e+00 -0.0000e+00 -0.0000e+00 -0.0000e+00 -0.0000e+00 -0.0000e+00 -0.0000e+00 -0.0000e+00
  -0.0000e+00 -0.0000e+00 -0.0000e+00 -0.0000e+00 -0.0000e+00 -0.0000e+00 -0.0000e+00 -0.0000e+00 -0.0000e+00 -0.0000e+00 -0.0000e+00 -0.0000e+00 -0.0000e+00 -0.0000e+00 -0.0000e+00 -0.0000e+00 -0.0000e+00 -0.0000e+00 -0.0000e+00 -0.0000e+00
  -0.0000e+00 -0.0000e+00 -0.0000e+00 -0.0000e+00 -0.0000e+00 -0.0000e+00 -0.0000e+00 -0.0000e+00 -0.0000e+00 -0.0000e+00 -0.0000e+00 -0.0000e+00 -0.0000e+00 -0.0000e+00 -0.0000e+00 -0.0000e+00 -0.0000e+00 -0.0000e+00 -0.0000e+00 -0.0000e+00
  -0.0000e+00 -0.0000e+00 -0.0000e+00 -0.0000e+00 -0.0000e+00 -0.0000e+00 -0.0000e+00 -0.0000e+00 -0.0000e+00 -0.0000e+00 -0.0000e+00 -0.0000e+00 -0.0000e+00 -0.0000e+00 -0.0000e+00 -0.0000e+00 -0.0000e+00 -0.0000e+00 -0.0000e+00 -0.0000e+00
  -0.0000e+00 -0.0000e+00]
 [ 0.0000e+00  0.0000e+00  0.0000e+00  0.0000e+00  0.0000e+00  0.0000e+00 -0.0000e+00 -0.0000e+00 -0.0000e+00 -0.0000e+00 -0.0000e+00 -0.0000e+00 -0.0000e+00 -0.0000e+00 -0.0000e+00 -0.0000e+00 -0.0000e+00 -0.0000e+00 -0.0000e+00 -4.3750e-04
  -0.0000e+00 -0.0000e+00 -0.0000e+00 -0.0000e+00 -0.0000e+00 -0.0000e+00 -0.0000e+00 -0.0000e+00 -0.0000e+00 -0.0000e+00 -0.0000e+00 -0.0000e+00 -0.0000e+00 -0.0000e+00 -0.0000e+00 -0.0000e+00 -0.0000e+00 -0.0000e+00 -0.0000e+00 -0.0000e+00
  -0.0000e+00 -0.0000e+00 -0.0000e+00 -0.0000e+00 -0.0000e+00 -0.0000e+00 -0.0000e+00 -0.0000e+00 -0.0000e+00 -0.0000e+00 -0.0000e+00 -0.0000e+00 -0.0000e+00 -0.0000e+00 -0.0000e+00 -0.0000e+00 -0.0000e+00 -0.0000e+00 -0.0000e+00 -0.0000e+00
  -0.0000e+00 -0.0000e+00 -0.0000e+00 -0.0000e+00 -0.0000e+00 -0.0000e+00 -0.0000e+00 -0.0000e+00 -0.0000e+00 -0.0000e+00 -0.0000e+00 -0.0000e+00 -0.0000e+00 -0.0000e+00 -0.0000e+00 -0.0000e+00 -0.0000e+00 -0.0000e+00 -0.0000e+00 -0.0000e+00
  -0.0000e+00 -0.0000e+00 -0.0000e+00 -0.0000e+00 -0.0000e+00 -0.0000e+00 -0.0000e+00 -0.0000e+00 -0.0000e+00 -0.0000e+00 -0.0000e+00 -0.0000e+00 -0.0000e+00 -0.0000e+00 -0.0000e+00 -0.0000e+00 -0.0000e+00 -0.0000e+00 -0.0000e+00 -0.0000e+00
  -0.0000e+00 -0.0000e+00]
 [ 0.0000e+00  0.0000e+00  0.0000e+00  0.0000e+00  0.0000e+00  0.0000e+00 -0.0000e+00 -0.0000e+00 -0.0000e+00 -0.0000e+00 -0.0000e+00 -0.0000e+00 -0.0000e+00 -0.0000e+00 -0.0000e+00 -0.0000e+00 -0.0000e+00 -0.0000e+00 -0.0000e+00 -0.0000e+00
  -4.3750e-04 -0.0000e+00 -0.0000e+00 -0.0000e+00 -0.0000e+00 -0.0000e+00 -0.0000e+00 -0.0000e+00 -0.0000e+00 -0.0000e+00 -0.0000e+00 -0.0000e+00 -0.0000e+00 -0.0000e+00 -0.0000e+00 -0.0000e+00 -0.0000e+00 -0.0000e+00 -0.0000e+00 -0.0000e+00
  -0.0000e+00 -0.0000e+00 -0.0000e+00 -0.0000e+00 -0.0000e+00 -0.0000e+00 -0.0000e+00 -0.0000e+00 -0.0000e+00 -0.0000e+00 -0.0000e+00 -0.0000e+00 -0.0000e+00 -0.0000e+00 -0.0000e+00 -0.0000e+00 -0.0000e+00 -0.0000e+00 -0.0000e+00 -0.0000e+00
  -0.0000e+00 -0.0000e+00 -0.0000e+00 -0.0000e+00 -0.0000e+00 -0.0000e+00 -0.0000e+00 -0.0000e+00 -0.0000e+00 -0.0000e+00 -0.0000e+00 -0.0000e+00 -0.0000e+00 -0.0000e+00 -0.0000e+00 -0.0000e+00 -0.0000e+00 -0.0000e+00 -0.0000e+00 -0.0000e+00
  -0.0000e+00 -0.0000e+00 -0.0000e+00 -0.0000e+00 -0.0000e+00 -0.0000e+00 -0.0000e+00 -0.0000e+00 -0.0000e+00 -0.0000e+00 -0.0000e+00 -0.0000e+00 -0.0000e+00 -0.0000e+00 -0.0000e+00 -0.0000e+00 -0.0000e+00 -0.0000e+00 -0.0000e+00 -0.0000e+00
  -0.0000e+00 -0.0000e+00]
 [ 0.0000e+00  0.0000e+00  0.0000e+00  0.0000e+00  0.0000e+00  0.0000e+00 -0.0000e+00 -0.0000e+00 -0.0000e+00 -0.0000e+00 -0.0000e+00 -0.0000e+00 -0.0000e+00 -0.0000e+00 -0.0000e+00 -0.0000e+00 -0.0000e+00 -0.0000e+00 -0.0000e+00 -0.0000e+00
  -0.0000e+00 -2.1875e+02 -0.0000e+00 -0.0000e+00 -0.0000e+00 -0.0000e+00 -0.0000e+00 -0.0000e+00 -0.0000e+00 -0.0000e+00 -0.0000e+00 -0.0000e+00 -0.0000e+00 -0.0000e+00 -0.0000e+00 -0.0000e+00 -0.0000e+00 -0.0000e+00 -0.0000e+00 -0.0000e+00
  -0.0000e+00 -0.0000e+00 -0.0000e+00 -0.0000e+00 -0.0000e+00 -0.0000e+00 -0.0000e+00 -0.0000e+00 -0.0000e+00 -0.0000e+00 -0.0000e+00 -0.0000e+00 -0.0000e+00 -0.0000e+00 -0.0000e+00 -0.0000e+00 -0.0000e+00 -0.0000e+00 -0.0000e+00 -0.0000e+00
  -0.0000e+00 -0.0000e+00 -0.0000e+00 -0.0000e+00 -0.0000e+00 -0.0000e+00 -0.0000e+00 -0.0000e+00 -0.0000e+00 -0.0000e+00 -0.0000e+00 -0.0000e+00 -0.0000e+00 -0.0000e+00 -0.0000e+00 -0.0000e+00 -0.0000e+00 -0.0000e+00 -0.0000e+00 -0.0000e+00
  -0.0000e+00 -0.0000e+00 -0.0000e+00 -0.0000e+00 -0.0000e+00 -0.0000e+00 -0.0000e+00 -0.0000e+00 -0.0000e+00 -0.0000e+00 -0.0000e+00 -0.0000e+00 -0.0000e+00 -0.0000e+00 -0.0000e+00 -0.0000e+00 -0.0000e+00 -0.0000e+00 -0.0000e+00 -0.0000e+00
  -0.0000e+00 -0.0000e+00]
 [ 0.0000e+00  0.0000e+00  0.0000e+00  0.0000e+00  0.0000e+00  0.0000e+00 -0.0000e+00 -0.0000e+00 -0.0000e+00 -0.0000e+00 -0.0000e+00 -0.0000e+00 -0.0000e+00 -0.0000e+00 -0.0000e+00 -0.0000e+00 -0.0000e+00 -0.0000e+00 -0.0000e+00 -0.0000e+00
  -0.0000e+00 -0.0000e+00 -8.7500e+01 -0.0000e+00 -0.0000e+00 -0.0000e+00 -0.0000e+00 -0.0000e+00 -0.0000e+00 -0.0000e+00 -0.0000e+00 -0.0000e+00 -0.0000e+00 -0.0000e+00 -0.0000e+00 -0.0000e+00 -0.0000e+00 -0.0000e+00 -0.0000e+00 -0.0000e+00
  -0.0000e+00 -0.0000e+00 -0.0000e+00 -0.0000e+00 -0.0000e+00 -0.0000e+00 -0.0000e+00 -0.0000e+00 -0.0000e+00 -0.0000e+00 -0.0000e+00 -0.0000e+00 -0.0000e+00 -0.0000e+00 -0.0000e+00 -0.0000e+00 -0.0000e+00 -0.0000e+00 -0.0000e+00 -0.0000e+00
  -0.0000e+00 -0.0000e+00 -0.0000e+00 -0.0000e+00 -0.0000e+00 -0.0000e+00 -0.0000e+00 -0.0000e+00 -0.0000e+00 -0.0000e+00 -0.0000e+00 -0.0000e+00 -0.0000e+00 -0.0000e+00 -0.0000e+00 -0.0000e+00 -0.0000e+00 -0.0000e+00 -0.0000e+00 -0.0000e+00
  -0.0000e+00 -0.0000e+00 -0.0000e+00 -0.0000e+00 -0.0000e+00 -0.0000e+00 -0.0000e+00 -0.0000e+00 -0.0000e+00 -0.0000e+00 -0.0000e+00 -0.0000e+00 -0.0000e+00 -0.0000e+00 -0.0000e+00 -0.0000e+00 -0.0000e+00 -0.0000e+00 -0.0000e+00 -0.0000e+00
  -0.0000e+00 -0.0000e+00]
 [ 0.0000e+00  0.0000e+00  0.0000e+00  0.0000e+00  0.0000e+00  0.0000e+00 -0.0000e+00 -0.0000e+00 -0.0000e+00 -0.0000e+00 -0.0000e+00 -0.0000e+00 -0.0000e+00 -0.0000e+00 -0.0000e+00 -0.0000e+00 -0.0000e+00 -0.0000e+00 -0.0000e+00 -0.0000e+00
  -0.0000e+00 -0.0000e+00 -0.0000e+00 -8.7500e+01 -0.0000e+00 -0.0000e+00 -0.0000e+00 -0.0000e+00 -0.0000e+00 -0.0000e+00 -0.0000e+00 -0.0000e+00 -0.0000e+00 -0.0000e+00 -0.0000e+00 -0.0000e+00 -0.0000e+00 -0.0000e+00 -0.0000e+00 -0.0000e+00
  -0.0000e+00 -0.0000e+00 -0.0000e+00 -0.0000e+00 -0.0000e+00 -0.0000e+00 -0.0000e+00 -0.0000e+00 -0.0000e+00 -0.0000e+00 -0.0000e+00 -0.0000e+00 -0.0000e+00 -0.0000e+00 -0.0000e+00 -0.0000e+00 -0.0000e+00 -0.0000e+00 -0.0000e+00 -0.0000e+00
  -0.0000e+00 -0.0000e+00 -0.0000e+00 -0.0000e+00 -0.0000e+00 -0.0000e+00 -0.0000e+00 -0.0000e+00 -0.0000e+00 -0.0000e+00 -0.0000e+00 -0.0000e+00 -0.0000e+00 -0.0000e+00 -0.0000e+00 -0.0000e+00 -0.0000e+00 -0.0000e+00 -0.0000e+00 -0.0000e+00
  -0.0000e+00 -0.0000e+00 -0.0000e+00 -0.0000e+00 -0.0000e+00 -0.0000e+00 -0.0000e+00 -0.0000e+00 -0.0000e+00 -0.0000e+00 -0.0000e+00 -0.0000e+00 -0.0000e+00 -0.0000e+00 -0.0000e+00 -0.0000e+00 -0.0000e+00 -0.0000e+00 -0.0000e+00 -0.0000e+00
  -0.0000e+00 -0.0000e+00]
 [ 0.0000e+00  0.0000e+00  0.0000e+00  0.0000e+00  0.0000e+00  0.0000e+00 -0.0000e+00 -0.0000e+00 -0.0000e+00 -0.0000e+00 -0.0000e+00 -0.0000e+00 -0.0000e+00 -0.0000e+00 -0.0000e+00 -0.0000e+00 -0.0000e+00 -0.0000e+00 -0.0000e+00 -0.0000e+00
  -0.0000e+00 -0.0000e+00 -0.0000e+00 -0.0000e+00 -3.5000e-04 -0.0000e+00 -0.0000e+00 -0.0000e+00 -0.0000e+00 -0.0000e+00 -0.0000e+00 -0.0000e+00 -0.0000e+00 -0.0000e+00 -0.0000e+00 -0.0000e+00 -0.0000e+00 -0.0000e+00 -0.0000e+00 -0.0000e+00
  -0.0000e+00 -0.0000e+00 -0.0000e+00 -0.0000e+00 -0.0000e+00 -0.0000e+00 -0.0000e+00 -0.0000e+00 -0.0000e+00 -0.0000e+00 -0.0000e+00 -0.0000e+00 -0.0000e+00 -0.0000e+00 -0.0000e+00 -0.0000e+00 -0.0000e+00 -0.0000e+00 -0.0000e+00 -0.0000e+00
  -0.0000e+00 -0.0000e+00 -0.0000e+00 -0.0000e+00 -0.0000e+00 -0.0000e+00 -0.0000e+00 -0.0000e+00 -0.0000e+00 -0.0000e+00 -0.0000e+00 -0.0000e+00 -0.0000e+00 -0.0000e+00 -0.0000e+00 -0.0000e+00 -0.0000e+00 -0.0000e+00 -0.0000e+00 -0.0000e+00
  -0.0000e+00 -0.0000e+00 -0.0000e+00 -0.0000e+00 -0.0000e+00 -0.0000e+00 -0.0000e+00 -0.0000e+00 -0.0000e+00 -0.0000e+00 -0.0000e+00 -0.0000e+00 -0.0000e+00 -0.0000e+00 -0.0000e+00 -0.0000e+00 -0.0000e+00 -0.0000e+00 -0.0000e+00 -0.0000e+00
  -0.0000e+00 -0.0000e+00]
 [ 0.0000e+00  0.0000e+00  0.0000e+00  0.0000e+00  0.0000e+00  0.0000e+00 -0.0000e+00 -0.0000e+00 -0.0000e+00 -0.0000e+00 -0.0000e+00 -0.0000e+00 -0.0000e+00 -0.0000e+00 -0.0000e+00 -0.0000e+00 -0.0000e+00 -0.0000e+00 -0.0000e+00 -0.0000e+00
  -0.0000e+00 -0.0000e+00 -0.0000e+00 -0.0000e+00 -0.0000e+00 -4.3750e-04 -0.0000e+00 -0.0000e+00 -0.0000e+00 -0.0000e+00 -0.0000e+00 -0.0000e+00 -0.0000e+00 -0.0000e+00 -0.0000e+00 -0.0000e+00 -0.0000e+00 -0.0000e+00 -0.0000e+00 -0.0000e+00
  -0.0000e+00 -0.0000e+00 -0.0000e+00 -0.0000e+00 -0.0000e+00 -0.0000e+00 -0.0000e+00 -0.0000e+00 -0.0000e+00 -0.0000e+00 -0.0000e+00 -0.0000e+00 -0.0000e+00 -0.0000e+00 -0.0000e+00 -0.0000e+00 -0.0000e+00 -0.0000e+00 -0.0000e+00 -0.0000e+00
  -0.0000e+00 -0.0000e+00 -0.0000e+00 -0.0000e+00 -0.0000e+00 -0.0000e+00 -0.0000e+00 -0.0000e+00 -0.0000e+00 -0.0000e+00 -0.0000e+00 -0.0000e+00 -0.0000e+00 -0.0000e+00 -0.0000e+00 -0.0000e+00 -0.0000e+00 -0.0000e+00 -0.0000e+00 -0.0000e+00
  -0.0000e+00 -0.0000e+00 -0.0000e+00 -0.0000e+00 -0.0000e+00 -0.0000e+00 -0.0000e+00 -0.0000e+00 -0.0000e+00 -0.0000e+00 -0.0000e+00 -0.0000e+00 -0.0000e+00 -0.0000e+00 -0.0000e+00 -0.0000e+00 -0.0000e+00 -0.0000e+00 -0.0000e+00 -0.0000e+00
  -0.0000e+00 -0.0000e+00]
 [ 0.0000e+00  0.0000e+00  0.0000e+00  0.0000e+00  0.0000e+00  0.0000e+00 -0.0000e+00 -0.0000e+00 -0.0000e+00 -0.0000e+00 -0.0000e+00 -0.0000e+00 -0.0000e+00 -0.0000e+00 -0.0000e+00 -0.0000e+00 -0.0000e+00 -0.0000e+00 -0.0000e+00 -0.0000e+00
  -0.0000e+00 -0.0000e+00 -0.0000e+00 -0.0000e+00 -0.0000e+00 -0.0000e+00 -4.3750e-04 -0.0000e+00 -0.0000e+00 -0.0000e+00 -0.0000e+00 -0.0000e+00 -0.0000e+00 -0.0000e+00 -0.0000e+00 -0.0000e+00 -0.0000e+00 -0.0000e+00 -0.0000e+00 -0.0000e+00
  -0.0000e+00 -0.0000e+00 -0.0000e+00 -0.0000e+00 -0.0000e+00 -0.0000e+00 -0.0000e+00 -0.0000e+00 -0.0000e+00 -0.0000e+00 -0.0000e+00 -0.0000e+00 -0.0000e+00 -0.0000e+00 -0.0000e+00 -0.0000e+00 -0.0000e+00 -0.0000e+00 -0.0000e+00 -0.0000e+00
  -0.0000e+00 -0.0000e+00 -0.0000e+00 -0.0000e+00 -0.0000e+00 -0.0000e+00 -0.0000e+00 -0.0000e+00 -0.0000e+00 -0.0000e+00 -0.0000e+00 -0.0000e+00 -0.0000e+00 -0.0000e+00 -0.0000e+00 -0.0000e+00 -0.0000e+00 -0.0000e+00 -0.0000e+00 -0.0000e+00
  -0.0000e+00 -0.0000e+00 -0.0000e+00 -0.0000e+00 -0.0000e+00 -0.0000e+00 -0.0000e+00 -0.0000e+00 -0.0000e+00 -0.0000e+00 -0.0000e+00 -0.0000e+00 -0.0000e+00 -0.0000e+00 -0.0000e+00 -0.0000e+00 -0.0000e+00 -0.0000e+00 -0.0000e+00 -0.0000e+00
  -0.0000e+00 -0.0000e+00]
 [ 0.0000e+00  0.0000e+00  0.0000e+00  0.0000e+00  0.0000e+00  0.0000e+00 -0.0000e+00 -0.0000e+00 -0.0000e+00 -0.0000e+00 -0.0000e+00 -0.0000e+00 -0.0000e+00 -0.0000e+00 -0.0000e+00 -0.0000e+00 -0.0000e+00 -0.0000e+00 -0.0000e+00 -0.0000e+00
  -0.0000e+00 -0.0000e+00 -0.0000e+00 -0.0000e+00 -0.0000e+00 -0.0000e+00 -0.0000e+00 -2.1875e+02 -0.0000e+00 -0.0000e+00 -0.0000e+00 -0.0000e+00 -0.0000e+00 -0.0000e+00 -0.0000e+00 -0.0000e+00 -0.0000e+00 -0.0000e+00 -0.0000e+00 -0.0000e+00
  -0.0000e+00 -0.0000e+00 -0.0000e+00 -0.0000e+00 -0.0000e+00 -0.0000e+00 -0.0000e+00 -0.0000e+00 -0.0000e+00 -0.0000e+00 -0.0000e+00 -0.0000e+00 -0.0000e+00 -0.0000e+00 -0.0000e+00 -0.0000e+00 -0.0000e+00 -0.0000e+00 -0.0000e+00 -0.0000e+00
  -0.0000e+00 -0.0000e+00 -0.0000e+00 -0.0000e+00 -0.0000e+00 -0.0000e+00 -0.0000e+00 -0.0000e+00 -0.0000e+00 -0.0000e+00 -0.0000e+00 -0.0000e+00 -0.0000e+00 -0.0000e+00 -0.0000e+00 -0.0000e+00 -0.0000e+00 -0.0000e+00 -0.0000e+00 -0.0000e+00
  -0.0000e+00 -0.0000e+00 -0.0000e+00 -0.0000e+00 -0.0000e+00 -0.0000e+00 -0.0000e+00 -0.0000e+00 -0.0000e+00 -0.0000e+00 -0.0000e+00 -0.0000e+00 -0.0000e+00 -0.0000e+00 -0.0000e+00 -0.0000e+00 -0.0000e+00 -0.0000e+00 -0.0000e+00 -0.0000e+00
  -0.0000e+00 -0.0000e+00]
 [ 0.0000e+00  0.0000e+00  0.0000e+00  0.0000e+00  0.0000e+00  0.0000e+00 -0.0000e+00 -0.0000e+00 -0.0000e+00 -0.0000e+00 -0.0000e+00 -0.0000e+00 -0.0000e+00 -0.0000e+00 -0.0000e+00 -0.0000e+00 -0.0000e+00 -0.0000e+00 -0.0000e+00 -0.0000e+00
  -0.0000e+00 -0.0000e+00 -0.0000e+00 -0.0000e+00 -0.0000e+00 -0.0000e+00 -0.0000e+00 -0.0000e+00 -8.7500e+01 -0.0000e+00 -0.0000e+00 -0.0000e+00 -0.0000e+00 -0.0000e+00 -0.0000e+00 -0.0000e+00 -0.0000e+00 -0.0000e+00 -0.0000e+00 -0.0000e+00
  -0.0000e+00 -0.0000e+00 -0.0000e+00 -0.0000e+00 -0.0000e+00 -0.0000e+00 -0.0000e+00 -0.0000e+00 -0.0000e+00 -0.0000e+00 -0.0000e+00 -0.0000e+00 -0.0000e+00 -0.0000e+00 -0.0000e+00 -0.0000e+00 -0.0000e+00 -0.0000e+00 -0.0000e+00 -0.0000e+00
  -0.0000e+00 -0.0000e+00 -0.0000e+00 -0.0000e+00 -0.0000e+00 -0.0000e+00 -0.0000e+00 -0.0000e+00 -0.0000e+00 -0.0000e+00 -0.0000e+00 -0.0000e+00 -0.0000e+00 -0.0000e+00 -0.0000e+00 -0.0000e+00 -0.0000e+00 -0.0000e+00 -0.0000e+00 -0.0000e+00
  -0.0000e+00 -0.0000e+00 -0.0000e+00 -0.0000e+00 -0.0000e+00 -0.0000e+00 -0.0000e+00 -0.0000e+00 -0.0000e+00 -0.0000e+00 -0.0000e+00 -0.0000e+00 -0.0000e+00 -0.0000e+00 -0.0000e+00 -0.0000e+00 -0.0000e+00 -0.0000e+00 -0.0000e+00 -0.0000e+00
  -0.0000e+00 -0.0000e+00]
 [ 0.0000e+00  0.0000e+00  0.0000e+00  0.0000e+00  0.0000e+00  0.0000e+00 -0.0000e+00 -0.0000e+00 -0.0000e+00 -0.0000e+00 -0.0000e+00 -0.0000e+00 -0.0000e+00 -0.0000e+00 -0.0000e+00 -0.0000e+00 -0.0000e+00 -0.0000e+00 -0.0000e+00 -0.0000e+00
  -0.0000e+00 -0.0000e+00 -0.0000e+00 -0.0000e+00 -0.0000e+00 -0.0000e+00 -0.0000e+00 -0.0000e+00 -0.0000e+00 -8.7500e+01 -0.0000e+00 -0.0000e+00 -0.0000e+00 -0.0000e+00 -0.0000e+00 -0.0000e+00 -0.0000e+00 -0.0000e+00 -0.0000e+00 -0.0000e+00
  -0.0000e+00 -0.0000e+00 -0.0000e+00 -0.0000e+00 -0.0000e+00 -0.0000e+00 -0.0000e+00 -0.0000e+00 -0.0000e+00 -0.0000e+00 -0.0000e+00 -0.0000e+00 -0.0000e+00 -0.0000e+00 -0.0000e+00 -0.0000e+00 -0.0000e+00 -0.0000e+00 -0.0000e+00 -0.0000e+00
  -0.0000e+00 -0.0000e+00 -0.0000e+00 -0.0000e+00 -0.0000e+00 -0.0000e+00 -0.0000e+00 -0.0000e+00 -0.0000e+00 -0.0000e+00 -0.0000e+00 -0.0000e+00 -0.0000e+00 -0.0000e+00 -0.0000e+00 -0.0000e+00 -0.0000e+00 -0.0000e+00 -0.0000e+00 -0.0000e+00
  -0.0000e+00 -0.0000e+00 -0.0000e+00 -0.0000e+00 -0.0000e+00 -0.0000e+00 -0.0000e+00 -0.0000e+00 -0.0000e+00 -0.0000e+00 -0.0000e+00 -0.0000e+00 -0.0000e+00 -0.0000e+00 -0.0000e+00 -0.0000e+00 -0.0000e+00 -0.0000e+00 -0.0000e+00 -0.0000e+00
  -0.0000e+00 -0.0000e+00]
 [ 0.0000e+00  0.0000e+00  0.0000e+00  0.0000e+00  0.0000e+00  0.0000e+00 -0.0000e+00 -0.0000e+00 -0.0000e+00 -0.0000e+00 -0.0000e+00 -0.0000e+00 -0.0000e+00 -0.0000e+00 -0.0000e+00 -0.0000e+00 -0.0000e+00 -0.0000e+00 -0.0000e+00 -0.0000e+00
  -0.0000e+00 -0.0000e+00 -0.0000e+00 -0.0000e+00 -0.0000e+00 -0.0000e+00 -0.0000e+00 -0.0000e+00 -0.0000e+00 -0.0000e+00 -3.5000e-04 -0.0000e+00 -0.0000e+00 -0.0000e+00 -0.0000e+00 -0.0000e+00 -0.0000e+00 -0.0000e+00 -0.0000e+00 -0.0000e+00
  -0.0000e+00 -0.0000e+00 -0.0000e+00 -0.0000e+00 -0.0000e+00 -0.0000e+00 -0.0000e+00 -0.0000e+00 -0.0000e+00 -0.0000e+00 -0.0000e+00 -0.0000e+00 -0.0000e+00 -0.0000e+00 -0.0000e+00 -0.0000e+00 -0.0000e+00 -0.0000e+00 -0.0000e+00 -0.0000e+00
  -0.0000e+00 -0.0000e+00 -0.0000e+00 -0.0000e+00 -0.0000e+00 -0.0000e+00 -0.0000e+00 -0.0000e+00 -0.0000e+00 -0.0000e+00 -0.0000e+00 -0.0000e+00 -0.0000e+00 -0.0000e+00 -0.0000e+00 -0.0000e+00 -0.0000e+00 -0.0000e+00 -0.0000e+00 -0.0000e+00
  -0.0000e+00 -0.0000e+00 -0.0000e+00 -0.0000e+00 -0.0000e+00 -0.0000e+00 -0.0000e+00 -0.0000e+00 -0.0000e+00 -0.0000e+00 -0.0000e+00 -0.0000e+00 -0.0000e+00 -0.0000e+00 -0.0000e+00 -0.0000e+00 -0.0000e+00 -0.0000e+00 -0.0000e+00 -0.0000e+00
  -0.0000e+00 -0.0000e+00]
 [ 0.0000e+00  0.0000e+00  0.0000e+00  0.0000e+00  0.0000e+00  0.0000e+00 -0.0000e+00 -0.0000e+00 -0.0000e+00 -0.0000e+00 -0.0000e+00 -0.0000e+00 -0.0000e+00 -0.0000e+00 -0.0000e+00 -0.0000e+00 -0.0000e+00 -0.0000e+00 -0.0000e+00 -0.0000e+00
  -0.0000e+00 -0.0000e+00 -0.0000e+00 -0.0000e+00 -0.0000e+00 -0.0000e+00 -0.0000e+00 -0.0000e+00 -0.0000e+00 -0.0000e+00 -0.0000e+00 -4.3750e-04 -0.0000e+00 -0.0000e+00 -0.0000e+00 -0.0000e+00 -0.0000e+00 -0.0000e+00 -0.0000e+00 -0.0000e+00
  -0.0000e+00 -0.0000e+00 -0.0000e+00 -0.0000e+00 -0.0000e+00 -0.0000e+00 -0.0000e+00 -0.0000e+00 -0.0000e+00 -0.0000e+00 -0.0000e+00 -0.0000e+00 -0.0000e+00 -0.0000e+00 -0.0000e+00 -0.0000e+00 -0.0000e+00 -0.0000e+00 -0.0000e+00 -0.0000e+00
  -0.0000e+00 -0.0000e+00 -0.0000e+00 -0.0000e+00 -0.0000e+00 -0.0000e+00 -0.0000e+00 -0.0000e+00 -0.0000e+00 -0.0000e+00 -0.0000e+00 -0.0000e+00 -0.0000e+00 -0.0000e+00 -0.0000e+00 -0.0000e+00 -0.0000e+00 -0.0000e+00 -0.0000e+00 -0.0000e+00
  -0.0000e+00 -0.0000e+00 -0.0000e+00 -0.0000e+00 -0.0000e+00 -0.0000e+00 -0.0000e+00 -0.0000e+00 -0.0000e+00 -0.0000e+00 -0.0000e+00 -0.0000e+00 -0.0000e+00 -0.0000e+00 -0.0000e+00 -0.0000e+00 -0.0000e+00 -0.0000e+00 -0.0000e+00 -0.0000e+00
  -0.0000e+00 -0.0000e+00]
 [ 0.0000e+00  0.0000e+00  0.0000e+00  0.0000e+00  0.0000e+00  0.0000e+00 -0.0000e+00 -0.0000e+00 -0.0000e+00 -0.0000e+00 -0.0000e+00 -0.0000e+00 -0.0000e+00 -0.0000e+00 -0.0000e+00 -0.0000e+00 -0.0000e+00 -0.0000e+00 -0.0000e+00 -0.0000e+00
  -0.0000e+00 -0.0000e+00 -0.0000e+00 -0.0000e+00 -0.0000e+00 -0.0000e+00 -0.0000e+00 -0.0000e+00 -0.0000e+00 -0.0000e+00 -0.0000e+00 -0.0000e+00 -4.3750e-04 -0.0000e+00 -0.0000e+00 -0.0000e+00 -0.0000e+00 -0.0000e+00 -0.0000e+00 -0.0000e+00
  -0.0000e+00 -0.0000e+00 -0.0000e+00 -0.0000e+00 -0.0000e+00 -0.0000e+00 -0.0000e+00 -0.0000e+00 -0.0000e+00 -0.0000e+00 -0.0000e+00 -0.0000e+00 -0.0000e+00 -0.0000e+00 -0.0000e+00 -0.0000e+00 -0.0000e+00 -0.0000e+00 -0.0000e+00 -0.0000e+00
  -0.0000e+00 -0.0000e+00 -0.0000e+00 -0.0000e+00 -0.0000e+00 -0.0000e+00 -0.0000e+00 -0.0000e+00 -0.0000e+00 -0.0000e+00 -0.0000e+00 -0.0000e+00 -0.0000e+00 -0.0000e+00 -0.0000e+00 -0.0000e+00 -0.0000e+00 -0.0000e+00 -0.0000e+00 -0.0000e+00
  -0.0000e+00 -0.0000e+00 -0.0000e+00 -0.0000e+00 -0.0000e+00 -0.0000e+00 -0.0000e+00 -0.0000e+00 -0.0000e+00 -0.0000e+00 -0.0000e+00 -0.0000e+00 -0.0000e+00 -0.0000e+00 -0.0000e+00 -0.0000e+00 -0.0000e+00 -0.0000e+00 -0.0000e+00 -0.0000e+00
  -0.0000e+00 -0.0000e+00]
 [ 0.0000e+00  0.0000e+00  0.0000e+00  0.0000e+00  0.0000e+00  0.0000e+00 -0.0000e+00 -0.0000e+00 -0.0000e+00 -0.0000e+00 -0.0000e+00 -0.0000e+00 -0.0000e+00 -0.0000e+00 -0.0000e+00 -0.0000e+00 -0.0000e+00 -0.0000e+00 -0.0000e+00 -0.0000e+00
  -0.0000e+00 -0.0000e+00 -0.0000e+00 -0.0000e+00 -0.0000e+00 -0.0000e+00 -0.0000e+00 -0.0000e+00 -0.0000e+00 -0.0000e+00 -0.0000e+00 -0.0000e+00 -0.0000e+00 -2.1875e+02 -0.0000e+00 -0.0000e+00 -0.0000e+00 -0.0000e+00 -0.0000e+00 -0.0000e+00
  -0.0000e+00 -0.0000e+00 -0.0000e+00 -0.0000e+00 -0.0000e+00 -0.0000e+00 -0.0000e+00 -0.0000e+00 -0.0000e+00 -0.0000e+00 -0.0000e+00 -0.0000e+00 -0.0000e+00 -0.0000e+00 -0.0000e+00 -0.0000e+00 -0.0000e+00 -0.0000e+00 -0.0000e+00 -0.0000e+00
  -0.0000e+00 -0.0000e+00 -0.0000e+00 -0.0000e+00 -0.0000e+00 -0.0000e+00 -0.0000e+00 -0.0000e+00 -0.0000e+00 -0.0000e+00 -0.0000e+00 -0.0000e+00 -0.0000e+00 -0.0000e+00 -0.0000e+00 -0.0000e+00 -0.0000e+00 -0.0000e+00 -0.0000e+00 -0.0000e+00
  -0.0000e+00 -0.0000e+00 -0.0000e+00 -0.0000e+00 -0.0000e+00 -0.0000e+00 -0.0000e+00 -0.0000e+00 -0.0000e+00 -0.0000e+00 -0.0000e+00 -0.0000e+00 -0.0000e+00 -0.0000e+00 -0.0000e+00 -0.0000e+00 -0.0000e+00 -0.0000e+00 -0.0000e+00 -0.0000e+00
  -0.0000e+00 -0.0000e+00]
 [ 0.0000e+00  0.0000e+00  0.0000e+00  0.0000e+00  0.0000e+00  0.0000e+00 -0.0000e+00 -0.0000e+00 -0.0000e+00 -0.0000e+00 -0.0000e+00 -0.0000e+00 -0.0000e+00 -0.0000e+00 -0.0000e+00 -0.0000e+00 -0.0000e+00 -0.0000e+00 -0.0000e+00 -0.0000e+00
  -0.0000e+00 -0.0000e+00 -0.0000e+00 -0.0000e+00 -0.0000e+00 -0.0000e+00 -0.0000e+00 -0.0000e+00 -0.0000e+00 -0.0000e+00 -0.0000e+00 -0.0000e+00 -0.0000e+00 -0.0000e+00 -8.7500e+01 -0.0000e+00 -0.0000e+00 -0.0000e+00 -0.0000e+00 -0.0000e+00
  -0.0000e+00 -0.0000e+00 -0.0000e+00 -0.0000e+00 -0.0000e+00 -0.0000e+00 -0.0000e+00 -0.0000e+00 -0.0000e+00 -0.0000e+00 -0.0000e+00 -0.0000e+00 -0.0000e+00 -0.0000e+00 -0.0000e+00 -0.0000e+00 -0.0000e+00 -0.0000e+00 -0.0000e+00 -0.0000e+00
  -0.0000e+00 -0.0000e+00 -0.0000e+00 -0.0000e+00 -0.0000e+00 -0.0000e+00 -0.0000e+00 -0.0000e+00 -0.0000e+00 -0.0000e+00 -0.0000e+00 -0.0000e+00 -0.0000e+00 -0.0000e+00 -0.0000e+00 -0.0000e+00 -0.0000e+00 -0.0000e+00 -0.0000e+00 -0.0000e+00
  -0.0000e+00 -0.0000e+00 -0.0000e+00 -0.0000e+00 -0.0000e+00 -0.0000e+00 -0.0000e+00 -0.0000e+00 -0.0000e+00 -0.0000e+00 -0.0000e+00 -0.0000e+00 -0.0000e+00 -0.0000e+00 -0.0000e+00 -0.0000e+00 -0.0000e+00 -0.0000e+00 -0.0000e+00 -0.0000e+00
  -0.0000e+00 -0.0000e+00]
 [ 0.0000e+00  0.0000e+00  0.0000e+00  0.0000e+00  0.0000e+00  0.0000e+00 -0.0000e+00 -0.0000e+00 -0.0000e+00 -0.0000e+00 -0.0000e+00 -0.0000e+00 -0.0000e+00 -0.0000e+00 -0.0000e+00 -0.0000e+00 -0.0000e+00 -0.0000e+00 -0.0000e+00 -0.0000e+00
  -0.0000e+00 -0.0000e+00 -0.0000e+00 -0.0000e+00 -0.0000e+00 -0.0000e+00 -0.0000e+00 -0.0000e+00 -0.0000e+00 -0.0000e+00 -0.0000e+00 -0.0000e+00 -0.0000e+00 -0.0000e+00 -0.0000e+00 -8.7500e+01 -0.0000e+00 -0.0000e+00 -0.0000e+00 -0.0000e+00
  -0.0000e+00 -0.0000e+00 -0.0000e+00 -0.0000e+00 -0.0000e+00 -0.0000e+00 -0.0000e+00 -0.0000e+00 -0.0000e+00 -0.0000e+00 -0.0000e+00 -0.0000e+00 -0.0000e+00 -0.0000e+00 -0.0000e+00 -0.0000e+00 -0.0000e+00 -0.0000e+00 -0.0000e+00 -0.0000e+00
  -0.0000e+00 -0.0000e+00 -0.0000e+00 -0.0000e+00 -0.0000e+00 -0.0000e+00 -0.0000e+00 -0.0000e+00 -0.0000e+00 -0.0000e+00 -0.0000e+00 -0.0000e+00 -0.0000e+00 -0.0000e+00 -0.0000e+00 -0.0000e+00 -0.0000e+00 -0.0000e+00 -0.0000e+00 -0.0000e+00
  -0.0000e+00 -0.0000e+00 -0.0000e+00 -0.0000e+00 -0.0000e+00 -0.0000e+00 -0.0000e+00 -0.0000e+00 -0.0000e+00 -0.0000e+00 -0.0000e+00 -0.0000e+00 -0.0000e+00 -0.0000e+00 -0.0000e+00 -0.0000e+00 -0.0000e+00 -0.0000e+00 -0.0000e+00 -0.0000e+00
  -0.0000e+00 -0.0000e+00]
 [ 0.0000e+00  0.0000e+00  0.0000e+00  0.0000e+00  0.0000e+00  0.0000e+00 -0.0000e+00 -0.0000e+00 -0.0000e+00 -0.0000e+00 -0.0000e+00 -0.0000e+00 -0.0000e+00 -0.0000e+00 -0.0000e+00 -0.0000e+00 -0.0000e+00 -0.0000e+00 -0.0000e+00 -0.0000e+00
  -0.0000e+00 -0.0000e+00 -0.0000e+00 -0.0000e+00 -0.0000e+00 -0.0000e+00 -0.0000e+00 -0.0000e+00 -0.0000e+00 -0.0000e+00 -0.0000e+00 -0.0000e+00 -0.0000e+00 -0.0000e+00 -0.0000e+00 -0.0000e+00 -3.5000e-04 -0.0000e+00 -0.0000e+00 -0.0000e+00
  -0.0000e+00 -0.0000e+00 -0.0000e+00 -0.0000e+00 -0.0000e+00 -0.0000e+00 -0.0000e+00 -0.0000e+00 -0.0000e+00 -0.0000e+00 -0.0000e+00 -0.0000e+00 -0.0000e+00 -0.0000e+00 -0.0000e+00 -0.0000e+00 -0.0000e+00 -0.0000e+00 -0.0000e+00 -0.0000e+00
  -0.0000e+00 -0.0000e+00 -0.0000e+00 -0.0000e+00 -0.0000e+00 -0.0000e+00 -0.0000e+00 -0.0000e+00 -0.0000e+00 -0.0000e+00 -0.0000e+00 -0.0000e+00 -0.0000e+00 -0.0000e+00 -0.0000e+00 -0.0000e+00 -0.0000e+00 -0.0000e+00 -0.0000e+00 -0.0000e+00
  -0.0000e+00 -0.0000e+00 -0.0000e+00 -0.0000e+00 -0.0000e+00 -0.0000e+00 -0.0000e+00 -0.0000e+00 -0.0000e+00 -0.0000e+00 -0.0000e+00 -0.0000e+00 -0.0000e+00 -0.0000e+00 -0.0000e+00 -0.0000e+00 -0.0000e+00 -0.0000e+00 -0.0000e+00 -0.0000e+00
  -0.0000e+00 -0.0000e+00]
 [ 0.0000e+00  0.0000e+00  0.0000e+00  0.0000e+00  0.0000e+00  0.0000e+00 -0.0000e+00 -0.0000e+00 -0.0000e+00 -0.0000e+00 -0.0000e+00 -0.0000e+00 -0.0000e+00 -0.0000e+00 -0.0000e+00 -0.0000e+00 -0.0000e+00 -0.0000e+00 -0.0000e+00 -0.0000e+00
  -0.0000e+00 -0.0000e+00 -0.0000e+00 -0.0000e+00 -0.0000e+00 -0.0000e+00 -0.0000e+00 -0.0000e+00 -0.0000e+00 -0.0000e+00 -0.0000e+00 -0.0000e+00 -0.0000e+00 -0.0000e+00 -0.0000e+00 -0.0000e+00 -0.0000e+00 -4.3750e-04 -0.0000e+00 -0.0000e+00
  -0.0000e+00 -0.0000e+00 -0.0000e+00 -0.0000e+00 -0.0000e+00 -0.0000e+00 -0.0000e+00 -0.0000e+00 -0.0000e+00 -0.0000e+00 -0.0000e+00 -0.0000e+00 -0.0000e+00 -0.0000e+00 -0.0000e+00 -0.0000e+00 -0.0000e+00 -0.0000e+00 -0.0000e+00 -0.0000e+00
  -0.0000e+00 -0.0000e+00 -0.0000e+00 -0.0000e+00 -0.0000e+00 -0.0000e+00 -0.0000e+00 -0.0000e+00 -0.0000e+00 -0.0000e+00 -0.0000e+00 -0.0000e+00 -0.0000e+00 -0.0000e+00 -0.0000e+00 -0.0000e+00 -0.0000e+00 -0.0000e+00 -0.0000e+00 -0.0000e+00
  -0.0000e+00 -0.0000e+00 -0.0000e+00 -0.0000e+00 -0.0000e+00 -0.0000e+00 -0.0000e+00 -0.0000e+00 -0.0000e+00 -0.0000e+00 -0.0000e+00 -0.0000e+00 -0.0000e+00 -0.0000e+00 -0.0000e+00 -0.0000e+00 -0.0000e+00 -0.0000e+00 -0.0000e+00 -0.0000e+00
  -0.0000e+00 -0.0000e+00]
 [ 0.0000e+00  0.0000e+00  0.0000e+00  0.0000e+00  0.0000e+00  0.0000e+00 -0.0000e+00 -0.0000e+00 -0.0000e+00 -0.0000e+00 -0.0000e+00 -0.0000e+00 -0.0000e+00 -0.0000e+00 -0.0000e+00 -0.0000e+00 -0.0000e+00 -0.0000e+00 -0.0000e+00 -0.0000e+00
  -0.0000e+00 -0.0000e+00 -0.0000e+00 -0.0000e+00 -0.0000e+00 -0.0000e+00 -0.0000e+00 -0.0000e+00 -0.0000e+00 -0.0000e+00 -0.0000e+00 -0.0000e+00 -0.0000e+00 -0.0000e+00 -0.0000e+00 -0.0000e+00 -0.0000e+00 -0.0000e+00 -4.3750e-04 -0.0000e+00
  -0.0000e+00 -0.0000e+00 -0.0000e+00 -0.0000e+00 -0.0000e+00 -0.0000e+00 -0.0000e+00 -0.0000e+00 -0.0000e+00 -0.0000e+00 -0.0000e+00 -0.0000e+00 -0.0000e+00 -0.0000e+00 -0.0000e+00 -0.0000e+00 -0.0000e+00 -0.0000e+00 -0.0000e+00 -0.0000e+00
  -0.0000e+00 -0.0000e+00 -0.0000e+00 -0.0000e+00 -0.0000e+00 -0.0000e+00 -0.0000e+00 -0.0000e+00 -0.0000e+00 -0.0000e+00 -0.0000e+00 -0.0000e+00 -0.0000e+00 -0.0000e+00 -0.0000e+00 -0.0000e+00 -0.0000e+00 -0.0000e+00 -0.0000e+00 -0.0000e+00
  -0.0000e+00 -0.0000e+00 -0.0000e+00 -0.0000e+00 -0.0000e+00 -0.0000e+00 -0.0000e+00 -0.0000e+00 -0.0000e+00 -0.0000e+00 -0.0000e+00 -0.0000e+00 -0.0000e+00 -0.0000e+00 -0.0000e+00 -0.0000e+00 -0.0000e+00 -0.0000e+00 -0.0000e+00 -0.0000e+00
  -0.0000e+00 -0.0000e+00]
 [ 0.0000e+00  0.0000e+00  0.0000e+00  0.0000e+00  0.0000e+00  0.0000e+00 -0.0000e+00 -0.0000e+00 -0.0000e+00 -0.0000e+00 -0.0000e+00 -0.0000e+00 -0.0000e+00 -0.0000e+00 -0.0000e+00 -0.0000e+00 -0.0000e+00 -0.0000e+00 -0.0000e+00 -0.0000e+00
  -0.0000e+00 -0.0000e+00 -0.0000e+00 -0.0000e+00 -0.0000e+00 -0.0000e+00 -0.0000e+00 -0.0000e+00 -0.0000e+00 -0.0000e+00 -0.0000e+00 -0.0000e+00 -0.0000e+00 -0.0000e+00 -0.0000e+00 -0.0000e+00 -0.0000e+00 -0.0000e+00 -0.0000e+00 -2.1875e+02
  -0.0000e+00 -0.0000e+00 -0.0000e+00 -0.0000e+00 -0.0000e+00 -0.0000e+00 -0.0000e+00 -0.0000e+00 -0.0000e+00 -0.0000e+00 -0.0000e+00 -0.0000e+00 -0.0000e+00 -0.0000e+00 -0.0000e+00 -0.0000e+00 -0.0000e+00 -0.0000e+00 -0.0000e+00 -0.0000e+00
  -0.0000e+00 -0.0000e+00 -0.0000e+00 -0.0000e+00 -0.0000e+00 -0.0000e+00 -0.0000e+00 -0.0000e+00 -0.0000e+00 -0.0000e+00 -0.0000e+00 -0.0000e+00 -0.0000e+00 -0.0000e+00 -0.0000e+00 -0.0000e+00 -0.0000e+00 -0.0000e+00 -0.0000e+00 -0.0000e+00
  -0.0000e+00 -0.0000e+00 -0.0000e+00 -0.0000e+00 -0.0000e+00 -0.0000e+00 -0.0000e+00 -0.0000e+00 -0.0000e+00 -0.0000e+00 -0.0000e+00 -0.0000e+00 -0.0000e+00 -0.0000e+00 -0.0000e+00 -0.0000e+00 -0.0000e+00 -0.0000e+00 -0.0000e+00 -0.0000e+00
  -0.0000e+00 -0.0000e+00]
 [ 0.0000e+00  0.0000e+00  0.0000e+00  0.0000e+00  0.0000e+00  0.0000e+00 -0.0000e+00 -0.0000e+00 -0.0000e+00 -0.0000e+00 -0.0000e+00 -0.0000e+00 -0.0000e+00 -0.0000e+00 -0.0000e+00 -0.0000e+00 -0.0000e+00 -0.0000e+00 -0.0000e+00 -0.0000e+00
  -0.0000e+00 -0.0000e+00 -0.0000e+00 -0.0000e+00 -0.0000e+00 -0.0000e+00 -0.0000e+00 -0.0000e+00 -0.0000e+00 -0.0000e+00 -0.0000e+00 -0.0000e+00 -0.0000e+00 -0.0000e+00 -0.0000e+00 -0.0000e+00 -0.0000e+00 -0.0000e+00 -0.0000e+00 -0.0000e+00
  -8.7500e+01 -0.0000e+00 -0.0000e+00 -0.0000e+00 -0.0000e+00 -0.0000e+00 -0.0000e+00 -0.0000e+00 -0.0000e+00 -0.0000e+00 -0.0000e+00 -0.0000e+00 -0.0000e+00 -0.0000e+00 -0.0000e+00 -0.0000e+00 -0.0000e+00 -0.0000e+00 -0.0000e+00 -0.0000e+00
  -0.0000e+00 -0.0000e+00 -0.0000e+00 -0.0000e+00 -0.0000e+00 -0.0000e+00 -0.0000e+00 -0.0000e+00 -0.0000e+00 -0.0000e+00 -0.0000e+00 -0.0000e+00 -0.0000e+00 -0.0000e+00 -0.0000e+00 -0.0000e+00 -0.0000e+00 -0.0000e+00 -0.0000e+00 -0.0000e+00
  -0.0000e+00 -0.0000e+00 -0.0000e+00 -0.0000e+00 -0.0000e+00 -0.0000e+00 -0.0000e+00 -0.0000e+00 -0.0000e+00 -0.0000e+00 -0.0000e+00 -0.0000e+00 -0.0000e+00 -0.0000e+00 -0.0000e+00 -0.0000e+00 -0.0000e+00 -0.0000e+00 -0.0000e+00 -0.0000e+00
  -0.0000e+00 -0.0000e+00]
 [ 0.0000e+00  0.0000e+00  0.0000e+00  0.0000e+00  0.0000e+00  0.0000e+00 -0.0000e+00 -0.0000e+00 -0.0000e+00 -0.0000e+00 -0.0000e+00 -0.0000e+00 -0.0000e+00 -0.0000e+00 -0.0000e+00 -0.0000e+00 -0.0000e+00 -0.0000e+00 -0.0000e+00 -0.0000e+00
  -0.0000e+00 -0.0000e+00 -0.0000e+00 -0.0000e+00 -0.0000e+00 -0.0000e+00 -0.0000e+00 -0.0000e+00 -0.0000e+00 -0.0000e+00 -0.0000e+00 -0.0000e+00 -0.0000e+00 -0.0000e+00 -0.0000e+00 -0.0000e+00 -0.0000e+00 -0.0000e+00 -0.0000e+00 -0.0000e+00
  -0.0000e+00 -8.7500e+01 -0.0000e+00 -0.0000e+00 -0.0000e+00 -0.0000e+00 -0.0000e+00 -0.0000e+00 -0.0000e+00 -0.0000e+00 -0.0000e+00 -0.0000e+00 -0.0000e+00 -0.0000e+00 -0.0000e+00 -0.0000e+00 -0.0000e+00 -0.0000e+00 -0.0000e+00 -0.0000e+00
  -0.0000e+00 -0.0000e+00 -0.0000e+00 -0.0000e+00 -0.0000e+00 -0.0000e+00 -0.0000e+00 -0.0000e+00 -0.0000e+00 -0.0000e+00 -0.0000e+00 -0.0000e+00 -0.0000e+00 -0.0000e+00 -0.0000e+00 -0.0000e+00 -0.0000e+00 -0.0000e+00 -0.0000e+00 -0.0000e+00
  -0.0000e+00 -0.0000e+00 -0.0000e+00 -0.0000e+00 -0.0000e+00 -0.0000e+00 -0.0000e+00 -0.0000e+00 -0.0000e+00 -0.0000e+00 -0.0000e+00 -0.0000e+00 -0.0000e+00 -0.0000e+00 -0.0000e+00 -0.0000e+00 -0.0000e+00 -0.0000e+00 -0.0000e+00 -0.0000e+00
  -0.0000e+00 -0.0000e+00]
 [ 0.0000e+00  0.0000e+00  0.0000e+00  0.0000e+00  0.0000e+00  0.0000e+00 -0.0000e+00 -0.0000e+00 -0.0000e+00 -0.0000e+00 -0.0000e+00 -0.0000e+00 -0.0000e+00 -0.0000e+00 -0.0000e+00 -0.0000e+00 -0.0000e+00 -0.0000e+00 -0.0000e+00 -0.0000e+00
  -0.0000e+00 -0.0000e+00 -0.0000e+00 -0.0000e+00 -0.0000e+00 -0.0000e+00 -0.0000e+00 -0.0000e+00 -0.0000e+00 -0.0000e+00 -0.0000e+00 -0.0000e+00 -0.0000e+00 -0.0000e+00 -0.0000e+00 -0.0000e+00 -0.0000e+00 -0.0000e+00 -0.0000e+00 -0.0000e+00
  -0.0000e+00 -0.0000e+00 -3.5000e-04 -0.0000e+00 -0.0000e+00 -0.0000e+00 -0.0000e+00 -0.0000e+00 -0.0000e+00 -0.0000e+00 -0.0000e+00 -0.0000e+00 -0.0000e+00 -0.0000e+00 -0.0000e+00 -0.0000e+00 -0.0000e+00 -0.0000e+00 -0.0000e+00 -0.0000e+00
  -0.0000e+00 -0.0000e+00 -0.0000e+00 -0.0000e+00 -0.0000e+00 -0.0000e+00 -0.0000e+00 -0.0000e+00 -0.0000e+00 -0.0000e+00 -0.0000e+00 -0.0000e+00 -0.0000e+00 -0.0000e+00 -0.0000e+00 -0.0000e+00 -0.0000e+00 -0.0000e+00 -0.0000e+00 -0.0000e+00
  -0.0000e+00 -0.0000e+00 -0.0000e+00 -0.0000e+00 -0.0000e+00 -0.0000e+00 -0.0000e+00 -0.0000e+00 -0.0000e+00 -0.0000e+00 -0.0000e+00 -0.0000e+00 -0.0000e+00 -0.0000e+00 -0.0000e+00 -0.0000e+00 -0.0000e+00 -0.0000e+00 -0.0000e+00 -0.0000e+00
  -0.0000e+00 -0.0000e+00]
 [ 0.0000e+00  0.0000e+00  0.0000e+00  0.0000e+00  0.0000e+00  0.0000e+00 -0.0000e+00 -0.0000e+00 -0.0000e+00 -0.0000e+00 -0.0000e+00 -0.0000e+00 -0.0000e+00 -0.0000e+00 -0.0000e+00 -0.0000e+00 -0.0000e+00 -0.0000e+00 -0.0000e+00 -0.0000e+00
  -0.0000e+00 -0.0000e+00 -0.0000e+00 -0.0000e+00 -0.0000e+00 -0.0000e+00 -0.0000e+00 -0.0000e+00 -0.0000e+00 -0.0000e+00 -0.0000e+00 -0.0000e+00 -0.0000e+00 -0.0000e+00 -0.0000e+00 -0.0000e+00 -0.0000e+00 -0.0000e+00 -0.0000e+00 -0.0000e+00
  -0.0000e+00 -0.0000e+00 -0.0000e+00 -4.3750e-04 -0.0000e+00 -0.0000e+00 -0.0000e+00 -0.0000e+00 -0.0000e+00 -0.0000e+00 -0.0000e+00 -0.0000e+00 -0.0000e+00 -0.0000e+00 -0.0000e+00 -0.0000e+00 -0.0000e+00 -0.0000e+00 -0.0000e+00 -0.0000e+00
  -0.0000e+00 -0.0000e+00 -0.0000e+00 -0.0000e+00 -0.0000e+00 -0.0000e+00 -0.0000e+00 -0.0000e+00 -0.0000e+00 -0.0000e+00 -0.0000e+00 -0.0000e+00 -0.0000e+00 -0.0000e+00 -0.0000e+00 -0.0000e+00 -0.0000e+00 -0.0000e+00 -0.0000e+00 -0.0000e+00
  -0.0000e+00 -0.0000e+00 -0.0000e+00 -0.0000e+00 -0.0000e+00 -0.0000e+00 -0.0000e+00 -0.0000e+00 -0.0000e+00 -0.0000e+00 -0.0000e+00 -0.0000e+00 -0.0000e+00 -0.0000e+00 -0.0000e+00 -0.0000e+00 -0.0000e+00 -0.0000e+00 -0.0000e+00 -0.0000e+00
  -0.0000e+00 -0.0000e+00]
 [ 0.0000e+00  0.0000e+00  0.0000e+00  0.0000e+00  0.0000e+00  0.0000e+00 -0.0000e+00 -0.0000e+00 -0.0000e+00 -0.0000e+00 -0.0000e+00 -0.0000e+00 -0.0000e+00 -0.0000e+00 -0.0000e+00 -0.0000e+00 -0.0000e+00 -0.0000e+00 -0.0000e+00 -0.0000e+00
  -0.0000e+00 -0.0000e+00 -0.0000e+00 -0.0000e+00 -0.0000e+00 -0.0000e+00 -0.0000e+00 -0.0000e+00 -0.0000e+00 -0.0000e+00 -0.0000e+00 -0.0000e+00 -0.0000e+00 -0.0000e+00 -0.0000e+00 -0.0000e+00 -0.0000e+00 -0.0000e+00 -0.0000e+00 -0.0000e+00
  -0.0000e+00 -0.0000e+00 -0.0000e+00 -0.0000e+00 -4.3750e-04 -0.0000e+00 -0.0000e+00 -0.0000e+00 -0.0000e+00 -0.0000e+00 -0.0000e+00 -0.0000e+00 -0.0000e+00 -0.0000e+00 -0.0000e+00 -0.0000e+00 -0.0000e+00 -0.0000e+00 -0.0000e+00 -0.0000e+00
  -0.0000e+00 -0.0000e+00 -0.0000e+00 -0.0000e+00 -0.0000e+00 -0.0000e+00 -0.0000e+00 -0.0000e+00 -0.0000e+00 -0.0000e+00 -0.0000e+00 -0.0000e+00 -0.0000e+00 -0.0000e+00 -0.0000e+00 -0.0000e+00 -0.0000e+00 -0.0000e+00 -0.0000e+00 -0.0000e+00
  -0.0000e+00 -0.0000e+00 -0.0000e+00 -0.0000e+00 -0.0000e+00 -0.0000e+00 -0.0000e+00 -0.0000e+00 -0.0000e+00 -0.0000e+00 -0.0000e+00 -0.0000e+00 -0.0000e+00 -0.0000e+00 -0.0000e+00 -0.0000e+00 -0.0000e+00 -0.0000e+00 -0.0000e+00 -0.0000e+00
  -0.0000e+00 -0.0000e+00]
 [ 0.0000e+00  0.0000e+00  0.0000e+00  0.0000e+00  0.0000e+00  0.0000e+00 -0.0000e+00 -0.0000e+00 -0.0000e+00 -0.0000e+00 -0.0000e+00 -0.0000e+00 -0.0000e+00 -0.0000e+00 -0.0000e+00 -0.0000e+00 -0.0000e+00 -0.0000e+00 -0.0000e+00 -0.0000e+00
  -0.0000e+00 -0.0000e+00 -0.0000e+00 -0.0000e+00 -0.0000e+00 -0.0000e+00 -0.0000e+00 -0.0000e+00 -0.0000e+00 -0.0000e+00 -0.0000e+00 -0.0000e+00 -0.0000e+00 -0.0000e+00 -0.0000e+00 -0.0000e+00 -0.0000e+00 -0.0000e+00 -0.0000e+00 -0.0000e+00
  -0.0000e+00 -0.0000e+00 -0.0000e+00 -0.0000e+00 -0.0000e+00 -2.1875e+02 -0.0000e+00 -0.0000e+00 -0.0000e+00 -0.0000e+00 -0.0000e+00 -0.0000e+00 -0.0000e+00 -0.0000e+00 -0.0000e+00 -0.0000e+00 -0.0000e+00 -0.0000e+00 -0.0000e+00 -0.0000e+00
  -0.0000e+00 -0.0000e+00 -0.0000e+00 -0.0000e+00 -0.0000e+00 -0.0000e+00 -0.0000e+00 -0.0000e+00 -0.0000e+00 -0.0000e+00 -0.0000e+00 -0.0000e+00 -0.0000e+00 -0.0000e+00 -0.0000e+00 -0.0000e+00 -0.0000e+00 -0.0000e+00 -0.0000e+00 -0.0000e+00
  -0.0000e+00 -0.0000e+00 -0.0000e+00 -0.0000e+00 -0.0000e+00 -0.0000e+00 -0.0000e+00 -0.0000e+00 -0.0000e+00 -0.0000e+00 -0.0000e+00 -0.0000e+00 -0.0000e+00 -0.0000e+00 -0.0000e+00 -0.0000e+00 -0.0000e+00 -0.0000e+00 -0.0000e+00 -0.0000e+00
  -0.0000e+00 -0.0000e+00]
 [ 0.0000e+00  0.0000e+00  0.0000e+00  0.0000e+00  0.0000e+00  0.0000e+00 -0.0000e+00 -0.0000e+00 -0.0000e+00 -0.0000e+00 -0.0000e+00 -0.0000e+00 -0.0000e+00 -0.0000e+00 -0.0000e+00 -0.0000e+00 -0.0000e+00 -0.0000e+00 -0.0000e+00 -0.0000e+00
  -0.0000e+00 -0.0000e+00 -0.0000e+00 -0.0000e+00 -0.0000e+00 -0.0000e+00 -0.0000e+00 -0.0000e+00 -0.0000e+00 -0.0000e+00 -0.0000e+00 -0.0000e+00 -0.0000e+00 -0.0000e+00 -0.0000e+00 -0.0000e+00 -0.0000e+00 -0.0000e+00 -0.0000e+00 -0.0000e+00
  -0.0000e+00 -0.0000e+00 -0.0000e+00 -0.0000e+00 -0.0000e+00 -0.0000e+00 -8.7500e+01 -0.0000e+00 -0.0000e+00 -0.0000e+00 -0.0000e+00 -0.0000e+00 -0.0000e+00 -0.0000e+00 -0.0000e+00 -0.0000e+00 -0.0000e+00 -0.0000e+00 -0.0000e+00 -0.0000e+00
  -0.0000e+00 -0.0000e+00 -0.0000e+00 -0.0000e+00 -0.0000e+00 -0.0000e+00 -0.0000e+00 -0.0000e+00 -0.0000e+00 -0.0000e+00 -0.0000e+00 -0.0000e+00 -0.0000e+00 -0.0000e+00 -0.0000e+00 -0.0000e+00 -0.0000e+00 -0.0000e+00 -0.0000e+00 -0.0000e+00
  -0.0000e+00 -0.0000e+00 -0.0000e+00 -0.0000e+00 -0.0000e+00 -0.0000e+00 -0.0000e+00 -0.0000e+00 -0.0000e+00 -0.0000e+00 -0.0000e+00 -0.0000e+00 -0.0000e+00 -0.0000e+00 -0.0000e+00 -0.0000e+00 -0.0000e+00 -0.0000e+00 -0.0000e+00 -0.0000e+00
  -0.0000e+00 -0.0000e+00]
 [ 0.0000e+00  0.0000e+00  0.0000e+00  0.0000e+00  0.0000e+00  0.0000e+00 -0.0000e+00 -0.0000e+00 -0.0000e+00 -0.0000e+00 -0.0000e+00 -0.0000e+00 -0.0000e+00 -0.0000e+00 -0.0000e+00 -0.0000e+00 -0.0000e+00 -0.0000e+00 -0.0000e+00 -0.0000e+00
  -0.0000e+00 -0.0000e+00 -0.0000e+00 -0.0000e+00 -0.0000e+00 -0.0000e+00 -0.0000e+00 -0.0000e+00 -0.0000e+00 -0.0000e+00 -0.0000e+00 -0.0000e+00 -0.0000e+00 -0.0000e+00 -0.0000e+00 -0.0000e+00 -0.0000e+00 -0.0000e+00 -0.0000e+00 -0.0000e+00
  -0.0000e+00 -0.0000e+00 -0.0000e+00 -0.0000e+00 -0.0000e+00 -0.0000e+00 -0.0000e+00 -8.7500e+01 -0.0000e+00 -0.0000e+00 -0.0000e+00 -0.0000e+00 -0.0000e+00 -0.0000e+00 -0.0000e+00 -0.0000e+00 -0.0000e+00 -0.0000e+00 -0.0000e+00 -0.0000e+00
  -0.0000e+00 -0.0000e+00 -0.0000e+00 -0.0000e+00 -0.0000e+00 -0.0000e+00 -0.0000e+00 -0.0000e+00 -0.0000e+00 -0.0000e+00 -0.0000e+00 -0.0000e+00 -0.0000e+00 -0.0000e+00 -0.0000e+00 -0.0000e+00 -0.0000e+00 -0.0000e+00 -0.0000e+00 -0.0000e+00
  -0.0000e+00 -0.0000e+00 -0.0000e+00 -0.0000e+00 -0.0000e+00 -0.0000e+00 -0.0000e+00 -0.0000e+00 -0.0000e+00 -0.0000e+00 -0.0000e+00 -0.0000e+00 -0.0000e+00 -0.0000e+00 -0.0000e+00 -0.0000e+00 -0.0000e+00 -0.0000e+00 -0.0000e+00 -0.0000e+00
  -0.0000e+00 -0.0000e+00]
 [ 0.0000e+00  0.0000e+00  0.0000e+00  0.0000e+00  0.0000e+00  0.0000e+00 -0.0000e+00 -0.0000e+00 -0.0000e+00 -0.0000e+00 -0.0000e+00 -0.0000e+00 -0.0000e+00 -0.0000e+00 -0.0000e+00 -0.0000e+00 -0.0000e+00 -0.0000e+00 -0.0000e+00 -0.0000e+00
  -0.0000e+00 -0.0000e+00 -0.0000e+00 -0.0000e+00 -0.0000e+00 -0.0000e+00 -0.0000e+00 -0.0000e+00 -0.0000e+00 -0.0000e+00 -0.0000e+00 -0.0000e+00 -0.0000e+00 -0.0000e+00 -0.0000e+00 -0.0000e+00 -0.0000e+00 -0.0000e+00 -0.0000e+00 -0.0000e+00
  -0.0000e+00 -0.0000e+00 -0.0000e+00 -0.0000e+00 -0.0000e+00 -0.0000e+00 -0.0000e+00 -0.0000e+00 -3.5000e-04 -0.0000e+00 -0.0000e+00 -0.0000e+00 -0.0000e+00 -0.0000e+00 -0.0000e+00 -0.0000e+00 -0.0000e+00 -0.0000e+00 -0.0000e+00 -0.0000e+00
  -0.0000e+00 -0.0000e+00 -0.0000e+00 -0.0000e+00 -0.0000e+00 -0.0000e+00 -0.0000e+00 -0.0000e+00 -0.0000e+00 -0.0000e+00 -0.0000e+00 -0.0000e+00 -0.0000e+00 -0.0000e+00 -0.0000e+00 -0.0000e+00 -0.0000e+00 -0.0000e+00 -0.0000e+00 -0.0000e+00
  -0.0000e+00 -0.0000e+00 -0.0000e+00 -0.0000e+00 -0.0000e+00 -0.0000e+00 -0.0000e+00 -0.0000e+00 -0.0000e+00 -0.0000e+00 -0.0000e+00 -0.0000e+00 -0.0000e+00 -0.0000e+00 -0.0000e+00 -0.0000e+00 -0.0000e+00 -0.0000e+00 -0.0000e+00 -0.0000e+00
  -0.0000e+00 -0.0000e+00]
 [ 0.0000e+00  0.0000e+00  0.0000e+00  0.0000e+00  0.0000e+00  0.0000e+00 -0.0000e+00 -0.0000e+00 -0.0000e+00 -0.0000e+00 -0.0000e+00 -0.0000e+00 -0.0000e+00 -0.0000e+00 -0.0000e+00 -0.0000e+00 -0.0000e+00 -0.0000e+00 -0.0000e+00 -0.0000e+00
  -0.0000e+00 -0.0000e+00 -0.0000e+00 -0.0000e+00 -0.0000e+00 -0.0000e+00 -0.0000e+00 -0.0000e+00 -0.0000e+00 -0.0000e+00 -0.0000e+00 -0.0000e+00 -0.0000e+00 -0.0000e+00 -0.0000e+00 -0.0000e+00 -0.0000e+00 -0.0000e+00 -0.0000e+00 -0.0000e+00
  -0.0000e+00 -0.0000e+00 -0.0000e+00 -0.0000e+00 -0.0000e+00 -0.0000e+00 -0.0000e+00 -0.0000e+00 -0.0000e+00 -4.3750e-04 -0.0000e+00 -0.0000e+00 -0.0000e+00 -0.0000e+00 -0.0000e+00 -0.0000e+00 -0.0000e+00 -0.0000e+00 -0.0000e+00 -0.0000e+00
  -0.0000e+00 -0.0000e+00 -0.0000e+00 -0.0000e+00 -0.0000e+00 -0.0000e+00 -0.0000e+00 -0.0000e+00 -0.0000e+00 -0.0000e+00 -0.0000e+00 -0.0000e+00 -0.0000e+00 -0.0000e+00 -0.0000e+00 -0.0000e+00 -0.0000e+00 -0.0000e+00 -0.0000e+00 -0.0000e+00
  -0.0000e+00 -0.0000e+00 -0.0000e+00 -0.0000e+00 -0.0000e+00 -0.0000e+00 -0.0000e+00 -0.0000e+00 -0.0000e+00 -0.0000e+00 -0.0000e+00 -0.0000e+00 -0.0000e+00 -0.0000e+00 -0.0000e+00 -0.0000e+00 -0.0000e+00 -0.0000e+00 -0.0000e+00 -0.0000e+00
  -0.0000e+00 -0.0000e+00]
 [ 0.0000e+00  0.0000e+00  0.0000e+00  0.0000e+00  0.0000e+00  0.0000e+00 -0.0000e+00 -0.0000e+00 -0.0000e+00 -0.0000e+00 -0.0000e+00 -0.0000e+00 -0.0000e+00 -0.0000e+00 -0.0000e+00 -0.0000e+00 -0.0000e+00 -0.0000e+00 -0.0000e+00 -0.0000e+00
  -0.0000e+00 -0.0000e+00 -0.0000e+00 -0.0000e+00 -0.0000e+00 -0.0000e+00 -0.0000e+00 -0.0000e+00 -0.0000e+00 -0.0000e+00 -0.0000e+00 -0.0000e+00 -0.0000e+00 -0.0000e+00 -0.0000e+00 -0.0000e+00 -0.0000e+00 -0.0000e+00 -0.0000e+00 -0.0000e+00
  -0.0000e+00 -0.0000e+00 -0.0000e+00 -0.0000e+00 -0.0000e+00 -0.0000e+00 -0.0000e+00 -0.0000e+00 -0.0000e+00 -0.0000e+00 -4.3750e-04 -0.0000e+00 -0.0000e+00 -0.0000e+00 -0.0000e+00 -0.0000e+00 -0.0000e+00 -0.0000e+00 -0.0000e+00 -0.0000e+00
  -0.0000e+00 -0.0000e+00 -0.0000e+00 -0.0000e+00 -0.0000e+00 -0.0000e+00 -0.0000e+00 -0.0000e+00 -0.0000e+00 -0.0000e+00 -0.0000e+00 -0.0000e+00 -0.0000e+00 -0.0000e+00 -0.0000e+00 -0.0000e+00 -0.0000e+00 -0.0000e+00 -0.0000e+00 -0.0000e+00
  -0.0000e+00 -0.0000e+00 -0.0000e+00 -0.0000e+00 -0.0000e+00 -0.0000e+00 -0.0000e+00 -0.0000e+00 -0.0000e+00 -0.0000e+00 -0.0000e+00 -0.0000e+00 -0.0000e+00 -0.0000e+00 -0.0000e+00 -0.0000e+00 -0.0000e+00 -0.0000e+00 -0.0000e+00 -0.0000e+00
  -0.0000e+00 -0.0000e+00]
 [ 0.0000e+00  0.0000e+00  0.0000e+00  0.0000e+00  0.0000e+00  0.0000e+00 -0.0000e+00 -0.0000e+00 -0.0000e+00 -0.0000e+00 -0.0000e+00 -0.0000e+00 -0.0000e+00 -0.0000e+00 -0.0000e+00 -0.0000e+00 -0.0000e+00 -0.0000e+00 -0.0000e+00 -0.0000e+00
  -0.0000e+00 -0.0000e+00 -0.0000e+00 -0.0000e+00 -0.0000e+00 -0.0000e+00 -0.0000e+00 -0.0000e+00 -0.0000e+00 -0.0000e+00 -0.0000e+00 -0.0000e+00 -0.0000e+00 -0.0000e+00 -0.0000e+00 -0.0000e+00 -0.0000e+00 -0.0000e+00 -0.0000e+00 -0.0000e+00
  -0.0000e+00 -0.0000e+00 -0.0000e+00 -0.0000e+00 -0.0000e+00 -0.0000e+00 -0.0000e+00 -0.0000e+00 -0.0000e+00 -0.0000e+00 -0.0000e+00 -2.1875e+02 -0.0000e+00 -0.0000e+00 -0.0000e+00 -0.0000e+00 -0.0000e+00 -0.0000e+00 -0.0000e+00 -0.0000e+00
  -0.0000e+00 -0.0000e+00 -0.0000e+00 -0.0000e+00 -0.0000e+00 -0.0000e+00 -0.0000e+00 -0.0000e+00 -0.0000e+00 -0.0000e+00 -0.0000e+00 -0.0000e+00 -0.0000e+00 -0.0000e+00 -0.0000e+00 -0.0000e+00 -0.0000e+00 -0.0000e+00 -0.0000e+00 -0.0000e+00
  -0.0000e+00 -0.0000e+00 -0.0000e+00 -0.0000e+00 -0.0000e+00 -0.0000e+00 -0.0000e+00 -0.0000e+00 -0.0000e+00 -0.0000e+00 -0.0000e+00 -0.0000e+00 -0.0000e+00 -0.0000e+00 -0.0000e+00 -0.0000e+00 -0.0000e+00 -0.0000e+00 -0.0000e+00 -0.0000e+00
  -0.0000e+00 -0.0000e+00]
 [ 0.0000e+00  0.0000e+00  0.0000e+00  0.0000e+00  0.0000e+00  0.0000e+00 -0.0000e+00 -0.0000e+00 -0.0000e+00 -0.0000e+00 -0.0000e+00 -0.0000e+00 -0.0000e+00 -0.0000e+00 -0.0000e+00 -0.0000e+00 -0.0000e+00 -0.0000e+00 -0.0000e+00 -0.0000e+00
  -0.0000e+00 -0.0000e+00 -0.0000e+00 -0.0000e+00 -0.0000e+00 -0.0000e+00 -0.0000e+00 -0.0000e+00 -0.0000e+00 -0.0000e+00 -0.0000e+00 -0.0000e+00 -0.0000e+00 -0.0000e+00 -0.0000e+00 -0.0000e+00 -0.0000e+00 -0.0000e+00 -0.0000e+00 -0.0000e+00
  -0.0000e+00 -0.0000e+00 -0.0000e+00 -0.0000e+00 -0.0000e+00 -0.0000e+00 -0.0000e+00 -0.0000e+00 -0.0000e+00 -0.0000e+00 -0.0000e+00 -0.0000e+00 -8.7500e+01 -0.0000e+00 -0.0000e+00 -0.0000e+00 -0.0000e+00 -0.0000e+00 -0.0000e+00 -0.0000e+00
  -0.0000e+00 -0.0000e+00 -0.0000e+00 -0.0000e+00 -0.0000e+00 -0.0000e+00 -0.0000e+00 -0.0000e+00 -0.0000e+00 -0.0000e+00 -0.0000e+00 -0.0000e+00 -0.0000e+00 -0.0000e+00 -0.0000e+00 -0.0000e+00 -0.0000e+00 -0.0000e+00 -0.0000e+00 -0.0000e+00
  -0.0000e+00 -0.0000e+00 -0.0000e+00 -0.0000e+00 -0.0000e+00 -0.0000e+00 -0.0000e+00 -0.0000e+00 -0.0000e+00 -0.0000e+00 -0.0000e+00 -0.0000e+00 -0.0000e+00 -0.0000e+00 -0.0000e+00 -0.0000e+00 -0.0000e+00 -0.0000e+00 -0.0000e+00 -0.0000e+00
  -0.0000e+00 -0.0000e+00]
 [ 0.0000e+00  0.0000e+00  0.0000e+00  0.0000e+00  0.0000e+00  0.0000e+00 -0.0000e+00 -0.0000e+00 -0.0000e+00 -0.0000e+00 -0.0000e+00 -0.0000e+00 -0.0000e+00 -0.0000e+00 -0.0000e+00 -0.0000e+00 -0.0000e+00 -0.0000e+00 -0.0000e+00 -0.0000e+00
  -0.0000e+00 -0.0000e+00 -0.0000e+00 -0.0000e+00 -0.0000e+00 -0.0000e+00 -0.0000e+00 -0.0000e+00 -0.0000e+00 -0.0000e+00 -0.0000e+00 -0.0000e+00 -0.0000e+00 -0.0000e+00 -0.0000e+00 -0.0000e+00 -0.0000e+00 -0.0000e+00 -0.0000e+00 -0.0000e+00
  -0.0000e+00 -0.0000e+00 -0.0000e+00 -0.0000e+00 -0.0000e+00 -0.0000e+00 -0.0000e+00 -0.0000e+00 -0.0000e+00 -0.0000e+00 -0.0000e+00 -0.0000e+00 -0.0000e+00 -8.7500e+01 -0.0000e+00 -0.0000e+00 -0.0000e+00 -0.0000e+00 -0.0000e+00 -0.0000e+00
  -0.0000e+00 -0.0000e+00 -0.0000e+00 -0.0000e+00 -0.0000e+00 -0.0000e+00 -0.0000e+00 -0.0000e+00 -0.0000e+00 -0.0000e+00 -0.0000e+00 -0.0000e+00 -0.0000e+00 -0.0000e+00 -0.0000e+00 -0.0000e+00 -0.0000e+00 -0.0000e+00 -0.0000e+00 -0.0000e+00
  -0.0000e+00 -0.0000e+00 -0.0000e+00 -0.0000e+00 -0.0000e+00 -0.0000e+00 -0.0000e+00 -0.0000e+00 -0.0000e+00 -0.0000e+00 -0.0000e+00 -0.0000e+00 -0.0000e+00 -0.0000e+00 -0.0000e+00 -0.0000e+00 -0.0000e+00 -0.0000e+00 -0.0000e+00 -0.0000e+00
  -0.0000e+00 -0.0000e+00]
 [ 0.0000e+00  0.0000e+00  0.0000e+00  0.0000e+00  0.0000e+00  0.0000e+00 -0.0000e+00 -0.0000e+00 -0.0000e+00 -0.0000e+00 -0.0000e+00 -0.0000e+00 -0.0000e+00 -0.0000e+00 -0.0000e+00 -0.0000e+00 -0.0000e+00 -0.0000e+00 -0.0000e+00 -0.0000e+00
  -0.0000e+00 -0.0000e+00 -0.0000e+00 -0.0000e+00 -0.0000e+00 -0.0000e+00 -0.0000e+00 -0.0000e+00 -0.0000e+00 -0.0000e+00 -0.0000e+00 -0.0000e+00 -0.0000e+00 -0.0000e+00 -0.0000e+00 -0.0000e+00 -0.0000e+00 -0.0000e+00 -0.0000e+00 -0.0000e+00
  -0.0000e+00 -0.0000e+00 -0.0000e+00 -0.0000e+00 -0.0000e+00 -0.0000e+00 -0.0000e+00 -0.0000e+00 -0.0000e+00 -0.0000e+00 -0.0000e+00 -0.0000e+00 -0.0000e+00 -0.0000e+00 -3.5000e-04 -0.0000e+00 -0.0000e+00 -0.0000e+00 -0.0000e+00 -0.0000e+00
  -0.0000e+00 -0.0000e+00 -0.0000e+00 -0.0000e+00 -0.0000e+00 -0.0000e+00 -0.0000e+00 -0.0000e+00 -0.0000e+00 -0.0000e+00 -0.0000e+00 -0.0000e+00 -0.0000e+00 -0.0000e+00 -0.0000e+00 -0.0000e+00 -0.0000e+00 -0.0000e+00 -0.0000e+00 -0.0000e+00
  -0.0000e+00 -0.0000e+00 -0.0000e+00 -0.0000e+00 -0.0000e+00 -0.0000e+00 -0.0000e+00 -0.0000e+00 -0.0000e+00 -0.0000e+00 -0.0000e+00 -0.0000e+00 -0.0000e+00 -0.0000e+00 -0.0000e+00 -0.0000e+00 -0.0000e+00 -0.0000e+00 -0.0000e+00 -0.0000e+00
  -0.0000e+00 -0.0000e+00]
 [ 0.0000e+00  0.0000e+00  0.0000e+00  0.0000e+00  0.0000e+00  0.0000e+00 -0.0000e+00 -0.0000e+00 -0.0000e+00 -0.0000e+00 -0.0000e+00 -0.0000e+00 -0.0000e+00 -0.0000e+00 -0.0000e+00 -0.0000e+00 -0.0000e+00 -0.0000e+00 -0.0000e+00 -0.0000e+00
  -0.0000e+00 -0.0000e+00 -0.0000e+00 -0.0000e+00 -0.0000e+00 -0.0000e+00 -0.0000e+00 -0.0000e+00 -0.0000e+00 -0.0000e+00 -0.0000e+00 -0.0000e+00 -0.0000e+00 -0.0000e+00 -0.0000e+00 -0.0000e+00 -0.0000e+00 -0.0000e+00 -0.0000e+00 -0.0000e+00
  -0.0000e+00 -0.0000e+00 -0.0000e+00 -0.0000e+00 -0.0000e+00 -0.0000e+00 -0.0000e+00 -0.0000e+00 -0.0000e+00 -0.0000e+00 -0.0000e+00 -0.0000e+00 -0.0000e+00 -0.0000e+00 -0.0000e+00 -4.3750e-04 -0.0000e+00 -0.0000e+00 -0.0000e+00 -0.0000e+00
  -0.0000e+00 -0.0000e+00 -0.0000e+00 -0.0000e+00 -0.0000e+00 -0.0000e+00 -0.0000e+00 -0.0000e+00 -0.0000e+00 -0.0000e+00 -0.0000e+00 -0.0000e+00 -0.0000e+00 -0.0000e+00 -0.0000e+00 -0.0000e+00 -0.0000e+00 -0.0000e+00 -0.0000e+00 -0.0000e+00
  -0.0000e+00 -0.0000e+00 -0.0000e+00 -0.0000e+00 -0.0000e+00 -0.0000e+00 -0.0000e+00 -0.0000e+00 -0.0000e+00 -0.0000e+00 -0.0000e+00 -0.0000e+00 -0.0000e+00 -0.0000e+00 -0.0000e+00 -0.0000e+00 -0.0000e+00 -0.0000e+00 -0.0000e+00 -0.0000e+00
  -0.0000e+00 -0.0000e+00]
 [ 0.0000e+00  0.0000e+00  0.0000e+00  0.0000e+00  0.0000e+00  0.0000e+00 -0.0000e+00 -0.0000e+00 -0.0000e+00 -0.0000e+00 -0.0000e+00 -0.0000e+00 -0.0000e+00 -0.0000e+00 -0.0000e+00 -0.0000e+00 -0.0000e+00 -0.0000e+00 -0.0000e+00 -0.0000e+00
  -0.0000e+00 -0.0000e+00 -0.0000e+00 -0.0000e+00 -0.0000e+00 -0.0000e+00 -0.0000e+00 -0.0000e+00 -0.0000e+00 -0.0000e+00 -0.0000e+00 -0.0000e+00 -0.0000e+00 -0.0000e+00 -0.0000e+00 -0.0000e+00 -0.0000e+00 -0.0000e+00 -0.0000e+00 -0.0000e+00
  -0.0000e+00 -0.0000e+00 -0.0000e+00 -0.0000e+00 -0.0000e+00 -0.0000e+00 -0.0000e+00 -0.0000e+00 -0.0000e+00 -0.0000e+00 -0.0000e+00 -0.0000e+00 -0.0000e+00 -0.0000e+00 -0.0000e+00 -0.0000e+00 -4.3750e-04 -0.0000e+00 -0.0000e+00 -0.0000e+00
  -0.0000e+00 -0.0000e+00 -0.0000e+00 -0.0000e+00 -0.0000e+00 -0.0000e+00 -0.0000e+00 -0.0000e+00 -0.0000e+00 -0.0000e+00 -0.0000e+00 -0.0000e+00 -0.0000e+00 -0.0000e+00 -0.0000e+00 -0.0000e+00 -0.0000e+00 -0.0000e+00 -0.0000e+00 -0.0000e+00
  -0.0000e+00 -0.0000e+00 -0.0000e+00 -0.0000e+00 -0.0000e+00 -0.0000e+00 -0.0000e+00 -0.0000e+00 -0.0000e+00 -0.0000e+00 -0.0000e+00 -0.0000e+00 -0.0000e+00 -0.0000e+00 -0.0000e+00 -0.0000e+00 -0.0000e+00 -0.0000e+00 -0.0000e+00 -0.0000e+00
  -0.0000e+00 -0.0000e+00]
 [ 0.0000e+00  0.0000e+00  0.0000e+00  0.0000e+00  0.0000e+00  0.0000e+00 -0.0000e+00 -0.0000e+00 -0.0000e+00 -0.0000e+00 -0.0000e+00 -0.0000e+00 -0.0000e+00 -0.0000e+00 -0.0000e+00 -0.0000e+00 -0.0000e+00 -0.0000e+00 -0.0000e+00 -0.0000e+00
  -0.0000e+00 -0.0000e+00 -0.0000e+00 -0.0000e+00 -0.0000e+00 -0.0000e+00 -0.0000e+00 -0.0000e+00 -0.0000e+00 -0.0000e+00 -0.0000e+00 -0.0000e+00 -0.0000e+00 -0.0000e+00 -0.0000e+00 -0.0000e+00 -0.0000e+00 -0.0000e+00 -0.0000e+00 -0.0000e+00
  -0.0000e+00 -0.0000e+00 -0.0000e+00 -0.0000e+00 -0.0000e+00 -0.0000e+00 -0.0000e+00 -0.0000e+00 -0.0000e+00 -0.0000e+00 -0.0000e+00 -0.0000e+00 -0.0000e+00 -0.0000e+00 -0.0000e+00 -0.0000e+00 -0.0000e+00 -2.1875e+02 -0.0000e+00 -0.0000e+00
  -0.0000e+00 -0.0000e+00 -0.0000e+00 -0.0000e+00 -0.0000e+00 -0.0000e+00 -0.0000e+00 -0.0000e+00 -0.0000e+00 -0.0000e+00 -0.0000e+00 -0.0000e+00 -0.0000e+00 -0.0000e+00 -0.0000e+00 -0.0000e+00 -0.0000e+00 -0.0000e+00 -0.0000e+00 -0.0000e+00
  -0.0000e+00 -0.0000e+00 -0.0000e+00 -0.0000e+00 -0.0000e+00 -0.0000e+00 -0.0000e+00 -0.0000e+00 -0.0000e+00 -0.0000e+00 -0.0000e+00 -0.0000e+00 -0.0000e+00 -0.0000e+00 -0.0000e+00 -0.0000e+00 -0.0000e+00 -0.0000e+00 -0.0000e+00 -0.0000e+00
  -0.0000e+00 -0.0000e+00]
 [ 0.0000e+00  0.0000e+00  0.0000e+00  0.0000e+00  0.0000e+00  0.0000e+00 -0.0000e+00 -0.0000e+00 -0.0000e+00 -0.0000e+00 -0.0000e+00 -0.0000e+00 -0.0000e+00 -0.0000e+00 -0.0000e+00 -0.0000e+00 -0.0000e+00 -0.0000e+00 -0.0000e+00 -0.0000e+00
  -0.0000e+00 -0.0000e+00 -0.0000e+00 -0.0000e+00 -0.0000e+00 -0.0000e+00 -0.0000e+00 -0.0000e+00 -0.0000e+00 -0.0000e+00 -0.0000e+00 -0.0000e+00 -0.0000e+00 -0.0000e+00 -0.0000e+00 -0.0000e+00 -0.0000e+00 -0.0000e+00 -0.0000e+00 -0.0000e+00
  -0.0000e+00 -0.0000e+00 -0.0000e+00 -0.0000e+00 -0.0000e+00 -0.0000e+00 -0.0000e+00 -0.0000e+00 -0.0000e+00 -0.0000e+00 -0.0000e+00 -0.0000e+00 -0.0000e+00 -0.0000e+00 -0.0000e+00 -0.0000e+00 -0.0000e+00 -0.0000e+00 -8.7500e+01 -0.0000e+00
  -0.0000e+00 -0.0000e+00 -0.0000e+00 -0.0000e+00 -0.0000e+00 -0.0000e+00 -0.0000e+00 -0.0000e+00 -0.0000e+00 -0.0000e+00 -0.0000e+00 -0.0000e+00 -0.0000e+00 -0.0000e+00 -0.0000e+00 -0.0000e+00 -0.0000e+00 -0.0000e+00 -0.0000e+00 -0.0000e+00
  -0.0000e+00 -0.0000e+00 -0.0000e+00 -0.0000e+00 -0.0000e+00 -0.0000e+00 -0.0000e+00 -0.0000e+00 -0.0000e+00 -0.0000e+00 -0.0000e+00 -0.0000e+00 -0.0000e+00 -0.0000e+00 -0.0000e+00 -0.0000e+00 -0.0000e+00 -0.0000e+00 -0.0000e+00 -0.0000e+00
  -0.0000e+00 -0.0000e+00]
 [ 0.0000e+00  0.0000e+00  0.0000e+00  0.0000e+00  0.0000e+00  0.0000e+00 -0.0000e+00 -0.0000e+00 -0.0000e+00 -0.0000e+00 -0.0000e+00 -0.0000e+00 -0.0000e+00 -0.0000e+00 -0.0000e+00 -0.0000e+00 -0.0000e+00 -0.0000e+00 -0.0000e+00 -0.0000e+00
  -0.0000e+00 -0.0000e+00 -0.0000e+00 -0.0000e+00 -0.0000e+00 -0.0000e+00 -0.0000e+00 -0.0000e+00 -0.0000e+00 -0.0000e+00 -0.0000e+00 -0.0000e+00 -0.0000e+00 -0.0000e+00 -0.0000e+00 -0.0000e+00 -0.0000e+00 -0.0000e+00 -0.0000e+00 -0.0000e+00
  -0.0000e+00 -0.0000e+00 -0.0000e+00 -0.0000e+00 -0.0000e+00 -0.0000e+00 -0.0000e+00 -0.0000e+00 -0.0000e+00 -0.0000e+00 -0.0000e+00 -0.0000e+00 -0.0000e+00 -0.0000e+00 -0.0000e+00 -0.0000e+00 -0.0000e+00 -0.0000e+00 -0.0000e+00 -8.7500e+01
  -0.0000e+00 -0.0000e+00 -0.0000e+00 -0.0000e+00 -0.0000e+00 -0.0000e+00 -0.0000e+00 -0.0000e+00 -0.0000e+00 -0.0000e+00 -0.0000e+00 -0.0000e+00 -0.0000e+00 -0.0000e+00 -0.0000e+00 -0.0000e+00 -0.0000e+00 -0.0000e+00 -0.0000e+00 -0.0000e+00
  -0.0000e+00 -0.0000e+00 -0.0000e+00 -0.0000e+00 -0.0000e+00 -0.0000e+00 -0.0000e+00 -0.0000e+00 -0.0000e+00 -0.0000e+00 -0.0000e+00 -0.0000e+00 -0.0000e+00 -0.0000e+00 -0.0000e+00 -0.0000e+00 -0.0000e+00 -0.0000e+00 -0.0000e+00 -0.0000e+00
  -0.0000e+00 -0.0000e+00]
 [ 0.0000e+00  0.0000e+00  0.0000e+00  0.0000e+00  0.0000e+00  0.0000e+00 -0.0000e+00 -0.0000e+00 -0.0000e+00 -0.0000e+00 -0.0000e+00 -0.0000e+00 -0.0000e+00 -0.0000e+00 -0.0000e+00 -0.0000e+00 -0.0000e+00 -0.0000e+00 -0.0000e+00 -0.0000e+00
  -0.0000e+00 -0.0000e+00 -0.0000e+00 -0.0000e+00 -0.0000e+00 -0.0000e+00 -0.0000e+00 -0.0000e+00 -0.0000e+00 -0.0000e+00 -0.0000e+00 -0.0000e+00 -0.0000e+00 -0.0000e+00 -0.0000e+00 -0.0000e+00 -0.0000e+00 -0.0000e+00 -0.0000e+00 -0.0000e+00
  -0.0000e+00 -0.0000e+00 -0.0000e+00 -0.0000e+00 -0.0000e+00 -0.0000e+00 -0.0000e+00 -0.0000e+00 -0.0000e+00 -0.0000e+00 -0.0000e+00 -0.0000e+00 -0.0000e+00 -0.0000e+00 -0.0000e+00 -0.0000e+00 -0.0000e+00 -0.0000e+00 -0.0000e+00 -0.0000e+00
  -3.5000e-04 -0.0000e+00 -0.0000e+00 -0.0000e+00 -0.0000e+00 -0.0000e+00 -0.0000e+00 -0.0000e+00 -0.0000e+00 -0.0000e+00 -0.0000e+00 -0.0000e+00 -0.0000e+00 -0.0000e+00 -0.0000e+00 -0.0000e+00 -0.0000e+00 -0.0000e+00 -0.0000e+00 -0.0000e+00
  -0.0000e+00 -0.0000e+00 -0.0000e+00 -0.0000e+00 -0.0000e+00 -0.0000e+00 -0.0000e+00 -0.0000e+00 -0.0000e+00 -0.0000e+00 -0.0000e+00 -0.0000e+00 -0.0000e+00 -0.0000e+00 -0.0000e+00 -0.0000e+00 -0.0000e+00 -0.0000e+00 -0.0000e+00 -0.0000e+00
  -0.0000e+00 -0.0000e+00]
 [ 0.0000e+00  0.0000e+00  0.0000e+00  0.0000e+00  0.0000e+00  0.0000e+00 -0.0000e+00 -0.0000e+00 -0.0000e+00 -0.0000e+00 -0.0000e+00 -0.0000e+00 -0.0000e+00 -0.0000e+00 -0.0000e+00 -0.0000e+00 -0.0000e+00 -0.0000e+00 -0.0000e+00 -0.0000e+00
  -0.0000e+00 -0.0000e+00 -0.0000e+00 -0.0000e+00 -0.0000e+00 -0.0000e+00 -0.0000e+00 -0.0000e+00 -0.0000e+00 -0.0000e+00 -0.0000e+00 -0.0000e+00 -0.0000e+00 -0.0000e+00 -0.0000e+00 -0.0000e+00 -0.0000e+00 -0.0000e+00 -0.0000e+00 -0.0000e+00
  -0.0000e+00 -0.0000e+00 -0.0000e+00 -0.0000e+00 -0.0000e+00 -0.0000e+00 -0.0000e+00 -0.0000e+00 -0.0000e+00 -0.0000e+00 -0.0000e+00 -0.0000e+00 -0.0000e+00 -0.0000e+00 -0.0000e+00 -0.0000e+00 -0.0000e+00 -0.0000e+00 -0.0000e+00 -0.0000e+00
  -0.0000e+00 -4.3750e-04 -0.0000e+00 -0.0000e+00 -0.0000e+00 -0.0000e+00 -0.0000e+00 -0.0000e+00 -0.0000e+00 -0.0000e+00 -0.0000e+00 -0.0000e+00 -0.0000e+00 -0.0000e+00 -0.0000e+00 -0.0000e+00 -0.0000e+00 -0.0000e+00 -0.0000e+00 -0.0000e+00
  -0.0000e+00 -0.0000e+00 -0.0000e+00 -0.0000e+00 -0.0000e+00 -0.0000e+00 -0.0000e+00 -0.0000e+00 -0.0000e+00 -0.0000e+00 -0.0000e+00 -0.0000e+00 -0.0000e+00 -0.0000e+00 -0.0000e+00 -0.0000e+00 -0.0000e+00 -0.0000e+00 -0.0000e+00 -0.0000e+00
  -0.0000e+00 -0.0000e+00]
 [ 0.0000e+00  0.0000e+00  0.0000e+00  0.0000e+00  0.0000e+00  0.0000e+00 -0.0000e+00 -0.0000e+00 -0.0000e+00 -0.0000e+00 -0.0000e+00 -0.0000e+00 -0.0000e+00 -0.0000e+00 -0.0000e+00 -0.0000e+00 -0.0000e+00 -0.0000e+00 -0.0000e+00 -0.0000e+00
  -0.0000e+00 -0.0000e+00 -0.0000e+00 -0.0000e+00 -0.0000e+00 -0.0000e+00 -0.0000e+00 -0.0000e+00 -0.0000e+00 -0.0000e+00 -0.0000e+00 -0.0000e+00 -0.0000e+00 -0.0000e+00 -0.0000e+00 -0.0000e+00 -0.0000e+00 -0.0000e+00 -0.0000e+00 -0.0000e+00
  -0.0000e+00 -0.0000e+00 -0.0000e+00 -0.0000e+00 -0.0000e+00 -0.0000e+00 -0.0000e+00 -0.0000e+00 -0.0000e+00 -0.0000e+00 -0.0000e+00 -0.0000e+00 -0.0000e+00 -0.0000e+00 -0.0000e+00 -0.0000e+00 -0.0000e+00 -0.0000e+00 -0.0000e+00 -0.0000e+00
  -0.0000e+00 -0.0000e+00 -4.3750e-04 -0.0000e+00 -0.0000e+00 -0.0000e+00 -0.0000e+00 -0.0000e+00 -0.0000e+00 -0.0000e+00 -0.0000e+00 -0.0000e+00 -0.0000e+00 -0.0000e+00 -0.0000e+00 -0.0000e+00 -0.0000e+00 -0.0000e+00 -0.0000e+00 -0.0000e+00
  -0.0000e+00 -0.0000e+00 -0.0000e+00 -0.0000e+00 -0.0000e+00 -0.0000e+00 -0.0000e+00 -0.0000e+00 -0.0000e+00 -0.0000e+00 -0.0000e+00 -0.0000e+00 -0.0000e+00 -0.0000e+00 -0.0000e+00 -0.0000e+00 -0.0000e+00 -0.0000e+00 -0.0000e+00 -0.0000e+00
  -0.0000e+00 -0.0000e+00]
 [ 0.0000e+00  0.0000e+00  0.0000e+00  0.0000e+00  0.0000e+00  0.0000e+00 -0.0000e+00 -0.0000e+00 -0.0000e+00 -0.0000e+00 -0.0000e+00 -0.0000e+00 -0.0000e+00 -0.0000e+00 -0.0000e+00 -0.0000e+00 -0.0000e+00 -0.0000e+00 -0.0000e+00 -0.0000e+00
  -0.0000e+00 -0.0000e+00 -0.0000e+00 -0.0000e+00 -0.0000e+00 -0.0000e+00 -0.0000e+00 -0.0000e+00 -0.0000e+00 -0.0000e+00 -0.0000e+00 -0.0000e+00 -0.0000e+00 -0.0000e+00 -0.0000e+00 -0.0000e+00 -0.0000e+00 -0.0000e+00 -0.0000e+00 -0.0000e+00
  -0.0000e+00 -0.0000e+00 -0.0000e+00 -0.0000e+00 -0.0000e+00 -0.0000e+00 -0.0000e+00 -0.0000e+00 -0.0000e+00 -0.0000e+00 -0.0000e+00 -0.0000e+00 -0.0000e+00 -0.0000e+00 -0.0000e+00 -0.0000e+00 -0.0000e+00 -0.0000e+00 -0.0000e+00 -0.0000e+00
  -0.0000e+00 -0.0000e+00 -0.0000e+00 -2.1875e+02 -0.0000e+00 -0.0000e+00 -0.0000e+00 -0.0000e+00 -0.0000e+00 -0.0000e+00 -0.0000e+00 -0.0000e+00 -0.0000e+00 -0.0000e+00 -0.0000e+00 -0.0000e+00 -0.0000e+00 -0.0000e+00 -0.0000e+00 -0.0000e+00
  -0.0000e+00 -0.0000e+00 -0.0000e+00 -0.0000e+00 -0.0000e+00 -0.0000e+00 -0.0000e+00 -0.0000e+00 -0.0000e+00 -0.0000e+00 -0.0000e+00 -0.0000e+00 -0.0000e+00 -0.0000e+00 -0.0000e+00 -0.0000e+00 -0.0000e+00 -0.0000e+00 -0.0000e+00 -0.0000e+00
  -0.0000e+00 -0.0000e+00]
 [ 0.0000e+00  0.0000e+00  0.0000e+00  0.0000e+00  0.0000e+00  0.0000e+00 -0.0000e+00 -0.0000e+00 -0.0000e+00 -0.0000e+00 -0.0000e+00 -0.0000e+00 -0.0000e+00 -0.0000e+00 -0.0000e+00 -0.0000e+00 -0.0000e+00 -0.0000e+00 -0.0000e+00 -0.0000e+00
  -0.0000e+00 -0.0000e+00 -0.0000e+00 -0.0000e+00 -0.0000e+00 -0.0000e+00 -0.0000e+00 -0.0000e+00 -0.0000e+00 -0.0000e+00 -0.0000e+00 -0.0000e+00 -0.0000e+00 -0.0000e+00 -0.0000e+00 -0.0000e+00 -0.0000e+00 -0.0000e+00 -0.0000e+00 -0.0000e+00
  -0.0000e+00 -0.0000e+00 -0.0000e+00 -0.0000e+00 -0.0000e+00 -0.0000e+00 -0.0000e+00 -0.0000e+00 -0.0000e+00 -0.0000e+00 -0.0000e+00 -0.0000e+00 -0.0000e+00 -0.0000e+00 -0.0000e+00 -0.0000e+00 -0.0000e+00 -0.0000e+00 -0.0000e+00 -0.0000e+00
  -0.0000e+00 -0.0000e+00 -0.0000e+00 -0.0000e+00 -8.7500e+01 -0.0000e+00 -0.0000e+00 -0.0000e+00 -0.0000e+00 -0.0000e+00 -0.0000e+00 -0.0000e+00 -0.0000e+00 -0.0000e+00 -0.0000e+00 -0.0000e+00 -0.0000e+00 -0.0000e+00 -0.0000e+00 -0.0000e+00
  -0.0000e+00 -0.0000e+00 -0.0000e+00 -0.0000e+00 -0.0000e+00 -0.0000e+00 -0.0000e+00 -0.0000e+00 -0.0000e+00 -0.0000e+00 -0.0000e+00 -0.0000e+00 -0.0000e+00 -0.0000e+00 -0.0000e+00 -0.0000e+00 -0.0000e+00 -0.0000e+00 -0.0000e+00 -0.0000e+00
  -0.0000e+00 -0.0000e+00]
 [ 0.0000e+00  0.0000e+00  0.0000e+00  0.0000e+00  0.0000e+00  0.0000e+00 -0.0000e+00 -0.0000e+00 -0.0000e+00 -0.0000e+00 -0.0000e+00 -0.0000e+00 -0.0000e+00 -0.0000e+00 -0.0000e+00 -0.0000e+00 -0.0000e+00 -0.0000e+00 -0.0000e+00 -0.0000e+00
  -0.0000e+00 -0.0000e+00 -0.0000e+00 -0.0000e+00 -0.0000e+00 -0.0000e+00 -0.0000e+00 -0.0000e+00 -0.0000e+00 -0.0000e+00 -0.0000e+00 -0.0000e+00 -0.0000e+00 -0.0000e+00 -0.0000e+00 -0.0000e+00 -0.0000e+00 -0.0000e+00 -0.0000e+00 -0.0000e+00
  -0.0000e+00 -0.0000e+00 -0.0000e+00 -0.0000e+00 -0.0000e+00 -0.0000e+00 -0.0000e+00 -0.0000e+00 -0.0000e+00 -0.0000e+00 -0.0000e+00 -0.0000e+00 -0.0000e+00 -0.0000e+00 -0.0000e+00 -0.0000e+00 -0.0000e+00 -0.0000e+00 -0.0000e+00 -0.0000e+00
  -0.0000e+00 -0.0000e+00 -0.0000e+00 -0.0000e+00 -0.0000e+00 -8.7500e+01 -0.0000e+00 -0.0000e+00 -0.0000e+00 -0.0000e+00 -0.0000e+00 -0.0000e+00 -0.0000e+00 -0.0000e+00 -0.0000e+00 -0.0000e+00 -0.0000e+00 -0.0000e+00 -0.0000e+00 -0.0000e+00
  -0.0000e+00 -0.0000e+00 -0.0000e+00 -0.0000e+00 -0.0000e+00 -0.0000e+00 -0.0000e+00 -0.0000e+00 -0.0000e+00 -0.0000e+00 -0.0000e+00 -0.0000e+00 -0.0000e+00 -0.0000e+00 -0.0000e+00 -0.0000e+00 -0.0000e+00 -0.0000e+00 -0.0000e+00 -0.0000e+00
  -0.0000e+00 -0.0000e+00]
 [ 0.0000e+00  0.0000e+00  0.0000e+00  0.0000e+00  0.0000e+00  0.0000e+00 -0.0000e+00 -0.0000e+00 -0.0000e+00 -0.0000e+00 -0.0000e+00 -0.0000e+00 -0.0000e+00 -0.0000e+00 -0.0000e+00 -0.0000e+00 -0.0000e+00 -0.0000e+00 -0.0000e+00 -0.0000e+00
  -0.0000e+00 -0.0000e+00 -0.0000e+00 -0.0000e+00 -0.0000e+00 -0.0000e+00 -0.0000e+00 -0.0000e+00 -0.0000e+00 -0.0000e+00 -0.0000e+00 -0.0000e+00 -0.0000e+00 -0.0000e+00 -0.0000e+00 -0.0000e+00 -0.0000e+00 -0.0000e+00 -0.0000e+00 -0.0000e+00
  -0.0000e+00 -0.0000e+00 -0.0000e+00 -0.0000e+00 -0.0000e+00 -0.0000e+00 -0.0000e+00 -0.0000e+00 -0.0000e+00 -0.0000e+00 -0.0000e+00 -0.0000e+00 -0.0000e+00 -0.0000e+00 -0.0000e+00 -0.0000e+00 -0.0000e+00 -0.0000e+00 -0.0000e+00 -0.0000e+00
  -0.0000e+00 -0.0000e+00 -0.0000e+00 -0.0000e+00 -0.0000e+00 -0.0000e+00 -3.5000e-04 -0.0000e+00 -0.0000e+00 -0.0000e+00 -0.0000e+00 -0.0000e+00 -0.0000e+00 -0.0000e+00 -0.0000e+00 -0.0000e+00 -0.0000e+00 -0.0000e+00 -0.0000e+00 -0.0000e+00
  -0.0000e+00 -0.0000e+00 -0.0000e+00 -0.0000e+00 -0.0000e+00 -0.0000e+00 -0.0000e+00 -0.0000e+00 -0.0000e+00 -0.0000e+00 -0.0000e+00 -0.0000e+00 -0.0000e+00 -0.0000e+00 -0.0000e+00 -0.0000e+00 -0.0000e+00 -0.0000e+00 -0.0000e+00 -0.0000e+00
  -0.0000e+00 -0.0000e+00]
 [ 0.0000e+00  0.0000e+00  0.0000e+00  0.0000e+00  0.0000e+00  0.0000e+00 -0.0000e+00 -0.0000e+00 -0.0000e+00 -0.0000e+00 -0.0000e+00 -0.0000e+00 -0.0000e+00 -0.0000e+00 -0.0000e+00 -0.0000e+00 -0.0000e+00 -0.0000e+00 -0.0000e+00 -0.0000e+00
  -0.0000e+00 -0.0000e+00 -0.0000e+00 -0.0000e+00 -0.0000e+00 -0.0000e+00 -0.0000e+00 -0.0000e+00 -0.0000e+00 -0.0000e+00 -0.0000e+00 -0.0000e+00 -0.0000e+00 -0.0000e+00 -0.0000e+00 -0.0000e+00 -0.0000e+00 -0.0000e+00 -0.0000e+00 -0.0000e+00
  -0.0000e+00 -0.0000e+00 -0.0000e+00 -0.0000e+00 -0.0000e+00 -0.0000e+00 -0.0000e+00 -0.0000e+00 -0.0000e+00 -0.0000e+00 -0.0000e+00 -0.0000e+00 -0.0000e+00 -0.0000e+00 -0.0000e+00 -0.0000e+00 -0.0000e+00 -0.0000e+00 -0.0000e+00 -0.0000e+00
  -0.0000e+00 -0.0000e+00 -0.0000e+00 -0.0000e+00 -0.0000e+00 -0.0000e+00 -0.0000e+00 -4.3750e-04 -0.0000e+00 -0.0000e+00 -0.0000e+00 -0.0000e+00 -0.0000e+00 -0.0000e+00 -0.0000e+00 -0.0000e+00 -0.0000e+00 -0.0000e+00 -0.0000e+00 -0.0000e+00
  -0.0000e+00 -0.0000e+00 -0.0000e+00 -0.0000e+00 -0.0000e+00 -0.0000e+00 -0.0000e+00 -0.0000e+00 -0.0000e+00 -0.0000e+00 -0.0000e+00 -0.0000e+00 -0.0000e+00 -0.0000e+00 -0.0000e+00 -0.0000e+00 -0.0000e+00 -0.0000e+00 -0.0000e+00 -0.0000e+00
  -0.0000e+00 -0.0000e+00]
 [ 0.0000e+00  0.0000e+00  0.0000e+00  0.0000e+00  0.0000e+00  0.0000e+00 -0.0000e+00 -0.0000e+00 -0.0000e+00 -0.0000e+00 -0.0000e+00 -0.0000e+00 -0.0000e+00 -0.0000e+00 -0.0000e+00 -0.0000e+00 -0.0000e+00 -0.0000e+00 -0.0000e+00 -0.0000e+00
  -0.0000e+00 -0.0000e+00 -0.0000e+00 -0.0000e+00 -0.0000e+00 -0.0000e+00 -0.0000e+00 -0.0000e+00 -0.0000e+00 -0.0000e+00 -0.0000e+00 -0.0000e+00 -0.0000e+00 -0.0000e+00 -0.0000e+00 -0.0000e+00 -0.0000e+00 -0.0000e+00 -0.0000e+00 -0.0000e+00
  -0.0000e+00 -0.0000e+00 -0.0000e+00 -0.0000e+00 -0.0000e+00 -0.0000e+00 -0.0000e+00 -0.0000e+00 -0.0000e+00 -0.0000e+00 -0.0000e+00 -0.0000e+00 -0.0000e+00 -0.0000e+00 -0.0000e+00 -0.0000e+00 -0.0000e+00 -0.0000e+00 -0.0000e+00 -0.0000e+00
  -0.0000e+00 -0.0000e+00 -0.0000e+00 -0.0000e+00 -0.0000e+00 -0.0000e+00 -0.0000e+00 -0.0000e+00 -4.3750e-04 -0.0000e+00 -0.0000e+00 -0.0000e+00 -0.0000e+00 -0.0000e+00 -0.0000e+00 -0.0000e+00 -0.0000e+00 -0.0000e+00 -0.0000e+00 -0.0000e+00
  -0.0000e+00 -0.0000e+00 -0.0000e+00 -0.0000e+00 -0.0000e+00 -0.0000e+00 -0.0000e+00 -0.0000e+00 -0.0000e+00 -0.0000e+00 -0.0000e+00 -0.0000e+00 -0.0000e+00 -0.0000e+00 -0.0000e+00 -0.0000e+00 -0.0000e+00 -0.0000e+00 -0.0000e+00 -0.0000e+00
  -0.0000e+00 -0.0000e+00]
 [ 0.0000e+00  0.0000e+00  0.0000e+00  0.0000e+00  0.0000e+00  0.0000e+00 -0.0000e+00 -0.0000e+00 -0.0000e+00 -0.0000e+00 -0.0000e+00 -0.0000e+00 -0.0000e+00 -0.0000e+00 -0.0000e+00 -0.0000e+00 -0.0000e+00 -0.0000e+00 -0.0000e+00 -0.0000e+00
  -0.0000e+00 -0.0000e+00 -0.0000e+00 -0.0000e+00 -0.0000e+00 -0.0000e+00 -0.0000e+00 -0.0000e+00 -0.0000e+00 -0.0000e+00 -0.0000e+00 -0.0000e+00 -0.0000e+00 -0.0000e+00 -0.0000e+00 -0.0000e+00 -0.0000e+00 -0.0000e+00 -0.0000e+00 -0.0000e+00
  -0.0000e+00 -0.0000e+00 -0.0000e+00 -0.0000e+00 -0.0000e+00 -0.0000e+00 -0.0000e+00 -0.0000e+00 -0.0000e+00 -0.0000e+00 -0.0000e+00 -0.0000e+00 -0.0000e+00 -0.0000e+00 -0.0000e+00 -0.0000e+00 -0.0000e+00 -0.0000e+00 -0.0000e+00 -0.0000e+00
  -0.0000e+00 -0.0000e+00 -0.0000e+00 -0.0000e+00 -0.0000e+00 -0.0000e+00 -0.0000e+00 -0.0000e+00 -0.0000e+00 -2.1875e+02 -0.0000e+00 -0.0000e+00 -0.0000e+00 -0.0000e+00 -0.0000e+00 -0.0000e+00 -0.0000e+00 -0.0000e+00 -0.0000e+00 -0.0000e+00
  -0.0000e+00 -0.0000e+00 -0.0000e+00 -0.0000e+00 -0.0000e+00 -0.0000e+00 -0.0000e+00 -0.0000e+00 -0.0000e+00 -0.0000e+00 -0.0000e+00 -0.0000e+00 -0.0000e+00 -0.0000e+00 -0.0000e+00 -0.0000e+00 -0.0000e+00 -0.0000e+00 -0.0000e+00 -0.0000e+00
  -0.0000e+00 -0.0000e+00]
 [ 0.0000e+00  0.0000e+00  0.0000e+00  0.0000e+00  0.0000e+00  0.0000e+00 -0.0000e+00 -0.0000e+00 -0.0000e+00 -0.0000e+00 -0.0000e+00 -0.0000e+00 -0.0000e+00 -0.0000e+00 -0.0000e+00 -0.0000e+00 -0.0000e+00 -0.0000e+00 -0.0000e+00 -0.0000e+00
  -0.0000e+00 -0.0000e+00 -0.0000e+00 -0.0000e+00 -0.0000e+00 -0.0000e+00 -0.0000e+00 -0.0000e+00 -0.0000e+00 -0.0000e+00 -0.0000e+00 -0.0000e+00 -0.0000e+00 -0.0000e+00 -0.0000e+00 -0.0000e+00 -0.0000e+00 -0.0000e+00 -0.0000e+00 -0.0000e+00
  -0.0000e+00 -0.0000e+00 -0.0000e+00 -0.0000e+00 -0.0000e+00 -0.0000e+00 -0.0000e+00 -0.0000e+00 -0.0000e+00 -0.0000e+00 -0.0000e+00 -0.0000e+00 -0.0000e+00 -0.0000e+00 -0.0000e+00 -0.0000e+00 -0.0000e+00 -0.0000e+00 -0.0000e+00 -0.0000e+00
  -0.0000e+00 -0.0000e+00 -0.0000e+00 -0.0000e+00 -0.0000e+00 -0.0000e+00 -0.0000e+00 -0.0000e+00 -0.0000e+00 -0.0000e+00 -8.7500e+01 -0.0000e+00 -0.0000e+00 -0.0000e+00 -0.0000e+00 -0.0000e+00 -0.0000e+00 -0.0000e+00 -0.0000e+00 -0.0000e+00
  -0.0000e+00 -0.0000e+00 -0.0000e+00 -0.0000e+00 -0.0000e+00 -0.0000e+00 -0.0000e+00 -0.0000e+00 -0.0000e+00 -0.0000e+00 -0.0000e+00 -0.0000e+00 -0.0000e+00 -0.0000e+00 -0.0000e+00 -0.0000e+00 -0.0000e+00 -0.0000e+00 -0.0000e+00 -0.0000e+00
  -0.0000e+00 -0.0000e+00]
 [ 0.0000e+00  0.0000e+00  0.0000e+00  0.0000e+00  0.0000e+00  0.0000e+00 -0.0000e+00 -0.0000e+00 -0.0000e+00 -0.0000e+00 -0.0000e+00 -0.0000e+00 -0.0000e+00 -0.0000e+00 -0.0000e+00 -0.0000e+00 -0.0000e+00 -0.0000e+00 -0.0000e+00 -0.0000e+00
  -0.0000e+00 -0.0000e+00 -0.0000e+00 -0.0000e+00 -0.0000e+00 -0.0000e+00 -0.0000e+00 -0.0000e+00 -0.0000e+00 -0.0000e+00 -0.0000e+00 -0.0000e+00 -0.0000e+00 -0.0000e+00 -0.0000e+00 -0.0000e+00 -0.0000e+00 -0.0000e+00 -0.0000e+00 -0.0000e+00
  -0.0000e+00 -0.0000e+00 -0.0000e+00 -0.0000e+00 -0.0000e+00 -0.0000e+00 -0.0000e+00 -0.0000e+00 -0.0000e+00 -0.0000e+00 -0.0000e+00 -0.0000e+00 -0.0000e+00 -0.0000e+00 -0.0000e+00 -0.0000e+00 -0.0000e+00 -0.0000e+00 -0.0000e+00 -0.0000e+00
  -0.0000e+00 -0.0000e+00 -0.0000e+00 -0.0000e+00 -0.0000e+00 -0.0000e+00 -0.0000e+00 -0.0000e+00 -0.0000e+00 -0.0000e+00 -0.0000e+00 -8.7500e+01 -0.0000e+00 -0.0000e+00 -0.0000e+00 -0.0000e+00 -0.0000e+00 -0.0000e+00 -0.0000e+00 -0.0000e+00
  -0.0000e+00 -0.0000e+00 -0.0000e+00 -0.0000e+00 -0.0000e+00 -0.0000e+00 -0.0000e+00 -0.0000e+00 -0.0000e+00 -0.0000e+00 -0.0000e+00 -0.0000e+00 -0.0000e+00 -0.0000e+00 -0.0000e+00 -0.0000e+00 -0.0000e+00 -0.0000e+00 -0.0000e+00 -0.0000e+00
  -0.0000e+00 -0.0000e+00]
 [ 0.0000e+00  0.0000e+00  0.0000e+00  0.0000e+00  0.0000e+00  0.0000e+00 -0.0000e+00 -0.0000e+00 -0.0000e+00 -0.0000e+00 -0.0000e+00 -0.0000e+00 -0.0000e+00 -0.0000e+00 -0.0000e+00 -0.0000e+00 -0.0000e+00 -0.0000e+00 -0.0000e+00 -0.0000e+00
  -0.0000e+00 -0.0000e+00 -0.0000e+00 -0.0000e+00 -0.0000e+00 -0.0000e+00 -0.0000e+00 -0.0000e+00 -0.0000e+00 -0.0000e+00 -0.0000e+00 -0.0000e+00 -0.0000e+00 -0.0000e+00 -0.0000e+00 -0.0000e+00 -0.0000e+00 -0.0000e+00 -0.0000e+00 -0.0000e+00
  -0.0000e+00 -0.0000e+00 -0.0000e+00 -0.0000e+00 -0.0000e+00 -0.0000e+00 -0.0000e+00 -0.0000e+00 -0.0000e+00 -0.0000e+00 -0.0000e+00 -0.0000e+00 -0.0000e+00 -0.0000e+00 -0.0000e+00 -0.0000e+00 -0.0000e+00 -0.0000e+00 -0.0000e+00 -0.0000e+00
  -0.0000e+00 -0.0000e+00 -0.0000e+00 -0.0000e+00 -0.0000e+00 -0.0000e+00 -0.0000e+00 -0.0000e+00 -0.0000e+00 -0.0000e+00 -0.0000e+00 -0.0000e+00 -3.5000e-04 -0.0000e+00 -0.0000e+00 -0.0000e+00 -0.0000e+00 -0.0000e+00 -0.0000e+00 -0.0000e+00
  -0.0000e+00 -0.0000e+00 -0.0000e+00 -0.0000e+00 -0.0000e+00 -0.0000e+00 -0.0000e+00 -0.0000e+00 -0.0000e+00 -0.0000e+00 -0.0000e+00 -0.0000e+00 -0.0000e+00 -0.0000e+00 -0.0000e+00 -0.0000e+00 -0.0000e+00 -0.0000e+00 -0.0000e+00 -0.0000e+00
  -0.0000e+00 -0.0000e+00]
 [ 0.0000e+00  0.0000e+00  0.0000e+00  0.0000e+00  0.0000e+00  0.0000e+00 -0.0000e+00 -0.0000e+00 -0.0000e+00 -0.0000e+00 -0.0000e+00 -0.0000e+00 -0.0000e+00 -0.0000e+00 -0.0000e+00 -0.0000e+00 -0.0000e+00 -0.0000e+00 -0.0000e+00 -0.0000e+00
  -0.0000e+00 -0.0000e+00 -0.0000e+00 -0.0000e+00 -0.0000e+00 -0.0000e+00 -0.0000e+00 -0.0000e+00 -0.0000e+00 -0.0000e+00 -0.0000e+00 -0.0000e+00 -0.0000e+00 -0.0000e+00 -0.0000e+00 -0.0000e+00 -0.0000e+00 -0.0000e+00 -0.0000e+00 -0.0000e+00
  -0.0000e+00 -0.0000e+00 -0.0000e+00 -0.0000e+00 -0.0000e+00 -0.0000e+00 -0.0000e+00 -0.0000e+00 -0.0000e+00 -0.0000e+00 -0.0000e+00 -0.0000e+00 -0.0000e+00 -0.0000e+00 -0.0000e+00 -0.0000e+00 -0.0000e+00 -0.0000e+00 -0.0000e+00 -0.0000e+00
  -0.0000e+00 -0.0000e+00 -0.0000e+00 -0.0000e+00 -0.0000e+00 -0.0000e+00 -0.0000e+00 -0.0000e+00 -0.0000e+00 -0.0000e+00 -0.0000e+00 -0.0000e+00 -0.0000e+00 -4.3750e-04 -0.0000e+00 -0.0000e+00 -0.0000e+00 -0.0000e+00 -0.0000e+00 -0.0000e+00
  -0.0000e+00 -0.0000e+00 -0.0000e+00 -0.0000e+00 -0.0000e+00 -0.0000e+00 -0.0000e+00 -0.0000e+00 -0.0000e+00 -0.0000e+00 -0.0000e+00 -0.0000e+00 -0.0000e+00 -0.0000e+00 -0.0000e+00 -0.0000e+00 -0.0000e+00 -0.0000e+00 -0.0000e+00 -0.0000e+00
  -0.0000e+00 -0.0000e+00]
 [ 0.0000e+00  0.0000e+00  0.0000e+00  0.0000e+00  0.0000e+00  0.0000e+00 -0.0000e+00 -0.0000e+00 -0.0000e+00 -0.0000e+00 -0.0000e+00 -0.0000e+00 -0.0000e+00 -0.0000e+00 -0.0000e+00 -0.0000e+00 -0.0000e+00 -0.0000e+00 -0.0000e+00 -0.0000e+00
  -0.0000e+00 -0.0000e+00 -0.0000e+00 -0.0000e+00 -0.0000e+00 -0.0000e+00 -0.0000e+00 -0.0000e+00 -0.0000e+00 -0.0000e+00 -0.0000e+00 -0.0000e+00 -0.0000e+00 -0.0000e+00 -0.0000e+00 -0.0000e+00 -0.0000e+00 -0.0000e+00 -0.0000e+00 -0.0000e+00
  -0.0000e+00 -0.0000e+00 -0.0000e+00 -0.0000e+00 -0.0000e+00 -0.0000e+00 -0.0000e+00 -0.0000e+00 -0.0000e+00 -0.0000e+00 -0.0000e+00 -0.0000e+00 -0.0000e+00 -0.0000e+00 -0.0000e+00 -0.0000e+00 -0.0000e+00 -0.0000e+00 -0.0000e+00 -0.0000e+00
  -0.0000e+00 -0.0000e+00 -0.0000e+00 -0.0000e+00 -0.0000e+00 -0.0000e+00 -0.0000e+00 -0.0000e+00 -0.0000e+00 -0.0000e+00 -0.0000e+00 -0.0000e+00 -0.0000e+00 -0.0000e+00 -4.3750e-04 -0.0000e+00 -0.0000e+00 -0.0000e+00 -0.0000e+00 -0.0000e+00
  -0.0000e+00 -0.0000e+00 -0.0000e+00 -0.0000e+00 -0.0000e+00 -0.0000e+00 -0.0000e+00 -0.0000e+00 -0.0000e+00 -0.0000e+00 -0.0000e+00 -0.0000e+00 -0.0000e+00 -0.0000e+00 -0.0000e+00 -0.0000e+00 -0.0000e+00 -0.0000e+00 -0.0000e+00 -0.0000e+00
  -0.0000e+00 -0.0000e+00]
 [ 0.0000e+00  0.0000e+00  0.0000e+00  0.0000e+00  0.0000e+00  0.0000e+00 -0.0000e+00 -0.0000e+00 -0.0000e+00 -0.0000e+00 -0.0000e+00 -0.0000e+00 -0.0000e+00 -0.0000e+00 -0.0000e+00 -0.0000e+00 -0.0000e+00 -0.0000e+00 -0.0000e+00 -0.0000e+00
  -0.0000e+00 -0.0000e+00 -0.0000e+00 -0.0000e+00 -0.0000e+00 -0.0000e+00 -0.0000e+00 -0.0000e+00 -0.0000e+00 -0.0000e+00 -0.0000e+00 -0.0000e+00 -0.0000e+00 -0.0000e+00 -0.0000e+00 -0.0000e+00 -0.0000e+00 -0.0000e+00 -0.0000e+00 -0.0000e+00
  -0.0000e+00 -0.0000e+00 -0.0000e+00 -0.0000e+00 -0.0000e+00 -0.0000e+00 -0.0000e+00 -0.0000e+00 -0.0000e+00 -0.0000e+00 -0.0000e+00 -0.0000e+00 -0.0000e+00 -0.0000e+00 -0.0000e+00 -0.0000e+00 -0.0000e+00 -0.0000e+00 -0.0000e+00 -0.0000e+00
  -0.0000e+00 -0.0000e+00 -0.0000e+00 -0.0000e+00 -0.0000e+00 -0.0000e+00 -0.0000e+00 -0.0000e+00 -0.0000e+00 -0.0000e+00 -0.0000e+00 -0.0000e+00 -0.0000e+00 -0.0000e+00 -0.0000e+00 -2.1875e+02 -0.0000e+00 -0.0000e+00 -0.0000e+00 -0.0000e+00
  -0.0000e+00 -0.0000e+00 -0.0000e+00 -0.0000e+00 -0.0000e+00 -0.0000e+00 -0.0000e+00 -0.0000e+00 -0.0000e+00 -0.0000e+00 -0.0000e+00 -0.0000e+00 -0.0000e+00 -0.0000e+00 -0.0000e+00 -0.0000e+00 -0.0000e+00 -0.0000e+00 -0.0000e+00 -0.0000e+00
  -0.0000e+00 -0.0000e+00]
 [ 0.0000e+00  0.0000e+00  0.0000e+00  0.0000e+00  0.0000e+00  0.0000e+00 -0.0000e+00 -0.0000e+00 -0.0000e+00 -0.0000e+00 -0.0000e+00 -0.0000e+00 -0.0000e+00 -0.0000e+00 -0.0000e+00 -0.0000e+00 -0.0000e+00 -0.0000e+00 -0.0000e+00 -0.0000e+00
  -0.0000e+00 -0.0000e+00 -0.0000e+00 -0.0000e+00 -0.0000e+00 -0.0000e+00 -0.0000e+00 -0.0000e+00 -0.0000e+00 -0.0000e+00 -0.0000e+00 -0.0000e+00 -0.0000e+00 -0.0000e+00 -0.0000e+00 -0.0000e+00 -0.0000e+00 -0.0000e+00 -0.0000e+00 -0.0000e+00
  -0.0000e+00 -0.0000e+00 -0.0000e+00 -0.0000e+00 -0.0000e+00 -0.0000e+00 -0.0000e+00 -0.0000e+00 -0.0000e+00 -0.0000e+00 -0.0000e+00 -0.0000e+00 -0.0000e+00 -0.0000e+00 -0.0000e+00 -0.0000e+00 -0.0000e+00 -0.0000e+00 -0.0000e+00 -0.0000e+00
  -0.0000e+00 -0.0000e+00 -0.0000e+00 -0.0000e+00 -0.0000e+00 -0.0000e+00 -0.0000e+00 -0.0000e+00 -0.0000e+00 -0.0000e+00 -0.0000e+00 -0.0000e+00 -0.0000e+00 -0.0000e+00 -0.0000e+00 -0.0000e+00 -8.7500e+01 -0.0000e+00 -0.0000e+00 -0.0000e+00
  -0.0000e+00 -0.0000e+00 -0.0000e+00 -0.0000e+00 -0.0000e+00 -0.0000e+00 -0.0000e+00 -0.0000e+00 -0.0000e+00 -0.0000e+00 -0.0000e+00 -0.0000e+00 -0.0000e+00 -0.0000e+00 -0.0000e+00 -0.0000e+00 -0.0000e+00 -0.0000e+00 -0.0000e+00 -0.0000e+00
  -0.0000e+00 -0.0000e+00]
 [ 0.0000e+00  0.0000e+00  0.0000e+00  0.0000e+00  0.0000e+00  0.0000e+00 -0.0000e+00 -0.0000e+00 -0.0000e+00 -0.0000e+00 -0.0000e+00 -0.0000e+00 -0.0000e+00 -0.0000e+00 -0.0000e+00 -0.0000e+00 -0.0000e+00 -0.0000e+00 -0.0000e+00 -0.0000e+00
  -0.0000e+00 -0.0000e+00 -0.0000e+00 -0.0000e+00 -0.0000e+00 -0.0000e+00 -0.0000e+00 -0.0000e+00 -0.0000e+00 -0.0000e+00 -0.0000e+00 -0.0000e+00 -0.0000e+00 -0.0000e+00 -0.0000e+00 -0.0000e+00 -0.0000e+00 -0.0000e+00 -0.0000e+00 -0.0000e+00
  -0.0000e+00 -0.0000e+00 -0.0000e+00 -0.0000e+00 -0.0000e+00 -0.0000e+00 -0.0000e+00 -0.0000e+00 -0.0000e+00 -0.0000e+00 -0.0000e+00 -0.0000e+00 -0.0000e+00 -0.0000e+00 -0.0000e+00 -0.0000e+00 -0.0000e+00 -0.0000e+00 -0.0000e+00 -0.0000e+00
  -0.0000e+00 -0.0000e+00 -0.0000e+00 -0.0000e+00 -0.0000e+00 -0.0000e+00 -0.0000e+00 -0.0000e+00 -0.0000e+00 -0.0000e+00 -0.0000e+00 -0.0000e+00 -0.0000e+00 -0.0000e+00 -0.0000e+00 -0.0000e+00 -0.0000e+00 -8.7500e+01 -0.0000e+00 -0.0000e+00
  -0.0000e+00 -0.0000e+00 -0.0000e+00 -0.0000e+00 -0.0000e+00 -0.0000e+00 -0.0000e+00 -0.0000e+00 -0.0000e+00 -0.0000e+00 -0.0000e+00 -0.0000e+00 -0.0000e+00 -0.0000e+00 -0.0000e+00 -0.0000e+00 -0.0000e+00 -0.0000e+00 -0.0000e+00 -0.0000e+00
  -0.0000e+00 -0.0000e+00]
 [ 0.0000e+00  0.0000e+00  0.0000e+00  0.0000e+00  0.0000e+00  0.0000e+00 -0.0000e+00 -0.0000e+00 -0.0000e+00 -0.0000e+00 -0.0000e+00 -0.0000e+00 -0.0000e+00 -0.0000e+00 -0.0000e+00 -0.0000e+00 -0.0000e+00 -0.0000e+00 -0.0000e+00 -0.0000e+00
  -0.0000e+00 -0.0000e+00 -0.0000e+00 -0.0000e+00 -0.0000e+00 -0.0000e+00 -0.0000e+00 -0.0000e+00 -0.0000e+00 -0.0000e+00 -0.0000e+00 -0.0000e+00 -0.0000e+00 -0.0000e+00 -0.0000e+00 -0.0000e+00 -0.0000e+00 -0.0000e+00 -0.0000e+00 -0.0000e+00
  -0.0000e+00 -0.0000e+00 -0.0000e+00 -0.0000e+00 -0.0000e+00 -0.0000e+00 -0.0000e+00 -0.0000e+00 -0.0000e+00 -0.0000e+00 -0.0000e+00 -0.0000e+00 -0.0000e+00 -0.0000e+00 -0.0000e+00 -0.0000e+00 -0.0000e+00 -0.0000e+00 -0.0000e+00 -0.0000e+00
  -0.0000e+00 -0.0000e+00 -0.0000e+00 -0.0000e+00 -0.0000e+00 -0.0000e+00 -0.0000e+00 -0.0000e+00 -0.0000e+00 -0.0000e+00 -0.0000e+00 -0.0000e+00 -0.0000e+00 -0.0000e+00 -0.0000e+00 -0.0000e+00 -0.0000e+00 -0.0000e+00 -3.5000e-04 -0.0000e+00
  -0.0000e+00 -0.0000e+00 -0.0000e+00 -0.0000e+00 -0.0000e+00 -0.0000e+00 -0.0000e+00 -0.0000e+00 -0.0000e+00 -0.0000e+00 -0.0000e+00 -0.0000e+00 -0.0000e+00 -0.0000e+00 -0.0000e+00 -0.0000e+00 -0.0000e+00 -0.0000e+00 -0.0000e+00 -0.0000e+00
  -0.0000e+00 -0.0000e+00]
 [ 0.0000e+00  0.0000e+00  0.0000e+00  0.0000e+00  0.0000e+00  0.0000e+00 -0.0000e+00 -0.0000e+00 -0.0000e+00 -0.0000e+00 -0.0000e+00 -0.0000e+00 -0.0000e+00 -0.0000e+00 -0.0000e+00 -0.0000e+00 -0.0000e+00 -0.0000e+00 -0.0000e+00 -0.0000e+00
  -0.0000e+00 -0.0000e+00 -0.0000e+00 -0.0000e+00 -0.0000e+00 -0.0000e+00 -0.0000e+00 -0.0000e+00 -0.0000e+00 -0.0000e+00 -0.0000e+00 -0.0000e+00 -0.0000e+00 -0.0000e+00 -0.0000e+00 -0.0000e+00 -0.0000e+00 -0.0000e+00 -0.0000e+00 -0.0000e+00
  -0.0000e+00 -0.0000e+00 -0.0000e+00 -0.0000e+00 -0.0000e+00 -0.0000e+00 -0.0000e+00 -0.0000e+00 -0.0000e+00 -0.0000e+00 -0.0000e+00 -0.0000e+00 -0.0000e+00 -0.0000e+00 -0.0000e+00 -0.0000e+00 -0.0000e+00 -0.0000e+00 -0.0000e+00 -0.0000e+00
  -0.0000e+00 -0.0000e+00 -0.0000e+00 -0.0000e+00 -0.0000e+00 -0.0000e+00 -0.0000e+00 -0.0000e+00 -0.0000e+00 -0.0000e+00 -0.0000e+00 -0.0000e+00 -0.0000e+00 -0.0000e+00 -0.0000e+00 -0.0000e+00 -0.0000e+00 -0.0000e+00 -0.0000e+00 -4.3750e-04
  -0.0000e+00 -0.0000e+00 -0.0000e+00 -0.0000e+00 -0.0000e+00 -0.0000e+00 -0.0000e+00 -0.0000e+00 -0.0000e+00 -0.0000e+00 -0.0000e+00 -0.0000e+00 -0.0000e+00 -0.0000e+00 -0.0000e+00 -0.0000e+00 -0.0000e+00 -0.0000e+00 -0.0000e+00 -0.0000e+00
  -0.0000e+00 -0.0000e+00]
 [ 0.0000e+00  0.0000e+00  0.0000e+00  0.0000e+00  0.0000e+00  0.0000e+00 -0.0000e+00 -0.0000e+00 -0.0000e+00 -0.0000e+00 -0.0000e+00 -0.0000e+00 -0.0000e+00 -0.0000e+00 -0.0000e+00 -0.0000e+00 -0.0000e+00 -0.0000e+00 -0.0000e+00 -0.0000e+00
  -0.0000e+00 -0.0000e+00 -0.0000e+00 -0.0000e+00 -0.0000e+00 -0.0000e+00 -0.0000e+00 -0.0000e+00 -0.0000e+00 -0.0000e+00 -0.0000e+00 -0.0000e+00 -0.0000e+00 -0.0000e+00 -0.0000e+00 -0.0000e+00 -0.0000e+00 -0.0000e+00 -0.0000e+00 -0.0000e+00
  -0.0000e+00 -0.0000e+00 -0.0000e+00 -0.0000e+00 -0.0000e+00 -0.0000e+00 -0.0000e+00 -0.0000e+00 -0.0000e+00 -0.0000e+00 -0.0000e+00 -0.0000e+00 -0.0000e+00 -0.0000e+00 -0.0000e+00 -0.0000e+00 -0.0000e+00 -0.0000e+00 -0.0000e+00 -0.0000e+00
  -0.0000e+00 -0.0000e+00 -0.0000e+00 -0.0000e+00 -0.0000e+00 -0.0000e+00 -0.0000e+00 -0.0000e+00 -0.0000e+00 -0.0000e+00 -0.0000e+00 -0.0000e+00 -0.0000e+00 -0.0000e+00 -0.0000e+00 -0.0000e+00 -0.0000e+00 -0.0000e+00 -0.0000e+00 -0.0000e+00
  -4.3750e-04 -0.0000e+00 -0.0000e+00 -0.0000e+00 -0.0000e+00 -0.0000e+00 -0.0000e+00 -0.0000e+00 -0.0000e+00 -0.0000e+00 -0.0000e+00 -0.0000e+00 -0.0000e+00 -0.0000e+00 -0.0000e+00 -0.0000e+00 -0.0000e+00 -0.0000e+00 -0.0000e+00 -0.0000e+00
  -0.0000e+00 -0.0000e+00]
 [ 0.0000e+00  0.0000e+00  0.0000e+00  0.0000e+00  0.0000e+00  0.0000e+00 -0.0000e+00 -0.0000e+00 -0.0000e+00 -0.0000e+00 -0.0000e+00 -0.0000e+00 -0.0000e+00 -0.0000e+00 -0.0000e+00 -0.0000e+00 -0.0000e+00 -0.0000e+00 -0.0000e+00 -0.0000e+00
  -0.0000e+00 -0.0000e+00 -0.0000e+00 -0.0000e+00 -0.0000e+00 -0.0000e+00 -0.0000e+00 -0.0000e+00 -0.0000e+00 -0.0000e+00 -0.0000e+00 -0.0000e+00 -0.0000e+00 -0.0000e+00 -0.0000e+00 -0.0000e+00 -0.0000e+00 -0.0000e+00 -0.0000e+00 -0.0000e+00
  -0.0000e+00 -0.0000e+00 -0.0000e+00 -0.0000e+00 -0.0000e+00 -0.0000e+00 -0.0000e+00 -0.0000e+00 -0.0000e+00 -0.0000e+00 -0.0000e+00 -0.0000e+00 -0.0000e+00 -0.0000e+00 -0.0000e+00 -0.0000e+00 -0.0000e+00 -0.0000e+00 -0.0000e+00 -0.0000e+00
  -0.0000e+00 -0.0000e+00 -0.0000e+00 -0.0000e+00 -0.0000e+00 -0.0000e+00 -0.0000e+00 -0.0000e+00 -0.0000e+00 -0.0000e+00 -0.0000e+00 -0.0000e+00 -0.0000e+00 -0.0000e+00 -0.0000e+00 -0.0000e+00 -0.0000e+00 -0.0000e+00 -0.0000e+00 -0.0000e+00
  -0.0000e+00 -2.1875e+02 -0.0000e+00 -0.0000e+00 -0.0000e+00 -0.0000e+00 -0.0000e+00 -0.0000e+00 -0.0000e+00 -0.0000e+00 -0.0000e+00 -0.0000e+00 -0.0000e+00 -0.0000e+00 -0.0000e+00 -0.0000e+00 -0.0000e+00 -0.0000e+00 -0.0000e+00 -0.0000e+00
  -0.0000e+00 -0.0000e+00]
 [ 0.0000e+00  0.0000e+00  0.0000e+00  0.0000e+00  0.0000e+00  0.0000e+00 -0.0000e+00 -0.0000e+00 -0.0000e+00 -0.0000e+00 -0.0000e+00 -0.0000e+00 -0.0000e+00 -0.0000e+00 -0.0000e+00 -0.0000e+00 -0.0000e+00 -0.0000e+00 -0.0000e+00 -0.0000e+00
  -0.0000e+00 -0.0000e+00 -0.0000e+00 -0.0000e+00 -0.0000e+00 -0.0000e+00 -0.0000e+00 -0.0000e+00 -0.0000e+00 -0.0000e+00 -0.0000e+00 -0.0000e+00 -0.0000e+00 -0.0000e+00 -0.0000e+00 -0.0000e+00 -0.0000e+00 -0.0000e+00 -0.0000e+00 -0.0000e+00
  -0.0000e+00 -0.0000e+00 -0.0000e+00 -0.0000e+00 -0.0000e+00 -0.0000e+00 -0.0000e+00 -0.0000e+00 -0.0000e+00 -0.0000e+00 -0.0000e+00 -0.0000e+00 -0.0000e+00 -0.0000e+00 -0.0000e+00 -0.0000e+00 -0.0000e+00 -0.0000e+00 -0.0000e+00 -0.0000e+00
  -0.0000e+00 -0.0000e+00 -0.0000e+00 -0.0000e+00 -0.0000e+00 -0.0000e+00 -0.0000e+00 -0.0000e+00 -0.0000e+00 -0.0000e+00 -0.0000e+00 -0.0000e+00 -0.0000e+00 -0.0000e+00 -0.0000e+00 -0.0000e+00 -0.0000e+00 -0.0000e+00 -0.0000e+00 -0.0000e+00
  -0.0000e+00 -0.0000e+00 -8.7500e+01 -0.0000e+00 -0.0000e+00 -0.0000e+00 -0.0000e+00 -0.0000e+00 -0.0000e+00 -0.0000e+00 -0.0000e+00 -0.0000e+00 -0.0000e+00 -0.0000e+00 -0.0000e+00 -0.0000e+00 -0.0000e+00 -0.0000e+00 -0.0000e+00 -0.0000e+00
  -0.0000e+00 -0.0000e+00]
 [ 0.0000e+00  0.0000e+00  0.0000e+00  0.0000e+00  0.0000e+00  0.0000e+00 -0.0000e+00 -0.0000e+00 -0.0000e+00 -0.0000e+00 -0.0000e+00 -0.0000e+00 -0.0000e+00 -0.0000e+00 -0.0000e+00 -0.0000e+00 -0.0000e+00 -0.0000e+00 -0.0000e+00 -0.0000e+00
  -0.0000e+00 -0.0000e+00 -0.0000e+00 -0.0000e+00 -0.0000e+00 -0.0000e+00 -0.0000e+00 -0.0000e+00 -0.0000e+00 -0.0000e+00 -0.0000e+00 -0.0000e+00 -0.0000e+00 -0.0000e+00 -0.0000e+00 -0.0000e+00 -0.0000e+00 -0.0000e+00 -0.0000e+00 -0.0000e+00
  -0.0000e+00 -0.0000e+00 -0.0000e+00 -0.0000e+00 -0.0000e+00 -0.0000e+00 -0.0000e+00 -0.0000e+00 -0.0000e+00 -0.0000e+00 -0.0000e+00 -0.0000e+00 -0.0000e+00 -0.0000e+00 -0.0000e+00 -0.0000e+00 -0.0000e+00 -0.0000e+00 -0.0000e+00 -0.0000e+00
  -0.0000e+00 -0.0000e+00 -0.0000e+00 -0.0000e+00 -0.0000e+00 -0.0000e+00 -0.0000e+00 -0.0000e+00 -0.0000e+00 -0.0000e+00 -0.0000e+00 -0.0000e+00 -0.0000e+00 -0.0000e+00 -0.0000e+00 -0.0000e+00 -0.0000e+00 -0.0000e+00 -0.0000e+00 -0.0000e+00
  -0.0000e+00 -0.0000e+00 -0.0000e+00 -8.7500e+01 -0.0000e+00 -0.0000e+00 -0.0000e+00 -0.0000e+00 -0.0000e+00 -0.0000e+00 -0.0000e+00 -0.0000e+00 -0.0000e+00 -0.0000e+00 -0.0000e+00 -0.0000e+00 -0.0000e+00 -0.0000e+00 -0.0000e+00 -0.0000e+00
  -0.0000e+00 -0.0000e+00]
 [ 0.0000e+00  0.0000e+00  0.0000e+00  0.0000e+00  0.0000e+00  0.0000e+00 -0.0000e+00 -0.0000e+00 -0.0000e+00 -0.0000e+00 -0.0000e+00 -0.0000e+00 -0.0000e+00 -0.0000e+00 -0.0000e+00 -0.0000e+00 -0.0000e+00 -0.0000e+00 -0.0000e+00 -0.0000e+00
  -0.0000e+00 -0.0000e+00 -0.0000e+00 -0.0000e+00 -0.0000e+00 -0.0000e+00 -0.0000e+00 -0.0000e+00 -0.0000e+00 -0.0000e+00 -0.0000e+00 -0.0000e+00 -0.0000e+00 -0.0000e+00 -0.0000e+00 -0.0000e+00 -0.0000e+00 -0.0000e+00 -0.0000e+00 -0.0000e+00
  -0.0000e+00 -0.0000e+00 -0.0000e+00 -0.0000e+00 -0.0000e+00 -0.0000e+00 -0.0000e+00 -0.0000e+00 -0.0000e+00 -0.0000e+00 -0.0000e+00 -0.0000e+00 -0.0000e+00 -0.0000e+00 -0.0000e+00 -0.0000e+00 -0.0000e+00 -0.0000e+00 -0.0000e+00 -0.0000e+00
  -0.0000e+00 -0.0000e+00 -0.0000e+00 -0.0000e+00 -0.0000e+00 -0.0000e+00 -0.0000e+00 -0.0000e+00 -0.0000e+00 -0.0000e+00 -0.0000e+00 -0.0000e+00 -0.0000e+00 -0.0000e+00 -0.0000e+00 -0.0000e+00 -0.0000e+00 -0.0000e+00 -0.0000e+00 -0.0000e+00
  -0.0000e+00 -0.0000e+00 -0.0000e+00 -0.0000e+00 -3.5000e-04 -0.0000e+00 -0.0000e+00 -0.0000e+00 -0.0000e+00 -0.0000e+00 -0.0000e+00 -0.0000e+00 -0.0000e+00 -0.0000e+00 -0.0000e+00 -0.0000e+00 -0.0000e+00 -0.0000e+00 -0.0000e+00 -0.0000e+00
  -0.0000e+00 -0.0000e+00]
 [ 0.0000e+00  0.0000e+00  0.0000e+00  0.0000e+00  0.0000e+00  0.0000e+00 -0.0000e+00 -0.0000e+00 -0.0000e+00 -0.0000e+00 -0.0000e+00 -0.0000e+00 -0.0000e+00 -0.0000e+00 -0.0000e+00 -0.0000e+00 -0.0000e+00 -0.0000e+00 -0.0000e+00 -0.0000e+00
  -0.0000e+00 -0.0000e+00 -0.0000e+00 -0.0000e+00 -0.0000e+00 -0.0000e+00 -0.0000e+00 -0.0000e+00 -0.0000e+00 -0.0000e+00 -0.0000e+00 -0.0000e+00 -0.0000e+00 -0.0000e+00 -0.0000e+00 -0.0000e+00 -0.0000e+00 -0.0000e+00 -0.0000e+00 -0.0000e+00
  -0.0000e+00 -0.0000e+00 -0.0000e+00 -0.0000e+00 -0.0000e+00 -0.0000e+00 -0.0000e+00 -0.0000e+00 -0.0000e+00 -0.0000e+00 -0.0000e+00 -0.0000e+00 -0.0000e+00 -0.0000e+00 -0.0000e+00 -0.0000e+00 -0.0000e+00 -0.0000e+00 -0.0000e+00 -0.0000e+00
  -0.0000e+00 -0.0000e+00 -0.0000e+00 -0.0000e+00 -0.0000e+00 -0.0000e+00 -0.0000e+00 -0.0000e+00 -0.0000e+00 -0.0000e+00 -0.0000e+00 -0.0000e+00 -0.0000e+00 -0.0000e+00 -0.0000e+00 -0.0000e+00 -0.0000e+00 -0.0000e+00 -0.0000e+00 -0.0000e+00
  -0.0000e+00 -0.0000e+00 -0.0000e+00 -0.0000e+00 -0.0000e+00 -4.3750e-04 -0.0000e+00 -0.0000e+00 -0.0000e+00 -0.0000e+00 -0.0000e+00 -0.0000e+00 -0.0000e+00 -0.0000e+00 -0.0000e+00 -0.0000e+00 -0.0000e+00 -0.0000e+00 -0.0000e+00 -0.0000e+00
  -0.0000e+00 -0.0000e+00]
 [ 0.0000e+00  0.0000e+00  0.0000e+00  0.0000e+00  0.0000e+00  0.0000e+00 -0.0000e+00 -0.0000e+00 -0.0000e+00 -0.0000e+00 -0.0000e+00 -0.0000e+00 -0.0000e+00 -0.0000e+00 -0.0000e+00 -0.0000e+00 -0.0000e+00 -0.0000e+00 -0.0000e+00 -0.0000e+00
  -0.0000e+00 -0.0000e+00 -0.0000e+00 -0.0000e+00 -0.0000e+00 -0.0000e+00 -0.0000e+00 -0.0000e+00 -0.0000e+00 -0.0000e+00 -0.0000e+00 -0.0000e+00 -0.0000e+00 -0.0000e+00 -0.0000e+00 -0.0000e+00 -0.0000e+00 -0.0000e+00 -0.0000e+00 -0.0000e+00
  -0.0000e+00 -0.0000e+00 -0.0000e+00 -0.0000e+00 -0.0000e+00 -0.0000e+00 -0.0000e+00 -0.0000e+00 -0.0000e+00 -0.0000e+00 -0.0000e+00 -0.0000e+00 -0.0000e+00 -0.0000e+00 -0.0000e+00 -0.0000e+00 -0.0000e+00 -0.0000e+00 -0.0000e+00 -0.0000e+00
  -0.0000e+00 -0.0000e+00 -0.0000e+00 -0.0000e+00 -0.0000e+00 -0.0000e+00 -0.0000e+00 -0.0000e+00 -0.0000e+00 -0.0000e+00 -0.0000e+00 -0.0000e+00 -0.0000e+00 -0.0000e+00 -0.0000e+00 -0.0000e+00 -0.0000e+00 -0.0000e+00 -0.0000e+00 -0.0000e+00
  -0.0000e+00 -0.0000e+00 -0.0000e+00 -0.0000e+00 -0.0000e+00 -0.0000e+00 -4.3750e-04 -0.0000e+00 -0.0000e+00 -0.0000e+00 -0.0000e+00 -0.0000e+00 -0.0000e+00 -0.0000e+00 -0.0000e+00 -0.0000e+00 -0.0000e+00 -0.0000e+00 -0.0000e+00 -0.0000e+00
  -0.0000e+00 -0.0000e+00]
 [ 0.0000e+00  0.0000e+00  0.0000e+00  0.0000e+00  0.0000e+00  0.0000e+00 -0.0000e+00 -0.0000e+00 -0.0000e+00 -0.0000e+00 -0.0000e+00 -0.0000e+00 -0.0000e+00 -0.0000e+00 -0.0000e+00 -0.0000e+00 -0.0000e+00 -0.0000e+00 -0.0000e+00 -0.0000e+00
  -0.0000e+00 -0.0000e+00 -0.0000e+00 -0.0000e+00 -0.0000e+00 -0.0000e+00 -0.0000e+00 -0.0000e+00 -0.0000e+00 -0.0000e+00 -0.0000e+00 -0.0000e+00 -0.0000e+00 -0.0000e+00 -0.0000e+00 -0.0000e+00 -0.0000e+00 -0.0000e+00 -0.0000e+00 -0.0000e+00
  -0.0000e+00 -0.0000e+00 -0.0000e+00 -0.0000e+00 -0.0000e+00 -0.0000e+00 -0.0000e+00 -0.0000e+00 -0.0000e+00 -0.0000e+00 -0.0000e+00 -0.0000e+00 -0.0000e+00 -0.0000e+00 -0.0000e+00 -0.0000e+00 -0.0000e+00 -0.0000e+00 -0.0000e+00 -0.0000e+00
  -0.0000e+00 -0.0000e+00 -0.0000e+00 -0.0000e+00 -0.0000e+00 -0.0000e+00 -0.0000e+00 -0.0000e+00 -0.0000e+00 -0.0000e+00 -0.0000e+00 -0.0000e+00 -0.0000e+00 -0.0000e+00 -0.0000e+00 -0.0000e+00 -0.0000e+00 -0.0000e+00 -0.0000e+00 -0.0000e+00
  -0.0000e+00 -0.0000e+00 -0.0000e+00 -0.0000e+00 -0.0000e+00 -0.0000e+00 -0.0000e+00 -2.1875e+02 -0.0000e+00 -0.0000e+00 -0.0000e+00 -0.0000e+00 -0.0000e+00 -0.0000e+00 -0.0000e+00 -0.0000e+00 -0.0000e+00 -0.0000e+00 -0.0000e+00 -0.0000e+00
  -0.0000e+00 -0.0000e+00]
 [ 0.0000e+00  0.0000e+00  0.0000e+00  0.0000e+00  0.0000e+00  0.0000e+00 -0.0000e+00 -0.0000e+00 -0.0000e+00 -0.0000e+00 -0.0000e+00 -0.0000e+00 -0.0000e+00 -0.0000e+00 -0.0000e+00 -0.0000e+00 -0.0000e+00 -0.0000e+00 -0.0000e+00 -0.0000e+00
  -0.0000e+00 -0.0000e+00 -0.0000e+00 -0.0000e+00 -0.0000e+00 -0.0000e+00 -0.0000e+00 -0.0000e+00 -0.0000e+00 -0.0000e+00 -0.0000e+00 -0.0000e+00 -0.0000e+00 -0.0000e+00 -0.0000e+00 -0.0000e+00 -0.0000e+00 -0.0000e+00 -0.0000e+00 -0.0000e+00
  -0.0000e+00 -0.0000e+00 -0.0000e+00 -0.0000e+00 -0.0000e+00 -0.0000e+00 -0.0000e+00 -0.0000e+00 -0.0000e+00 -0.0000e+00 -0.0000e+00 -0.0000e+00 -0.0000e+00 -0.0000e+00 -0.0000e+00 -0.0000e+00 -0.0000e+00 -0.0000e+00 -0.0000e+00 -0.0000e+00
  -0.0000e+00 -0.0000e+00 -0.0000e+00 -0.0000e+00 -0.0000e+00 -0.0000e+00 -0.0000e+00 -0.0000e+00 -0.0000e+00 -0.0000e+00 -0.0000e+00 -0.0000e+00 -0.0000e+00 -0.0000e+00 -0.0000e+00 -0.0000e+00 -0.0000e+00 -0.0000e+00 -0.0000e+00 -0.0000e+00
  -0.0000e+00 -0.0000e+00 -0.0000e+00 -0.0000e+00 -0.0000e+00 -0.0000e+00 -0.0000e+00 -0.0000e+00 -8.7500e+01 -0.0000e+00 -0.0000e+00 -0.0000e+00 -0.0000e+00 -0.0000e+00 -0.0000e+00 -0.0000e+00 -0.0000e+00 -0.0000e+00 -0.0000e+00 -0.0000e+00
  -0.0000e+00 -0.0000e+00]
 [ 0.0000e+00  0.0000e+00  0.0000e+00  0.0000e+00  0.0000e+00  0.0000e+00 -0.0000e+00 -0.0000e+00 -0.0000e+00 -0.0000e+00 -0.0000e+00 -0.0000e+00 -0.0000e+00 -0.0000e+00 -0.0000e+00 -0.0000e+00 -0.0000e+00 -0.0000e+00 -0.0000e+00 -0.0000e+00
  -0.0000e+00 -0.0000e+00 -0.0000e+00 -0.0000e+00 -0.0000e+00 -0.0000e+00 -0.0000e+00 -0.0000e+00 -0.0000e+00 -0.0000e+00 -0.0000e+00 -0.0000e+00 -0.0000e+00 -0.0000e+00 -0.0000e+00 -0.0000e+00 -0.0000e+00 -0.0000e+00 -0.0000e+00 -0.0000e+00
  -0.0000e+00 -0.0000e+00 -0.0000e+00 -0.0000e+00 -0.0000e+00 -0.0000e+00 -0.0000e+00 -0.0000e+00 -0.0000e+00 -0.0000e+00 -0.0000e+00 -0.0000e+00 -0.0000e+00 -0.0000e+00 -0.0000e+00 -0.0000e+00 -0.0000e+00 -0.0000e+00 -0.0000e+00 -0.0000e+00
  -0.0000e+00 -0.0000e+00 -0.0000e+00 -0.0000e+00 -0.0000e+00 -0.0000e+00 -0.0000e+00 -0.0000e+00 -0.0000e+00 -0.0000e+00 -0.0000e+00 -0.0000e+00 -0.0000e+00 -0.0000e+00 -0.0000e+00 -0.0000e+00 -0.0000e+00 -0.0000e+00 -0.0000e+00 -0.0000e+00
  -0.0000e+00 -0.0000e+00 -0.0000e+00 -0.0000e+00 -0.0000e+00 -0.0000e+00 -0.0000e+00 -0.0000e+00 -0.0000e+00 -8.7500e+01 -0.0000e+00 -0.0000e+00 -0.0000e+00 -0.0000e+00 -0.0000e+00 -0.0000e+00 -0.0000e+00 -0.0000e+00 -0.0000e+00 -0.0000e+00
  -0.0000e+00 -0.0000e+00]
 [ 0.0000e+00  0.0000e+00  0.0000e+00  0.0000e+00  0.0000e+00  0.0000e+00 -0.0000e+00 -0.0000e+00 -0.0000e+00 -0.0000e+00 -0.0000e+00 -0.0000e+00 -0.0000e+00 -0.0000e+00 -0.0000e+00 -0.0000e+00 -0.0000e+00 -0.0000e+00 -0.0000e+00 -0.0000e+00
  -0.0000e+00 -0.0000e+00 -0.0000e+00 -0.0000e+00 -0.0000e+00 -0.0000e+00 -0.0000e+00 -0.0000e+00 -0.0000e+00 -0.0000e+00 -0.0000e+00 -0.0000e+00 -0.0000e+00 -0.0000e+00 -0.0000e+00 -0.0000e+00 -0.0000e+00 -0.0000e+00 -0.0000e+00 -0.0000e+00
  -0.0000e+00 -0.0000e+00 -0.0000e+00 -0.0000e+00 -0.0000e+00 -0.0000e+00 -0.0000e+00 -0.0000e+00 -0.0000e+00 -0.0000e+00 -0.0000e+00 -0.0000e+00 -0.0000e+00 -0.0000e+00 -0.0000e+00 -0.0000e+00 -0.0000e+00 -0.0000e+00 -0.0000e+00 -0.0000e+00
  -0.0000e+00 -0.0000e+00 -0.0000e+00 -0.0000e+00 -0.0000e+00 -0.0000e+00 -0.0000e+00 -0.0000e+00 -0.0000e+00 -0.0000e+00 -0.0000e+00 -0.0000e+00 -0.0000e+00 -0.0000e+00 -0.0000e+00 -0.0000e+00 -0.0000e+00 -0.0000e+00 -0.0000e+00 -0.0000e+00
  -0.0000e+00 -0.0000e+00 -0.0000e+00 -0.0000e+00 -0.0000e+00 -0.0000e+00 -0.0000e+00 -0.0000e+00 -0.0000e+00 -0.0000e+00 -3.5000e-04 -0.0000e+00 -0.0000e+00 -0.0000e+00 -0.0000e+00 -0.0000e+00 -0.0000e+00 -0.0000e+00 -0.0000e+00 -0.0000e+00
  -0.0000e+00 -0.0000e+00]
 [ 0.0000e+00  0.0000e+00  0.0000e+00  0.0000e+00  0.0000e+00  0.0000e+00 -0.0000e+00 -0.0000e+00 -0.0000e+00 -0.0000e+00 -0.0000e+00 -0.0000e+00 -0.0000e+00 -0.0000e+00 -0.0000e+00 -0.0000e+00 -0.0000e+00 -0.0000e+00 -0.0000e+00 -0.0000e+00
  -0.0000e+00 -0.0000e+00 -0.0000e+00 -0.0000e+00 -0.0000e+00 -0.0000e+00 -0.0000e+00 -0.0000e+00 -0.0000e+00 -0.0000e+00 -0.0000e+00 -0.0000e+00 -0.0000e+00 -0.0000e+00 -0.0000e+00 -0.0000e+00 -0.0000e+00 -0.0000e+00 -0.0000e+00 -0.0000e+00
  -0.0000e+00 -0.0000e+00 -0.0000e+00 -0.0000e+00 -0.0000e+00 -0.0000e+00 -0.0000e+00 -0.0000e+00 -0.0000e+00 -0.0000e+00 -0.0000e+00 -0.0000e+00 -0.0000e+00 -0.0000e+00 -0.0000e+00 -0.0000e+00 -0.0000e+00 -0.0000e+00 -0.0000e+00 -0.0000e+00
  -0.0000e+00 -0.0000e+00 -0.0000e+00 -0.0000e+00 -0.0000e+00 -0.0000e+00 -0.0000e+00 -0.0000e+00 -0.0000e+00 -0.0000e+00 -0.0000e+00 -0.0000e+00 -0.0000e+00 -0.0000e+00 -0.0000e+00 -0.0000e+00 -0.0000e+00 -0.0000e+00 -0.0000e+00 -0.0000e+00
  -0.0000e+00 -0.0000e+00 -0.0000e+00 -0.0000e+00 -0.0000e+00 -0.0000e+00 -0.0000e+00 -0.0000e+00 -0.0000e+00 -0.0000e+00 -0.0000e+00 -4.3750e-04 -0.0000e+00 -0.0000e+00 -0.0000e+00 -0.0000e+00 -0.0000e+00 -0.0000e+00 -0.0000e+00 -0.0000e+00
  -0.0000e+00 -0.0000e+00]
 [ 0.0000e+00  0.0000e+00  0.0000e+00  0.0000e+00  0.0000e+00  0.0000e+00 -0.0000e+00 -0.0000e+00 -0.0000e+00 -0.0000e+00 -0.0000e+00 -0.0000e+00 -0.0000e+00 -0.0000e+00 -0.0000e+00 -0.0000e+00 -0.0000e+00 -0.0000e+00 -0.0000e+00 -0.0000e+00
  -0.0000e+00 -0.0000e+00 -0.0000e+00 -0.0000e+00 -0.0000e+00 -0.0000e+00 -0.0000e+00 -0.0000e+00 -0.0000e+00 -0.0000e+00 -0.0000e+00 -0.0000e+00 -0.0000e+00 -0.0000e+00 -0.0000e+00 -0.0000e+00 -0.0000e+00 -0.0000e+00 -0.0000e+00 -0.0000e+00
  -0.0000e+00 -0.0000e+00 -0.0000e+00 -0.0000e+00 -0.0000e+00 -0.0000e+00 -0.0000e+00 -0.0000e+00 -0.0000e+00 -0.0000e+00 -0.0000e+00 -0.0000e+00 -0.0000e+00 -0.0000e+00 -0.0000e+00 -0.0000e+00 -0.0000e+00 -0.0000e+00 -0.0000e+00 -0.0000e+00
  -0.0000e+00 -0.0000e+00 -0.0000e+00 -0.0000e+00 -0.0000e+00 -0.0000e+00 -0.0000e+00 -0.0000e+00 -0.0000e+00 -0.0000e+00 -0.0000e+00 -0.0000e+00 -0.0000e+00 -0.0000e+00 -0.0000e+00 -0.0000e+00 -0.0000e+00 -0.0000e+00 -0.0000e+00 -0.0000e+00
  -0.0000e+00 -0.0000e+00 -0.0000e+00 -0.0000e+00 -0.0000e+00 -0.0000e+00 -0.0000e+00 -0.0000e+00 -0.0000e+00 -0.0000e+00 -0.0000e+00 -0.0000e+00 -4.3750e-04 -0.0000e+00 -0.0000e+00 -0.0000e+00 -0.0000e+00 -0.0000e+00 -0.0000e+00 -0.0000e+00
  -0.0000e+00 -0.0000e+00]
 [ 0.0000e+00  0.0000e+00  0.0000e+00  0.0000e+00  0.0000e+00  0.0000e+00 -0.0000e+00 -0.0000e+00 -0.0000e+00 -0.0000e+00 -0.0000e+00 -0.0000e+00 -0.0000e+00 -0.0000e+00 -0.0000e+00 -0.0000e+00 -0.0000e+00 -0.0000e+00 -0.0000e+00 -0.0000e+00
  -0.0000e+00 -0.0000e+00 -0.0000e+00 -0.0000e+00 -0.0000e+00 -0.0000e+00 -0.0000e+00 -0.0000e+00 -0.0000e+00 -0.0000e+00 -0.0000e+00 -0.0000e+00 -0.0000e+00 -0.0000e+00 -0.0000e+00 -0.0000e+00 -0.0000e+00 -0.0000e+00 -0.0000e+00 -0.0000e+00
  -0.0000e+00 -0.0000e+00 -0.0000e+00 -0.0000e+00 -0.0000e+00 -0.0000e+00 -0.0000e+00 -0.0000e+00 -0.0000e+00 -0.0000e+00 -0.0000e+00 -0.0000e+00 -0.0000e+00 -0.0000e+00 -0.0000e+00 -0.0000e+00 -0.0000e+00 -0.0000e+00 -0.0000e+00 -0.0000e+00
  -0.0000e+00 -0.0000e+00 -0.0000e+00 -0.0000e+00 -0.0000e+00 -0.0000e+00 -0.0000e+00 -0.0000e+00 -0.0000e+00 -0.0000e+00 -0.0000e+00 -0.0000e+00 -0.0000e+00 -0.0000e+00 -0.0000e+00 -0.0000e+00 -0.0000e+00 -0.0000e+00 -0.0000e+00 -0.0000e+00
  -0.0000e+00 -0.0000e+00 -0.0000e+00 -0.0000e+00 -0.0000e+00 -0.0000e+00 -0.0000e+00 -0.0000e+00 -0.0000e+00 -0.0000e+00 -0.0000e+00 -0.0000e+00 -0.0000e+00 -2.1875e+02 -0.0000e+00 -0.0000e+00 -0.0000e+00 -0.0000e+00 -0.0000e+00 -0.0000e+00
  -0.0000e+00 -0.0000e+00]
 [ 0.0000e+00  0.0000e+00  0.0000e+00  0.0000e+00  0.0000e+00  0.0000e+00 -0.0000e+00 -0.0000e+00 -0.0000e+00 -0.0000e+00 -0.0000e+00 -0.0000e+00 -0.0000e+00 -0.0000e+00 -0.0000e+00 -0.0000e+00 -0.0000e+00 -0.0000e+00 -0.0000e+00 -0.0000e+00
  -0.0000e+00 -0.0000e+00 -0.0000e+00 -0.0000e+00 -0.0000e+00 -0.0000e+00 -0.0000e+00 -0.0000e+00 -0.0000e+00 -0.0000e+00 -0.0000e+00 -0.0000e+00 -0.0000e+00 -0.0000e+00 -0.0000e+00 -0.0000e+00 -0.0000e+00 -0.0000e+00 -0.0000e+00 -0.0000e+00
  -0.0000e+00 -0.0000e+00 -0.0000e+00 -0.0000e+00 -0.0000e+00 -0.0000e+00 -0.0000e+00 -0.0000e+00 -0.0000e+00 -0.0000e+00 -0.0000e+00 -0.0000e+00 -0.0000e+00 -0.0000e+00 -0.0000e+00 -0.0000e+00 -0.0000e+00 -0.0000e+00 -0.0000e+00 -0.0000e+00
  -0.0000e+00 -0.0000e+00 -0.0000e+00 -0.0000e+00 -0.0000e+00 -0.0000e+00 -0.0000e+00 -0.0000e+00 -0.0000e+00 -0.0000e+00 -0.0000e+00 -0.0000e+00 -0.0000e+00 -0.0000e+00 -0.0000e+00 -0.0000e+00 -0.0000e+00 -0.0000e+00 -0.0000e+00 -0.0000e+00
  -0.0000e+00 -0.0000e+00 -0.0000e+00 -0.0000e+00 -0.0000e+00 -0.0000e+00 -0.0000e+00 -0.0000e+00 -0.0000e+00 -0.0000e+00 -0.0000e+00 -0.0000e+00 -0.0000e+00 -0.0000e+00 -8.7500e+01 -0.0000e+00 -0.0000e+00 -0.0000e+00 -0.0000e+00 -0.0000e+00
  -0.0000e+00 -0.0000e+00]
 [ 0.0000e+00  0.0000e+00  0.0000e+00  0.0000e+00  0.0000e+00  0.0000e+00 -0.0000e+00 -0.0000e+00 -0.0000e+00 -0.0000e+00 -0.0000e+00 -0.0000e+00 -0.0000e+00 -0.0000e+00 -0.0000e+00 -0.0000e+00 -0.0000e+00 -0.0000e+00 -0.0000e+00 -0.0000e+00
  -0.0000e+00 -0.0000e+00 -0.0000e+00 -0.0000e+00 -0.0000e+00 -0.0000e+00 -0.0000e+00 -0.0000e+00 -0.0000e+00 -0.0000e+00 -0.0000e+00 -0.0000e+00 -0.0000e+00 -0.0000e+00 -0.0000e+00 -0.0000e+00 -0.0000e+00 -0.0000e+00 -0.0000e+00 -0.0000e+00
  -0.0000e+00 -0.0000e+00 -0.0000e+00 -0.0000e+00 -0.0000e+00 -0.0000e+00 -0.0000e+00 -0.0000e+00 -0.0000e+00 -0.0000e+00 -0.0000e+00 -0.0000e+00 -0.0000e+00 -0.0000e+00 -0.0000e+00 -0.0000e+00 -0.0000e+00 -0.0000e+00 -0.0000e+00 -0.0000e+00
  -0.0000e+00 -0.0000e+00 -0.0000e+00 -0.0000e+00 -0.0000e+00 -0.0000e+00 -0.0000e+00 -0.0000e+00 -0.0000e+00 -0.0000e+00 -0.0000e+00 -0.0000e+00 -0.0000e+00 -0.0000e+00 -0.0000e+00 -0.0000e+00 -0.0000e+00 -0.0000e+00 -0.0000e+00 -0.0000e+00
  -0.0000e+00 -0.0000e+00 -0.0000e+00 -0.0000e+00 -0.0000e+00 -0.0000e+00 -0.0000e+00 -0.0000e+00 -0.0000e+00 -0.0000e+00 -0.0000e+00 -0.0000e+00 -0.0000e+00 -0.0000e+00 -0.0000e+00 -8.7500e+01 -0.0000e+00 -0.0000e+00 -0.0000e+00 -0.0000e+00
  -0.0000e+00 -0.0000e+00]
 [ 0.0000e+00  0.0000e+00  0.0000e+00  0.0000e+00  0.0000e+00  0.0000e+00 -0.0000e+00 -0.0000e+00 -0.0000e+00 -0.0000e+00 -0.0000e+00 -0.0000e+00 -0.0000e+00 -0.0000e+00 -0.0000e+00 -0.0000e+00 -0.0000e+00 -0.0000e+00 -0.0000e+00 -0.0000e+00
  -0.0000e+00 -0.0000e+00 -0.0000e+00 -0.0000e+00 -0.0000e+00 -0.0000e+00 -0.0000e+00 -0.0000e+00 -0.0000e+00 -0.0000e+00 -0.0000e+00 -0.0000e+00 -0.0000e+00 -0.0000e+00 -0.0000e+00 -0.0000e+00 -0.0000e+00 -0.0000e+00 -0.0000e+00 -0.0000e+00
  -0.0000e+00 -0.0000e+00 -0.0000e+00 -0.0000e+00 -0.0000e+00 -0.0000e+00 -0.0000e+00 -0.0000e+00 -0.0000e+00 -0.0000e+00 -0.0000e+00 -0.0000e+00 -0.0000e+00 -0.0000e+00 -0.0000e+00 -0.0000e+00 -0.0000e+00 -0.0000e+00 -0.0000e+00 -0.0000e+00
  -0.0000e+00 -0.0000e+00 -0.0000e+00 -0.0000e+00 -0.0000e+00 -0.0000e+00 -0.0000e+00 -0.0000e+00 -0.0000e+00 -0.0000e+00 -0.0000e+00 -0.0000e+00 -0.0000e+00 -0.0000e+00 -0.0000e+00 -0.0000e+00 -0.0000e+00 -0.0000e+00 -0.0000e+00 -0.0000e+00
  -0.0000e+00 -0.0000e+00 -0.0000e+00 -0.0000e+00 -0.0000e+00 -0.0000e+00 -0.0000e+00 -0.0000e+00 -0.0000e+00 -0.0000e+00 -0.0000e+00 -0.0000e+00 -0.0000e+00 -0.0000e+00 -0.0000e+00 -0.0000e+00 -3.5000e-04 -0.0000e+00 -0.0000e+00 -0.0000e+00
  -0.0000e+00 -0.0000e+00]
 [ 0.0000e+00  0.0000e+00  0.0000e+00  0.0000e+00  0.0000e+00  0.0000e+00 -0.0000e+00 -0.0000e+00 -0.0000e+00 -0.0000e+00 -0.0000e+00 -0.0000e+00 -0.0000e+00 -0.0000e+00 -0.0000e+00 -0.0000e+00 -0.0000e+00 -0.0000e+00 -0.0000e+00 -0.0000e+00
  -0.0000e+00 -0.0000e+00 -0.0000e+00 -0.0000e+00 -0.0000e+00 -0.0000e+00 -0.0000e+00 -0.0000e+00 -0.0000e+00 -0.0000e+00 -0.0000e+00 -0.0000e+00 -0.0000e+00 -0.0000e+00 -0.0000e+00 -0.0000e+00 -0.0000e+00 -0.0000e+00 -0.0000e+00 -0.0000e+00
  -0.0000e+00 -0.0000e+00 -0.0000e+00 -0.0000e+00 -0.0000e+00 -0.0000e+00 -0.0000e+00 -0.0000e+00 -0.0000e+00 -0.0000e+00 -0.0000e+00 -0.0000e+00 -0.0000e+00 -0.0000e+00 -0.0000e+00 -0.0000e+00 -0.0000e+00 -0.0000e+00 -0.0000e+00 -0.0000e+00
  -0.0000e+00 -0.0000e+00 -0.0000e+00 -0.0000e+00 -0.0000e+00 -0.0000e+00 -0.0000e+00 -0.0000e+00 -0.0000e+00 -0.0000e+00 -0.0000e+00 -0.0000e+00 -0.0000e+00 -0.0000e+00 -0.0000e+00 -0.0000e+00 -0.0000e+00 -0.0000e+00 -0.0000e+00 -0.0000e+00
  -0.0000e+00 -0.0000e+00 -0.0000e+00 -0.0000e+00 -0.0000e+00 -0.0000e+00 -0.0000e+00 -0.0000e+00 -0.0000e+00 -0.0000e+00 -0.0000e+00 -0.0000e+00 -0.0000e+00 -0.0000e+00 -0.0000e+00 -0.0000e+00 -0.0000e+00 -4.3750e-04 -0.0000e+00 -0.0000e+00
  -0.0000e+00 -0.0000e+00]
 [ 0.0000e+00  0.0000e+00  0.0000e+00  0.0000e+00  0.0000e+00  0.0000e+00 -0.0000e+00 -0.0000e+00 -0.0000e+00 -0.0000e+00 -0.0000e+00 -0.0000e+00 -0.0000e+00 -0.0000e+00 -0.0000e+00 -0.0000e+00 -0.0000e+00 -0.0000e+00 -0.0000e+00 -0.0000e+00
  -0.0000e+00 -0.0000e+00 -0.0000e+00 -0.0000e+00 -0.0000e+00 -0.0000e+00 -0.0000e+00 -0.0000e+00 -0.0000e+00 -0.0000e+00 -0.0000e+00 -0.0000e+00 -0.0000e+00 -0.0000e+00 -0.0000e+00 -0.0000e+00 -0.0000e+00 -0.0000e+00 -0.0000e+00 -0.0000e+00
  -0.0000e+00 -0.0000e+00 -0.0000e+00 -0.0000e+00 -0.0000e+00 -0.0000e+00 -0.0000e+00 -0.0000e+00 -0.0000e+00 -0.0000e+00 -0.0000e+00 -0.0000e+00 -0.0000e+00 -0.0000e+00 -0.0000e+00 -0.0000e+00 -0.0000e+00 -0.0000e+00 -0.0000e+00 -0.0000e+00
  -0.0000e+00 -0.0000e+00 -0.0000e+00 -0.0000e+00 -0.0000e+00 -0.0000e+00 -0.0000e+00 -0.0000e+00 -0.0000e+00 -0.0000e+00 -0.0000e+00 -0.0000e+00 -0.0000e+00 -0.0000e+00 -0.0000e+00 -0.0000e+00 -0.0000e+00 -0.0000e+00 -0.0000e+00 -0.0000e+00
  -0.0000e+00 -0.0000e+00 -0.0000e+00 -0.0000e+00 -0.0000e+00 -0.0000e+00 -0.0000e+00 -0.0000e+00 -0.0000e+00 -0.0000e+00 -0.0000e+00 -0.0000e+00 -0.0000e+00 -0.0000e+00 -0.0000e+00 -0.0000e+00 -0.0000e+00 -0.0000e+00 -4.3750e-04 -0.0000e+00
  -0.0000e+00 -0.0000e+00]
 [ 0.0000e+00  0.0000e+00  0.0000e+00  0.0000e+00  0.0000e+00  0.0000e+00 -0.0000e+00 -0.0000e+00 -0.0000e+00 -0.0000e+00 -0.0000e+00 -0.0000e+00 -0.0000e+00 -0.0000e+00 -0.0000e+00 -0.0000e+00 -0.0000e+00 -0.0000e+00 -0.0000e+00 -0.0000e+00
  -0.0000e+00 -0.0000e+00 -0.0000e+00 -0.0000e+00 -0.0000e+00 -0.0000e+00 -0.0000e+00 -0.0000e+00 -0.0000e+00 -0.0000e+00 -0.0000e+00 -0.0000e+00 -0.0000e+00 -0.0000e+00 -0.0000e+00 -0.0000e+00 -0.0000e+00 -0.0000e+00 -0.0000e+00 -0.0000e+00
  -0.0000e+00 -0.0000e+00 -0.0000e+00 -0.0000e+00 -0.0000e+00 -0.0000e+00 -0.0000e+00 -0.0000e+00 -0.0000e+00 -0.0000e+00 -0.0000e+00 -0.0000e+00 -0.0000e+00 -0.0000e+00 -0.0000e+00 -0.0000e+00 -0.0000e+00 -0.0000e+00 -0.0000e+00 -0.0000e+00
  -0.0000e+00 -0.0000e+00 -0.0000e+00 -0.0000e+00 -0.0000e+00 -0.0000e+00 -0.0000e+00 -0.0000e+00 -0.0000e+00 -0.0000e+00 -0.0000e+00 -0.0000e+00 -0.0000e+00 -0.0000e+00 -0.0000e+00 -0.0000e+00 -0.0000e+00 -0.0000e+00 -0.0000e+00 -0.0000e+00
  -0.0000e+00 -0.0000e+00 -0.0000e+00 -0.0000e+00 -0.0000e+00 -0.0000e+00 -0.0000e+00 -0.0000e+00 -0.0000e+00 -0.0000e+00 -0.0000e+00 -0.0000e+00 -0.0000e+00 -0.0000e+00 -0.0000e+00 -0.0000e+00 -0.0000e+00 -0.0000e+00 -0.0000e+00 -2.1875e+02
  -0.0000e+00 -0.0000e+00]
 [ 0.0000e+00  0.0000e+00  0.0000e+00  0.0000e+00  0.0000e+00  0.0000e+00 -0.0000e+00 -0.0000e+00 -0.0000e+00 -0.0000e+00 -0.0000e+00 -0.0000e+00 -0.0000e+00 -0.0000e+00 -0.0000e+00 -0.0000e+00 -0.0000e+00 -0.0000e+00 -0.0000e+00 -0.0000e+00
  -0.0000e+00 -0.0000e+00 -0.0000e+00 -0.0000e+00 -0.0000e+00 -0.0000e+00 -0.0000e+00 -0.0000e+00 -0.0000e+00 -0.0000e+00 -0.0000e+00 -0.0000e+00 -0.0000e+00 -0.0000e+00 -0.0000e+00 -0.0000e+00 -0.0000e+00 -0.0000e+00 -0.0000e+00 -0.0000e+00
  -0.0000e+00 -0.0000e+00 -0.0000e+00 -0.0000e+00 -0.0000e+00 -0.0000e+00 -0.0000e+00 -0.0000e+00 -0.0000e+00 -0.0000e+00 -0.0000e+00 -0.0000e+00 -0.0000e+00 -0.0000e+00 -0.0000e+00 -0.0000e+00 -0.0000e+00 -0.0000e+00 -0.0000e+00 -0.0000e+00
  -0.0000e+00 -0.0000e+00 -0.0000e+00 -0.0000e+00 -0.0000e+00 -0.0000e+00 -0.0000e+00 -0.0000e+00 -0.0000e+00 -0.0000e+00 -0.0000e+00 -0.0000e+00 -0.0000e+00 -0.0000e+00 -0.0000e+00 -0.0000e+00 -0.0000e+00 -0.0000e+00 -0.0000e+00 -0.0000e+00
  -0.0000e+00 -0.0000e+00 -0.0000e+00 -0.0000e+00 -0.0000e+00 -0.0000e+00 -0.0000e+00 -0.0000e+00 -0.0000e+00 -0.0000e+00 -0.0000e+00 -0.0000e+00 -0.0000e+00 -0.0000e+00 -0.0000e+00 -0.0000e+00 -0.0000e+00 -0.0000e+00 -0.0000e+00 -0.0000e+00
  -8.7500e+01 -0.0000e+00]
 [ 0.0000e+00  0.0000e+00  0.0000e+00  0.0000e+00  0.0000e+00  0.0000e+00 -0.0000e+00 -0.0000e+00 -0.0000e+00 -0.0000e+00 -0.0000e+00 -0.0000e+00 -0.0000e+00 -0.0000e+00 -0.0000e+00 -0.0000e+00 -0.0000e+00 -0.0000e+00 -0.0000e+00 -0.0000e+00
  -0.0000e+00 -0.0000e+00 -0.0000e+00 -0.0000e+00 -0.0000e+00 -0.0000e+00 -0.0000e+00 -0.0000e+00 -0.0000e+00 -0.0000e+00 -0.0000e+00 -0.0000e+00 -0.0000e+00 -0.0000e+00 -0.0000e+00 -0.0000e+00 -0.0000e+00 -0.0000e+00 -0.0000e+00 -0.0000e+00
  -0.0000e+00 -0.0000e+00 -0.0000e+00 -0.0000e+00 -0.0000e+00 -0.0000e+00 -0.0000e+00 -0.0000e+00 -0.0000e+00 -0.0000e+00 -0.0000e+00 -0.0000e+00 -0.0000e+00 -0.0000e+00 -0.0000e+00 -0.0000e+00 -0.0000e+00 -0.0000e+00 -0.0000e+00 -0.0000e+00
  -0.0000e+00 -0.0000e+00 -0.0000e+00 -0.0000e+00 -0.0000e+00 -0.0000e+00 -0.0000e+00 -0.0000e+00 -0.0000e+00 -0.0000e+00 -0.0000e+00 -0.0000e+00 -0.0000e+00 -0.0000e+00 -0.0000e+00 -0.0000e+00 -0.0000e+00 -0.0000e+00 -0.0000e+00 -0.0000e+00
  -0.0000e+00 -0.0000e+00 -0.0000e+00 -0.0000e+00 -0.0000e+00 -0.0000e+00 -0.0000e+00 -0.0000e+00 -0.0000e+00 -0.0000e+00 -0.0000e+00 -0.0000e+00 -0.0000e+00 -0.0000e+00 -0.0000e+00 -0.0000e+00 -0.0000e+00 -0.0000e+00 -0.0000e+00 -0.0000e+00
  -0.0000e+00 -8.7500e+01]]

=== f_g ===
[0. 0. 0. 0. 0. 0. 0. 0. 0. 0. 0. 0. 0. 0. 0. 0. 0. 0. 0. 0. 0. 0. 0. 0. 0. 0. 0. 0. 0. 0. 0. 0. 0. 0. 0. 0. 0. 0. 0. 0. 0. 0. 0. 0. 0. 0. 0. 0. 0. 0. 0. 0. 0. 0. 0. 0. 0. 0. 0. 0. 0. 0. 0. 0. 0. 0. 0. 0. 0. 0. 0. 0. 0. 0. 0. 0. 0. 0. 0. 0. 0. 0. 0.
 0. 0. 0. 0. 0. 0. 0. 0. 0. 0. 0. 0. 0. 0. 0. 0. 0. 0. 0.]

=== f_clamp ===
[ 0.832047  0.074407  2.101789  0.371295 -4.167114  0.124027  0.        0.        0.        0.        0.        0.        0.        0.        0.        0.        0.        0.        0.        0.        0.        0.        0.        0.
  0.        0.        0.        0.        0.        0.        0.        0.        0.        0.        0.        0.        0.        0.        0.        0.        0.        0.        0.        0.        0.        0.        0.        0.
  0.        0.        0.        0.        0.        0.        0.        0.        0.        0.        0.        0.        0.        0.        0.        0.        0.        0.        0.        0.        0.        0.        0.        0.
  0.        0.        0.        0.        0.        0.        0.        0.        0.        0.        0.        0.        0.        0.        0.        0.        0.        0.        0.        0.        0.        0.        0.        0.
  0.        0.        0.        0.        0.        0.      ]

=== lambda ===
[-8.320474e-01 -7.440739e-02 -2.101789e+00  5.857843e-04  7.008229e-04 -4.142005e-02]

=== J_g ===
[[ 1.000000e+00 -1.723174e-16 -6.776264e-20 -8.470329e-22 -5.462637e-05 -5.913632e-02  1.851472e-07 -2.279379e-06 -2.641194e-03  4.354139e-02  3.693830e-03 -8.825975e-08  4.663170e-07 -2.037470e-06 -2.950690e-03  4.252802e-02  1.013699e-02
  -2.458517e-07  5.917262e-07 -1.800809e-06 -3.495719e-03  4.132455e-02  1.433711e-02 -3.746854e-07  5.711964e-07 -1.602166e-06 -4.165903e-03  4.079203e-02  1.581367e-02 -4.869582e-07  4.354223e-07 -1.442449e-06 -4.838411e-03  4.128844e-02
   1.444265e-02 -5.989147e-07  2.253528e-07 -1.296427e-06 -5.390219e-03  4.248038e-02  1.033861e-02 -7.268748e-07 -9.898529e-09 -1.133096e-06 -5.710203e-03  4.351816e-02  3.965364e-03 -8.832504e-07 -2.177190e-07 -9.384602e-07 -5.718479e-03
   4.353205e-02 -3.698977e-03 -1.073343e-06 -3.563615e-07 -7.261797e-07 -5.387843e-03  4.221665e-02 -1.127986e-02 -1.294431e-06 -4.098918e-07 -5.275347e-07 -4.751918e-03  4.008020e-02 -1.746266e-02 -1.538170e-06 -3.891832e-07 -3.696439e-07
  -3.892321e-03  3.814196e-02 -2.141132e-02 -1.794956e-06 -3.190759e-07 -2.604789e-07 -2.915427e-03  3.733885e-02 -2.280070e-02 -2.057208e-06 -2.252119e-07 -1.890425e-07 -1.935047e-03  3.805343e-02 -2.157031e-02 -2.319605e-06 -1.295595e-07
  -1.355313e-07 -1.065142e-03  3.994564e-02 -1.777187e-02 -2.576912e-06 -5.164177e-08 -8.343896e-08 -4.129389e-04  4.210151e-02 -1.170617e-02 -2.821708e-06 -7.843596e-09 -2.776845e-08 -6.226175e-05  4.348899e-02 -4.174617e-03 -3.044441e-06]
 [-1.419598e-16  1.000000e+00  4.065758e-20  5.462637e-05 -2.710505e-20  6.602384e-01  2.347385e-06  1.341139e-07  2.793084e-02 -3.693830e-03  4.354139e-02  1.010293e-07  2.241547e-06  3.379770e-07  2.604591e-02 -1.013699e-02  4.252802e-02
   3.204920e-07  2.130218e-06  4.122282e-07  2.421311e-02 -1.433711e-02  4.132455e-02  5.582926e-07  2.038159e-06  3.487976e-07  2.242080e-02 -1.581367e-02  4.079203e-02  8.045586e-07  1.959824e-06  1.622527e-07  2.062934e-02 -1.444265e-02
   4.128844e-02  1.050973e-06  1.863130e-06 -1.141852e-07  1.879849e-02 -1.033861e-02  4.248038e-02  1.289256e-06  1.710829e-06 -4.270762e-07  1.691524e-02 -3.965364e-03  4.351816e-02  1.509599e-06  1.488342e-06 -7.087408e-07  1.500643e-02
   3.698977e-03  4.353205e-02  1.701332e-06  1.218853e-06 -8.988944e-07  1.312650e-02  1.127986e-02  4.221665e-02  1.856295e-06  9.511664e-07 -9.688370e-07  1.132531e-02  1.746266e-02  4.008020e-02  1.972866e-06  7.294583e-07 -9.266429e-07
   9.617321e-03  2.141132e-02  3.814196e-02  2.057757e-06  5.699736e-07 -8.014001e-07  7.971981e-03  2.280070e-02  3.733885e-02  2.124659e-06  4.581250e-07 -6.249648e-07  6.328664e-03  2.157031e-02  3.805343e-02  2.191009e-06  3.608522e-07
  -4.255852e-07  4.625774e-03  1.777187e-02  3.994564e-02  2.274360e-06  2.444087e-07 -2.306409e-07  2.830294e-03  1.170617e-02  4.210151e-02  2.388733e-06  9.008195e-08 -6.663418e-08  9.539509e-04  4.174617e-03  4.348899e-02  2.541333e-06]
 [ 2.710505e-20 -4.743385e-20  1.000000e+00  5.913632e-02 -6.602384e-01 -2.710505e-20  4.959844e-03 -2.757466e-02 -6.913029e-08  9.906613e-08 -9.039846e-08  4.375000e-02  8.882543e-03 -2.463473e-02 -2.066842e-07  3.153074e-07 -2.525121e-07
   4.375000e-02  1.122545e-02 -2.172519e-02 -3.382235e-07  5.379922e-07 -4.034316e-07  4.375000e-02  1.198815e-02 -1.939913e-02 -4.579874e-07  7.448677e-07 -5.741272e-07  4.375000e-02  1.138713e-02 -1.787140e-02 -5.611007e-07  9.110778e-07
  -7.952126e-07  4.375000e-02  9.696419e-03 -1.697920e-02 -6.428246e-07  1.008413e-06 -1.082106e-06  4.375000e-02  7.239886e-03 -1.630805e-02 -6.982462e-07  1.012715e-06 -1.424225e-06  4.375000e-02  4.450392e-03 -1.541516e-02 -7.231616e-07
   9.212343e-07 -1.786522e-06  4.375000e-02  1.841682e-03 -1.405557e-02 -7.156653e-07  7.677621e-07 -2.127675e-06  4.375000e-02 -1.464090e-04 -1.227204e-02 -6.770758e-07  6.196113e-07 -2.423408e-06  4.375000e-02 -1.301987e-03 -1.028944e-02
  -6.113402e-07  5.566670e-07 -2.673576e-06  4.375000e-02 -1.666125e-03 -8.323163e-03 -5.235393e-07  6.484242e-07 -2.885476e-06  4.375000e-02 -1.447884e-03 -6.458675e-03 -4.188384e-07  9.384020e-07 -3.048300e-06  4.375000e-02 -9.267678e-04
  -4.656210e-03 -3.025130e-07  1.430978e-06 -3.121343e-06  4.375000e-02 -3.866688e-04 -2.834141e-03 -1.804688e-07  2.078909e-06 -3.051054e-06  4.375000e-02 -5.830628e-05 -9.542009e-04 -5.904842e-08  2.786702e-06 -2.813755e-06  4.375000e-02]
 [ 0.000000e+00  0.000000e+00  0.000000e+00  1.000000e+00 -1.723174e-16 -6.776264e-20  4.354139e-02  3.693830e-03 -8.825975e-08  0.000000e+00  0.000000e+00  0.000000e+00  4.252802e-02  1.013699e-02 -2.458517e-07  0.000000e+00  0.000000e+00
   0.000000e+00  4.132455e-02  1.433711e-02 -3.746854e-07  0.000000e+00  0.000000e+00  0.000000e+00  4.079203e-02  1.581367e-02 -4.869582e-07  0.000000e+00  0.000000e+00  0.000000e+00  4.128844e-02  1.444265e-02 -5.989147e-07  0.000000e+00
   0.000000e+00  0.000000e+00  4.248038e-02  1.033861e-02 -7.268748e-07  0.000000e+00  0.000000e+00  0.000000e+00  4.351816e-02  3.965364e-03 -8.832504e-07  0.000000e+00  0.000000e+00  0.000000e+00  4.353205e-02 -3.698977e-03 -1.073343e-06
   0.000000e+00  0.000000e+00  0.000000e+00  4.221665e-02 -1.127986e-02 -1.294431e-06  0.000000e+00  0.000000e+00  0.000000e+00  4.008020e-02 -1.746266e-02 -1.538170e-06  0.000000e+00  0.000000e+00  0.000000e+00  3.814196e-02 -2.141132e-02
  -1.794956e-06  0.000000e+00  0.000000e+00  0.000000e+00  3.733885e-02 -2.280070e-02 -2.057208e-06  0.000000e+00  0.000000e+00  0.000000e+00  3.805343e-02 -2.157031e-02 -2.319605e-06  0.000000e+00  0.000000e+00  0.000000e+00  3.994564e-02
  -1.777187e-02 -2.576912e-06  0.000000e+00  0.000000e+00  0.000000e+00  4.210151e-02 -1.170617e-02 -2.821708e-06  0.000000e+00  0.000000e+00  0.000000e+00  4.348899e-02 -4.174617e-03 -3.044441e-06  0.000000e+00  0.000000e+00  0.000000e+00]
 [ 0.000000e+00  0.000000e+00  0.000000e+00 -1.419598e-16  1.000000e+00  4.065758e-20 -3.693830e-03  4.354139e-02  1.010293e-07  0.000000e+00  0.000000e+00  0.000000e+00 -1.013699e-02  4.252802e-02  3.204920e-07  0.000000e+00  0.000000e+00
   0.000000e+00 -1.433711e-02  4.132455e-02  5.582926e-07  0.000000e+00  0.000000e+00  0.000000e+00 -1.581367e-02  4.079203e-02  8.045586e-07  0.000000e+00  0.000000e+00  0.000000e+00 -1.444265e-02  4.128844e-02  1.050973e-06  0.000000e+00
   0.000000e+00  0.000000e+00 -1.033861e-02  4.248038e-02  1.289256e-06  0.000000e+00  0.000000e+00  0.000000e+00 -3.965364e-03  4.351816e-02  1.509599e-06  0.000000e+00  0.000000e+00  0.000000e+00  3.698977e-03  4.353205e-02  1.701332e-06
   0.000000e+00  0.000000e+00  0.000000e+00  1.127986e-02  4.221665e-02  1.856295e-06  0.000000e+00  0.000000e+00  0.000000e+00  1.746266e-02  4.008020e-02  1.972866e-06  0.000000e+00  0.000000e+00  0.000000e+00  2.141132e-02  3.814196e-02
   2.057757e-06  0.000000e+00  0.000000e+00  0.000000e+00  2.280070e-02  3.733885e-02  2.124659e-06  0.000000e+00  0.000000e+00  0.000000e+00  2.157031e-02  3.805343e-02  2.191009e-06  0.000000e+00  0.000000e+00  0.000000e+00  1.777187e-02
   3.994564e-02  2.274360e-06  0.000000e+00  0.000000e+00  0.000000e+00  1.170617e-02  4.210151e-02  2.388733e-06  0.000000e+00  0.000000e+00  0.000000e+00  4.174617e-03  4.348899e-02  2.541333e-06  0.000000e+00  0.000000e+00  0.000000e+00]
 [ 0.000000e+00  0.000000e+00  0.000000e+00  2.710505e-20 -4.743385e-20  1.000000e+00  9.906613e-08 -9.039846e-08  4.375000e-02  0.000000e+00  0.000000e+00  0.000000e+00  3.153074e-07 -2.525121e-07  4.375000e-02  0.000000e+00  0.000000e+00
   0.000000e+00  5.379922e-07 -4.034316e-07  4.375000e-02  0.000000e+00  0.000000e+00  0.000000e+00  7.448677e-07 -5.741272e-07  4.375000e-02  0.000000e+00  0.000000e+00  0.000000e+00  9.110778e-07 -7.952126e-07  4.375000e-02  0.000000e+00
   0.000000e+00  0.000000e+00  1.008413e-06 -1.082106e-06  4.375000e-02  0.000000e+00  0.000000e+00  0.000000e+00  1.012715e-06 -1.424225e-06  4.375000e-02  0.000000e+00  0.000000e+00  0.000000e+00  9.212343e-07 -1.786522e-06  4.375000e-02
   0.000000e+00  0.000000e+00  0.000000e+00  7.677621e-07 -2.127675e-06  4.375000e-02  0.000000e+00  0.000000e+00  0.000000e+00  6.196113e-07 -2.423408e-06  4.375000e-02  0.000000e+00  0.000000e+00  0.000000e+00  5.566670e-07 -2.673576e-06
   4.375000e-02  0.000000e+00  0.000000e+00  0.000000e+00  6.484242e-07 -2.885476e-06  4.375000e-02  0.000000e+00  0.000000e+00  0.000000e+00  9.384020e-07 -3.048300e-06  4.375000e-02  0.000000e+00  0.000000e+00  0.000000e+00  1.430978e-06
  -3.121343e-06  4.375000e-02  0.000000e+00  0.000000e+00  0.000000e+00  2.078909e-06 -3.051054e-06  4.375000e-02  0.000000e+00  0.000000e+00  0.000000e+00  2.786702e-06 -2.813755e-06  4.375000e-02  0.000000e+00  0.000000e+00  0.000000e+00]]

=== J_g_fd ===
[[ 1.000000e+00  1.110223e-10  1.110223e-10  5.551115e-11 -5.462641e-05 -5.913632e-02  1.852407e-07 -2.279454e-06 -2.641194e-03  4.354139e-02  3.693830e-03 -8.837375e-08  4.664047e-07 -2.037481e-06 -2.950690e-03  4.252802e-02  1.013699e-02
  -2.459144e-07  5.915823e-07 -1.800837e-06 -3.495719e-03  4.132455e-02  1.433711e-02 -3.747558e-07  5.710432e-07 -1.602274e-06 -4.165903e-03  4.079203e-02  1.581367e-02 -4.869993e-07  4.354850e-07 -1.442513e-06 -4.838410e-03  4.128844e-02
   1.444265e-02 -5.987988e-07  2.254863e-07 -1.296352e-06 -5.390219e-03  4.248038e-02  1.033861e-02 -7.268630e-07 -9.825474e-09 -1.133038e-06 -5.710203e-03  4.351816e-02  3.965364e-03 -8.832379e-07 -2.176037e-07 -9.384160e-07 -5.718479e-03
   4.353205e-02 -3.698976e-03 -1.073419e-06 -3.563261e-07 -7.261414e-07 -5.387843e-03  4.221665e-02 -1.127986e-02 -1.294465e-06 -4.099499e-07 -5.274670e-07 -4.751918e-03  4.008020e-02 -1.746266e-02 -1.538158e-06 -3.891887e-07 -3.696488e-07
  -3.892321e-03  3.814196e-02 -2.141132e-02 -1.795009e-06 -3.186895e-07 -2.600142e-07 -2.915427e-03  3.733885e-02 -2.280070e-02 -2.057188e-06 -2.251532e-07 -1.891265e-07 -1.935047e-03  3.805343e-02 -2.157031e-02 -2.319589e-06 -1.295630e-07
  -1.355027e-07 -1.065142e-03  3.994564e-02 -1.777187e-02 -2.576883e-06 -5.162537e-08 -8.337775e-08 -4.129389e-04  4.210151e-02 -1.170617e-02 -2.821687e-06 -7.827072e-09 -2.775558e-08 -6.226186e-05  4.348899e-02 -4.174617e-03 -3.044398e-06]
 [ 8.326673e-11  1.000000e+00 -1.734723e-11  5.462633e-05 -1.075529e-10  6.602384e-01  2.347345e-06  1.341566e-07  2.793084e-02 -3.693830e-03  4.354139e-02  1.010129e-07  2.241436e-06  3.379276e-07  2.604591e-02 -1.013699e-02  4.252802e-02
   3.205040e-07  2.130303e-06  4.122432e-07  2.421311e-02 -1.433711e-02  4.132455e-02  5.582826e-07  2.038123e-06  3.484990e-07  2.242080e-02 -1.581367e-02  4.079203e-02  8.046029e-07  1.959911e-06  1.622279e-07  2.062934e-02 -1.444265e-02
   4.128844e-02  1.050993e-06  1.863235e-06 -1.142454e-07  1.879849e-02 -1.033861e-02  4.248038e-02  1.289309e-06  1.710788e-06 -4.269814e-07  1.691524e-02 -3.965364e-03  4.351816e-02  1.509584e-06  1.488282e-06 -7.086796e-07  1.500643e-02
   3.698977e-03  4.353205e-02  1.701302e-06  1.219008e-06 -8.988643e-07  1.312650e-02  1.127986e-02  4.221665e-02  1.856307e-06  9.511385e-07 -9.689784e-07  1.132531e-02  1.746266e-02  4.008020e-02  1.972852e-06  7.294547e-07 -9.265991e-07
   9.617321e-03  2.141132e-02  3.814196e-02  2.057760e-06  5.690760e-07 -8.022888e-07  7.971981e-03  2.280070e-02  3.733885e-02  2.124662e-06  4.581474e-07 -6.249827e-07  6.328663e-03  2.157031e-02  3.805343e-02  2.190984e-06  3.608641e-07
  -4.256040e-07  4.625774e-03  1.777187e-02  3.994564e-02  2.274347e-06  2.444017e-07 -2.306315e-07  2.830294e-03  1.170617e-02  4.210151e-02  2.388739e-06  9.007031e-08 -6.664461e-08  9.539509e-04  4.174617e-03  4.348899e-02  2.541332e-06]
 [-3.388132e-15 -1.694066e-14  1.000000e+00  5.913632e-02 -6.602384e-01 -1.355253e-14  4.959844e-03 -2.757466e-02 -6.913029e-08  9.906613e-08 -9.039843e-08  4.375000e-02  8.882543e-03 -2.463473e-02 -2.066842e-07  3.153074e-07 -2.525120e-07
   4.375000e-02  1.122545e-02 -2.172519e-02 -3.382235e-07  5.379922e-07 -4.034316e-07  4.375000e-02  1.198815e-02 -1.939913e-02 -4.579874e-07  7.448677e-07 -5.741271e-07  4.375000e-02  1.138713e-02 -1.787140e-02 -5.611007e-07  9.110777e-07
  -7.952126e-07  4.375000e-02  9.696419e-03 -1.697920e-02 -6.428246e-07  1.008413e-06 -1.082106e-06  4.375000e-02  7.239886e-03 -1.630805e-02 -6.982463e-07  1.012715e-06 -1.424225e-06  4.375000e-02  4.450392e-03 -1.541516e-02 -7.231616e-07
   9.212343e-07 -1.786522e-06  4.375000e-02  1.841682e-03 -1.405557e-02 -7.156653e-07  7.677621e-07 -2.127675e-06  4.375000e-02 -1.464090e-04 -1.227204e-02 -6.770758e-07  6.196113e-07 -2.423408e-06  4.375000e-02 -1.301987e-03 -1.028944e-02
  -6.113402e-07  5.566670e-07 -2.673576e-06  4.375000e-02 -1.666125e-03 -8.323163e-03 -5.235394e-07  6.484242e-07 -2.885476e-06  4.375000e-02 -1.447884e-03 -6.458675e-03 -4.188384e-07  9.384020e-07 -3.048300e-06  4.375000e-02 -9.267678e-04
  -4.656210e-03 -3.025130e-07  1.430978e-06 -3.121343e-06  4.375000e-02 -3.866688e-04 -2.834141e-03 -1.804688e-07  2.078909e-06 -3.051054e-06  4.375000e-02 -5.830628e-05 -9.542009e-04 -5.904843e-08  2.786702e-06 -2.813755e-06  4.375000e-02]
 [ 0.000000e+00  0.000000e+00  0.000000e+00  1.000000e+00  4.301339e-15  1.057468e-14  4.354139e-02  3.693830e-03 -8.825978e-08  0.000000e+00  0.000000e+00  0.000000e+00  4.252802e-02  1.013699e-02 -2.458518e-07  0.000000e+00  0.000000e+00
   0.000000e+00  4.132455e-02  1.433711e-02 -3.746854e-07  0.000000e+00  0.000000e+00  0.000000e+00  4.079203e-02  1.581367e-02 -4.869582e-07  0.000000e+00  0.000000e+00  0.000000e+00  4.128844e-02  1.444265e-02 -5.989148e-07  0.000000e+00
   0.000000e+00  0.000000e+00  4.248038e-02  1.033861e-02 -7.268749e-07  0.000000e+00  0.000000e+00  0.000000e+00  4.351816e-02  3.965364e-03 -8.832504e-07  0.000000e+00  0.000000e+00  0.000000e+00  4.353205e-02 -3.698977e-03 -1.073343e-06
   0.000000e+00  0.000000e+00  0.000000e+00  4.221665e-02 -1.127986e-02 -1.294431e-06  0.000000e+00  0.000000e+00  0.000000e+00  4.008020e-02 -1.746266e-02 -1.538170e-06  0.000000e+00  0.000000e+00  0.000000e+00  3.814196e-02 -2.141132e-02
  -1.794956e-06  0.000000e+00  0.000000e+00  0.000000e+00  3.733885e-02 -2.280070e-02 -2.057208e-06  0.000000e+00  0.000000e+00  0.000000e+00  3.805343e-02 -2.157031e-02 -2.319605e-06  0.000000e+00  0.000000e+00  0.000000e+00  3.994564e-02
  -1.777187e-02 -2.576912e-06  0.000000e+00  0.000000e+00  0.000000e+00  4.210151e-02 -1.170617e-02 -2.821708e-06  0.000000e+00  0.000000e+00  0.000000e+00  4.348899e-02 -4.174617e-03 -3.044441e-06  0.000000e+00  0.000000e+00  0.000000e+00]
 [-2.170522e-15 -2.170522e-15 -2.170522e-15  2.170522e-15  1.000000e+00  1.535247e-15 -3.693830e-03  4.354139e-02  1.010293e-07 -2.170522e-15 -2.170522e-15 -2.170522e-15 -1.013699e-02  4.252802e-02  3.204920e-07 -2.170522e-15 -2.170522e-15
  -2.170522e-15 -1.433711e-02  4.132455e-02  5.582926e-07 -2.170522e-15 -2.170522e-15 -2.170522e-15 -1.581367e-02  4.079203e-02  8.045586e-07 -2.170522e-15 -2.170522e-15 -2.170522e-15 -1.444265e-02  4.128844e-02  1.050973e-06 -2.170522e-15
  -2.170522e-15 -2.170522e-15 -1.033861e-02  4.248038e-02  1.289256e-06 -2.170522e-15 -2.170522e-15 -2.170522e-15 -3.965364e-03  4.351816e-02  1.509599e-06 -2.170522e-15 -2.170522e-15 -2.170522e-15  3.698977e-03  4.353205e-02  1.701332e-06
  -2.170522e-15 -2.170522e-15 -2.170522e-15  1.127986e-02  4.221665e-02  1.856295e-06 -2.170522e-15 -2.170522e-15 -2.170522e-15  1.746266e-02  4.008020e-02  1.972866e-06 -2.170522e-15 -2.170522e-15 -2.170522e-15  2.141132e-02  3.814196e-02
   2.057757e-06 -2.170522e-15 -2.170522e-15 -2.170522e-15  2.280070e-02  3.733885e-02  2.124659e-06 -2.170522e-15 -2.170522e-15 -2.170522e-15  2.157031e-02  3.805343e-02  2.191009e-06 -2.170522e-15 -2.170522e-15 -2.170522e-15  1.777187e-02
   3.994564e-02  2.274360e-06 -2.170522e-15 -2.170522e-15 -2.170522e-15  1.170617e-02  4.210151e-02  2.388733e-06 -2.170522e-15 -2.170522e-15 -2.170522e-15  4.174617e-03  4.348899e-02  2.541333e-06 -2.170522e-15 -2.170522e-15 -2.170522e-15]
 [ 0.000000e+00  0.000000e+00  0.000000e+00 -8.630249e-11 -8.716985e-11  1.000000e+00  9.897898e-08 -9.032488e-08  4.375000e-02  0.000000e+00  0.000000e+00  0.000000e+00  3.151533e-07 -2.524669e-07  4.375000e-02  0.000000e+00  0.000000e+00
   0.000000e+00  5.380800e-07 -4.034633e-07  4.375000e-02  0.000000e+00  0.000000e+00  0.000000e+00  7.449393e-07 -5.742910e-07  4.375000e-02  0.000000e+00  0.000000e+00  0.000000e+00  9.112116e-07 -7.952042e-07  4.375000e-02  0.000000e+00
   0.000000e+00  0.000000e+00  1.008491e-06 -1.082227e-06  4.375000e-02  0.000000e+00  0.000000e+00  0.000000e+00  1.012681e-06 -1.424068e-06  4.375000e-02  0.000000e+00  0.000000e+00  0.000000e+00  9.210970e-07 -1.786459e-06  4.375000e-02
   0.000000e+00  0.000000e+00  0.000000e+00  7.679846e-07 -2.127624e-06  4.375000e-02  0.000000e+00  0.000000e+00  0.000000e+00  6.195860e-07 -2.423609e-06  4.375000e-02  0.000000e+00  0.000000e+00  0.000000e+00  5.566918e-07 -2.673572e-06
   4.375000e-02  0.000000e+00  0.000000e+00  0.000000e+00  6.484461e-07 -2.885447e-06  4.375000e-02  0.000000e+00  0.000000e+00  0.000000e+00  9.383809e-07 -3.048319e-06  4.375000e-02  0.000000e+00  0.000000e+00  0.000000e+00  1.430960e-06
  -3.121392e-06  4.375000e-02  0.000000e+00  0.000000e+00  0.000000e+00  2.078878e-06 -3.051080e-06  4.375000e-02  0.000000e+00  0.000000e+00  0.000000e+00  2.786724e-06 -2.813733e-06  4.375000e-02  0.000000e+00  0.000000e+00  0.000000e+00]]

=== Jt_lambda ===
[-8.320474e-01 -7.440739e-02 -2.101789e+00 -1.237104e-01  1.388428e+00 -4.134244e-02 -1.040196e-02  5.799070e-02 -1.692644e-03 -3.595386e-02 -6.313053e-03 -9.195322e-02 -1.865199e-02  5.181444e-02 -1.294586e-03 -3.463172e-02 -1.159832e-02
 -9.195310e-02 -2.358005e-02  4.570062e-02 -7.044461e-04 -3.331833e-02 -1.500316e-02 -9.195301e-02 -2.518442e-02  4.081206e-02 -1.320834e-05 -3.276582e-02 -1.619175e-02 -9.195294e-02 -2.391983e-02  3.760054e-02  6.798644e-04 -3.328121e-02
 -1.508746e-02 -9.195286e-02 -2.036256e-02  3.572365e-02  1.275396e-03 -3.457854e-02 -1.176080e-02 -9.195277e-02 -1.519416e-02  3.430994e-02  1.681882e-03 -3.591625e-02 -6.534450e-03 -9.195266e-02 -9.325661e-03  3.242867e-02  1.830849e-03
 -3.649790e-02 -1.576275e-04 -9.195252e-02 -3.838019e-03  2.956558e-02  1.695610e-03 -3.596717e-02  6.248616e-03 -9.195234e-02  3.436822e-04  2.581171e-02  1.300431e-03 -3.464928e-02  1.155259e-02 -9.195215e-02  2.774097e-03  2.164092e-02
  7.121541e-04 -3.333025e-02  1.498281e-02 -9.195194e-02  3.539892e-03  1.750674e-02  2.157301e-05 -3.276560e-02  1.619904e-02 -9.195173e-02  3.080670e-03  1.358914e-02 -6.720955e-04 -3.326922e-02  1.512247e-02 -9.195152e-02  1.983747e-03
  9.804231e-03 -1.269434e-03 -3.456203e-02  1.182134e-02 -9.195131e-02  8.455013e-04  5.979629e-03 -1.678758e-03 -3.590585e-02  6.613836e-03 -9.195111e-02  1.508327e-04  2.033706e-03 -1.831179e-03 -3.650138e-02  2.434904e-04 -9.195094e-02]

=== Jt_lambda_fd ===
[-8.320474e-01 -7.440739e-02 -2.101789e+00 -1.237104e-01  1.388428e+00 -4.134244e-02 -1.040196e-02  5.799070e-02 -1.692644e-03 -3.595386e-02 -6.313053e-03 -9.195322e-02 -1.865199e-02  5.181444e-02 -1.294587e-03 -3.463172e-02 -1.159832e-02
 -9.195310e-02 -2.358005e-02  4.570062e-02 -7.044462e-04 -3.331833e-02 -1.500316e-02 -9.195301e-02 -2.518442e-02  4.081206e-02 -1.320834e-05 -3.276582e-02 -1.619175e-02 -9.195294e-02 -2.391983e-02  3.760054e-02  6.798643e-04 -3.328121e-02
 -1.508746e-02 -9.195286e-02 -2.036256e-02  3.572365e-02  1.275396e-03 -3.457854e-02 -1.176080e-02 -9.195277e-02 -1.519416e-02  3.430994e-02  1.681882e-03 -3.591625e-02 -6.534450e-03 -9.195266e-02 -9.325661e-03  3.242867e-02  1.830849e-03
 -3.649790e-02 -1.576275e-04 -9.195252e-02 -3.838019e-03  2.956558e-02  1.695610e-03 -3.596717e-02  6.248616e-03 -9.195234e-02  3.436822e-04  2.581171e-02  1.300431e-03 -3.464928e-02  1.155259e-02 -9.195215e-02  2.774097e-03  2.164092e-02
  7.121542e-04 -3.333025e-02  1.498281e-02 -9.195194e-02  3.539892e-03  1.750674e-02  2.157297e-05 -3.276560e-02  1.619904e-02 -9.195173e-02  3.080670e-03  1.358914e-02 -6.720954e-04 -3.326922e-02  1.512247e-02 -9.195152e-02  1.983747e-03
  9.804231e-03 -1.269434e-03 -3.456203e-02  1.182134e-02 -9.195131e-02  8.455013e-04  5.979629e-03 -1.678758e-03 -3.590585e-02  6.613836e-03 -9.195111e-02  1.508327e-04  2.033706e-03 -1.831179e-03 -3.650138e-02  2.434904e-04 -9.195094e-02]

=== K_grasp ===
[[-1.000000e+05 -3.575955e-12 -4.260311e-15  8.635157e-17  5.462637e+00  5.913632e+03 -1.851472e-02  2.279379e-01  2.641194e+02 -4.354139e+03 -3.693830e+02  8.825975e-03 -4.663170e-02  2.037470e-01  2.950690e+02 -4.252802e+03 -1.013699e+03
   2.458517e-02 -5.917262e-02  1.800809e-01  3.495719e+02 -4.132455e+03 -1.433711e+03  3.746854e-02 -5.711964e-02  1.602166e-01  4.165903e+02 -4.079203e+03 -1.581367e+03  4.869582e-02 -4.354223e-02  1.442449e-01  4.838411e+02 -4.128844e+03
  -1.444265e+03  5.989147e-02 -2.253528e-02  1.296427e-01  5.390219e+02 -4.248038e+03 -1.033861e+03  7.268748e-02  9.898529e-04  1.133096e-01  5.710203e+02 -4.351816e+03 -3.965364e+02  8.832504e-02  2.177190e-02  9.384602e-02  5.718479e+02
  -4.353205e+03  3.698977e+02  1.073343e-01  3.563615e-02  7.261797e-02  5.387843e+02 -4.221665e+03  1.127986e+03  1.294431e-01  4.098918e-02  5.275347e-02  4.751918e+02 -4.008020e+03  1.746266e+03  1.538170e-01  3.891832e-02  3.696439e-02
   3.892321e+02 -3.814196e+03  2.141132e+03  1.794956e-01  3.190759e-02  2.604789e-02  2.915427e+02 -3.733885e+03  2.280070e+03  2.057208e-01  2.252119e-02  1.890425e-02  1.935047e+02 -3.805343e+03  2.157031e+03  2.319605e-01  1.295595e-02
   1.355313e-02  1.065142e+02 -3.994564e+03  1.777187e+03  2.576912e-01  5.164177e-03  8.343896e-03  4.129389e+01 -4.210151e+03  1.170617e+03  2.821708e-01  7.843596e-04  2.776845e-03  6.226175e+00 -4.348899e+03  4.174617e+02  3.044441e-01]
 [-3.575955e-12 -1.000000e+05 -6.150501e-16 -5.462637e+00  2.167572e-16 -6.602384e+04 -2.347385e-01 -1.341139e-02 -2.793084e+03  3.693830e+02 -4.354139e+03 -1.010293e-02 -2.241547e-01 -3.379770e-02 -2.604591e+03  1.013699e+03 -4.252802e+03
  -3.204920e-02 -2.130218e-01 -4.122282e-02 -2.421311e+03  1.433711e+03 -4.132455e+03 -5.582926e-02 -2.038159e-01 -3.487976e-02 -2.242080e+03  1.581367e+03 -4.079203e+03 -8.045586e-02 -1.959824e-01 -1.622527e-02 -2.062934e+03  1.444265e+03
  -4.128844e+03 -1.050973e-01 -1.863130e-01  1.141852e-02 -1.879849e+03  1.033861e+03 -4.248038e+03 -1.289256e-01 -1.710829e-01  4.270762e-02 -1.691524e+03  3.965364e+02 -4.351816e+03 -1.509599e-01 -1.488342e-01  7.087408e-02 -1.500643e+03
  -3.698977e+02 -4.353205e+03 -1.701332e-01 -1.218853e-01  8.988944e-02 -1.312650e+03 -1.127986e+03 -4.221665e+03 -1.856295e-01 -9.511664e-02  9.688370e-02 -1.132531e+03 -1.746266e+03 -4.008020e+03 -1.972866e-01 -7.294583e-02  9.266429e-02
  -9.617321e+02 -2.141132e+03 -3.814196e+03 -2.057757e-01 -5.699736e-02  8.014001e-02 -7.971981e+02 -2.280070e+03 -3.733885e+03 -2.124659e-01 -4.581250e-02  6.249648e-02 -6.328664e+02 -2.157031e+03 -3.805343e+03 -2.191009e-01 -3.608522e-02
   4.255852e-02 -4.625774e+02 -1.777187e+03 -3.994564e+03 -2.274360e-01 -2.444087e-02  2.306409e-02 -2.830294e+02 -1.170617e+03 -4.210151e+03 -2.388733e-01 -9.008195e-03  6.663418e-03 -9.539509e+01 -4.174617e+02 -4.348899e+03 -2.541333e-01]
 [-4.260311e-15 -6.150501e-16 -1.000000e+05 -5.913632e+03  6.602384e+04  3.702616e-16 -4.959844e+02  2.757466e+03  6.913029e-03 -9.906613e-03  9.039846e-03 -4.375000e+03 -8.882543e+02  2.463473e+03  2.066842e-02 -3.153074e-02  2.525121e-02
  -4.375000e+03 -1.122545e+03  2.172519e+03  3.382235e-02 -5.379922e-02  4.034316e-02 -4.375000e+03 -1.198815e+03  1.939913e+03  4.579874e-02 -7.448677e-02  5.741272e-02 -4.375000e+03 -1.138713e+03  1.787140e+03  5.611007e-02 -9.110778e-02
   7.952126e-02 -4.375000e+03 -9.696419e+02  1.697920e+03  6.428246e-02 -1.008413e-01  1.082106e-01 -4.375000e+03 -7.239886e+02  1.630805e+03  6.982462e-02 -1.012715e-01  1.424225e-01 -4.375000e+03 -4.450392e+02  1.541516e+03  7.231616e-02
  -9.212343e-02  1.786522e-01 -4.375000e+03 -1.841682e+02  1.405557e+03  7.156653e-02 -7.677621e-02  2.127675e-01 -4.375000e+03  1.464090e+01  1.227204e+03  6.770758e-02 -6.196113e-02  2.423408e-01 -4.375000e+03  1.301987e+02  1.028944e+03
   6.113402e-02 -5.566670e-02  2.673576e-01 -4.375000e+03  1.666125e+02  8.323163e+02  5.235393e-02 -6.484242e-02  2.885476e-01 -4.375000e+03  1.447884e+02  6.458675e+02  4.188384e-02 -9.384020e-02  3.048300e-01 -4.375000e+03  9.267678e+01
   4.656210e+02  3.025130e-02 -1.430978e-01  3.121343e-01 -4.375000e+03  3.866688e+01  2.834141e+02  1.804688e-02 -2.078909e-01  3.051054e-01 -4.375000e+03  5.830628e+00  9.542009e+01  5.904842e-03 -2.786702e-01  2.813755e-01 -4.375000e+03]
 [ 8.635157e-17 -5.462637e+00 -5.913632e+03 -3.597107e+02  3.904407e+03 -3.606643e+00 -2.976611e+01  1.630295e+02 -1.521664e-01  1.959221e-02 -2.373162e-01 -2.587214e+02 -5.295338e+01  1.455794e+02 -1.410546e-01  5.351007e-02 -2.308219e-01
  -2.587214e+02 -6.679645e+01  1.283314e+02 -1.302635e-01  7.513696e-02 -2.233553e-01 -2.587214e+02 -7.130145e+01  1.145612e+02 -1.197635e-01  8.197949e-02 -2.194369e-01 -2.587214e+02 -6.775220e+01  1.055405e+02 -1.093665e-01  7.350717e-02
  -2.208412e-01 -2.587214e+02 -5.776586e+01  1.003053e+02 -9.888066e-02  5.051271e-02 -2.256557e-01 -2.587214e+02 -4.324921e+01  9.640016e+01 -8.826381e-02  1.567252e-02 -2.293016e-01 -2.587214e+02 -2.675331e+01  9.119658e+01 -7.768746e-02
  -2.565401e-02 -2.272350e-01 -2.587214e+02 -1.131320e+01  8.323224e+01 -6.746019e-02 -6.615802e-02 -2.180320e-01 -2.587214e+02  4.650020e-01  7.274695e+01 -5.784671e-02 -9.905632e-02 -2.046124e-01 -2.587214e+02  7.318047e+00  6.106209e+01
  -4.890274e-02 -1.202542e-01 -1.925452e-01 -2.587214e+02  9.479459e+00  4.944813e+01 -4.043145e-02 -1.283865e-01 -1.869050e-01 -2.587214e+02  8.181716e+00  3.840993e+01 -3.207114e-02 -1.233801e-01 -1.898456e-01 -2.587214e+02  5.081105e+00
   2.771283e+01 -2.345421e-02 -1.055435e-01 -1.997501e-01 -2.587214e+02  1.865600e+00  1.687713e+01 -1.436543e-02 -7.624046e-02 -2.119425e-01 -2.587214e+02 -9.008857e-02  5.684539e+00 -4.831453e-03 -3.928395e-02 -2.209251e-01 -2.587214e+02]
 [ 5.462637e+00  2.167572e-16  6.602384e+04  3.904407e+03 -4.360148e+04 -3.230402e-01  3.275049e+02 -1.821021e+03 -1.899314e-02  2.443915e-01  1.420960e-02  2.888543e+03  5.865610e+02 -1.626905e+03 -2.976784e-02  2.531329e-01  3.870286e-02
   2.888543e+03  7.412909e+02 -1.434794e+03 -4.143224e-02  2.612613e-01  5.168234e-02  2.888543e+03  7.916621e+02 -1.281213e+03 -5.300296e-02  2.720111e-01  4.847828e-02  2.888543e+03  7.519666e+02 -1.180351e+03 -6.348701e-02  2.856966e-01
   2.639196e-02  2.888543e+03  6.402982e+02 -1.121457e+03 -7.189945e-02  2.986342e-01 -1.496870e-02  2.888543e+03  4.780448e+02 -1.077155e+03 -7.730876e-02  3.045873e-01 -7.237143e-02  2.888543e+03  2.937950e+02 -1.018204e+03 -7.900090e-02
   2.986232e-01 -1.381592e-01  2.888543e+03  1.214821e+02 -9.284246e+02 -7.670137e-02  2.813049e-01 -2.020950e-01  2.888543e+03 -9.841117e+00 -8.106480e+02 -7.068088e-02  2.598527e-01 -2.553949e-01  2.888543e+03 -8.617629e+01 -6.797299e+02
  -6.164594e-02  2.451090e-01 -2.934820e-01  2.888543e+03 -1.102320e+02 -5.499006e+02 -5.051325e-02  2.467801e-01 -3.150622e-01  2.888543e+03 -9.581058e+01 -4.268070e+02 -3.824568e-02  2.698290e-01 -3.190913e-01  2.888543e+03 -6.136649e+01
  -3.078204e+02 -2.581430e-02  3.126872e-01 -3.031643e-01  2.888543e+03 -2.564642e+01 -1.875419e+02 -1.419487e-02  3.672429e-01 -2.653888e-01  2.888543e+03 -3.891351e+00 -6.343490e+01 -4.264130e-03  4.215534e-01 -2.085793e-01  2.888543e+03]
 [ 5.913632e+03 -6.602384e+04  3.702616e-16 -3.606643e+00 -3.230402e-01 -4.395119e+04 -1.538895e-01 -2.233322e-02 -1.860158e+03  5.013686e+02 -2.852926e+03 -7.192276e-03 -1.452411e-01 -3.436086e-02 -1.737538e+03  9.207778e+02 -2.747917e+03
  -2.261399e-02 -1.371513e-01 -3.786218e-02 -1.619752e+03  1.190969e+03 -2.643621e+03 -3.907638e-02 -1.311967e-01 -3.249783e-02 -1.505381e+03  1.285309e+03 -2.599730e+03 -5.599974e-02 -1.268293e-01 -1.923471e-02 -1.391078e+03  1.197724e+03
  -2.640613e+03 -7.293103e-02 -1.216884e-01 -1.168272e-04 -1.273462e+03  9.338083e+02 -2.743579e+03 -8.942008e-02 -1.130242e-01  2.151074e-02 -1.151015e+03  5.191590e+02 -2.849787e+03 -1.048927e-01 -9.956279e-02  4.126195e-02 -1.025037e+03
   1.321186e+01 -2.896028e+03 -1.186758e-01 -8.258844e-02  5.507538e-02 -8.989613e+02 -4.950857e+02 -2.854011e+03 -1.302145e-01 -6.522981e-02  6.087093e-02 -7.762792e+02 -9.159323e+02 -2.749516e+03 -1.393523e-01 -5.046869e-02  5.902132e-02
  -6.584277e+02 -1.188100e+03 -2.644897e+03 -1.464758e-01 -3.952523e-02  5.139999e-02 -5.440191e+02 -1.284581e+03 -2.600089e+03 -1.524437e-01 -3.158838e-02  4.017513e-02 -4.297233e+02 -1.199121e+03 -2.639993e+03 -1.583761e-01 -2.460533e-02
   2.732850e-02 -3.121477e+02 -9.371430e+02 -2.742461e+03 -1.654009e-01 -1.646298e-02  1.476488e-02 -1.897464e+02 -5.239134e+02 -2.848929e+03 -1.743998e-01 -6.021807e-03  4.263370e-03 -6.378920e+01 -1.844635e+01 -2.895998e+03 -1.857923e-01]
 [-1.851472e-02 -2.347385e-01 -4.959844e+02 -2.976611e+01  3.275049e+02 -1.538895e-01 -2.479100e+00  1.367660e+01 -6.473258e-03  1.179246e-05 -1.024440e-02 -2.169932e+01 -4.424495e+00  1.221560e+01 -5.956759e-03  1.435759e-03 -1.004541e-02
  -2.169932e+01 -5.586173e+00  1.077064e+01 -5.451132e-03  2.333525e-03 -9.765815e-03 -2.169932e+01 -5.964283e+00  9.616286e+00 -4.958542e-03  2.587383e-03 -9.583489e-03 -2.169932e+01 -5.666351e+00  8.859172e+00 -4.474365e-03  2.173922e-03
  -9.564976e-03 -2.169932e+01 -4.828151e+00  8.418484e+00 -3.993781e-03  1.140202e-03 -9.626490e-03 -2.169932e+01 -3.609966e+00  8.088420e+00 -3.518219e-03 -3.771936e-04 -9.582414e-03 -2.169932e+01 -2.226143e+00  7.648898e+00 -3.057548e-03
  -2.131194e-03 -9.264077e-03 -2.169932e+01 -9.314109e-01  6.977812e+00 -2.625994e-03 -3.810244e-03 -8.645738e-03 -2.169932e+01  5.580995e-02  6.095824e+00 -2.233988e-03 -5.148550e-03 -7.883078e-03 -2.169932e+01  6.299484e-01  5.114134e+00
  -1.881461e-03 -6.008347e-03 -7.230911e-03 -2.169932e+01  8.109563e-01  4.139466e+00 -1.556755e-03 -6.365129e-03 -6.911567e-03 -2.169932e+01  7.023556e-01  3.214199e+00 -1.240969e-03 -6.233364e-03 -7.021330e-03 -2.169932e+01  4.429258e-01
   2.318621e+00 -9.149222e-04 -5.621067e-03 -7.499602e-03 -2.169932e+01  1.738824e-01  1.412342e+00 -5.659505e-04 -4.558493e-03 -8.152835e-03 -2.169932e+01  1.013747e-02  4.766928e-01 -1.921131e-04 -3.167291e-03 -8.735672e-03 -2.169932e+01]
 [ 2.279379e-01 -1.341139e-02  2.757466e+03  1.630295e+02 -1.821021e+03 -2.233322e-02  1.367660e+01 -7.605530e+01 -1.167245e-03  1.024744e-02  8.742631e-06  1.206392e+02  2.449616e+01 -6.794834e+01 -1.591902e-03  1.069915e-02  1.043950e-03
   1.206392e+02  3.095853e+01 -5.992500e+01 -2.054368e-03  1.109521e-02  1.601303e-03  1.206392e+02  3.306231e+01 -5.351079e+01 -2.513439e-03  1.156408e-02  1.474322e-03  1.206392e+02  3.140440e+01 -4.929830e+01 -2.927138e-03  1.211716e-02
   5.455202e-04  1.206392e+02  2.674048e+01 -4.683844e+01 -3.253811e-03  1.260221e-02 -1.197030e-03  1.206392e+02  1.996386e+01 -4.498800e+01 -3.454404e-03  1.276515e-02 -3.607033e-03  1.206392e+02  1.226859e+01 -4.252561e+01 -3.499471e-03
   1.241327e-02 -6.353238e-03  1.206392e+02  5.071905e+00 -3.877571e+01 -3.378282e-03  1.158858e-02 -9.004283e-03  1.206392e+02 -4.128021e-01 -3.385654e+01 -3.102807e-03  1.061016e-02 -1.120040e-02  1.206391e+02 -3.600917e+00 -2.838861e+01
  -2.702729e-03  9.941834e-03 -1.276428e-02  1.206391e+02 -4.605591e+00 -2.296626e+01 -2.215903e-03  9.993159e-03 -1.365451e-02  1.206391e+02 -4.003289e+00 -1.782535e+01 -1.681708e-03  1.097214e-02 -1.383263e-02  1.206391e+02 -2.564745e+00
  -1.285608e+01 -1.139849e-03  1.281266e-02 -1.319361e-02  1.206391e+02 -1.072878e+00 -7.832948e+00 -6.306156e-04  1.517206e-02 -1.164610e-02  1.206391e+02 -1.642017e-01 -2.649958e+00 -1.907642e-04  1.754104e-02 -9.293635e-03  1.206391e+02]
 [ 2.641194e+02 -2.793084e+03  6.913029e-03 -1.521664e-01 -1.899314e-02 -1.860158e+03 -6.473258e-03 -1.167245e-03 -7.872993e+01  2.181730e+01 -1.206392e+02 -3.049394e-06 -6.076351e-03 -1.652358e-03 -7.354689e+01  3.954593e+01 -1.161070e+02
  -6.576503e-04 -5.716175e-03 -1.777056e-03 -6.857167e+01  5.095938e+01 -1.116362e+02 -1.355875e-03 -5.459285e-03 -1.531267e-03 -6.374263e+01  5.494289e+01 -1.097589e+02 -2.073370e-03 -5.280578e-03 -9.573908e-04 -5.891654e+01  5.124461e+01
  -1.115075e+02 -2.791196e-03 -5.077721e-03 -1.404207e-04 -5.394858e+01  4.009651e+01 -1.159206e+02 -3.490536e-03 -4.731456e-03  7.814318e-04 -4.877301e+01  2.256959e+01 -1.205026e+02 -4.147276e-03 -4.184172e-03  1.625876e-03 -4.344374e+01
   1.166104e+00 -1.225657e+02 -4.733009e-03 -3.486060e-03  2.222601e-03 -3.810560e+01 -2.035535e+01 -1.208939e+02 -5.224229e-03 -2.766214e-03  2.482879e-03 -3.290676e+01 -3.818872e+01 -1.165596e+02 -5.614196e-03 -2.149462e-03  2.420543e-03
  -2.790917e+01 -4.972958e+01 -1.121889e+02 -5.919127e-03 -1.688050e-03  2.113247e-03 -2.305558e+01 -5.382236e+01 -1.103127e+02 -6.175254e-03 -1.349473e-03  1.652277e-03 -1.820671e+01 -5.019704e+01 -1.119836e+02 -6.429881e-03 -1.049125e-03
   1.122020e-03 -1.322064e+01 -3.908790e+01 -1.162654e+02 -6.730648e-03 -6.998511e-04  6.038510e-04 -8.033456e+00 -2.157649e+01 -1.206849e+02 -7.114754e-03 -2.552662e-04  1.733677e-04 -2.700051e+00 -1.737711e-01 -1.225710e+02 -7.599809e-03]
 [-4.354139e+03  3.693830e+02 -9.906613e-03  1.959221e-02  2.443915e-01  5.013686e+02  1.179246e-05  1.024744e-02  2.181730e+01 -1.909497e+02 -3.050249e-10 -1.180060e-05 -1.290416e-03  9.240318e-03  2.246863e+01 -1.889173e+02 -2.842872e+01
   7.554426e-04 -1.900798e-03  8.208465e-03  2.416476e+01 -1.852287e+02 -4.716119e+01  1.404242e-03 -1.852969e-03  7.297071e-03  2.642079e+01 -1.834555e+02 -5.378705e+01  1.984060e-03 -1.284771e-03  6.517601e-03  2.868724e+01 -1.851105e+02
  -4.763405e+01  2.562555e-03 -3.890674e-04  5.770854e-03  3.041361e+01 -1.887844e+02 -2.932423e+01  3.207729e-03  6.033281e-04  4.937462e-03  3.111122e+01 -1.909489e+02 -1.190877e+00  3.970001e-03  1.453659e-03  3.977101e-03  3.044217e+01
  -1.881783e+02  3.218586e+01  4.868512e-03  1.983626e-03  2.969094e-03  2.830812e+01 -1.796506e+02  6.470817e+01  5.888402e-03  2.137521e-03  2.060662e-03  2.487389e+01 -1.680643e+02  9.083979e+01  6.992737e-03  1.976905e-03  1.369128e-03
   2.050018e+01 -1.581664e+02  1.073168e+02  8.142176e-03  1.616345e-03  9.205923e-04  1.563889e+01 -1.541564e+02  1.130697e+02  9.308766e-03  1.164171e-03  6.562497e-04  1.076316e+01 -1.577222e+02  1.079764e+02  1.047579e-02  7.065937e-04
   4.790453e-04  6.346459e+00 -1.673642e+02  9.213641e+01  1.162693e-02  3.189665e-04  3.061867e-04  2.843456e+00 -1.789918e+02  6.652187e+01  1.273505e-02  6.800447e-05  1.057471e-04  6.234696e-01 -1.878151e+02  3.424095e+01  1.376123e-02]
 [-3.693830e+02 -4.354139e+03  9.039846e-03 -2.373162e-01  1.420960e-02 -2.852926e+03 -1.024440e-02  8.742631e-06 -1.206392e+02 -3.050227e-10 -1.909497e+02 -1.180060e-05 -9.851959e-03 -9.416860e-04 -1.123176e+02  2.842872e+01 -1.889173e+02
  -9.091599e-04 -9.392363e-03 -1.326103e-03 -1.041360e+02  4.716119e+01 -1.852287e+02 -1.896988e-03 -8.977046e-03 -1.102265e-03 -9.608447e+01  5.378705e+01 -1.834555e+02 -2.927793e-03 -8.591246e-03 -3.352097e-04 -8.803578e+01  4.763405e+01
  -1.851105e+02 -3.959360e-03 -8.107915e-03  8.225672e-04 -7.986020e+01  2.932423e+01 -1.887844e+02 -4.949610e-03 -7.380085e-03  2.130673e-03 -7.154205e+01  1.190877e+00 -1.909489e+02 -5.851253e-03 -6.359796e-03  3.293257e-03 -6.322779e+01
  -3.218586e+01 -1.881783e+02 -6.615868e-03 -5.158774e-03  4.055089e-03 -5.516443e+01 -6.470817e+01 -1.796506e+02 -7.208934e-03 -3.991427e-03  4.302376e-03 -4.755670e+01 -9.083979e+01 -1.680643e+02 -7.626464e-03 -3.044175e-03  4.078257e-03
  -4.043739e+01 -1.073168e+02 -1.581664e+02 -7.901241e-03 -2.378944e-03  3.510384e-03 -3.363420e+01 -1.130697e+02 -1.541564e+02 -8.095668e-03 -1.924639e-03  2.732627e-03 -2.684111e+01 -1.079764e+02 -1.577222e+02 -8.287643e-03 -1.531722e-03
   1.861028e-03 -1.974782e+01 -9.213641e+01 -1.673642e+02 -8.555521e-03 -1.048609e-03  1.009443e-03 -1.217096e+01 -6.652187e+01 -1.789918e+02 -8.963089e-03 -3.898591e-04  2.917659e-04 -4.130637e+00 -3.424096e+01 -1.878151e+02 -9.545261e-03]
 [ 8.825975e-03 -1.010293e-02 -4.375000e+03 -2.587214e+02  2.888543e+03 -7.192276e-03 -2.169932e+01  1.206392e+02 -3.049394e-06 -1.180060e-05 -1.180060e-05 -1.914062e+02 -3.886113e+01  1.077770e+02  6.150606e-04 -9.017056e-04  7.645516e-04
  -1.914062e+02 -4.911136e+01  9.504770e+01  1.204251e-03 -1.844140e-03  1.474053e-03 -1.914062e+02 -5.244817e+01  8.487119e+01  1.740411e-03 -2.739002e-03  2.239258e-03 -1.914062e+02 -4.981870e+01  7.818738e+01  2.203695e-03 -3.475641e-03
   3.189391e-03 -1.914062e+02 -4.242183e+01  7.428398e+01  2.574864e-03 -3.932427e-03  4.396286e-03 -1.914062e+02 -3.167450e+01  7.134773e+01  2.833536e-03 -4.006477e-03  5.826320e-03 -1.914062e+02 -1.947046e+01  6.744134e+01  2.961752e-03
  -3.683558e-03  7.343588e-03 -1.914062e+02 -8.057359e+00  6.149310e+01  2.950867e-03 -3.100316e-03  8.782511e-03 -1.914062e+02  6.405396e-01  5.369017e+01  2.805848e-03 -2.533477e-03  1.004336e-02 -1.914062e+02  5.696193e+00  4.501631e+01
   2.543097e-03 -2.315095e-03  1.112258e-02 -1.914062e+02  7.289297e+00  3.641384e+01  2.184213e-03 -2.737658e-03  1.204549e-02 -1.914062e+02  6.334493e+00  2.825670e+01  1.751401e-03 -3.987573e-03  1.276148e-02 -1.914062e+02  4.054609e+00
   2.037092e+01  1.267359e-03 -6.087519e-03  1.309546e-02 -1.914062e+02  1.691676e+00  1.239937e+01  7.573121e-04 -8.841908e-03  1.281969e-02 -1.914062e+02  2.550900e-01  4.174629e+00  2.481496e-04 -1.185017e-02  1.183397e-02 -1.914062e+02]
 [-4.663170e-02 -2.241547e-01 -8.882543e+02 -5.295338e+01  5.865610e+02 -1.452411e-01 -4.424495e+00  2.449616e+01 -6.076351e-03 -1.290416e-03 -9.851959e-03 -3.886113e+01 -7.909071e+00  2.188191e+01 -5.517129e-03  9.026106e-06 -9.781264e-03
  -3.886113e+01 -9.990086e+00  1.929558e+01 -4.963963e-03  8.088232e-04 -9.573305e-03 -3.886113e+01 -1.066748e+01  1.722877e+01 -4.424505e-03  9.808753e-04 -9.371173e-03 -3.886113e+01 -1.013369e+01  1.587239e+01 -3.899916e-03  5.027688e-04
  -9.222131e-03 -3.886113e+01 -8.632000e+00  1.508175e+01 -3.391122e-03 -5.592106e-04 -9.043097e-03 -3.886113e+01 -6.449770e+00  1.448842e+01 -2.904743e-03 -2.040019e-03 -8.674639e-03 -3.886113e+01 -3.971218e+00  1.369857e+01 -2.454258e-03
  -3.677407e-03 -7.998537e-03 -3.886113e+01 -1.652693e+00  1.249399e+01 -2.054829e-03 -5.179035e-03 -7.047145e-03 -3.886113e+01  1.147731e-01  1.091218e+01 -1.714900e-03 -6.333717e-03 -6.017248e-03 -3.886113e+01  1.142445e+00  9.152614e+00
  -1.430402e-03 -7.072533e-03 -5.176438e-03 -3.886113e+01  1.466375e+00  7.406567e+00 -1.185017e-03 -7.428023e-03 -4.743407e-03 -3.886113e+01  1.272092e+00  5.749976e+00 -9.552595e-04 -7.443122e-03 -4.816330e-03 -3.886113e+01  8.080188e-01
   4.147506e+00 -7.173226e-04 -7.117453e-03 -5.352724e-03 -3.886113e+01  3.267418e-01  2.526684e+00 -4.535613e-04 -6.433858e-03 -6.181261e-03 -3.886113e+01  3.371896e-02  8.537569e-01 -1.570648e-04 -5.439026e-03 -7.054262e-03 -3.886113e+01]
 [ 2.037470e-01 -3.379770e-02  2.463473e+03  1.455794e+02 -1.626905e+03 -3.436086e-02  1.221560e+01 -6.794834e+01 -1.652358e-03  9.240318e-03 -9.416860e-04  1.077770e+02  2.188191e+01 -6.070613e+01 -1.990648e-03  9.784315e-03  5.974860e-06
   1.077770e+02  2.765551e+01 -5.353846e+01 -2.363883e-03  1.022964e-02  5.306263e-04  1.077770e+02  2.953509e+01 -4.780819e+01 -2.734984e-03  1.068068e-02  4.289650e-04  1.077770e+02  2.805385e+01 -4.404475e+01 -3.065568e-03  1.114494e-02
  -4.117926e-04  1.077770e+02  2.388696e+01 -4.184691e+01 -3.317532e-03  1.148887e-02 -1.995017e-03  1.077770e+02  1.783254e+01 -4.019336e+01 -3.455686e-03  1.149551e-02 -4.171422e-03  1.077770e+02  1.095744e+01 -3.799298e+01 -3.454300e-03
   1.101394e-02 -6.625989e-03  1.077770e+02  4.527858e+00 -3.464232e+01 -3.304973e-03  1.011165e-02 -8.966534e-03  1.077770e+02 -3.721644e-01 -3.024712e+01 -3.019489e-03  9.102419e-03 -1.088258e-02  1.077770e+02 -3.220383e+00 -2.536182e+01
  -2.624695e-03  8.418992e-03 -1.223789e-02  1.077770e+02 -4.117937e+00 -2.051746e+01 -2.153754e-03  8.434444e-03 -1.301584e-02  1.077770e+02 -3.579855e+00 -1.592477e+01 -1.640538e-03  9.335975e-03 -1.319041e-02  1.077770e+02 -2.294675e+00
  -1.148564e+01 -1.119188e-03  1.106333e-02 -1.266038e-02  1.077770e+02 -9.617944e-01 -6.998550e+00 -6.249919e-04  1.330375e-02 -1.132422e-02  1.077770e+02 -1.498198e-01 -2.368720e+00 -1.910529e-04  1.558463e-02 -9.252003e-03  1.077770e+02]
 [ 2.950690e+02 -2.604591e+03  2.066842e-02 -1.410546e-01 -2.976784e-02 -1.737538e+03 -5.956759e-03 -1.591902e-03 -7.354689e+01  2.246863e+01 -1.123176e+02  6.150606e-04 -5.517129e-03 -1.990648e-03 -6.872873e+01  3.895140e+01 -1.077770e+02
  -3.050437e-06 -5.141822e-03 -2.053995e-03 -6.411585e+01  4.953591e+01 -1.034031e+02 -6.604386e-04 -4.892426e-03 -1.782014e-03 -5.964538e+01  5.322461e+01 -1.015804e+02 -1.334989e-03 -4.740957e-03 -1.217346e-03 -5.517779e+01  4.980013e+01
  -1.032779e+02 -2.009832e-03 -4.586091e-03 -4.357003e-04 -5.057201e+01  3.946250e+01 -1.075934e+02 -2.668218e-03 -4.309617e-03  4.414489e-04 -4.576132e+01  2.316901e+01 -1.121770e+02 -3.288264e-03 -3.849090e-03  1.251095e-03 -4.079211e+01
   3.210639e+00 -1.144746e+02 -3.843740e-03 -3.241969e-03  1.837240e-03 -3.579809e+01 -1.692258e+01 -1.132854e+02 -4.312593e-03 -2.601600e-03  2.115010e-03 -3.091909e+01 -3.365666e+01 -1.095452e+02 -4.688131e-03 -2.041905e-03  2.092783e-03
  -2.621683e+01 -4.451321e+01 -1.056620e+02 -4.985008e-03 -1.613398e-03  1.839520e-03 -2.164314e+01 -4.836895e+01 -1.039802e+02 -5.236641e-03 -1.289993e-03  1.439665e-03 -1.707369e+01 -4.495344e+01 -1.054784e+02 -5.486883e-03 -9.978410e-04
   9.734415e-04 -1.238168e+01 -3.450172e+01 -1.092860e+02 -5.779902e-03 -6.606580e-04  5.186988e-04 -7.512745e+00 -1.806693e+01 -1.131113e+02 -6.150026e-03 -2.392718e-04  1.467207e-04 -2.522164e+00  1.959086e+00 -1.145028e+02 -6.613211e-03]
 [-4.252802e+03  1.013699e+03 -3.153074e-02  5.351007e-02  2.531329e-01  9.207778e+02  1.435759e-03  1.069915e-02  3.954593e+01 -1.889173e+02  2.842872e+01 -9.017056e-04  9.026106e-06  9.784315e-03  3.895140e+01 -1.911391e+02 -3.051831e-10
  -9.029041e-06 -7.110419e-04  8.761370e-03  3.941139e+01 -1.902786e+02 -1.908226e+01  7.799332e-04 -7.411016e-04  7.778937e-03  4.044470e+01 -1.895107e+02 -2.590159e+01  1.507046e-03 -2.241386e-04  6.862422e-03  4.148873e+01 -1.902320e+02
  -1.956769e+01  2.232965e-03  6.245364e-04  5.933066e-03  4.197954e+01 -1.911409e+02 -9.057780e-01  3.018701e-03  1.548083e-03  4.900112e-03  4.143132e+01 -1.890938e+02  2.725040e+01  3.907097e-03  2.294322e-03  3.758687e-03  3.953156e+01
  -1.813835e+02  5.985939e+01  4.909881e-03  2.693015e-03  2.620273e-03  3.621975e+01 -1.681047e+02  9.076595e+01  6.007213e-03  2.712001e-03  1.648338e-03  3.168942e+01 -1.527513e+02  1.148945e+02  7.161955e-03  2.435622e-03  9.571195e-04
   2.630233e+01 -1.405056e+02  1.297225e+02  8.340070e-03  1.987282e-03  5.578226e-04  2.047992e+01 -1.356817e+02  1.348172e+02  9.523189e-03  1.467835e-03  3.740813e-04  1.464473e+01 -1.399679e+02  1.303090e+02  1.070637e-02  9.460078e-04
   2.917862e-04  9.218979e+00 -1.518656e+02  1.160731e+02  1.188514e-02  4.795710e-04  2.104116e-04  4.625213e+00 -1.671828e+02  9.246226e+01  1.304215e-02  1.265116e-04  8.063341e-05  1.231806e+00 -1.807183e+02  6.183855e+01  1.414408e-02]
 [-1.013699e+03 -4.252802e+03  2.525121e-02 -2.308219e-01  3.870286e-02 -2.747917e+03 -1.004541e-02  1.043950e-03 -1.161070e+02 -2.842872e+01 -1.889173e+02  7.645516e-04 -9.781264e-03  5.974860e-06 -1.077770e+02 -3.051831e-10 -1.911391e+02
  -9.029041e-06 -9.375771e-03 -4.762346e-04 -9.942993e+01  1.908226e+01 -1.902786e+02 -8.897495e-04 -8.944191e-03 -3.491052e-04 -9.112826e+01  2.590159e+01 -1.895107e+02 -1.823259e-03 -8.488591e-03  3.209051e-04 -8.282780e+01  1.956769e+01
  -1.902320e+02 -2.757720e-03 -7.907117e-03  1.371049e-03 -7.448221e+01  9.057780e-01 -1.911409e+02 -3.641376e-03 -7.082968e-03  2.553091e-03 -6.614874e+01 -2.725040e+01 -1.890938e+02 -4.419935e-03 -5.996545e-03  3.576199e-03 -5.802257e+01
  -5.985939e+01 -1.813835e+02 -5.042641e-03 -4.775793e-03  4.204027e-03 -5.036276e+01 -9.076595e+01 -1.681047e+02 -5.477553e-03 -3.633312e-03  4.345149e-03 -4.334729e+01 -1.148945e+02 -1.527513e+02 -5.726225e-03 -2.740604e-03  4.055715e-03
  -3.695492e+01 -1.297225e+02 -1.405056e+02 -5.826949e-03 -2.142609e-03  3.462073e-03 -3.094789e+01 -1.348172e+02 -1.356817e+02 -5.845624e-03 -1.756579e-03  2.686394e-03 -2.495300e+01 -1.303090e+02 -1.399679e+02 -5.861808e-03 -1.426701e-03
   1.829742e-03 -1.859277e+01 -1.160731e+02 -1.518656e+02 -5.955452e-03 -9.968366e-04  9.938864e-04 -1.161809e+01 -9.246226e+01 -1.671828e+02 -6.193704e-03 -3.766219e-04  2.874361e-04 -3.993850e+00 -6.183855e+01 -1.807183e+02 -6.616901e-03]
 [ 2.458517e-02 -3.204920e-02 -4.375000e+03 -2.587214e+02  2.888543e+03 -2.261399e-02 -2.169932e+01  1.206392e+02 -6.576503e-04  7.554426e-04 -9.091599e-04 -1.914062e+02 -3.886113e+01  1.077770e+02 -3.050437e-06 -9.029041e-06 -9.029041e-06
  -1.914062e+02 -4.911136e+01  9.504770e+01  6.177743e-04 -8.782518e-04  7.930751e-04 -1.914062e+02 -5.244817e+01  8.487119e+01  1.182707e-03 -1.749102e-03  1.593236e-03 -1.914062e+02 -4.981870e+01  7.818738e+01  1.674709e-03 -2.508006e-03
   2.510869e-03 -1.914062e+02 -4.242183e+01  7.428398e+01  2.077361e-03 -3.036076e-03  3.626929e-03 -1.914062e+02 -3.167450e+01  7.134773e+01  2.372321e-03 -3.233640e-03  4.933749e-03 -1.914062e+02 -1.947046e+01  6.744134e+01  2.542298e-03
  -3.078706e-03  6.329929e-03 -1.914062e+02 -8.057359e+00  6.149310e+01  2.577881e-03 -2.682566e-03  7.678251e-03 -1.914062e+02  6.405395e-01  5.369017e+01  2.482413e-03 -2.285085e-03  8.888548e-03 -1.914062e+02  5.696193e+00  4.501631e+01
   2.270692e-03 -2.183907e-03  9.948076e-03 -1.914062e+02  7.289297e+00  3.641384e+01  1.963313e-03 -2.649618e-03  1.086672e-02 -1.914062e+02  6.334493e+00  2.825670e+01  1.582016e-03 -3.861269e-03  1.158642e-02 -1.914062e+02  4.054609e+00
   2.037092e+01  1.149055e-03 -5.848033e-03  1.193873e-02 -1.914062e+02  1.691676e+00  1.239937e+01  6.886902e-04 -8.435329e-03  1.171124e-02 -1.914062e+02  2.550900e-01  4.174629e+00  2.262328e-04 -1.125643e-02  1.081376e-02 -1.914062e+02]
 [-5.917262e-02 -2.130218e-01 -1.122545e+03 -6.679645e+01  7.412909e+02 -1.371513e-01 -5.586173e+00  3.095853e+01 -5.716175e-03 -1.900798e-03 -9.392363e-03 -4.911136e+01 -9.990086e+00  2.765551e+01 -5.141822e-03 -7.110419e-04 -9.375771e-03
  -4.911136e+01 -1.262021e+01  2.438751e+01 -4.571398e-03  4.915280e-06 -9.198524e-03 -4.911136e+01 -1.347637e+01  2.177571e+01 -4.015420e-03  1.187381e-04 -8.980845e-03 -4.911136e+01 -1.280171e+01  2.006141e+01 -3.478174e-03 -3.892719e-04
  -8.757285e-03 -4.911136e+01 -1.090371e+01  1.906174e+01 -2.963686e-03 -1.443314e-03 -8.446296e-03 -4.911136e+01 -8.145653e+00  1.831113e+01 -2.481268e-03 -2.867193e-03 -7.906203e-03 -4.911136e+01 -5.013226e+00  1.731199e+01 -2.046087e-03
  -4.397995e-03 -7.048946e-03 -4.911136e+01 -2.083201e+00  1.578872e+01 -1.673486e-03 -5.762773e-03 -5.937198e-03 -4.911136e+01  1.502913e-01  1.378888e+01 -1.370623e-03 -6.787119e-03 -4.784260e-03 -4.911136e+01  1.448847e+00  1.156468e+01
  -1.131322e-03 -7.442921e-03 -3.856895e-03 -4.911136e+01  1.858140e+00  9.357904e+00 -9.370763e-04 -7.794369e-03 -3.365735e-03 -4.911136e+01  1.612683e+00  7.264525e+00 -7.624392e-04 -7.900066e-03 -3.407985e-03 -4.911136e+01  1.026379e+00
   5.239879e+00 -5.816234e-04 -7.755821e-03 -3.953836e-03 -4.911136e+01  4.183332e-01  3.192326e+00 -3.746222e-04 -7.318596e-03 -4.850909e-03 -4.911136e+01  4.807831e-02  1.079094e+00 -1.318565e-04 -6.590842e-03 -5.858514e-03 -4.911136e+01]
 [ 1.800809e-01 -4.122282e-02  2.172519e+03  1.283314e+02 -1.434794e+03 -3.786218e-02  1.077064e+01 -5.992500e+01 -1.777056e-03  8.208465e-03 -1.326103e-03  9.504770e+01  1.929558e+01 -5.353846e+01 -2.053995e-03  8.761370e-03 -4.762346e-04
   9.504770e+01  2.438751e+01 -4.721752e+01 -2.362442e-03  9.201576e-03  1.862697e-06  9.504770e+01  2.604518e+01 -4.216410e+01 -2.669521e-03  9.615989e-03 -8.112444e-05  9.504770e+01  2.473881e+01 -3.884509e+01 -2.940879e-03  1.000996e-02
  -8.287952e-04  9.504770e+01  2.106384e+01 -3.690666e+01 -3.142403e-03  1.026689e-02 -2.240270e-03  9.504770e+01  1.572419e+01 -3.544810e+01 -3.242866e-03  1.020040e-02 -4.174010e-03  9.504770e+01  9.660791e+00 -3.350719e+01 -3.219851e-03
   9.688207e-03 -6.341883e-03  9.504770e+01  3.990375e+00 -3.055181e+01 -3.066561e-03  8.805403e-03 -8.393990e-03  9.504770e+01 -3.310393e-01 -2.667530e+01 -2.793969e-03  7.843935e-03 -1.006181e-02  9.504770e+01 -2.842908e+00 -2.236670e+01
  -2.425950e-03  7.195373e-03 -1.123648e-02  9.504770e+01 -3.634464e+00 -1.809439e+01 -1.991446e-03  7.192818e-03 -1.191393e-02  9.504770e+01 -3.159925e+00 -1.404423e+01 -1.519681e-03  8.002203e-03 -1.207556e-02  9.504770e+01 -2.026492e+00
  -1.012966e+01 -1.040108e-03  9.569668e-03 -1.162822e-02  9.504770e+01 -8.509189e-01 -6.172946e+00 -5.835131e-04  1.161559e-02 -1.047207e-02  9.504770e+01 -1.346317e-01 -2.090393e+00 -1.792577e-04  1.371361e-02 -8.657443e-03  9.504770e+01]
 [ 3.495719e+02 -2.421311e+03  3.382235e-02 -1.302635e-01 -4.143224e-02 -1.619752e+03 -5.451132e-03 -2.054368e-03 -6.857167e+01  2.416476e+01 -1.041360e+02  1.204251e-03 -4.963963e-03 -2.363883e-03 -6.411585e+01  3.941139e+01 -9.942993e+01
   6.177743e-04 -4.571398e-03 -2.362442e-03 -5.986859e+01  4.916050e+01 -9.504771e+01 -3.051536e-06 -4.329958e-03 -2.060661e-03 -5.576315e+01  5.254956e+01 -9.324216e+01 -6.385854e-04 -4.208155e-03 -1.501385e-03 -5.166055e+01  4.940342e+01
  -9.492339e+01 -1.274368e-03 -4.104708e-03 -7.507181e-04 -4.742040e+01  3.988294e+01 -9.924410e+01 -1.896056e-03 -3.901297e-03  8.680390e-05 -4.297232e+01  2.481411e+01 -1.039848e+02 -2.484240e-03 -3.529585e-03  8.671700e-04 -3.835340e+01
   6.261210e+00 -1.066977e+02 -3.014936e-03 -3.013747e-03  1.447911e-03 -3.368592e+01 -1.255428e+01 -1.061627e+02 -3.467436e-03 -2.451526e-03  1.747146e-03 -2.910237e+01 -2.827161e+01 -1.031511e+02 -3.834894e-03 -1.946549e-03  1.767337e-03
  -2.466631e+01 -3.851009e+01 -9.983833e+01 -4.130208e-03 -1.548246e-03  1.568842e-03 -2.034093e+01 -4.215496e+01 -9.837944e+01 -4.383873e-03 -1.237350e-03  1.229743e-03 -1.601924e+01 -3.892600e+01 -9.967956e+01 -4.636255e-03 -9.509467e-04
   8.266880e-04 -1.159192e+01 -2.906733e+01 -1.029333e+02 -4.928021e-03 -6.237371e-04  4.344839e-04 -7.016514e+00 -1.362677e+01 -1.060330e+02 -5.290525e-03 -2.239099e-04  1.203342e-04 -2.350717e+00  5.094486e+00 -1.067597e+02 -5.737881e-03]
 [-4.132455e+03  1.433711e+03 -5.379922e-02  7.513696e-02  2.612613e-01  1.190969e+03  2.333525e-03  1.109521e-02  5.095938e+01 -1.852287e+02  4.716119e+01 -1.844140e-03  8.088232e-04  1.022964e-02  4.953591e+01 -1.902786e+02  1.908226e+01
  -8.782518e-04  4.915280e-06  9.201576e-03  4.916050e+01 -1.913271e+02 -3.053176e-10 -4.915065e-06 -8.326537e-05  8.164610e-03  4.936036e+01 -1.912435e+02 -6.865294e+00  8.121214e-04  3.978399e-04  7.154945e-03  4.957103e+01 -1.913292e+02
  -4.878954e-01  1.628064e-03  1.218271e-03  6.107187e-03  4.922645e+01 -1.903708e+02  1.818074e+01  2.498482e-03  2.104240e-03  4.947526e-03  4.784873e+01 -1.855220e+02  4.600579e+01  3.460605e-03  2.794139e-03  3.691339e-03  4.514625e+01
  -1.745910e+02  7.769824e+01  4.521043e-03  3.121050e-03  2.468328e-03  4.108463e+01 -1.582864e+02  1.071400e+02  5.656853e-03  3.065434e-03  1.451207e-03  3.587431e+01 -1.405932e+02  1.296271e+02  6.831224e-03  2.724160e-03  7.525625e-04
   2.987330e+01 -1.269223e+02  1.431659e+02  8.014090e-03  2.225381e-03  3.752208e-04  2.347739e+01 -1.216115e+02  1.477560e+02  9.193748e-03  1.665392e-03  2.326624e-04  1.706997e+01 -1.263285e+02  1.436960e+02  1.037322e-02  1.102616e-03
   2.004110e-04  1.103368e+01 -1.395938e+02  1.307119e+02  1.155603e-02  5.846213e-04  1.666099e-04  5.764276e+00 -1.571993e+02  1.087366e+02  1.273162e-02  1.647016e-04  7.055296e-05  1.624984e+00 -1.737311e+02  7.960207e+01  1.387084e-02]
 [-1.433711e+03 -4.132455e+03  4.034316e-02 -2.233553e-01  5.168234e-02 -2.643621e+03 -9.765815e-03  1.601303e-03 -1.116362e+02 -4.716119e+01 -1.852287e+02  1.474053e-03 -9.573305e-03  5.306263e-04 -1.034031e+02 -1.908226e+01 -1.902786e+02
   7.930751e-04 -9.198524e-03  1.862697e-06 -9.504771e+01 -3.053176e-10 -1.913271e+02 -4.915065e-06 -8.757890e-03  7.303057e-05 -8.668025e+01  6.865294e+00 -1.912435e+02 -8.616315e-04 -8.263761e-03  6.765640e-04 -7.831293e+01  4.878953e-01
  -1.913292e+02 -1.719414e-03 -7.631208e-03  1.645573e-03 -6.995591e+01 -1.818074e+01 -1.903708e+02 -2.520649e-03 -6.763653e-03  2.731488e-03 -6.171468e+01 -4.600579e+01 -1.855220e+02 -3.207010e-03 -5.658818e-03  3.652424e-03 -5.381476e+01
  -7.769824e+01 -1.745910e+02 -3.726801e-03 -4.451637e-03  4.188727e-03 -4.652006e+01 -1.071400e+02 -1.582864e+02 -4.050203e-03 -3.348892e-03  4.264915e-03 -3.998846e+01 -1.296271e+02 -1.405932e+02 -4.182473e-03 -2.509003e-03  3.944164e-03
  -3.416268e+01 -1.431659e+02 -1.269223e+02 -4.165126e-03 -1.965144e-03  3.349419e-03 -2.876397e+01 -1.477560e+02 -1.216115e+02 -4.065601e-03 -1.628704e-03  2.593108e-03 -2.337862e+01 -1.436960e+02 -1.263285e+02 -3.963590e-03 -1.342843e-03
   1.765178e-03 -1.758870e+01 -1.307119e+02 -1.395938e+02 -3.939131e-03 -9.515681e-04  9.584022e-04 -1.110403e+01 -1.087366e+02 -1.571993e+02 -4.060802e-03 -3.633664e-04  2.766792e-04 -3.852894e+00 -7.960207e+01 -1.737311e+02 -4.372083e-03]
 [ 3.746854e-02 -5.582926e-02 -4.375000e+03 -2.587214e+02  2.888543e+03 -3.907638e-02 -2.169932e+01  1.206392e+02 -1.355875e-03  1.404242e-03 -1.896988e-03 -1.914062e+02 -3.886113e+01  1.077770e+02 -6.604386e-04  7.799332e-04 -8.897495e-04
  -1.914062e+02 -4.911136e+01  9.504770e+01 -3.051536e-06 -4.915065e-06 -4.915065e-06 -1.914062e+02 -5.244817e+01  8.487119e+01  5.958679e-04 -8.475126e-04  8.269325e-04 -1.914062e+02 -4.981870e+01  7.818738e+01  1.121807e-03 -1.632625e-03
   1.715097e-03 -1.914062e+02 -4.242183e+01  7.428398e+01  1.560888e-03 -2.242933e-03  2.749939e-03 -1.914062e+02 -3.167450e+01  7.134773e+01  1.896509e-03 -2.578683e-03  3.949972e-03 -1.914062e+02 -1.947046e+01  6.744134e+01  2.111771e-03
  -2.605829e-03  5.247078e-03 -1.914062e+02 -8.057359e+00  6.149310e+01  2.196318e-03 -2.406909e-03  6.529014e-03 -1.914062e+02  6.405395e-01  5.369017e+01  2.151875e-03 -2.183980e-03  7.710461e-03 -1.914062e+02  5.696193e+00  4.501631e+01
   1.991846e-03 -2.201672e-03  8.765208e-03 -1.914062e+02  7.289297e+00  3.641384e+01  1.736178e-03 -2.710770e-03  9.685050e-03 -1.914062e+02  6.334493e+00  2.825670e+01  1.406590e-03 -3.883956e-03  1.040361e-02 -1.914062e+02  4.054609e+00
   2.037092e+01  1.025331e-03 -5.756015e-03  1.075986e-02 -1.914062e+02  1.691676e+00  1.239937e+01  6.160655e-04 -8.171293e-03  1.055925e-02 -1.914062e+02  2.550900e-01  4.174629e+00  2.027456e-04 -1.079542e-02  9.725801e-03 -1.914062e+02]
 [-5.711964e-02 -2.038159e-01 -1.198815e+03 -7.130145e+01  7.916621e+02 -1.311967e-01 -5.964283e+00  3.306231e+01 -5.459285e-03 -1.852969e-03 -8.977046e-03 -5.244817e+01 -1.066748e+01  2.953509e+01 -4.892426e-03 -7.411016e-04 -8.944191e-03
  -5.244817e+01 -1.347637e+01  2.604518e+01 -4.329958e-03 -8.326537e-05 -8.757890e-03 -5.244817e+01 -1.439072e+01  2.325597e+01 -3.782718e-03  9.274118e-08 -8.529063e-03 -5.244817e+01 -1.367019e+01  2.142515e+01 -3.255478e-03 -5.069534e-04
  -8.286885e-03 -5.244817e+01 -1.164318e+01  2.035742e+01 -2.752742e-03 -1.528191e-03 -7.951468e-03 -5.244817e+01 -8.697666e+00  1.955561e+01 -2.284088e-03 -2.891596e-03 -7.388811e-03 -5.244817e+01 -5.352371e+00  1.848833e+01 -1.864594e-03
  -4.344835e-03 -6.519528e-03 -5.244817e+01 -2.223274e+00  1.686130e+01 -1.509192e-03 -5.630819e-03 -5.409433e-03 -5.244817e+01  1.619292e-01  1.472537e+01 -1.224548e-03 -6.591333e-03 -4.266301e-03 -5.244817e+01  1.548669e+00  1.234991e+01
  -1.004219e-03 -7.209962e-03 -3.345806e-03 -5.244817e+01  1.985751e+00  9.993141e+00 -8.298119e-04 -7.557267e-03 -2.848730e-03 -5.244817e+01  1.723634e+00  7.757575e+00 -6.762763e-04 -7.694940e-03 -2.869457e-03 -5.244817e+01  1.097539e+00
   5.595503e+00 -5.182236e-04 -7.619348e-03 -3.384519e-03 -5.244817e+01  4.482215e-01  3.409045e+00 -3.357203e-04 -7.282954e-03 -4.254654e-03 -5.244817e+01  5.281856e-02  1.152491e+00 -1.187679e-04 -6.675670e-03 -5.252122e-03 -5.244817e+01]
 [ 1.602166e-01 -3.487976e-02  1.939913e+03  1.145612e+02 -1.281213e+03 -3.249783e-02  9.616286e+00 -5.351079e+01 -1.531267e-03  7.297071e-03 -1.102265e-03  8.487119e+01  1.722877e+01 -4.780819e+01 -1.782014e-03  7.778937e-03 -3.491052e-04
   8.487119e+01  2.177571e+01 -4.216410e+01 -2.060661e-03  8.164610e-03  7.303057e-05  8.487119e+01  2.325597e+01 -3.765176e+01 -2.337935e-03  8.532115e-03 -2.960396e-06  8.487119e+01  2.208940e+01 -3.468809e+01 -2.583309e-03  8.886259e-03
  -6.688221e-04  8.487119e+01  1.880771e+01 -3.295712e+01 -2.766473e-03  9.122902e-03 -1.924479e-03  8.487119e+01  1.403948e+01 -3.165458e+01 -2.859630e-03  9.075221e-03 -3.645457e-03  8.487119e+01  8.624979e+00 -2.992124e+01 -2.842759e-03
   8.632650e-03 -5.576722e-03  8.487119e+01  3.561425e+00 -2.728201e+01 -2.709701e-03  7.859760e-03 -7.407230e-03  8.487119e+01 -2.974824e-01 -2.382027e+01 -2.470138e-03  7.014410e-03 -8.896994e-03  8.487119e+01 -2.540507e+00 -1.997279e+01
  -2.145315e-03  6.444038e-03 -9.947335e-03  8.487119e+01 -3.247343e+00 -1.615784e+01 -1.761071e-03  6.444906e-03 -1.055299e-02  8.487118e+01 -2.823586e+00 -1.254138e+01 -1.343554e-03  7.164841e-03 -1.069665e-02  8.487118e+01 -1.811415e+00
  -9.046127e+00 -9.191171e-04  8.556048e-03 -1.029578e-02  8.487118e+01 -7.615367e-01 -5.513310e+00 -5.152504e-04  1.036995e-02 -9.262790e-03  8.487118e+01 -1.216892e-01 -1.868146e+00 -1.581018e-04  1.222801e-02 -7.644167e-03  8.487118e+01]
 [ 4.165903e+02 -2.242080e+03  4.579874e-02 -1.197635e-01 -5.300296e-02 -1.505381e+03 -4.958542e-03 -2.513439e-03 -6.374263e+01  2.642079e+01 -9.608447e+01  1.740411e-03 -4.424505e-03 -2.734984e-03 -5.964538e+01  4.044470e+01 -9.112826e+01
   1.182707e-03 -4.015420e-03 -2.669521e-03 -5.576315e+01  4.936036e+01 -8.668025e+01  5.958679e-04 -3.782718e-03 -2.337935e-03 -5.202385e+01  5.244909e+01 -8.487119e+01 -3.052007e-06 -3.691255e-03 -1.783096e-03 -4.828741e+01  4.958194e+01
  -8.655532e+01 -6.021725e-04 -3.639475e-03 -1.061511e-03 -4.441239e+01  4.087692e+01 -9.093744e+01 -1.189729e-03 -3.508562e-03 -2.610939e-04 -4.032328e+01  2.701991e+01 -9.591928e+01 -1.748900e-03 -3.224081e-03  4.925186e-04 -3.604703e+01
   9.841630e+00 -9.914331e+01 -2.257972e-03 -2.797098e-03  1.069683e-03 -3.169433e+01 -7.703291e+00 -9.935220e+01 -2.697515e-03 -2.310270e-03  1.391053e-03 -2.739100e+01 -2.245566e+01 -9.713779e+01 -3.060415e-03 -1.857493e-03  1.453133e-03
  -2.320345e+01 -3.211632e+01 -9.443708e+01 -3.357723e-03 -1.487442e-03  1.307951e-03 -1.910750e+01 -3.556599e+01 -9.321525e+01 -3.616973e-03 -1.187684e-03  1.027591e-03 -1.501463e+01 -3.250967e+01 -9.430483e+01 -3.875049e-03 -9.060522e-04
   6.854441e-04 -1.083423e+01 -2.320498e+01 -9.696492e+01 -4.169120e-03 -5.880051e-04  3.534945e-04 -6.536914e+00 -8.707086e+00 -9.927164e+01 -4.527531e-03 -2.089499e-04  9.499070e-05 -2.183913e+00  8.757269e+00 -9.924491e+01 -4.962463e-03]
 [-4.079203e+03  1.581367e+03 -7.448677e-02  8.197949e-02  2.720111e-01  1.285309e+03  2.587383e-03  1.156408e-02  5.494289e+01 -1.834555e+02  5.378705e+01 -2.739002e-03  9.808753e-04  1.068068e-02  5.322461e+01 -1.895107e+02  2.590159e+01
  -1.749102e-03  1.187381e-04  9.615989e-03  5.254956e+01 -1.912435e+02  6.865294e+00 -8.475126e-04  9.274118e-08  8.532115e-03  5.244909e+01 -1.914062e+02 -3.053469e-10 -9.217604e-08  4.748349e-04  7.471806e-03  5.235942e+01 -1.912631e+02
   6.377687e+00  8.462729e-04  1.304778e-03  6.372548e-03  5.171513e+01 -1.896352e+02  2.500377e+01  1.745061e-03  2.206552e-03  5.161500e-03  5.004229e+01 -1.837901e+02  5.264268e+01  2.731392e-03  2.910240e-03  3.855616e-03  4.705752e+01
  -1.717266e+02  8.392904e+01  3.810017e-03  3.243945e-03  2.587706e-03  4.273593e+01 -1.543727e+02  1.127729e+02  4.956936e-03  3.187081e-03  1.533939e-03  3.729352e+01 -1.358804e+02  1.346152e+02  6.135539e-03  2.838080e-03  8.089173e-04
   3.108609e+01 -1.217297e+02  1.476576e+02  7.317266e-03  2.327017e-03  4.152041e-04  2.449925e+01 -1.162565e+02  1.520551e+02  8.492837e-03  1.750997e-03  2.639299e-04  1.790139e+01 -1.211171e+02  1.481661e+02  9.668135e-03  1.168171e-03
   2.266791e-04  1.165998e+01 -1.348425e+02  1.356638e+02  1.084955e-02  6.259590e-04  1.867426e-04  6.160197e+00 -1.532289e+02  1.143298e+02  1.202899e-02  1.787913e-04  7.897539e-05  1.762525e+00 -1.707988e+02  8.580118e+01  1.317888e-02]
 [-1.581367e+03 -4.079203e+03  5.741272e-02 -2.194369e-01  4.847828e-02 -2.599730e+03 -9.583489e-03  1.474322e-03 -1.097589e+02 -5.378705e+01 -1.834555e+02  2.239258e-03 -9.371173e-03  4.289650e-04 -1.015804e+02 -2.590159e+01 -1.895107e+02
   1.593236e-03 -8.980845e-03 -8.112444e-05 -9.324216e+01 -6.865294e+00 -1.912435e+02  8.269325e-04 -8.529063e-03 -2.960396e-06 -8.487119e+01 -3.053556e-10 -1.914062e+02 -9.217604e-08 -8.029317e-03  5.931337e-04 -7.649996e+01 -6.377687e+00
  -1.912631e+02 -8.282215e-04 -7.399754e-03  1.541091e-03 -6.815896e+01 -2.500377e+01 -1.896352e+02 -1.597874e-03 -6.547506e-03  2.597683e-03 -5.997077e+01 -5.264268e+01 -1.837901e+02 -2.249411e-03 -5.471447e-03  3.490122e-03 -5.217128e+01
  -8.392904e+01 -1.717266e+02 -2.730924e-03 -4.302676e-03  4.008162e-03 -4.502551e+01 -1.127729e+02 -1.543727e+02 -3.013429e-03 -3.240217e-03  4.081738e-03 -3.868372e+01 -1.346152e+02 -1.358804e+02 -3.103501e-03 -2.434918e-03  3.773763e-03
  -3.307582e+01 -1.476576e+02 -1.217297e+02 -3.043718e-03 -1.916119e-03  3.203132e-03 -2.790897e+01 -1.520551e+02 -1.162565e+02 -2.901908e-03 -1.595769e-03  2.477494e-03 -2.275589e+01 -1.481661e+02 -1.211171e+02 -2.757618e-03 -1.320317e-03
   1.683047e-03 -1.718509e+01 -1.356638e+02 -1.348425e+02 -2.690728e-03 -9.375280e-04  9.100629e-04 -1.089234e+01 -1.143298e+02 -1.532289e+02 -2.770163e-03 -3.584065e-04  2.609432e-04 -3.792901e+00 -8.580118e+01 -1.707988e+02 -3.040430e-03]
 [ 4.869582e-02 -8.045586e-02 -4.375000e+03 -2.587214e+02  2.888543e+03 -5.599974e-02 -2.169932e+01  1.206392e+02 -2.073370e-03  1.984060e-03 -2.927793e-03 -1.914062e+02 -3.886113e+01  1.077770e+02 -1.334989e-03  1.507046e-03 -1.823259e-03
  -1.914062e+02 -4.911136e+01  9.504770e+01 -6.385854e-04  8.121214e-04 -8.616315e-04 -1.914062e+02 -5.244817e+01  8.487119e+01 -3.052007e-06 -9.217604e-08 -9.217604e-08 -1.914062e+02 -4.981870e+01  7.818738e+01  5.594539e-04 -8.133951e-04
   8.604546e-04 -1.914062e+02 -4.242183e+01  7.428398e+01  1.037427e-03 -1.511389e-03  1.819866e-03 -1.914062e+02 -3.167450e+01  7.134773e+01  1.415834e-03 -1.992439e-03  2.922787e-03 -1.914062e+02 -1.947046e+01  6.744134e+01  1.678011e-03
  -2.208176e-03  4.133502e-03 -1.914062e+02 -8.057359e+00  6.149310e+01  1.812566e-03 -2.210715e-03  5.362719e-03 -1.914062e+02  6.405395e-01  5.369017e+01  1.819620e-03 -2.164035e-03  6.527364e-03 -1.914062e+02  5.696193e+00  4.501631e+01
   1.711304e-03 -2.300730e-03  7.585511e-03 -1.914062e+02  7.289297e+00  3.641384e+01  1.507123e-03 -2.853060e-03  8.509531e-03 -1.914062e+02  6.334493e+00  2.825670e+01  1.229011e-03 -3.987923e-03  9.224308e-03 -1.914062e+02  4.054609e+00
   2.037092e+01  8.994556e-04 -5.745195e-03  9.576601e-03 -1.914062e+02  1.691676e+00  1.239937e+01  5.417288e-04 -7.986891e-03  9.391004e-03 -1.914062e+02  2.550900e-01  4.174629e+00  1.785540e-04 -1.040996e-02  8.607946e-03 -1.914062e+02]
 [-4.354223e-02 -1.959824e-01 -1.138713e+03 -6.775220e+01  7.519666e+02 -1.268293e-01 -5.666351e+00  3.140440e+01 -5.280578e-03 -1.284771e-03 -8.591246e-03 -4.981870e+01 -1.013369e+01  2.805385e+01 -4.740957e-03 -2.241386e-04 -8.488591e-03
  -4.981870e+01 -1.280171e+01  2.473881e+01 -4.208155e-03  3.978399e-04 -8.263761e-03 -4.981870e+01 -1.367019e+01  2.208940e+01 -3.691255e-03  4.748349e-04 -8.029317e-03 -4.981870e+01 -1.298581e+01  2.035040e+01 -3.193379e-03 -4.741872e-06
  -7.815154e-03 -4.981870e+01 -1.106047e+01  1.933630e+01 -2.717391e-03 -9.717973e-04 -7.543364e-03 -4.981870e+01 -8.262695e+00  1.857484e+01 -2.271168e-03 -2.270928e-03 -7.079672e-03 -4.981870e+01 -5.085160e+00  1.756126e+01 -1.868238e-03
  -3.669438e-03 -6.336118e-03 -4.981870e+01 -2.112949e+00  1.601601e+01 -1.522623e-03 -4.923121e-03 -5.359759e-03 -4.981870e+01  1.526913e-01  1.398733e+01 -1.241136e-03 -5.873115e-03 -4.335084e-03 -4.981870e+01  1.469934e+00  1.173107e+01
  -1.018564e-03 -6.490911e-03 -3.498420e-03 -4.981870e+01  1.885115e+00  9.492503e+00 -8.385050e-04 -6.832722e-03 -3.039235e-03 -4.981870e+01  1.636128e+00  7.368980e+00 -6.782381e-04 -6.952903e-03 -3.047445e-03 -4.981870e+01  1.041396e+00
   5.315195e+00 -5.147224e-04 -6.851769e-03 -3.500501e-03 -4.981870e+01  4.246124e-01  3.238188e+00 -3.300940e-04 -6.494678e-03 -4.267168e-03 -4.981870e+01  4.904111e-02  1.094566e+00 -1.157819e-04 -5.885014e-03 -5.137246e-03 -4.981870e+01]
 [ 1.442449e-01 -1.622527e-02  1.787140e+03  1.055405e+02 -1.180351e+03 -1.923471e-02  8.859172e+00 -4.929830e+01 -9.573908e-04  6.517601e-03 -3.352097e-04  7.818738e+01  1.587239e+01 -4.404475e+01 -1.217346e-03  6.862422e-03  3.209051e-04
   7.818738e+01  2.006141e+01 -3.884509e+01 -1.501385e-03  7.154945e-03  6.765640e-04  7.818738e+01  2.142515e+01 -3.468809e+01 -1.783096e-03  7.471806e-03  5.931337e-04  7.818738e+01  2.035040e+01 -3.195783e+01 -2.035398e-03  7.818205e-03
  -7.794493e-06  7.818738e+01  1.732699e+01 -3.036324e+01 -2.231419e-03  8.097499e-03 -1.131839e-03  7.818738e+01  1.293404e+01 -2.916331e+01 -2.346134e-03  8.151475e-03 -2.679400e-03  7.818738e+01  7.945660e+00 -2.756650e+01 -2.360935e-03
   7.865633e-03 -4.432644e-03  7.818738e+01  3.280589e+00 -2.513507e+01 -2.269376e-03  7.278616e-03 -6.114492e-03  7.818738e+01 -2.746523e-01 -2.194588e+01 -2.079470e-03  6.605359e-03 -7.500180e-03  7.818738e+01 -2.341182e+00 -1.840133e+01
  -1.810284e-03  6.149220e-03 -8.485392e-03  7.818738e+01 -2.992406e+00 -1.488678e+01 -1.485753e-03  6.174815e-03 -9.051468e-03  7.818738e+01 -2.601974e+00 -1.155515e+01 -1.130549e-03  6.816085e-03 -9.176574e-03  7.818738e+01 -1.669371e+00
  -8.335227e+00 -7.695478e-04  8.030959e-03 -8.789908e-03  7.818738e+01 -7.019451e-01 -5.080700e+00 -4.282405e-04  9.598294e-03 -7.824324e-03  7.818738e+01 -1.122061e-01 -1.722644e+00 -1.302485e-04  1.118556e-02 -6.336362e-03  7.818738e+01]
 [ 4.838411e+02 -2.062934e+03  5.611007e-02 -1.093665e-01 -6.348701e-02 -1.391078e+03 -4.474365e-03 -2.927138e-03 -5.891654e+01  2.868724e+01 -8.803578e+01  2.203695e-03 -3.899916e-03 -3.065568e-03 -5.517779e+01  4.148873e+01 -8.282780e+01
   1.674709e-03 -3.478174e-03 -2.940879e-03 -5.166055e+01  4.957103e+01 -7.831293e+01  1.121807e-03 -3.255478e-03 -2.583309e-03 -4.828741e+01  5.235942e+01 -7.649996e+01  5.594539e-04 -3.193379e-03 -2.035398e-03 -4.491712e+01  4.977127e+01
  -7.818737e+01 -3.051568e-06 -3.190491e-03 -1.344323e-03 -4.140720e+01  4.188163e+01 -8.263196e+01 -5.565255e-04 -3.128027e-03 -5.820650e-04 -3.767699e+01  2.923616e+01 -8.785649e+01 -1.086740e-03 -2.926162e-03  1.433760e-04 -3.374326e+01
   1.343185e+01 -9.159346e+01 -1.574247e-03 -2.583701e-03  7.147650e-04 -2.970511e+01 -2.843446e+00 -9.254782e+01 -2.000898e-03 -2.168945e-03  1.055353e-03 -2.568168e+01 -1.663187e+01 -9.113195e+01 -2.359306e-03 -1.766422e-03  1.156053e-03
  -2.174230e+01 -2.571548e+01 -8.904402e+01 -2.658675e-03 -1.423986e-03  1.060925e-03 -1.787541e+01 -2.897026e+01 -8.805950e+01 -2.923576e-03 -1.135699e-03  8.362023e-04 -1.401101e+01 -2.608631e+01 -8.893832e+01 -3.187412e-03 -8.596751e-04
   5.519575e-04 -1.007717e+01 -1.733484e+01 -9.100398e+01 -3.483855e-03 -5.516619e-04  2.772241e-04 -6.057647e+00 -3.778613e+00 -9.251656e+01 -3.838240e-03 -1.939023e-04  7.123508e-05 -2.017203e+00  1.242980e+01 -9.173477e+01 -4.260813e-03]
 [-4.128844e+03  1.444265e+03 -9.110778e-02  7.350717e-02  2.856966e-01  1.197724e+03  2.173922e-03  1.211716e-02  5.124461e+01 -1.851105e+02  4.763405e+01 -3.475641e-03  5.027688e-04  1.114494e-02  4.980013e+01 -1.902320e+02  1.956769e+01
  -2.508006e-03 -3.892719e-04  1.000996e-02  4.940342e+01 -1.913292e+02  4.878953e-01 -1.632625e-03 -5.069534e-04  8.886259e-03  4.958194e+01 -1.912631e+02 -6.377687e+00 -8.133951e-04 -4.741872e-06  7.818205e-03  4.977127e+01 -1.913325e+02
  -3.053027e-10  4.743600e-06  8.769879e-04  6.734770e-03  4.940538e+01 -1.903265e+02  1.866639e+01  8.772143e-04  1.852150e-03  5.547357e-03  4.800663e+01 -1.854067e+02  4.647939e+01  1.841099e-03  2.643023e-03  4.255587e-03  4.528397e+01
  -1.743947e+02  7.814431e+01  2.902873e-03  3.063916e-03  2.980612e-03  4.120371e+01 -1.580149e+02  1.075448e+02  4.039521e-03  3.079455e-03  1.896929e-03  3.597668e+01 -1.402642e+02  1.299870e+02  5.214241e-03  2.779029e-03  1.125332e-03
   2.996075e+01 -1.265586e+02  1.434911e+02  6.397077e-03  2.292404e-03  6.763477e-04  2.355100e+01 -1.212360e+02  1.480677e+02  7.576494e-03  1.723432e-03  4.663479e-04  1.712977e+01 -1.259635e+02  1.440197e+02  8.755720e-03  1.140533e-03
   3.691466e-04  1.107865e+01 -1.392620e+02  1.310693e+02  9.938480e-03  6.014403e-04  2.696122e-04  5.792655e+00 -1.569238e+02  1.091387e+02  1.111439e-02  1.677993e-04  1.053493e-04  1.634827e+00 -1.735300e+02  8.004597e+01  1.225442e-02]
 [-1.444265e+03 -4.128844e+03  7.952126e-02 -2.208412e-01  2.639196e-02 -2.640613e+03 -9.564976e-03  5.455202e-04 -1.115075e+02 -4.763405e+01 -1.851105e+02  3.189391e-03 -9.222131e-03 -4.117926e-04 -1.032779e+02 -1.956769e+01 -1.902320e+02
   2.510869e-03 -8.757285e-03 -8.287952e-04 -9.492339e+01 -4.878954e-01 -1.913292e+02  1.715097e-03 -8.286885e-03 -6.688221e-04 -8.655532e+01  6.377687e+00 -1.912631e+02  8.604546e-04 -7.815154e-03 -7.794493e-06 -7.818737e+01 -3.052940e-10
  -1.913325e+02  4.743600e-06 -7.246971e-03  9.936306e-04 -6.983114e+01 -1.866639e+01 -1.903265e+02 -7.942806e-04 -6.473726e-03  2.102986e-03 -6.159334e+01 -4.647939e+01 -1.854067e+02 -1.478196e-03 -5.476788e-03  3.055832e-03 -5.370023e+01
  -7.814431e+01 -1.743947e+02 -1.995288e-03 -4.371321e-03  3.642474e-03 -4.641580e+01 -1.075448e+02 -1.580149e+02 -2.315797e-03 -3.346868e-03  3.786188e-03 -3.989741e+01 -1.299870e+02 -1.402642e+02 -2.445074e-03 -2.553272e-03  3.541598e-03
  -3.408687e+01 -1.434911e+02 -1.265586e+02 -2.424711e-03 -2.024994e-03  3.023188e-03 -2.870442e+01 -1.480677e+02 -1.212360e+02 -2.322176e-03 -1.681399e-03  2.339808e-03 -2.333534e+01 -1.440197e+02 -1.259635e+02 -2.217156e-03 -1.376482e-03
   1.582650e-03 -1.756075e+01 -1.310693e+02 -1.392620e+02 -2.189681e-03 -9.652895e-04  8.474137e-04 -1.108945e+01 -1.091387e+02 -1.569238e+02 -2.308355e-03 -3.652427e-04  2.393479e-04 -3.848792e+00 -8.004597e+01 -1.735300e+02 -2.616735e-03]
 [ 5.989147e-02 -1.050973e-01 -4.375000e+03 -2.587214e+02  2.888543e+03 -7.293103e-02 -2.169932e+01  1.206392e+02 -2.791196e-03  2.562555e-03 -3.959360e-03 -1.914062e+02 -3.886113e+01  1.077770e+02 -2.009832e-03  2.232965e-03 -2.757720e-03
  -1.914062e+02 -4.911136e+01  9.504770e+01 -1.274368e-03  1.628064e-03 -1.719414e-03 -1.914062e+02 -5.244817e+01  8.487119e+01 -6.021725e-04  8.462729e-04 -8.282215e-04 -1.914062e+02 -4.981870e+01  7.818738e+01 -3.051568e-06  4.743600e-06
   4.743600e-06 -1.914062e+02 -4.242183e+01  7.428398e+01  5.138586e-04 -7.810353e-04  8.888366e-04 -1.914062e+02 -3.167450e+01  7.134773e+01  9.350890e-04 -1.407513e-03  1.894833e-03 -1.914062e+02 -1.947046e+01  6.744134e+01  1.244209e-03
  -1.811954e-03  3.019398e-03 -1.914062e+02 -8.057359e+00  6.149310e+01  1.428790e-03 -2.016024e-03  4.196155e-03 -1.914062e+02  6.405395e-01  5.369017e+01  1.487348e-03 -2.145616e-03  5.344225e-03 -1.914062e+02  5.696193e+00  4.501631e+01
   1.430742e-03 -2.401311e-03  6.405925e-03 -1.914062e+02  7.289297e+00  3.641384e+01  1.278042e-03 -2.996869e-03  7.334180e-03 -1.914062e+02  6.334493e+00  2.825670e+01  1.051400e-03 -4.093413e-03  8.045123e-03 -1.914062e+02  4.054609e+00
   2.037092e+01  7.735449e-04 -5.735901e-03  8.393316e-03 -1.914062e+02  1.691676e+00  1.239937e+01  4.673632e-04 -7.803994e-03  8.222505e-03 -1.914062e+02  2.550900e-01  4.174629e+00  1.543502e-04 -1.002594e-02  7.489577e-03 -1.914062e+02]
 [-2.253528e-02 -1.863130e-01 -9.696419e+02 -5.776586e+01  6.402982e+02 -1.216884e-01 -4.828151e+00  2.674048e+01 -5.077721e-03 -3.890674e-04 -8.107915e-03 -4.242183e+01 -8.632000e+00  2.388696e+01 -4.586091e-03  6.245364e-04 -7.907117e-03
  -4.242183e+01 -1.090371e+01  2.106384e+01 -4.104708e-03  1.218271e-03 -7.631208e-03 -4.242183e+01 -1.164318e+01  1.880771e+01 -3.639475e-03  1.304778e-03 -7.399754e-03 -4.242183e+01 -1.106047e+01  1.732699e+01 -3.190491e-03  8.769879e-04
  -7.246971e-03 -4.242183e+01 -9.421169e+00  1.646374e+01 -2.757624e-03 -8.888447e-06 -7.098375e-03 -4.242183e+01 -7.038994e+00  1.581578e+01 -2.345709e-03 -1.223866e-03 -6.816373e-03 -4.242183e+01 -4.333397e+00  1.495326e+01 -1.965628e-03
  -2.563442e-03 -6.294943e-03 -4.242183e+01 -1.802540e+00  1.363802e+01 -1.629982e-03 -3.797402e-03 -5.548234e-03 -4.242183e+01  1.267434e-01  1.191105e+01 -1.346030e-03 -4.757540e-03 -4.724099e-03 -4.242183e+01  1.248472e+00  9.990113e+00
  -1.110802e-03 -5.388514e-03 -4.031422e-03 -4.242183e+01  1.602040e+00  8.084034e+00 -9.112858e-04 -5.718248e-03 -3.645015e-03 -4.242183e+01  1.389994e+00  6.275699e+00 -7.286116e-04 -5.786288e-03 -3.647998e-03 -4.242183e+01  8.835011e-01
   4.526536e+00 -5.436208e-04 -5.598852e-03 -4.015314e-03 -4.242183e+01  3.582555e-01  2.757428e+00 -3.420204e-04 -5.145578e-03 -4.621828e-03 -4.242183e+01  3.849350e-02  9.315027e-01 -1.179597e-04 -4.459925e-03 -5.280155e-03 -4.242183e+01]
 [ 1.296427e-01  1.141852e-02  1.697920e+03  1.003053e+02 -1.121457e+03 -1.168272e-04  8.418484e+00 -4.683844e+01 -1.404207e-04  5.770854e-03  8.225672e-04  7.428398e+01  1.508175e+01 -4.184691e+01 -4.357003e-04  5.933066e-03  1.371049e-03
   7.428398e+01  1.906174e+01 -3.690666e+01 -7.507181e-04  6.107187e-03  1.645573e-03  7.428398e+01  2.035742e+01 -3.295712e+01 -1.061511e-03  6.372548e-03  1.541091e-03  7.428398e+01  1.933630e+01 -3.036324e+01 -1.344323e-03  6.734770e-03
   9.936306e-04  7.428398e+01  1.646374e+01 -2.884843e+01 -1.575615e-03  7.101426e-03 -1.193975e-05  7.428398e+01  1.228993e+01 -2.770866e+01 -1.732782e-03  7.316045e-03 -1.407225e-03  7.428398e+01  7.550336e+00 -2.619182e+01 -1.798017e-03
   7.250033e-03 -3.015845e-03  7.428398e+01  3.117872e+00 -2.388199e+01 -1.763933e-03  6.905480e-03 -4.592921e-03  7.428398e+01 -2.601528e-01 -2.085216e+01 -1.636559e-03  6.447555e-03 -5.921002e-03  7.428398e+01 -2.223708e+00 -1.748464e+01
  -1.433017e-03  6.134490e-03 -6.879815e-03  7.428398e+01 -2.842493e+00 -1.414557e+01 -1.176080e-03  6.202034e-03 -7.428898e-03  7.428398e+01 -2.471488e+00 -1.098025e+01 -8.899722e-04  6.772984e-03 -7.537689e-03  7.428398e+01 -1.585257e+00
  -7.921003e+00 -5.991375e-04  7.811277e-03 -7.147664e-03  7.428398e+01 -6.658580e-01 -4.828819e+00 -3.278879e-04  9.121644e-03 -6.217327e-03  7.428398e+01 -1.052689e-01 -1.638199e+00 -9.772995e-05  1.041730e-02 -4.822158e-03  7.428398e+01]
 [ 5.390219e+02 -1.879849e+03  6.428246e-02 -9.888066e-02 -7.189945e-02 -1.273462e+03 -3.993781e-03 -3.253811e-03 -5.394858e+01  3.041361e+01 -7.986020e+01  2.574864e-03 -3.391122e-03 -3.317532e-03 -5.057201e+01  4.197954e+01 -7.448221e+01
   2.077361e-03 -2.963686e-03 -3.142403e-03 -4.742040e+01  4.922645e+01 -6.995591e+01  1.560888e-03 -2.752742e-03 -2.766473e-03 -4.441239e+01  5.171513e+01 -6.815896e+01  1.037427e-03 -2.717391e-03 -2.231419e-03 -4.140720e+01  4.940538e+01
  -6.983114e+01  5.138586e-04 -2.757624e-03 -1.575615e-03 -3.826293e+01  4.233289e+01 -7.428397e+01 -3.050482e-06 -2.756115e-03 -8.561556e-04 -3.489517e+01  3.091153e+01 -7.967018e+01 -5.015525e-04 -2.629267e-03 -1.642556e-04 -3.131136e+01
   1.651121e+01 -8.382753e+01 -9.644456e-04 -2.365134e-03  3.951376e-04 -2.759915e+01  1.551272e+00 -8.544104e+01 -1.374925e-03 -2.018607e-03  7.484546e-04 -2.387041e+01 -1.122306e+01 -8.475749e+01 -1.725441e-03 -1.664987e-03  8.817946e-04
  -2.019630e+01 -1.969070e+01 -8.324231e+01 -2.023437e-03 -1.350862e-03  8.316896e-04 -1.657674e+01 -2.273542e+01 -8.248150e+01 -2.290561e-03 -1.076086e-03  6.584483e-04 -1.295911e+01 -2.003730e+01 -8.316160e+01 -2.556728e-03 -8.083230e-04
   4.283905e-04 -9.289035e+00 -1.187685e+01 -8.467122e+01 -2.852110e-03 -5.128981e-04  2.071161e-04 -5.562251e+00  6.878027e-01 -8.545438e+01 -3.199062e-03 -1.782733e-04  4.959604e-05 -1.845985e+00  1.559387e+01 -8.400297e+01 -3.605987e-03]
 [-4.248038e+03  1.033861e+03 -1.008413e-01  5.051271e-02  2.986342e-01  9.338083e+02  1.140202e-03  1.260221e-02  4.009651e+01 -1.887844e+02  2.932423e+01 -3.932427e-03 -5.592106e-04  1.148887e-02  3.946250e+01 -1.911409e+02  9.057780e-01
  -3.036076e-03 -1.443314e-03  1.026689e-02  3.988294e+01 -1.903708e+02 -1.818074e+01 -2.242933e-03 -1.528191e-03  9.122902e-03  4.087692e+01 -1.896352e+02 -2.500377e+01 -1.511389e-03 -9.717973e-04  8.097499e-03  4.188163e+01 -1.903265e+02
  -1.866639e+01 -7.810353e-04 -8.888447e-06  7.101426e-03  4.233289e+01 -1.911469e+02 -3.051715e-10  8.895334e-06  1.080730e-03  6.016424e-03  4.174517e+01 -1.889664e+02  2.814674e+01  9.009889e-04  2.014834e-03  4.808360e-03  3.980689e+01
  -1.811016e+02  6.071950e+01  1.906734e-03  2.588245e-03  3.572888e-03  3.645875e+01 -1.676761e+02  9.156342e+01  3.006136e-03  2.739374e-03  2.476873e-03  3.189513e+01 -1.522082e+02  1.156194e+02  4.162068e-03  2.538718e-03  1.649842e-03
   2.647770e+01 -1.398922e+02  1.303896e+02  5.340670e-03  2.112734e-03  1.117307e-03  2.062677e+01 -1.350441e+02  1.354614e+02  6.523890e-03  1.576353e-03  8.082342e-04  1.476311e+01 -1.393517e+02  1.309735e+02  7.707162e-03  1.016901e-03
   6.052842e-04  9.307174e+00 -1.513169e+02  1.167938e+02  8.886383e-03  5.110532e-04  4.017997e-04  4.680312e+00 -1.667462e+02  9.325537e+01  1.004453e-02  1.323318e-04  1.452938e-04  1.250743e+00 -1.804269e+02  6.269552e+01  1.114848e-02]
 [-1.033861e+03 -4.248038e+03  1.082106e-01 -2.256557e-01 -1.496870e-02 -2.743579e+03 -9.626490e-03 -1.197030e-03 -1.159206e+02 -2.932423e+01 -1.887844e+02  4.396286e-03 -9.043097e-03 -1.995017e-03 -1.075934e+02 -9.057780e-01 -1.911409e+02
   3.626929e-03 -8.446296e-03 -2.240270e-03 -9.924410e+01  1.818074e+01 -1.903708e+02  2.749939e-03 -7.951468e-03 -1.924479e-03 -9.093744e+01  2.500377e+01 -1.896352e+02  1.819866e-03 -7.543364e-03 -1.131839e-03 -8.263196e+01  1.866639e+01
  -1.903265e+02  8.888366e-04 -7.098375e-03 -1.193975e-05 -7.428397e+01 -3.051715e-10 -1.911469e+02  8.895334e-06 -6.474001e-03  1.220996e-03 -6.595302e+01 -2.814674e+01 -1.889664e+02 -7.654605e-04 -5.615863e-03  2.312911e-03 -5.783578e+01
  -6.071950e+01 -1.811016e+02 -1.383421e-03 -4.610016e-03  3.048345e-03 -5.019159e+01 -9.156342e+01 -1.676761e+02 -1.813136e-03 -3.632662e-03  3.333089e-03 -4.319752e+01 -1.156194e+02 -1.522082e+02 -2.056339e-03 -2.837294e-03  3.205148e-03
  -3.683062e+01 -1.303896e+02 -1.398922e+02 -2.151480e-03 -2.271681e-03  2.773023e-03 -3.085113e+01 -1.354614e+02 -1.350441e+02 -2.164549e-03 -1.869971e-03  2.151421e-03 -2.488383e+01 -1.309735e+02 -1.393517e+02 -2.175126e-03 -1.499253e-03
   1.444171e-03 -1.854925e+01 -1.167938e+02 -1.513169e+02 -2.263185e-03 -1.026709e-03  7.593513e-04 -1.159628e+01 -9.325537e+01 -1.667462e+02 -2.495957e-03 -3.808717e-04  2.085186e-04 -3.988050e+00 -6.269552e+01 -1.804269e+02 -2.913936e-03]
 [ 7.268748e-02 -1.289256e-01 -4.375000e+03 -2.587214e+02  2.888543e+03 -8.942008e-02 -2.169932e+01  1.206392e+02 -3.490536e-03  3.207729e-03 -4.949610e-03 -1.914062e+02 -3.886113e+01  1.077770e+02 -2.668218e-03  3.018701e-03 -3.641376e-03
  -1.914062e+02 -4.911136e+01  9.504770e+01 -1.896056e-03  2.498482e-03 -2.520649e-03 -1.914062e+02 -5.244817e+01  8.487119e+01 -1.189729e-03  1.745061e-03 -1.597874e-03 -1.914062e+02 -4.981870e+01  7.818738e+01 -5.565255e-04  8.772143e-04
  -7.942806e-04 -1.914062e+02 -4.242183e+01  7.428398e+01 -3.050482e-06  8.895334e-06  8.895334e-06 -1.914062e+02 -3.167450e+01  7.134773e+01  4.589601e-04 -7.561661e-04  9.086106e-04 -1.914062e+02 -1.947046e+01  6.744134e+01  8.134573e-04
  -1.343057e-03  1.934772e-03 -1.914062e+02 -8.057359e+00  6.149310e+01  1.047065e-03 -1.744599e-03  3.045868e-03 -1.914062e+02  6.405394e-01  5.369017e+01  1.156679e-03 -2.048854e-03  4.165730e-03 -1.914062e+02  5.696193e+00  4.501631e+01
   1.151772e-03 -2.423441e-03  5.223088e-03 -1.914062e+02  7.289297e+00  3.641384e+01  1.050777e-03 -3.062382e-03  6.152701e-03 -1.914062e+02  6.334493e+00  2.825670e+01  8.758376e-04 -4.120465e-03  6.862361e-03 -1.914062e+02  4.054609e+00
   2.037092e+01  6.496911e-04 -5.648230e-03  7.214071e-03 -1.914062e+02  1.691676e+00  1.239937e+01  3.946382e-04 -7.544200e-03  7.069506e-03 -1.914062e+02  2.550900e-01  4.174629e+00  1.308225e-04 -9.568932e-03  6.399891e-03 -1.914062e+02]
 [ 9.898529e-04 -1.710829e-01 -7.239886e+02 -4.324921e+01  4.780448e+02 -1.130242e-01 -3.609966e+00  1.996386e+01 -4.731456e-03  6.033281e-04 -7.380085e-03 -3.167450e+01 -6.449770e+00  1.783254e+01 -4.309617e-03  1.548083e-03 -7.082968e-03
  -3.167450e+01 -8.145653e+00  1.572419e+01 -3.901297e-03  2.104240e-03 -6.763653e-03 -3.167450e+01 -8.697666e+00  1.403948e+01 -3.508562e-03  2.206552e-03 -6.547506e-03 -3.167450e+01 -8.262695e+00  1.293404e+01 -3.128027e-03  1.852150e-03
  -6.473726e-03 -3.167450e+01 -7.038994e+00  1.228993e+01 -2.756115e-03  1.080730e-03 -6.474001e-03 -3.167450e+01 -5.260691e+00  1.180684e+01 -2.394038e-03 -1.171154e-05 -6.410168e-03 -3.167450e+01 -3.240831e+00  1.116374e+01 -2.049353e-03
  -1.256705e-03 -6.157830e-03 -3.167450e+01 -1.351282e+00  1.018265e+01 -1.732726e-03 -2.443854e-03 -5.693302e-03 -3.167450e+01  8.924861e-02  8.894006e+00 -1.451771e-03 -3.396481e-03 -5.119803e-03 -3.167450e+01  9.268740e-01  7.460270e+00
  -1.206189e-03 -4.028376e-03 -4.610994e-03 -3.167450e+01  1.190911e+00  6.037279e+00 -9.871827e-04 -4.333302e-03 -4.321557e-03 -3.167450e+01  1.032547e+00  4.686903e+00 -7.807542e-04 -4.332037e-03 -4.324710e-03 -3.167450e+01  6.542904e-01
   3.380361e+00 -5.726609e-04 -4.036935e-03 -4.591792e-03 -3.167450e+01  2.620861e-01  2.058650e+00 -3.530868e-04 -3.466158e-03 -5.005509e-03 -3.167450e+01  2.345300e-02  6.943718e-01 -1.195334e-04 -2.688699e-03 -5.407230e-03 -3.167450e+01]
 [ 1.133096e-01  4.270762e-02  1.630805e+03  9.640016e+01 -1.077155e+03  2.151074e-02  8.088420e+00 -4.498800e+01  7.814318e-04  4.937462e-03  2.130673e-03  7.134773e+01  1.448842e+01 -4.019336e+01  4.414489e-04  4.900112e-03  2.553091e-03
   7.134773e+01  1.831113e+01 -3.544810e+01  8.680390e-05  4.947526e-03  2.731488e-03  7.134773e+01  1.955561e+01 -3.165458e+01 -2.610939e-04  5.161500e-03  2.597683e-03  7.134773e+01  1.857484e+01 -2.916331e+01 -5.820650e-04  5.547357e-03
   2.102986e-03  7.134773e+01  1.581578e+01 -2.770866e+01 -8.561556e-04  6.016424e-03  1.220996e-03  7.134773e+01  1.180684e+01 -2.661435e+01 -1.063314e-03  6.413217e-03 -1.476142e-05  7.134773e+01  7.254386e+00 -2.515792e+01 -1.186480e-03
   6.592929e-03 -1.473449e-03  7.134773e+01  2.996842e+00 -2.293981e+01 -1.217137e-03  6.517360e-03 -2.944967e-03  7.134772e+01 -2.479534e-01 -2.003005e+01 -1.159114e-03  6.297726e-03 -4.219063e-03  7.134772e+01 -2.134117e+00 -1.679583e+01
  -1.027482e-03  6.144093e-03 -5.157238e-03  7.134772e+01 -2.728529e+00 -1.358880e+01 -8.438922e-04  6.262069e-03 -5.694535e-03  7.134772e+01 -2.372113e+00 -1.054854e+01 -6.322594e-04  6.763388e-03 -5.790136e-03  7.134772e+01 -1.520696e+00
  -7.610051e+00 -4.167392e-04  7.618867e-03 -5.398043e-03  7.134772e+01 -6.373452e-01 -4.639790e+00 -2.205288e-04  8.660745e-03 -4.504040e-03  7.134772e+01 -9.862739e-02 -1.574876e+00 -6.297247e-05  9.650578e-03 -3.204398e-03  7.134772e+01]
 [ 5.710203e+02 -1.691524e+03  6.982462e-02 -8.826381e-02 -7.730876e-02 -1.151015e+03 -3.518219e-03 -3.454404e-03 -4.877301e+01  3.111122e+01 -7.154205e+01  2.833536e-03 -2.904743e-03 -3.455686e-03 -4.576132e+01  4.143132e+01 -6.614874e+01
   2.372321e-03 -2.481268e-03 -3.242866e-03 -4.297232e+01  4.784873e+01 -6.171468e+01  1.896509e-03 -2.284088e-03 -2.859630e-03 -4.032328e+01  5.004229e+01 -5.997077e+01  1.415834e-03 -2.271168e-03 -2.346134e-03 -3.767699e+01  4.800663e+01
  -6.159334e+01  9.350890e-04 -2.345709e-03 -1.732782e-03 -3.489517e+01  4.174517e+01 -6.595302e+01  4.589601e-04 -2.394038e-03 -1.063314e-03 -3.189232e+01  3.155727e+01 -7.134772e+01 -3.049424e-06 -2.331216e-03 -4.132939e-04 -2.866825e+01
   1.860078e+01 -7.574770e+01 -4.359170e-04 -2.136748e-03  1.246074e-04 -2.529950e+01  5.026420e+00 -7.785151e+01 -8.242872e-04 -1.853381e-03  4.809884e-04 -2.188962e+01 -6.651900e+00 -7.776815e+01 -1.160649e-03 -1.547268e-03  6.383128e-04
  -1.850966e+01 -1.443792e+01 -7.674434e+01 -1.450875e-03 -1.262957e-03  6.261844e-04 -1.516871e+01 -1.724669e+01 -7.617923e+01 -1.713791e-03 -1.005028e-03  4.987899e-04 -1.182918e+01 -1.475741e+01 -7.668538e+01 -1.975859e-03 -7.496240e-04
   3.179839e-04 -8.451967e+00 -7.251763e+00 -7.771711e+01 -2.263777e-03 -4.706251e-04  1.451923e-04 -5.042448e+00  4.239552e+00 -7.790017e+01 -2.597023e-03 -1.618239e-04  3.076789e-05 -1.668324e+00  1.777163e+01 -7.594647e+01 -2.982337e-03]
 [-4.351816e+03  3.965364e+02 -1.012715e-01  1.567252e-02  3.045873e-01  5.191590e+02 -3.771936e-04  1.276515e-02  2.256959e+01 -1.909489e+02  1.190877e+00 -4.006477e-03 -2.040019e-03  1.149551e-02  2.316901e+01 -1.890938e+02 -2.725040e+01
  -3.233640e-03 -2.867193e-03  1.020040e-02  2.481411e+01 -1.855220e+02 -4.600579e+01 -2.578683e-03 -2.891596e-03  9.075221e-03  2.701991e+01 -1.837901e+02 -5.264268e+01 -1.992439e-03 -2.270928e-03  8.151475e-03  2.923616e+01 -1.854067e+02
  -4.647939e+01 -1.407513e-03 -1.223866e-03  7.316045e-03  3.091153e+01 -1.889664e+02 -2.814674e+01 -7.561661e-04 -1.171154e-05  6.413217e-03  3.155727e+01 -1.909555e+02 -3.050313e-10  1.172570e-05  1.086957e-03  5.364082e-03  3.083637e+01
  -1.879767e+02  3.335931e+01  9.150016e-04  1.847630e-03  4.227185e-03  2.865204e+01 -1.792463e+02  6.582830e+01  1.938586e-03  2.175773e-03  3.154363e-03  2.517038e+01 -1.674971e+02  9.188754e+01  3.045520e-03  2.114765e-03  2.283202e-03
   2.075228e+01 -1.574964e+02  1.083028e+02  4.196668e-03  1.783306e-03  1.658672e-03  1.584859e+01 -1.534505e+02  1.140307e+02  5.364465e-03  1.308374e-03  1.228937e-03  1.093051e+01 -1.570482e+02  1.089596e+02  6.532682e-03  8.007652e-04
   8.925886e-04  6.469591e+00 -1.667889e+02  9.317980e+01  7.685485e-03  3.608110e-04  5.586713e-04  2.919349e+00 -1.785761e+02  6.763788e+01  8.796145e-03  7.575943e-05  1.910537e-04  6.492280e-01 -1.876007e+02  3.541213e+01  9.825951e-03]
 [-3.965364e+02 -4.351816e+03  1.424225e-01 -2.293016e-01 -7.237143e-02 -2.849787e+03 -9.582414e-03 -3.607033e-03 -1.205026e+02 -1.190877e+00 -1.909489e+02  5.826320e-03 -8.674639e-03 -4.171422e-03 -1.121770e+02  2.725040e+01 -1.890938e+02
   4.933749e-03 -7.906203e-03 -4.174010e-03 -1.039848e+02  4.600579e+01 -1.855220e+02  3.949972e-03 -7.388811e-03 -3.645457e-03 -9.591928e+01  5.264268e+01 -1.837901e+02  2.922787e-03 -7.079672e-03 -2.679400e-03 -8.785649e+01  4.647939e+01
  -1.854067e+02  1.894833e-03 -6.816373e-03 -1.407225e-03 -7.967018e+01  2.814674e+01 -1.889664e+02  9.086106e-04 -6.410168e-03 -1.476142e-05 -7.134772e+01 -3.050291e-10 -1.909555e+02  1.172570e-05 -5.756823e-03  1.260978e-03 -6.303766e+01
  -3.335931e+01 -1.879767e+02 -7.472827e-04 -4.900618e-03  2.197952e-03 -5.498765e+01 -6.582830e+01 -1.792463e+02 -1.333985e-03 -3.997617e-03  2.677573e-03 -4.740137e+01 -9.188754e+01 -1.674971e+02 -1.744627e-03 -3.205576e-03  2.713710e-03
  -4.030937e+01 -1.083028e+02 -1.574964e+02 -2.012234e-03 -2.591189e-03  2.405430e-03 -3.353653e+01 -1.140307e+02 -1.534505e+02 -2.199385e-03 -2.110583e-03  1.874834e-03 -2.677387e+01 -1.089596e+02 -1.570482e+02 -2.384080e-03 -1.650980e-03
   1.242663e-03 -1.970815e+01 -9.317980e+01 -1.667889e+02 -2.644778e-03 -1.098214e-03  6.331480e-04 -1.215318e+01 -6.763788e+01 -1.785761e+02 -3.045433e-03 -3.972140e-04  1.650913e-04 -4.126730e+00 -3.541214e+01 -1.876007e+02 -3.621203e-03]
 [ 8.832504e-02 -1.509599e-01 -4.375000e+03 -2.587214e+02  2.888543e+03 -1.048927e-01 -2.169932e+01  1.206392e+02 -4.147276e-03  3.970001e-03 -5.851253e-03 -1.914062e+02 -3.886113e+01  1.077770e+02 -3.288264e-03  3.907097e-03 -4.419935e-03
  -1.914062e+02 -4.911136e+01  9.504770e+01 -2.484240e-03  3.460605e-03 -3.207010e-03 -1.914062e+02 -5.244817e+01  8.487119e+01 -1.748900e-03  2.731392e-03 -2.249411e-03 -1.914062e+02 -4.981870e+01  7.818738e+01 -1.086740e-03  1.841099e-03
  -1.478196e-03 -1.914062e+02 -4.242183e+01  7.428398e+01 -5.015525e-04  9.009889e-04 -7.654605e-04 -1.914062e+02 -3.167450e+01  7.134773e+01 -3.049424e-06  1.172570e-05  1.172570e-05 -1.914062e+02 -1.947046e+01  6.744134e+01  3.933777e-04
  -7.438271e-04  9.177299e-04 -1.914062e+02 -8.057359e+00  6.149310e+01  6.735790e-04 -1.332978e-03  1.939263e-03 -1.914062e+02  6.405394e-01  5.369017e+01  8.328255e-04 -1.806876e-03  3.009517e-03 -1.914062e+02  5.696193e+00  4.501631e+01
   8.789941e-04 -2.298778e-03  4.047835e-03 -1.914062e+02  7.289297e+00  3.641384e+01  8.295300e-04 -2.980891e-03  4.973417e-03 -1.914062e+02  6.334493e+00  2.825670e+01  7.061304e-04 -4.000689e-03  5.686573e-03 -1.914062e+02  4.054609e+00
   2.037092e+01  5.311091e-04 -5.415169e-03  6.055987e-03 -1.914062e+02  1.691676e+00  1.239937e+01  3.258172e-04 -7.143773e-03  5.958772e-03 -1.914062e+02  2.550900e-01  4.174629e+00  1.088292e-04 -8.980855e-03  5.376360e-03 -1.914062e+02]
 [ 2.177190e-02 -1.488342e-01 -4.450392e+02 -2.675331e+01  2.937950e+02 -9.956279e-02 -2.226143e+00  1.226859e+01 -4.184172e-03  1.453659e-03 -6.359796e-03 -1.947046e+01 -3.971218e+00  1.095744e+01 -3.849090e-03  2.294322e-03 -5.996545e-03
  -1.947046e+01 -5.013226e+00  9.660791e+00 -3.529585e-03  2.794139e-03 -5.658818e-03 -1.947046e+01 -5.352371e+00  8.624979e+00 -3.224081e-03  2.910240e-03 -5.471447e-03 -1.947046e+01 -5.085160e+00  7.945660e+00 -2.926162e-03  2.643023e-03
  -5.476788e-03 -1.947046e+01 -4.333397e+00  7.550336e+00 -2.629267e-03  2.014834e-03 -5.615863e-03 -1.947046e+01 -3.240831e+00  7.254386e+00 -2.331216e-03  1.086957e-03 -5.756823e-03 -1.947046e+01 -1.999686e+00  6.860351e+00 -2.036136e-03
  -1.274437e-05 -5.764520e-03 -1.947046e+01 -8.384159e-01  6.258626e+00 -1.752385e-03 -1.101376e-03 -5.581968e-03 -1.947046e+01  4.706394e-02  5.467658e+00 -1.487533e-03 -2.002171e-03 -5.266988e-03 -1.947046e+01  5.620391e-01  4.587115e+00
  -1.243757e-03 -2.604052e-03 -4.953148e-03 -1.947046e+01  7.243931e-01  3.712678e+00 -1.016568e-03 -2.869161e-03 -4.769563e-03 -1.947046e+01  6.270018e-01  2.882346e+00 -7.971261e-04 -2.799530e-03 -4.776667e-03 -1.947046e+01  3.944014e-01
   2.078455e+00 -5.763989e-04 -2.412211e-03 -4.943085e-03 -1.947046e+01  1.533221e-01  1.264843e+00 -3.491825e-04 -1.750845e-03 -5.163172e-03 -1.947046e+01  6.862497e-03  4.248654e-01 -1.162290e-04 -9.146797e-04 -5.311308e-03 -1.947046e+01]
 [ 9.384602e-02  7.087408e-02  1.541516e+03  9.119658e+01 -1.018204e+03  4.126195e-02  7.648898e+00 -4.252561e+01  1.625876e-03  3.977101e-03  3.293257e-03  6.744134e+01  1.369857e+01 -3.799298e+01  1.251095e-03  3.758687e-03  3.576199e-03
   6.744134e+01  1.731199e+01 -3.350719e+01  8.671700e-04  3.691339e-03  3.652424e-03  6.744134e+01  1.848833e+01 -2.992124e+01  4.925186e-04  3.855616e-03  3.490122e-03  6.744134e+01  1.756126e+01 -2.756650e+01  1.433760e-04  4.255587e-03
   3.055832e-03  6.744134e+01  1.495326e+01 -2.619182e+01 -1.642556e-04  4.808360e-03  2.312911e-03  6.744134e+01  1.116374e+01 -2.515792e+01 -4.132939e-04  5.364082e-03  1.260978e-03  6.744134e+01  6.860351e+00 -2.378181e+01 -5.878534e-04
   5.767569e-03 -1.579349e-05  6.744134e+01  2.835634e+00 -2.168568e+01 -6.785829e-04  5.944832e-03 -1.346349e-03  6.744134e+01 -2.318112e-01 -1.893564e+01 -6.871351e-04  5.954158e-03 -2.533876e-03  6.744134e+01 -2.014944e+00 -1.587874e+01
  -6.262314e-04  5.955090e-03 -3.427452e-03  6.744133e+01 -2.576903e+00 -1.284739e+01 -5.158582e-04  6.119638e-03 -3.941407e-03  6.744133e+01 -2.239919e+00 -9.973515e+00 -3.789623e-04  6.546501e-03 -4.026290e-03  6.744133e+01 -1.434886e+00
  -7.195671e+00 -2.387443e-04  7.214180e-03 -3.648310e-03  6.744133e+01 -5.995948e-01 -4.387636e+00 -1.167164e-04  7.985396e-03 -2.817920e-03  6.744133e+01 -9.008872e-02 -1.490002e+00 -2.969403e-05  8.672888e-03 -1.646977e-03  6.744133e+01]
 [ 5.718479e+02 -1.500643e+03  7.231616e-02 -7.768746e-02 -7.900090e-02 -1.025037e+03 -3.057548e-03 -3.499471e-03 -4.344374e+01  3.044217e+01 -6.322779e+01  2.961752e-03 -2.454258e-03 -3.454300e-03 -4.079211e+01  3.953156e+01 -5.802257e+01
   2.542298e-03 -2.046087e-03 -3.219851e-03 -3.835340e+01  4.514625e+01 -5.381476e+01  2.111771e-03 -1.864594e-03 -2.842759e-03 -3.604703e+01  4.705752e+01 -5.217128e+01  1.678011e-03 -1.868238e-03 -2.360935e-03 -3.374326e+01  4.528397e+01
  -5.370023e+01  1.244209e-03 -1.965628e-03 -1.798017e-03 -3.131136e+01  3.980689e+01 -5.783578e+01  8.134573e-04 -2.049353e-03 -1.186480e-03 -2.866825e+01  3.083637e+01 -6.303766e+01  3.933777e-04 -2.036136e-03 -5.878534e-04 -2.580855e+01
   1.934287e+01 -6.744133e+01 -3.049106e-06 -1.899740e-03 -8.269743e-05 -2.279837e+01  7.214462e+00 -6.980250e+01 -3.620228e-04 -1.672483e-03  2.649333e-04 -1.973177e+01 -3.285448e+00 -7.013207e+01 -6.763352e-04 -1.411563e-03  4.353784e-04
  -1.667712e+01 -1.031935e+01 -6.948150e+01 -9.505697e-04 -1.158549e-03  4.521447e-04 -1.364942e+01 -1.286357e+01 -6.907083e+01 -1.200933e-03 -9.213438e-04  3.631338e-04 -1.062276e+01 -1.060857e+01 -6.943957e+01 -1.450553e-03 -6.831188e-04
   2.249243e-04 -7.569877e+00 -3.826402e+00 -7.010697e+01 -1.722773e-03 -4.249208e-04  9.393399e-05 -4.502541e+00  6.508874e+00 -6.987350e+01 -2.034391e-03 -1.447061e-04  1.555699e-05 -1.486285e+00  1.860448e+01 -6.764871e+01 -2.390760e-03]
 [-4.353205e+03 -3.698977e+02 -9.212343e-02 -2.565401e-02  2.986232e-01  1.321186e+01 -2.131194e-03  1.241327e-02  1.166104e+00 -1.881783e+02 -3.218586e+01 -3.683558e-03 -3.677407e-03  1.101394e-02  3.210639e+00 -1.813835e+02 -5.985939e+01
  -3.078706e-03 -4.397995e-03  9.688207e-03  6.261210e+00 -1.745910e+02 -7.769824e+01 -2.605829e-03 -4.344835e-03  8.632650e-03  9.841630e+00 -1.717266e+02 -8.392904e+01 -2.208176e-03 -3.669438e-03  7.865633e-03  1.343185e+01 -1.743947e+02
  -7.814431e+01 -1.811954e-03 -2.563442e-03  7.250033e-03  1.651121e+01 -1.811016e+02 -6.071950e+01 -1.343057e-03 -1.256705e-03  6.592929e-03  1.860078e+01 -1.879767e+02 -3.335931e+01 -7.438271e-04 -1.274437e-05  5.767569e-03  1.934287e+01
  -1.908722e+02 -3.049669e-10  1.276204e-05  9.308017e-04  4.788555e-03  1.859892e+01 -1.879501e+02  3.348768e+01  9.178847e-04  1.445997e-03  3.785380e-03  1.649687e+01 -1.809367e+02  6.119296e+01  1.935813e-03  1.544313e-03  2.899798e-03
   1.338665e+01 -1.739598e+02  7.909923e+01  3.022254e-03  1.331660e-03  2.197113e-03  9.742636e+00 -1.709776e+02  8.544456e+01  4.139140e-03  9.443184e-04  1.649109e-03  6.082696e+00 -1.736332e+02  7.982410e+01  5.256867e-03  5.158975e-04
   1.176364e-03  2.925719e+00 -1.804653e+02  6.258877e+01  6.346144e-03  1.700223e-04  7.096312e-04  7.506883e-01 -1.876066e+02  3.538610e+01  7.369486e-03  6.195055e-06  2.334338e-04 -8.182604e-02 -1.908607e+02  2.086486e+00  8.282643e-03]
 [ 3.698977e+02 -4.353205e+03  1.786522e-01 -2.272350e-01 -1.381592e-01 -2.896028e+03 -9.264077e-03 -6.353238e-03 -1.225657e+02  3.218586e+01 -1.881783e+02  7.343588e-03 -7.998537e-03 -6.625989e-03 -1.144746e+02  5.985939e+01 -1.813835e+02
   6.329929e-03 -7.048946e-03 -6.341883e-03 -1.066977e+02  7.769824e+01 -1.745910e+02  5.247078e-03 -6.519528e-03 -5.576722e-03 -9.914331e+01  8.392904e+01 -1.717266e+02  4.133502e-03 -6.336118e-03 -4.432644e-03 -9.159346e+01  7.814431e+01
  -1.743947e+02  3.019398e-03 -6.294943e-03 -3.015845e-03 -8.382753e+01  6.071950e+01 -1.811016e+02  1.934772e-03 -6.157830e-03 -1.473449e-03 -7.574770e+01  3.335931e+01 -1.879767e+02  9.177299e-04 -5.764520e-03 -1.579349e-05 -6.744133e+01
  -3.049669e-10 -1.908722e+02  1.276204e-05 -5.108715e-03  1.133401e-03 -5.913530e+01 -3.348768e+01 -1.879501e+02 -7.436054e-04 -4.318397e-03  1.829985e-03 -5.105913e+01 -6.119296e+01 -1.809367e+02 -1.341219e-03 -3.552042e-03  2.058904e-03
  -4.330593e+01 -7.909923e+01 -1.739598e+02 -1.805754e-03 -2.896894e-03  1.905357e-03 -3.578208e+01 -8.544456e+01 -1.709776e+02 -2.193995e-03 -2.336285e-03  1.496817e-03 -2.826574e+01 -7.982410e+01 -1.736332e+02 -2.579894e-03 -1.784357e-03
   9.706844e-04 -2.053094e+01 -6.258877e+01 -1.804653e+02 -3.037915e-03 -1.152143e-03  4.668374e-04 -1.247360e+01 -3.538610e+01 -1.876066e+02 -3.626350e-03 -4.054631e-04  1.093306e-04 -4.175775e+00 -2.086486e+00 -1.908607e+02 -4.373041e-03]
 [ 1.073343e-01 -1.701332e-01 -4.375000e+03 -2.587214e+02  2.888543e+03 -1.186758e-01 -2.169932e+01  1.206392e+02 -4.733009e-03  4.868512e-03 -6.615868e-03 -1.914062e+02 -3.886113e+01  1.077770e+02 -3.843740e-03  4.909881e-03 -5.042641e-03
  -1.914062e+02 -4.911136e+01  9.504770e+01 -3.014936e-03  4.521043e-03 -3.726801e-03 -1.914062e+02 -5.244817e+01  8.487119e+01 -2.257972e-03  3.810017e-03 -2.730924e-03 -1.914062e+02 -4.981870e+01  7.818738e+01 -1.574247e-03  2.902873e-03
  -1.995288e-03 -1.914062e+02 -4.242183e+01  7.428398e+01 -9.644456e-04  1.906734e-03 -1.383421e-03 -1.914062e+02 -3.167450e+01  7.134773e+01 -4.359170e-04  9.150016e-04 -7.472827e-04 -1.914062e+02 -1.947046e+01  6.744134e+01 -3.049106e-06
   1.276204e-05  1.276204e-05 -1.914062e+02 -8.057359e+00  6.149310e+01  3.194818e-04 -7.467436e-04  9.154092e-04 -1.914062e+02  6.405394e-01  5.369017e+01  5.253516e-04 -1.379799e-03  1.909095e-03 -1.914062e+02  5.696193e+00  4.501631e+01
   6.206083e-04 -1.984254e-03  2.909515e-03 -1.914062e+02  7.289297e+00  3.641384e+01  6.212608e-04 -2.708273e-03  3.824085e-03 -1.914062e+02  6.334493e+00  2.825670e+01  5.480053e-04 -3.690897e-03  4.546928e-03 -1.914062e+02  4.054609e+00
   2.037092e+01  4.221702e-04 -4.996578e-03  4.952268e-03 -1.914062e+02  1.691676e+00  1.239937e+01  2.637015e-04 -6.567902e-03  4.929022e-03 -1.914062e+02  2.550900e-01  4.174629e+00  8.935531e-05 -8.234204e-03  4.463176e-03 -1.914062e+02]
 [ 3.563615e-02 -1.218853e-01 -1.841682e+02 -1.131320e+01  1.214821e+02 -8.258844e-02 -9.314109e-01  5.071905e+00 -3.486060e-03  1.983626e-03 -5.158774e-03 -8.057359e+00 -1.652693e+00  4.527858e+00 -3.241969e-03  2.693015e-03 -4.775793e-03
  -8.057359e+00 -2.083201e+00  3.990375e+00 -3.013747e-03  3.121050e-03 -4.451637e-03 -8.057359e+00 -2.223274e+00  3.561425e+00 -2.797098e-03  3.243945e-03 -4.302676e-03 -8.057359e+00 -2.112949e+00  3.280589e+00 -2.583701e-03  3.063916e-03
  -4.371321e-03 -8.057359e+00 -1.802540e+00  3.117872e+00 -2.365134e-03  2.588245e-03 -4.610016e-03 -8.057359e+00 -1.351282e+00  2.996842e+00 -2.136748e-03  1.847630e-03 -4.900618e-03 -8.057359e+00 -8.384159e-01  2.835634e+00 -1.899740e-03
   9.308017e-04 -5.108715e-03 -8.057359e+00 -3.582743e-01  2.588588e+00 -1.660126e-03 -1.180720e-05 -5.155711e-03 -8.057359e+00  8.073481e-03  2.262971e+00 -1.424943e-03 -8.142506e-04 -5.061175e-03 -8.057359e+00  2.212671e-01  1.899725e+00
  -1.198138e-03 -1.353013e-03 -4.919574e-03 -8.057359e+00  2.885121e-01  1.538276e+00 -9.788498e-04 -1.567877e-03 -4.832174e-03 -8.057359e+00  2.481562e-01  1.194296e+00 -7.627959e-04 -1.445850e-03 -4.845438e-03 -8.057359e+00  1.518128e-01
   8.605228e-01 -5.455628e-04 -1.006161e-03 -4.927256e-03 -8.057359e+00  5.211777e-02  5.221517e-01 -3.258644e-04 -3.093434e-04 -4.986812e-03 -8.057359e+00 -8.092336e-03  1.725904e-01 -1.069538e-04  5.277338e-04 -4.931233e-03 -8.057359e+00]
 [ 7.261797e-02  8.988944e-02  1.405557e+03  8.323224e+01 -9.284246e+02  5.507538e-02  6.977812e+00 -3.877571e+01  2.222601e-03  2.969094e-03  4.055089e-03  6.149310e+01  1.249399e+01 -3.464232e+01  1.837240e-03  2.620273e-03  4.204027e-03
   6.149310e+01  1.578872e+01 -3.055181e+01  1.447911e-03  2.468328e-03  4.188727e-03  6.149310e+01  1.686130e+01 -2.728201e+01  1.069683e-03  2.587706e-03  4.008162e-03  6.149310e+01  1.601601e+01 -2.513507e+01  7.147650e-04  2.980612e-03
   3.642474e-03  6.149310e+01  1.363802e+01 -2.388199e+01  3.951376e-04  3.572888e-03  3.048345e-03  6.149310e+01  1.018265e+01 -2.293981e+01  1.246074e-04  4.227185e-03  2.197952e-03  6.149310e+01  6.258626e+00 -2.168568e+01 -8.269743e-05
   4.788555e-03  1.133401e-03  6.149310e+01  2.588588e+00 -1.977499e+01 -2.172273e-04  5.158761e-03 -1.485658e-05  6.149310e+01 -2.086373e-01 -1.726794e+01 -2.787926e-04  5.351150e-03 -1.071553e-03  6.149310e+01 -1.834753e+00 -1.448091e+01
  -2.775704e-04  5.476870e-03 -1.884150e-03  6.149310e+01 -2.347247e+00 -1.171701e+01 -2.311778e-04  5.672411e-03 -2.355072e-03  6.149310e+01 -2.039897e+00 -9.096530e+00 -1.605959e-04  6.021283e-03 -2.430348e-03  6.149310e+01 -1.305621e+00
  -6.563435e+00 -8.705925e-05  6.509595e-03 -2.087090e-03  6.149310e+01 -5.436777e-01 -4.002640e+00 -2.962819e-05  7.031612e-03 -1.354025e-03  6.149310e+01 -7.880965e-02 -1.360014e+00 -2.252522e-06  7.450204e-03 -3.488422e-04  6.149310e+01]
 [ 5.387843e+02 -1.312650e+03  7.156653e-02 -6.746019e-02 -7.670137e-02 -8.989613e+02 -2.625994e-03 -3.378282e-03 -3.810560e+01  2.830812e+01 -5.516443e+01  2.950867e-03 -2.054829e-03 -3.304973e-03 -3.579809e+01  3.621975e+01 -5.036276e+01
   2.577881e-03 -1.673486e-03 -3.066561e-03 -3.368592e+01  4.108463e+01 -4.652006e+01  2.196318e-03 -1.509192e-03 -2.709701e-03 -3.169433e+01  4.273593e+01 -4.502551e+01  1.812566e-03 -1.522623e-03 -2.269376e-03 -2.970511e+01  4.120371e+01
  -4.641580e+01  1.428790e-03 -1.629982e-03 -1.763933e-03 -2.759915e+01  3.645875e+01 -5.019159e+01  1.047065e-03 -1.732726e-03 -1.217137e-03 -2.529950e+01  2.865204e+01 -5.498765e+01  6.735790e-04 -1.752385e-03 -6.785829e-04 -2.279837e+01
   1.859892e+01 -5.913530e+01  3.194818e-04 -1.660126e-03 -2.172273e-04 -2.015253e+01  7.939166e+00 -6.149311e+01 -3.049821e-06 -1.479946e-03  1.093395e-04 -1.744557e+01 -1.327780e+00 -6.201988e+01 -2.873889e-04 -1.260535e-03  2.810044e-04
  -1.474044e+01 -7.555277e+00 -6.160313e+01 -5.371741e-04 -1.039551e-03  3.162303e-04 -1.205435e+01 -9.811753e+00 -6.129751e+01 -7.662890e-04 -8.266370e-04  2.566300e-04 -9.369035e+00 -7.811675e+00 -6.157259e+01 -9.947599e-04 -6.102418e-04
   1.527875e-04 -6.665046e+00 -1.806156e+00 -6.200986e+01 -1.242804e-03 -3.769013e-04  5.536730e-05 -3.956812e+00  7.317529e+00 -6.157165e+01 -1.524826e-03 -1.273786e-04  4.587014e-06 -1.304890e+00  1.795138e+01 -5.933505e+01 -1.845143e-03]
 [-4.221665e+03 -1.127986e+03 -7.677621e-02 -6.615802e-02  2.813049e-01 -4.950857e+02 -3.810244e-03  1.158858e-02 -2.035535e+01 -1.796506e+02 -6.470817e+01 -3.100316e-03 -5.179035e-03  1.011165e-02 -1.692258e+01 -1.681047e+02 -9.076595e+01
  -2.682566e-03 -5.762773e-03  8.805403e-03 -1.255428e+01 -1.582864e+02 -1.071400e+02 -2.406909e-03 -5.630819e-03  7.859760e-03 -7.703291e+00 -1.543727e+02 -1.127729e+02 -2.210715e-03 -4.923121e-03  7.278616e-03 -2.843446e+00 -1.580149e+02
  -1.075448e+02 -2.016024e-03 -3.797402e-03  6.905480e-03  1.551272e+00 -1.676761e+02 -9.156342e+01 -1.744599e-03 -2.443854e-03  6.517360e-03  5.026420e+00 -1.792463e+02 -6.582830e+01 -1.332978e-03 -1.101376e-03  5.944832e-03  7.214462e+00
  -1.879501e+02 -3.348768e+01 -7.467436e-04 -1.180720e-05  5.158761e-03  7.939166e+00 -1.909481e+02 -3.050115e-10  1.182123e-05  6.687648e-04  4.262110e-03  7.286221e+00 -1.889028e+02  2.851162e+01  9.093176e-04  9.201443e-04  3.395737e-03
   5.583878e+00 -1.851743e+02  4.736783e+01  1.897626e-03  8.320285e-04  2.642644e-03  3.315679e+00 -1.833510e+02  5.413923e+01  2.929298e-03  5.451740e-04  1.998898e-03  1.030478e+00 -1.849799e+02  4.813890e+01  3.962210e-03  2.110743e-04
   1.409708e-03 -7.211329e-01 -1.886835e+02  2.996876e+01  4.954454e-03 -2.798828e-05  8.300056e-04 -1.449241e+00 -1.909429e+02  1.929630e+00  5.858890e-03 -6.402157e-05  2.656514e-04 -8.131946e-01 -1.883049e+02 -3.143112e+01  6.627065e-03]
 [ 1.127986e+03 -4.221665e+03  2.127675e-01 -2.180320e-01 -2.020950e-01 -2.854011e+03 -8.645738e-03 -9.004283e-03 -1.208939e+02  6.470817e+01 -1.796506e+02  8.782511e-03 -7.047145e-03 -8.966534e-03 -1.132854e+02  9.076595e+01 -1.681047e+02
   7.678251e-03 -5.937198e-03 -8.393990e-03 -1.061627e+02  1.071400e+02 -1.582864e+02  6.529014e-03 -5.409433e-03 -7.407230e-03 -9.935220e+01  1.127729e+02 -1.543727e+02  5.362719e-03 -5.359759e-03 -6.114492e-03 -9.254782e+01  1.075448e+02
  -1.580149e+02  4.196155e-03 -5.548234e-03 -4.592921e-03 -8.544104e+01  9.156342e+01 -1.676761e+02  3.045868e-03 -5.693302e-03 -2.944967e-03 -7.785151e+01  6.582830e+01 -1.792463e+02  1.939263e-03 -5.581968e-03 -1.346349e-03 -6.980250e+01
   3.348768e+01 -1.879501e+02  9.154092e-04 -5.155711e-03 -1.485658e-05 -6.149311e+01 -3.050115e-10 -1.909481e+02  1.182123e-05 -4.509009e-03  8.839627e-04 -5.317177e+01 -2.851162e+01 -1.889028e+02 -7.552344e-04 -3.795542e-03  1.305764e-03
  -4.499159e+01 -4.736783e+01 -1.851743e+02 -1.403269e-03 -3.120648e-03  1.318528e-03 -3.694360e+01 -5.413923e+01 -1.833510e+02 -1.981520e-03 -2.496149e-03  1.050959e-03 -2.890020e+01 -4.813890e+01 -1.849799e+02 -2.557611e-03 -1.866725e-03
   6.531106e-04 -2.072994e+01 -2.996876e+01 -1.886835e+02 -3.199729e-03 -1.172334e-03  2.765575e-04 -1.241434e+01 -1.929631e+00 -1.909429e+02 -3.958696e-03 -4.015490e-04  4.696186e-05 -4.097492e+00  3.143112e+01 -1.883049e+02 -4.854167e-03]
 [ 1.294431e-01 -1.856295e-01 -4.375000e+03 -2.587214e+02  2.888543e+03 -1.302145e-01 -2.169932e+01  1.206392e+02 -5.224229e-03  5.888402e-03 -7.208934e-03 -1.914062e+02 -3.886113e+01  1.077770e+02 -4.312593e-03  6.007213e-03 -5.477553e-03
  -1.914062e+02 -4.911136e+01  9.504770e+01 -3.467436e-03  5.656853e-03 -4.050203e-03 -1.914062e+02 -5.244817e+01  8.487119e+01 -2.697515e-03  4.956936e-03 -3.013429e-03 -1.914062e+02 -4.981870e+01  7.818738e+01 -2.000898e-03  4.039521e-03
  -2.315797e-03 -1.914062e+02 -4.242183e+01  7.428398e+01 -1.374925e-03  3.006136e-03 -1.813136e-03 -1.914062e+02 -3.167450e+01  7.134772e+01 -8.242872e-04  1.938586e-03 -1.333985e-03 -1.914062e+02 -1.947046e+01  6.744134e+01 -3.620228e-04
   9.178847e-04 -7.436054e-04 -1.914062e+02 -8.057359e+00  6.149310e+01 -3.049821e-06  1.182123e-05  1.182123e-05 -1.914062e+02  6.405394e-01  5.369017e+01  2.447913e-04 -7.642796e-04  9.019199e-04 -1.914062e+02  5.696193e+00  4.501631e+01
   3.855204e-04 -1.472777e-03  1.845075e-03 -1.914062e+02  7.289297e+00  3.641384e+01  4.332675e-04 -2.236082e-03  2.741372e-03 -1.914062e+02  6.334493e+00  2.825670e+01  4.071525e-04 -3.183840e-03  3.480344e-03 -1.914062e+02  4.054609e+00
   2.037092e+01  3.269386e-04 -4.388825e-03  3.940341e-03 -1.914062e+02  1.691676e+00  1.239937e+01  2.107127e-04 -5.818489e-03  4.017793e-03 -1.914062e+02  2.550900e-01  4.174629e+00  7.319603e-05 -7.337404e-03  3.696960e-03 -1.914062e+02]
 [ 4.098918e-02 -9.511664e-02  1.464090e+01  4.650020e-01 -9.841117e+00 -6.522981e-02  5.580995e-02 -4.128021e-01 -2.766214e-03  2.137521e-03 -3.991427e-03  6.405396e-01  1.147731e-01 -3.721644e-01 -2.601600e-03  2.712001e-03 -3.633312e-03
   6.405395e-01  1.502913e-01 -3.310393e-01 -2.451526e-03  3.065434e-03 -3.348892e-03  6.405395e-01  1.619292e-01 -2.974824e-01 -2.310270e-03  3.187081e-03 -3.240217e-03  6.405395e-01  1.526913e-01 -2.746523e-01 -2.168945e-03  3.079455e-03
  -3.346868e-03  6.405395e-01  1.267434e-01 -2.601528e-01 -2.018607e-03  2.739374e-03 -3.632662e-03  6.405394e-01  8.924861e-02 -2.479534e-01 -1.853381e-03  2.175773e-03 -3.997617e-03  6.405394e-01  4.706394e-02 -2.318112e-01 -1.672483e-03
   1.445997e-03 -4.318397e-03  6.405394e-01  8.073481e-03 -2.086373e-01 -1.479946e-03  6.687648e-04 -4.509009e-03  6.405394e-01 -2.125733e-02 -1.796737e-01 -1.281915e-03 -9.063322e-06 -4.563555e-03  6.405393e-01 -3.808871e-02 -1.487256e-01
  -1.083172e-03 -4.650146e-04 -4.544711e-03  6.405393e-01 -4.334074e-02 -1.192404e-01 -8.852517e-04 -6.287433e-04 -4.528374e-03  6.405393e-01 -4.021703e-02 -9.256051e-02 -6.871333e-04 -4.781771e-04 -4.548294e-03  6.405393e-01 -3.268249e-02
  -6.802367e-02 -4.877119e-04 -3.211016e-05 -4.573649e-03  6.405393e-01 -2.457978e-02 -4.415456e-02 -2.883336e-04  6.426921e-04 -4.529051e-03  6.405392e-01 -1.901314e-02 -1.989150e-02 -9.364784e-05  1.426303e-03 -4.348837e-03  6.405392e-01]
 [ 5.275347e-02  9.688370e-02  1.227204e+03  7.274695e+01 -8.106480e+02  6.087093e-02  6.095824e+00 -3.385654e+01  2.482879e-03  2.060662e-03  4.302376e-03  5.369017e+01  1.091218e+01 -3.024712e+01  2.115010e-03  1.648338e-03  4.345149e-03
   5.369017e+01  1.378888e+01 -2.667530e+01  1.747146e-03  1.451207e-03  4.264915e-03  5.369017e+01  1.472537e+01 -2.382027e+01  1.391053e-03  1.533939e-03  4.081738e-03  5.369017e+01  1.398733e+01 -2.194588e+01  1.055353e-03  1.896929e-03
   3.786188e-03  5.369017e+01  1.191105e+01 -2.085216e+01  7.484546e-04  2.476873e-03  3.333089e-03  5.369017e+01  8.894006e+00 -2.003005e+01  4.809884e-04  3.154363e-03  2.677573e-03  5.369017e+01  5.467658e+00 -1.893564e+01  2.649333e-04
   3.785380e-03  1.829985e-03  5.369017e+01  2.262971e+00 -1.726794e+01  1.093395e-04  4.262110e-03  8.839627e-04  5.369017e+01 -1.796737e-01 -1.507941e+01  1.564866e-05  4.566606e-03 -1.211374e-05  5.369017e+01 -1.599725e+00 -1.264627e+01
  -2.388889e-05  4.769672e-03 -7.152104e-04  5.369017e+01 -2.047293e+00 -1.023317e+01 -2.408403e-05  4.974519e-03 -1.126358e-03  5.369017e+01 -1.778849e+00 -7.945130e+00 -3.159167e-06  5.248873e-03 -1.192037e-03  5.369017e+01 -1.137480e+00
  -5.733233e+00  2.042575e-05  5.585177e-03 -8.979711e-04  5.369017e+01 -4.718612e-01 -3.496988e+00  3.056349e-05  5.906383e-03 -2.828560e-04  5.369017e+01 -6.563255e-02 -1.189159e+00  1.618334e-05  6.118500e-03  5.400982e-04  5.369017e+01]
 [ 4.751918e+02 -1.132531e+03  6.770758e-02 -5.784671e-02 -7.068088e-02 -7.762792e+02 -2.233988e-03 -3.102807e-03 -3.290676e+01  2.487389e+01 -4.755670e+01  2.805848e-03 -1.714900e-03 -3.019489e-03 -3.091909e+01  3.168942e+01 -4.334729e+01
   2.482413e-03 -1.370623e-03 -2.793969e-03 -2.910237e+01  3.587431e+01 -3.998846e+01  2.151875e-03 -1.224548e-03 -2.470138e-03 -2.739100e+01  3.729352e+01 -3.868372e+01  1.819620e-03 -1.241136e-03 -2.079470e-03 -2.568168e+01  3.597668e+01
  -3.989741e+01  1.487348e-03 -1.346030e-03 -1.636559e-03 -2.387041e+01  3.189513e+01 -4.319752e+01  1.156679e-03 -1.451771e-03 -1.159114e-03 -2.188962e+01  2.517038e+01 -4.740137e+01  8.328255e-04 -1.487533e-03 -6.871351e-04 -1.973177e+01
   1.649687e+01 -5.105913e+01  5.253516e-04 -1.424943e-03 -2.787926e-04 -1.744557e+01  7.286221e+00 -5.317177e+01  2.447913e-04 -1.281915e-03  1.564866e-05 -1.510348e+01 -7.312225e-01 -5.369018e+01 -3.051228e-06 -1.099305e-03  1.772148e-04
  -1.276065e+01 -6.124234e+00 -5.337144e+01 -2.212162e-04 -9.101036e-04  2.204669e-04 -1.043304e+01 -8.079383e+00 -5.312212e+01 -4.216037e-04 -7.241432e-04  1.809104e-04 -8.106067e+00 -6.346365e+00 -5.334673e+01 -6.214370e-04 -5.333534e-04
   1.026285e-04 -5.764121e+00 -1.145348e+00 -5.368473e+01 -8.381047e-04 -3.280135e-04  2.998978e-05 -3.420762e+00  6.748693e+00 -5.324395e+01 -1.083960e-03 -1.103282e-04 -2.027863e-06 -1.129106e+00  1.593773e+01 -5.123638e+01 -1.362626e-03]
 [-4.008020e+03 -1.746266e+03 -6.196113e-02 -9.905632e-02  2.598527e-01 -9.159323e+02 -5.148550e-03  1.061016e-02 -3.818872e+01 -1.680643e+02 -9.083979e+01 -2.533477e-03 -6.333717e-03  9.102419e-03 -3.365666e+01 -1.527513e+02 -1.148945e+02
  -2.285085e-03 -6.787119e-03  7.843935e-03 -2.827161e+01 -1.405932e+02 -1.296271e+02 -2.183980e-03 -6.591333e-03  7.014410e-03 -2.245566e+01 -1.358804e+02 -1.346152e+02 -2.164035e-03 -5.873115e-03  6.605359e-03 -1.663187e+01 -1.402642e+02
  -1.299870e+02 -2.145616e-03 -4.757540e-03  6.447555e-03 -1.122306e+01 -1.522082e+02 -1.156194e+02 -2.048854e-03 -3.396481e-03  6.297726e-03 -6.651900e+00 -1.674971e+02 -9.188754e+01 -1.806876e-03 -2.002171e-03  5.954158e-03 -3.285448e+00
  -1.809367e+02 -6.119296e+01 -1.379799e-03 -8.142506e-04  5.351150e-03 -1.327780e+00 -1.889028e+02 -2.851162e+01 -7.642796e-04 -9.063322e-06  4.566606e-03 -7.312225e-01 -1.911367e+02 -3.051228e-10  9.069752e-06  3.666982e-04  3.737251e-03
  -1.193899e+00 -1.902636e+02  1.921097e+01  8.900298e-04  3.867722e-04  2.959175e-03 -2.236108e+00 -1.894709e+02  2.618208e+01  1.824310e-03  1.923583e-04  2.249228e-03 -3.295825e+00 -1.901864e+02  2.000281e+01  2.760138e-03 -5.344353e-05
   1.574901e-03 -3.808721e+00 -1.911373e+02  1.474274e+00  3.645875e-03 -1.958630e-04  9.127919e-04 -3.287379e+00 -1.891858e+02 -2.660188e+01  4.427298e-03 -1.222570e-04  2.867809e-04 -1.416306e+00 -1.815947e+02 -5.921140e+01  5.053536e-03]
 [ 1.746266e+03 -4.008020e+03  2.423408e-01 -2.046124e-01 -2.553949e-01 -2.749516e+03 -7.883078e-03 -1.120040e-02 -1.165596e+02  9.083979e+01 -1.680643e+02  1.004336e-02 -6.017248e-03 -1.088258e-02 -1.095452e+02  1.148945e+02 -1.527513e+02
   8.888548e-03 -4.784260e-03 -1.006181e-02 -1.031511e+02  1.296271e+02 -1.405932e+02  7.710461e-03 -4.266301e-03 -8.896994e-03 -9.713779e+01  1.346152e+02 -1.358804e+02  6.527364e-03 -4.335084e-03 -7.500180e-03 -9.113195e+01  1.299870e+02
  -1.402642e+02  5.344225e-03 -4.724099e-03 -5.921002e-03 -8.475749e+01  1.156194e+02 -1.522082e+02  4.165730e-03 -5.119803e-03 -4.219063e-03 -7.776815e+01  9.188754e+01 -1.674971e+02  3.009517e-03 -5.266988e-03 -2.533876e-03 -7.013207e+01
   6.119296e+01 -1.809367e+02  1.909095e-03 -5.061175e-03 -1.071553e-03 -6.201988e+01  2.851162e+01 -1.889028e+02  9.019199e-04 -4.563555e-03 -1.211374e-05 -5.369018e+01 -3.051315e-10 -1.911367e+02  9.069752e-06 -3.918825e-03  5.749550e-04
  -4.534344e+01 -1.921097e+01 -1.902636e+02 -7.795939e-04 -3.245427e-03  7.401202e-04 -3.704297e+01 -2.618208e+01 -1.894709e+02 -1.505696e-03 -2.580335e-03  6.095523e-04 -2.874451e+01 -2.000281e+01 -1.901864e+02 -2.229847e-03 -1.897142e-03
   3.406905e-04 -2.040022e+01 -1.474274e+00 -1.911373e+02 -3.013245e-03 -1.163481e-03  9.187857e-05 -1.206498e+01  2.660188e+01 -1.891858e+02 -3.899130e-03 -3.888772e-04 -1.266177e-05 -3.932180e+00  5.921140e+01 -1.815947e+02 -4.899709e-03]
 [ 1.538170e-01 -1.972866e-01 -4.375000e+03 -2.587214e+02  2.888543e+03 -1.393523e-01 -2.169932e+01  1.206391e+02 -5.614196e-03  6.992737e-03 -7.626464e-03 -1.914062e+02 -3.886113e+01  1.077770e+02 -4.688131e-03  7.161955e-03 -5.726225e-03
  -1.914062e+02 -4.911136e+01  9.504770e+01 -3.834894e-03  6.831224e-03 -4.182473e-03 -1.914062e+02 -5.244817e+01  8.487119e+01 -3.060415e-03  6.135539e-03 -3.103501e-03 -1.914062e+02 -4.981870e+01  7.818738e+01 -2.359306e-03  5.214241e-03
  -2.445074e-03 -1.914062e+02 -4.242183e+01  7.428398e+01 -1.725441e-03  4.162068e-03 -2.056339e-03 -1.914062e+02 -3.167450e+01  7.134772e+01 -1.160649e-03  3.045520e-03 -1.744627e-03 -1.914062e+02 -1.947046e+01  6.744134e+01 -6.763352e-04
   1.935813e-03 -1.341219e-03 -1.914062e+02 -8.057359e+00  6.149310e+01 -2.873889e-04  9.093176e-04 -7.552344e-04 -1.914062e+02  6.405393e-01  5.369017e+01 -3.051228e-06  9.069752e-06  9.069752e-06 -1.914062e+02  5.696193e+00  4.501631e+01
   1.785397e-04 -7.926993e-04  8.785745e-04 -1.914062e+02  7.289297e+00  3.641384e+01  2.692774e-04 -1.591776e-03  1.750369e-03 -1.914062e+02  6.334493e+00  2.825670e+01  2.862144e-04 -2.507774e-03  2.511001e-03 -1.914062e+02  4.054609e+00
   2.037092e+01  2.470540e-04 -3.622360e-03  3.041523e-03 -1.914062e+02  1.691676e+00  1.239937e+01  1.676549e-04 -4.928769e-03  3.241688e-03 -1.914062e+02  2.550900e-01  4.174629e+00  6.055822e-05 -6.326070e-03  3.088255e-03 -1.914062e+02]
 [ 3.891832e-02 -7.294583e-02  1.301987e+02  7.318047e+00 -8.617629e+01 -5.046869e-02  6.299484e-01 -3.600917e+00 -2.149462e-03  1.976905e-03 -3.044175e-03  5.696193e+00  1.142445e+00 -3.220383e+00 -2.041905e-03  2.435622e-03 -2.740604e-03
   5.696193e+00  1.448847e+00 -2.842908e+00 -1.946549e-03  2.724160e-03 -2.509003e-03  5.696193e+00  1.548669e+00 -2.540507e+00 -1.857493e-03  2.838080e-03 -2.434918e-03  5.696193e+00  1.469934e+00 -2.341182e+00 -1.766422e-03  2.779029e-03
  -2.553272e-03  5.696193e+00  1.248472e+00 -2.223708e+00 -1.664987e-03  2.538718e-03 -2.837294e-03  5.696193e+00  9.268740e-01 -2.134117e+00 -1.547268e-03  2.114765e-03 -3.205576e-03  5.696193e+00  5.620391e-01 -2.014944e+00 -1.411563e-03
   1.544313e-03 -3.552042e-03  5.696193e+00  2.212671e-01 -1.834753e+00 -1.260535e-03  9.201443e-04 -3.795542e-03  5.696193e+00 -3.808871e-02 -1.599725e+00 -1.099305e-03  3.666982e-04 -3.918825e-03  5.696193e+00 -1.886496e-01 -1.339672e+00
  -9.326212e-04 -4.967989e-06 -3.963686e-03  5.696193e+00 -2.360511e-01 -1.082963e+00 -7.630642e-04 -1.256266e-04 -3.986764e-03  5.696193e+00 -2.076455e-01 -8.408314e-01 -5.913185e-04  2.969027e-05 -4.012204e-03  5.696193e+00 -1.397052e-01
  -6.080068e-01 -4.180189e-04  4.445452e-04 -4.011914e-03  5.696193e+00 -6.890857e-02 -3.735510e-01 -2.457046e-04  1.055275e-03 -3.923957e-03  5.696193e+00 -2.507280e-02 -1.319550e-01 -7.932436e-05  1.750823e-03 -3.701157e-03  5.696193e+00]
 [ 3.696439e-02  9.266429e-02  1.028944e+03  6.106209e+01 -6.797299e+02  5.902132e-02  5.114134e+00 -2.838861e+01  2.420543e-03  1.369128e-03  4.078257e-03  4.501631e+01  9.152614e+00 -2.536182e+01  2.092783e-03  9.571195e-04  4.055715e-03
   4.501631e+01  1.156468e+01 -2.236670e+01  1.767337e-03  7.525625e-04  3.944164e-03  4.501631e+01  1.234991e+01 -1.997279e+01  1.453133e-03  8.089173e-04  3.773763e-03  4.501631e+01  1.173107e+01 -1.840133e+01  1.156053e-03  1.125332e-03
   3.541598e-03  4.501631e+01  9.990113e+00 -1.748464e+01  8.817946e-04  1.649842e-03  3.205148e-03  4.501631e+01  7.460270e+00 -1.679583e+01  6.383128e-04  2.283202e-03  2.713710e-03  4.501631e+01  4.587115e+00 -1.587874e+01  4.353784e-04
   2.899798e-03  2.058904e-03  4.501631e+01  1.899725e+00 -1.448091e+01  2.810044e-04  3.395737e-03  1.305764e-03  4.501631e+01 -1.487256e-01 -1.264627e+01  1.772148e-04  3.737251e-03  5.749550e-04  4.501631e+01 -1.339672e+00 -1.060639e+01
   1.182705e-04  3.966738e-03 -8.019515e-06  4.501631e+01 -1.715052e+00 -8.583195e+00  9.217700e-05  4.160211e-03 -3.518300e-04  4.501631e+01 -1.489872e+00 -6.664749e+00  8.378932e-05  4.370983e-03 -4.076698e-04  4.501631e+01 -9.518180e-01
  -4.810022e+00  7.775324e-05  4.595781e-03 -1.670800e-04  4.501631e+01 -3.933110e-01 -2.934738e+00  6.096527e-05  4.780082e-03  3.292312e-04  4.501631e+01 -5.227462e-02 -9.993009e-01  2.488670e-05  4.861743e-03  9.803679e-04  4.501631e+01]
 [ 3.892321e+02 -9.617321e+02  6.113402e-02 -4.890274e-02 -6.164594e-02 -6.584277e+02 -1.881461e-03 -2.702729e-03 -2.790917e+01  2.050018e+01 -4.043739e+01  2.543097e-03 -1.430402e-03 -2.624695e-03 -2.621683e+01  2.630233e+01 -3.695492e+01
   2.270692e-03 -1.131322e-03 -2.425950e-03 -2.466631e+01  2.987330e+01 -3.416268e+01  1.991846e-03 -1.004219e-03 -2.145315e-03 -2.320345e+01  3.108609e+01 -3.307582e+01  1.711304e-03 -1.018564e-03 -1.810284e-03 -2.174230e+01  2.996075e+01
  -3.408687e+01  1.430742e-03 -1.110802e-03 -1.433017e-03 -2.019630e+01  2.647770e+01 -3.683062e+01  1.151772e-03 -1.206189e-03 -1.027482e-03 -1.850966e+01  2.075228e+01 -4.030937e+01  8.789941e-04 -1.243757e-03 -6.262314e-04 -1.667712e+01
   1.338665e+01 -4.330593e+01  6.206083e-04 -1.198138e-03 -2.775704e-04 -1.474044e+01  5.583878e+00 -4.499159e+01  3.855204e-04 -1.083172e-03 -2.388889e-05 -1.276065e+01 -1.193899e+00 -4.534344e+01  1.785397e-04 -9.326212e-04  1.182705e-04
  -1.078344e+01 -5.745873e+00 -4.501632e+01 -3.052571e-06 -7.742960e-04  1.606018e-04 -8.820828e+00 -7.394683e+00 -4.478474e+01 -1.694704e-04 -6.169396e-04  1.327859e-04 -6.858801e+00 -5.933239e+00 -4.499306e+01 -3.354155e-04 -4.544037e-04
   7.211755e-05 -4.882484e+00 -1.543646e+00 -4.533439e+01 -5.157289e-04 -2.791897e-04  1.633353e-05 -2.901854e+00  5.129062e+00 -4.504679e+01 -7.210066e-04 -9.377665e-05 -4.797089e-06 -9.608201e-01  1.291245e+01 -4.344965e+01 -9.544629e-04]
 [-3.814196e+03 -2.141132e+03 -5.566670e-02 -1.202542e-01  2.451090e-01 -1.188100e+03 -6.008347e-03  9.941834e-03 -4.972958e+01 -1.581664e+02 -1.073168e+02 -2.315095e-03 -7.072533e-03  8.418992e-03 -4.451321e+01 -1.405056e+02 -1.297225e+02
  -2.183907e-03 -7.442921e-03  7.195373e-03 -3.851009e+01 -1.269223e+02 -1.431659e+02 -2.201672e-03 -7.209962e-03  6.444038e-03 -3.211632e+01 -1.217297e+02 -1.476576e+02 -2.300730e-03 -6.490911e-03  6.149220e-03 -2.571548e+01 -1.265586e+02
  -1.434911e+02 -2.401311e-03 -5.388514e-03  6.134490e-03 -1.969070e+01 -1.398922e+02 -1.303896e+02 -2.423441e-03 -4.028376e-03  6.144093e-03 -1.443792e+01 -1.574964e+02 -1.083028e+02 -2.298778e-03 -2.604052e-03  5.955090e-03 -1.031935e+01
  -1.739598e+02 -7.909923e+01 -1.984254e-03 -1.353013e-03  5.476870e-03 -7.555277e+00 -1.851743e+02 -4.736783e+01 -1.472777e-03 -4.650146e-04  4.769672e-03 -6.124234e+00 -1.902636e+02 -1.921097e+01 -7.926993e-04 -4.967989e-06  3.966738e-03
  -5.745873e+00 -1.913254e+02 -3.052379e-10  4.968823e-06  8.937737e-05  3.172744e-03 -5.949049e+00 -1.912370e+02  7.018938e+00  8.620010e-04 -4.130460e-05  2.418710e-03 -6.169855e+00 -1.913281e+02  7.959753e-01  1.720771e-03 -2.268769e-04
   1.687373e-03 -5.841730e+00 -1.904124e+02 -1.774350e+01  2.523723e-03 -3.048149e-04  9.698523e-04 -4.485003e+00 -1.856479e+02 -4.549525e+01  3.212538e-03 -1.597146e-04  3.017041e-04 -1.805056e+00 -1.748140e+02 -7.719285e+01  3.735348e-03]
 [ 2.141132e+03 -3.814196e+03  2.673576e-01 -1.925452e-01 -2.934820e-01 -2.644897e+03 -7.230911e-03 -1.276428e-02 -1.121889e+02  1.073168e+02 -1.581664e+02  1.112258e-02 -5.176438e-03 -1.223789e-02 -1.056620e+02  1.297225e+02 -1.405056e+02
   9.948076e-03 -3.856895e-03 -1.123648e-02 -9.983833e+01  1.431659e+02 -1.269223e+02  8.765208e-03 -3.345806e-03 -9.947335e-03 -9.443708e+01  1.476576e+02 -1.217297e+02  7.585511e-03 -3.498420e-03 -8.485392e-03 -8.904402e+01  1.434911e+02
  -1.265586e+02  6.405925e-03 -4.031422e-03 -6.879815e-03 -8.324231e+01  1.303896e+02 -1.398922e+02  5.223088e-03 -4.610994e-03 -5.157238e-03 -7.674434e+01  1.083028e+02 -1.574964e+02  4.047835e-03 -4.953148e-03 -3.427452e-03 -6.948150e+01
   7.909923e+01 -1.739598e+02  2.909515e-03 -4.919574e-03 -1.884150e-03 -6.160313e+01  4.736783e+01 -1.851743e+02  1.845075e-03 -4.544711e-03 -7.152104e-04 -5.337144e+01  1.921097e+01 -1.902636e+02  8.785745e-04 -3.963686e-03 -8.019515e-06
  -4.501632e+01 -3.052379e-10 -1.913254e+02  4.968823e-06 -3.302626e-03  2.737164e-04 -3.664901e+01 -7.018938e+00 -1.912370e+02 -8.117204e-04 -2.616690e-03  2.521972e-04 -2.828195e+01 -7.959754e-01 -1.913281e+02 -1.626623e-03 -1.901544e-03
   8.820165e-05 -1.992422e+01  1.774350e+01 -1.904124e+02 -2.495467e-03 -1.146174e-03 -5.667357e-05 -1.167945e+01  4.549525e+01 -1.856479e+02 -3.455845e-03 -3.759730e-04 -6.041296e-05 -3.771867e+00  7.719285e+01 -1.748140e+02 -4.514797e-03]
 [ 1.794956e-01 -2.057757e-01 -4.375000e+03 -2.587214e+02  2.888543e+03 -1.464758e-01 -2.169932e+01  1.206391e+02 -5.919127e-03  8.142176e-03 -7.901241e-03 -1.914062e+02 -3.886113e+01  1.077770e+02 -4.985008e-03  8.340070e-03 -5.826949e-03
  -1.914062e+02 -4.911136e+01  9.504770e+01 -4.130208e-03  8.014090e-03 -4.165126e-03 -1.914062e+02 -5.244817e+01  8.487119e+01 -3.357723e-03  7.317266e-03 -3.043718e-03 -1.914062e+02 -4.981870e+01  7.818738e+01 -2.658675e-03  6.397077e-03
  -2.424711e-03 -1.914062e+02 -4.242183e+01  7.428398e+01 -2.023437e-03  5.340670e-03 -2.151480e-03 -1.914062e+02 -3.167450e+01  7.134772e+01 -1.450875e-03  4.196668e-03 -2.012234e-03 -1.914062e+02 -1.947046e+01  6.744133e+01 -9.505697e-04
   3.022254e-03 -1.805754e-03 -1.914062e+02 -8.057359e+00  6.149310e+01 -5.371741e-04  1.897626e-03 -1.403269e-03 -1.914062e+02  6.405393e-01  5.369017e+01 -2.212162e-04  8.900298e-04 -7.795939e-04 -1.914062e+02  5.696193e+00  4.501631e+01
  -3.052571e-06  4.968823e-06  4.968823e-06 -1.914062e+02  7.289297e+00  3.641384e+01  1.267379e-04 -8.265249e-04  8.479035e-04 -1.914062e+02  6.334493e+00  2.825670e+01  1.828001e-04 -1.713729e-03  1.634064e-03 -1.914062e+02  4.054609e+00
   2.037092e+01  1.804338e-04 -2.747480e-03  2.246062e-03 -1.914062e+02  1.691676e+00  1.239937e+01  1.330244e-04 -3.947036e-03  2.583684e-03 -1.914062e+02  2.550900e-01  4.174629e+00  5.086119e-05 -5.244773e-03  2.611872e-03 -1.914062e+02]
 [ 3.190759e-02 -5.699736e-02  1.666125e+02  9.479459e+00 -1.102320e+02 -3.952523e-02  8.109563e-01 -4.605591e+00 -1.688050e-03  1.616345e-03 -2.378944e-03  7.289297e+00  1.466375e+00 -4.117937e+00 -1.613398e-03  1.987282e-03 -2.142609e-03
   7.289297e+00  1.858140e+00 -3.634464e+00 -1.548246e-03  2.225381e-03 -1.965144e-03  7.289297e+00  1.985751e+00 -3.247343e+00 -1.487442e-03  2.327017e-03 -1.916119e-03  7.289297e+00  1.885115e+00 -2.992406e+00 -1.423986e-03  2.292404e-03
  -2.024994e-03  7.289297e+00  1.602040e+00 -2.842493e+00 -1.350862e-03  2.112734e-03 -2.271681e-03  7.289297e+00  1.190911e+00 -2.728529e+00 -1.262957e-03  1.783306e-03 -2.591189e-03  7.289297e+00  7.243931e-01 -2.576903e+00 -1.158549e-03
   1.331660e-03 -2.896894e-03  7.289297e+00  2.885121e-01 -2.347247e+00 -1.039551e-03  8.320285e-04 -3.120648e-03  7.289297e+00 -4.334074e-02 -2.047293e+00 -9.101036e-04  3.867722e-04 -3.245427e-03  7.289297e+00 -2.360511e-01 -1.715052e+00
  -7.742960e-04  8.937737e-05 -3.302626e-03  7.289297e+00 -2.967380e-01 -1.386743e+00 -6.346343e-04 -1.511089e-07 -3.336488e-03  7.289297e+00 -2.603625e-01 -1.076718e+00 -4.921606e-04  1.410924e-04 -3.365087e-03  7.289297e+00 -1.733785e-01
  -7.782550e-01 -3.478855e-04  5.000388e-04 -3.363908e-03  7.289297e+00 -8.281318e-02 -4.774319e-01 -2.043383e-04  1.022509e-03 -3.281534e-03  7.289297e+00 -2.690469e-02 -1.673388e-01 -6.592388e-05  1.613986e-03 -3.080766e-03  7.289297e+00]
 [ 2.604789e-02  8.014001e-02  8.323163e+02  4.944813e+01 -5.499006e+02  5.139999e-02  4.139466e+00 -2.296626e+01  2.113247e-03  9.205923e-04  3.510384e-03  3.641384e+01  7.406567e+00 -2.051746e+01  1.839520e-03  5.578226e-04  3.462073e-03
   3.641384e+01  9.357904e+00 -1.809439e+01  1.568842e-03  3.752208e-04  3.349419e-03  3.641384e+01  9.993141e+00 -1.615784e+01  1.307951e-03  4.152041e-04  3.203132e-03  3.641384e+01  9.492503e+00 -1.488678e+01  1.060925e-03  6.763477e-04
   3.023188e-03  3.641384e+01  8.084034e+00 -1.414557e+01  8.316896e-04  1.117307e-03  2.773023e-03  3.641384e+01  6.037279e+00 -1.358880e+01  6.261844e-04  1.658672e-03  2.405430e-03  3.641384e+01  3.712678e+00 -1.284739e+01  4.521447e-04
   2.197113e-03  1.905357e-03  3.641384e+01  1.538276e+00 -1.171701e+01  3.162303e-04  2.642644e-03  1.318528e-03  3.641384e+01 -1.192404e-01 -1.023317e+01  2.204669e-04  2.959175e-03  7.401202e-04  3.641384e+01 -1.082963e+00 -8.583195e+00
   1.606018e-04  3.172744e-03  2.737164e-04  3.641384e+01 -1.386743e+00 -6.946645e+00  1.271836e-04  3.339541e-03 -3.203115e-06  3.641384e+01 -1.204475e+00 -5.394787e+00  1.080847e-04  3.500904e-03 -4.940836e-05  3.641384e+01 -7.688919e-01
  -3.894407e+00  9.100405e-05  3.655764e-03  1.403795e-04  3.641384e+01 -3.166022e-01 -2.377291e+00  6.558361e-05  3.765099e-03  5.296529e-04  3.641384e+01 -4.017222e-02 -8.113871e-01  2.530023e-05  3.786768e-03  1.034535e-03  3.641384e+01]
 [ 2.915427e+02 -7.971981e+02  5.235393e-02 -4.043145e-02 -5.051325e-02 -5.440191e+02 -1.556755e-03 -2.215903e-03 -2.305558e+01  1.563889e+01 -3.363420e+01  2.184213e-03 -1.185017e-03 -2.153754e-03 -2.164314e+01  2.047992e+01 -3.094789e+01
   1.963313e-03 -9.370763e-04 -1.991446e-03 -2.034093e+01  2.347739e+01 -2.876397e+01  1.736178e-03 -8.298119e-04 -1.761071e-03 -1.910750e+01  2.449925e+01 -2.790897e+01  1.507123e-03 -8.385050e-04 -1.485753e-03 -1.787541e+01  2.355100e+01
  -2.870442e+01  1.278042e-03 -9.112858e-04 -1.176080e-03 -1.657674e+01  2.062677e+01 -3.085113e+01  1.050777e-03 -9.871827e-04 -8.438922e-04 -1.516871e+01  1.584859e+01 -3.353653e+01  8.295300e-04 -1.016568e-03 -5.158582e-04 -1.364942e+01
   9.742636e+00 -3.578208e+01  6.212608e-04 -9.788498e-04 -2.311778e-04 -1.205435e+01  3.315679e+00 -3.694360e+01  4.332675e-04 -8.852517e-04 -2.408403e-05 -1.043304e+01 -2.236108e+00 -3.704297e+01  2.692774e-04 -7.630642e-04  9.217700e-05
  -8.820828e+00 -5.949049e+00 -3.664901e+01  1.267379e-04 -6.346343e-04  1.271836e-04 -7.224360e+00 -7.290803e+00 -3.641384e+01 -3.053137e-06 -5.067637e-04  1.050511e-04 -5.628488e+00 -6.101607e+00 -3.662479e+01 -1.324479e-04 -3.741447e-04
   5.614288e-05 -4.017334e+00 -2.521836e+00 -3.702585e+01 -2.739111e-04 -2.304337e-04  1.136150e-05 -2.395835e+00  2.942254e+00 -3.697609e+01 -4.364568e-04 -7.756568e-05 -4.710072e-06 -7.977805e-01  9.350903e+00 -3.588642e+01 -6.230463e-04]
 [-3.733885e+03 -2.280070e+03 -6.484242e-02 -1.283865e-01  2.467801e-01 -1.284581e+03 -6.365129e-03  9.993159e-03 -5.382236e+01 -1.541564e+02 -1.130697e+02 -2.737658e-03 -7.428023e-03  8.434444e-03 -4.836895e+01 -1.356817e+02 -1.348172e+02
  -2.649618e-03 -7.794369e-03  7.192818e-03 -4.215496e+01 -1.216115e+02 -1.477560e+02 -2.710770e-03 -7.557267e-03  6.444906e-03 -3.556599e+01 -1.162565e+02 -1.520551e+02 -2.853060e-03 -6.832722e-03  6.174815e-03 -2.897026e+01 -1.212360e+02
  -1.480677e+02 -2.996869e-03 -5.718248e-03  6.202034e-03 -2.273542e+01 -1.350441e+02 -1.354614e+02 -3.062382e-03 -4.333302e-03  6.262069e-03 -1.724669e+01 -1.534505e+02 -1.140307e+02 -2.980891e-03 -2.869161e-03  6.119638e-03 -1.286357e+01
  -1.709776e+02 -8.544456e+01 -2.708273e-03 -1.567877e-03  5.672411e-03 -9.811753e+00 -1.833510e+02 -5.413923e+01 -2.236082e-03 -6.287433e-04  4.974519e-03 -8.079383e+00 -1.894709e+02 -2.618208e+01 -1.591776e-03 -1.256266e-04  4.160211e-03
  -7.394683e+00 -1.912370e+02 -7.018938e+00 -8.265249e-04 -1.511089e-07  3.339541e-03 -7.290803e+00 -1.914062e+02 -3.053237e-10  1.505442e-07 -1.097573e-04  2.549623e-03 -7.204553e+00 -1.912690e+02 -6.223432e+00  8.286288e-04 -2.789143e-04
   1.778342e-03 -6.569970e+00 -1.896735e+02 -2.472075e+01  1.599336e-03 -3.393720e-04  1.021201e-03 -4.911402e+00 -1.838931e+02 -5.228489e+01  2.252600e-03 -1.723253e-04  3.174875e-04 -1.942597e+00 -1.719013e+02 -8.357040e+01  2.736320e-03]
 [ 2.280070e+03 -3.733885e+03  2.885476e-01 -1.869050e-01 -3.150622e-01 -2.600089e+03 -6.911567e-03 -1.365451e-02 -1.103127e+02  1.130697e+02 -1.541564e+02  1.204549e-02 -4.743407e-03 -1.301584e-02 -1.039802e+02  1.348172e+02 -1.356817e+02
   1.086672e-02 -3.365735e-03 -1.191393e-02 -9.837944e+01  1.477560e+02 -1.216115e+02  9.685050e-03 -2.848730e-03 -1.055299e-02 -9.321525e+01  1.520551e+02 -1.162565e+02  8.509531e-03 -3.039235e-03 -9.051468e-03 -8.805950e+01  1.480677e+02
  -1.212360e+02  7.334180e-03 -3.645015e-03 -7.428898e-03 -8.248150e+01  1.354614e+02 -1.350441e+02  6.152701e-03 -4.321557e-03 -5.694535e-03 -7.617923e+01  1.140307e+02 -1.534505e+02  4.973417e-03 -4.769563e-03 -3.941407e-03 -6.907083e+01
   8.544456e+01 -1.709776e+02  3.824085e-03 -4.832174e-03 -2.355072e-03 -6.129751e+01  5.413923e+01 -1.833510e+02  2.741372e-03 -4.528374e-03 -1.126358e-03 -5.312212e+01  2.618208e+01 -1.894709e+02  1.750369e-03 -3.986764e-03 -3.518300e-04
  -4.478474e+01  7.018938e+00 -1.912370e+02  8.479035e-04 -3.336488e-03 -3.203115e-06 -3.641384e+01 -3.053237e-10 -1.914062e+02  1.505442e-07 -2.641869e-03  3.888121e-05 -2.804254e+01  6.223432e+00 -1.912690e+02 -8.458799e-04 -1.910202e-03
  -6.347304e-05 -1.970071e+01  2.472075e+01 -1.896735e+02 -1.743780e-03 -1.141913e-03 -1.468449e-04 -1.150952e+01  5.228489e+01 -1.838931e+02 -2.728985e-03 -3.710637e-04 -8.984203e-05 -3.703905e+00  8.357040e+01 -1.719013e+02 -3.806627e-03]
 [ 2.057208e-01 -2.124659e-01 -4.375000e+03 -2.587214e+02  2.888543e+03 -1.524437e-01 -2.169932e+01  1.206391e+02 -6.175254e-03  9.308766e-03 -8.095668e-03 -1.914062e+02 -3.886113e+01  1.077770e+02 -5.236641e-03  9.523189e-03 -5.845624e-03
  -1.914062e+02 -4.911136e+01  9.504770e+01 -4.383873e-03  9.193748e-03 -4.065601e-03 -1.914062e+02 -5.244817e+01  8.487118e+01 -3.616973e-03  8.492837e-03 -2.901908e-03 -1.914062e+02 -4.981870e+01  7.818738e+01 -2.923576e-03  7.576494e-03
  -2.322176e-03 -1.914062e+02 -4.242183e+01  7.428398e+01 -2.290561e-03  6.523890e-03 -2.164549e-03 -1.914062e+02 -3.167450e+01  7.134772e+01 -1.713791e-03  5.364465e-03 -2.199385e-03 -1.914062e+02 -1.947046e+01  6.744133e+01 -1.200933e-03
   4.139140e-03 -2.193995e-03 -1.914062e+02 -8.057359e+00  6.149310e+01 -7.662890e-04  2.929298e-03 -1.981520e-03 -1.914062e+02  6.405393e-01  5.369017e+01 -4.216037e-04  1.824310e-03 -1.505696e-03 -1.914062e+02  5.696193e+00  4.501631e+01
  -1.694704e-04  8.620010e-04 -8.117204e-04 -1.914062e+02  7.289297e+00  3.641384e+01 -3.053137e-06  1.505442e-07  1.505442e-07 -1.914062e+02  6.334493e+00  2.825670e+01  8.971361e-05 -8.600819e-04  8.137972e-04 -1.914062e+02  4.054609e+00
   2.037092e+01  1.215532e-04 -1.818797e-03  1.512751e-03 -1.914062e+02  1.691676e+00  1.239937e+01  1.032600e-04 -2.921236e-03  1.995024e-03 -1.914062e+02  2.550900e-01  4.174629e+00  4.284630e-05 -4.132198e-03  2.211445e-03 -1.914062e+02]
 [ 2.252119e-02 -4.581250e-02  1.447884e+02  8.181716e+00 -9.581058e+01 -3.158838e-02  7.023556e-01 -4.003289e+00 -1.349473e-03  1.164171e-03 -1.924639e-03  6.334493e+00  1.272092e+00 -3.579855e+00 -1.289993e-03  1.467835e-03 -1.756579e-03
   6.334493e+00  1.612683e+00 -3.159925e+00 -1.237350e-03  1.665392e-03 -1.628704e-03  6.334493e+00  1.723634e+00 -2.823586e+00 -1.187684e-03  1.750997e-03 -1.595769e-03  6.334493e+00  1.636128e+00 -2.601974e+00 -1.135699e-03  1.723432e-03
  -1.681399e-03  6.334493e+00  1.389994e+00 -2.471488e+00 -1.076086e-03  1.576353e-03 -1.869971e-03  6.334493e+00  1.032547e+00 -2.372113e+00 -1.005028e-03  1.308374e-03 -2.110583e-03  6.334493e+00  6.270018e-01 -2.239919e+00 -9.213438e-04
   9.443184e-04 -2.336285e-03  6.334493e+00  2.481562e-01 -2.039897e+00 -8.266370e-04  5.451740e-04 -2.496149e-03  6.334493e+00 -4.021703e-02 -1.778849e+00 -7.241432e-04  1.923583e-04 -2.580335e-03  6.334493e+00 -2.076455e-01 -1.489872e+00
  -6.169396e-04 -4.130460e-05 -2.616690e-03  6.334493e+00 -2.603625e-01 -1.204475e+00 -5.067637e-04 -1.097573e-04 -2.641869e-03  6.334493e+00 -2.287703e-01 -9.351412e-01 -3.941549e-04  4.688639e-06 -2.670471e-03  6.334493e+00 -1.532194e-01
  -6.760189e-01 -2.796275e-04  2.926389e-04 -2.682188e-03  6.334493e+00 -7.453129e-02 -4.149776e-01 -1.649446e-04  7.128893e-04 -2.634170e-03  6.334493e+00 -2.589161e-02 -1.459494e-01 -5.345483e-05  1.191657e-03 -2.493756e-03  6.334493e+00]
 [ 1.890425e-02  6.249648e-02  6.458675e+02  3.840993e+01 -4.268070e+02  4.017513e-02  3.214199e+00 -1.782535e+01  1.652277e-03  6.562497e-04  2.732627e-03  2.825670e+01  5.749976e+00 -1.592477e+01  1.439665e-03  3.740813e-04  2.686394e-03
   2.825670e+01  7.264525e+00 -1.404423e+01  1.229743e-03  2.326624e-04  2.593108e-03  2.825670e+01  7.757575e+00 -1.254138e+01  1.027591e-03  2.639299e-04  2.477494e-03  2.825670e+01  7.368980e+00 -1.155515e+01  8.362023e-04  4.663479e-04
   2.339808e-03  2.825670e+01  6.275699e+00 -1.098025e+01  6.584483e-04  8.082342e-04  2.151421e-03  2.825670e+01  4.686903e+00 -1.054854e+01  4.987899e-04  1.228937e-03  1.874834e-03  2.825670e+01  2.882346e+00 -9.973515e+00  3.631338e-04
   1.649109e-03  1.496817e-03  2.825670e+01  1.194296e+00 -9.096530e+00  2.566300e-04  1.998898e-03  1.050959e-03  2.825670e+01 -9.256051e-02 -7.945130e+00  1.809104e-04  2.249228e-03  6.095523e-04  2.825670e+01 -8.408314e-01 -6.664749e+00
   1.327859e-04  2.418710e-03  2.521972e-04  2.825670e+01 -1.076718e+00 -5.394787e+00  1.050511e-04  2.549623e-03  3.888121e-05  2.825670e+01 -9.351412e-01 -4.190581e+00  8.842402e-05  2.673523e-03  1.637061e-06  2.825670e+01 -5.967156e-01
  -3.026329e+00  7.348790e-05  2.790044e-03  1.445238e-04  2.825670e+01 -2.451099e-01 -1.849026e+00  5.233418e-05  2.870192e-03  4.393234e-04  2.825670e+01 -2.986600e-02 -6.337368e-01  2.001398e-05  2.882866e-03  8.216782e-04  2.825670e+01]
 [ 1.935047e+02 -6.328664e+02  4.188384e-02 -3.207114e-02 -3.824568e-02 -4.297233e+02 -1.240969e-03 -1.681708e-03 -1.820671e+01  1.076316e+01 -2.684111e+01  1.751401e-03 -9.552595e-04 -1.640538e-03 -1.707369e+01  1.464473e+01 -2.495300e+01
   1.582016e-03 -7.624392e-04 -1.519681e-03 -1.601924e+01  1.706997e+01 -2.337862e+01  1.406590e-03 -6.762763e-04 -1.343554e-03 -1.501463e+01  1.790139e+01 -2.275589e+01  1.229011e-03 -6.782381e-04 -1.130549e-03 -1.401101e+01  1.712977e+01
  -2.333534e+01  1.051400e-03 -7.286116e-04 -8.899722e-04 -1.295911e+01  1.476311e+01 -2.488383e+01  8.758376e-04 -7.807542e-04 -6.322594e-04 -1.182918e+01  1.093051e+01 -2.677387e+01  7.061304e-04 -7.971261e-04 -3.789623e-04 -1.062276e+01
   6.082696e+00 -2.826574e+01  5.480053e-04 -7.627959e-04 -1.605959e-04 -9.369035e+00  1.030478e+00 -2.890020e+01  4.071525e-04 -6.871333e-04 -3.159167e-06 -8.106067e+00 -3.295825e+00 -2.874451e+01  2.862144e-04 -5.913185e-04  8.378932e-05
  -6.858801e+00 -6.169855e+00 -2.828195e+01  1.828001e-04 -4.921606e-04  1.080847e-04 -5.628488e+00 -7.204553e+00 -2.804254e+01  8.971361e-05 -3.941549e-04  8.842402e-05 -4.398779e+00 -6.287606e+00 -2.825669e+01 -3.052633e-06 -2.923470e-04
   4.817079e-05 -3.152747e+00 -3.517548e+00 -2.871919e+01 -1.055928e-04 -1.810556e-04  1.125517e-05 -1.890244e+00  7.383977e-01 -2.890983e+01 -2.253442e-04 -6.127157e-05 -2.987051e-06 -6.349120e-01  5.773348e+00 -2.833053e+01 -3.650201e-04]
 [-3.805343e+03 -2.157031e+03 -9.384020e-02 -1.233801e-01  2.698290e-01 -1.199121e+03 -6.233364e-03  1.097214e-02 -5.019704e+01 -1.577222e+02 -1.079764e+02 -3.987573e-03 -7.443122e-03  9.335975e-03 -4.495344e+01 -1.399679e+02 -1.303090e+02
  -3.861269e-03 -7.900066e-03  8.002203e-03 -3.892600e+01 -1.263285e+02 -1.436960e+02 -3.883956e-03 -7.694940e-03  7.164841e-03 -3.250967e+01 -1.211171e+02 -1.481661e+02 -3.987923e-03 -6.952903e-03  6.816085e-03 -2.608631e+01 -1.259635e+02
  -1.440197e+02 -4.093413e-03 -5.786288e-03  6.772984e-03 -2.003730e+01 -1.393517e+02 -1.309735e+02 -4.120465e-03 -4.332037e-03  6.763388e-03 -1.475741e+01 -1.570482e+02 -1.089596e+02 -4.000689e-03 -2.799530e-03  6.546501e-03 -1.060857e+01
  -1.736332e+02 -7.982410e+01 -3.690897e-03 -1.445850e-03  6.021283e-03 -7.811675e+00 -1.849799e+02 -4.813890e+01 -3.183840e-03 -4.781771e-04  5.248873e-03 -6.346365e+00 -1.901864e+02 -2.000281e+01 -2.507774e-03  2.969027e-05  4.370983e-03
  -5.933239e+00 -1.913281e+02 -7.959754e-01 -1.713729e-03  1.410924e-04  3.500904e-03 -6.101607e+00 -1.912690e+02  6.223432e+00 -8.600819e-04  4.688639e-06  2.673523e-03 -6.287606e+00 -1.913342e+02 -3.052570e-10 -4.689413e-06 -1.983831e-04
   1.870683e-03 -5.924706e+00 -1.903413e+02 -1.853593e+01  7.946596e-04 -2.943974e-04  1.080970e-03 -4.533658e+00 -1.854613e+02 -4.626826e+01  1.479488e-03 -1.589905e-04  3.389429e-04 -1.820774e+00 -1.744953e+02 -7.792125e+01  1.997901e-03]
 [ 2.157031e+03 -3.805343e+03  3.048300e-01 -1.898456e-01 -3.190913e-01 -2.639993e+03 -7.021330e-03 -1.383263e-02 -1.119836e+02  1.079764e+02 -1.577222e+02  1.276148e-02 -4.816330e-03 -1.319041e-02 -1.054784e+02  1.303090e+02 -1.399679e+02
   1.158642e-02 -3.407985e-03 -1.207556e-02 -9.967956e+01  1.436960e+02 -1.263285e+02  1.040361e-02 -2.869457e-03 -1.069665e-02 -9.430483e+01  1.481661e+02 -1.211171e+02  9.224308e-03 -3.047445e-03 -9.176574e-03 -8.893832e+01  1.440197e+02
  -1.259635e+02  8.045123e-03 -3.647998e-03 -7.537689e-03 -8.316160e+01  1.309735e+02 -1.393517e+02  6.862361e-03 -4.324710e-03 -5.790136e-03 -7.668538e+01  1.089596e+02 -1.570482e+02  5.686573e-03 -4.776667e-03 -4.026290e-03 -6.943957e+01
   7.982410e+01 -1.736332e+02  4.546928e-03 -4.845438e-03 -2.430348e-03 -6.157259e+01  4.813890e+01 -1.849799e+02  3.480344e-03 -4.548294e-03 -1.192037e-03 -5.334673e+01  2.000281e+01 -1.901864e+02  2.511001e-03 -4.012204e-03 -4.076698e-04
  -4.499306e+01  7.959753e-01 -1.913281e+02  1.634064e-03 -3.365087e-03 -4.940836e-05 -3.662479e+01 -6.223432e+00 -1.912690e+02  8.137972e-04 -2.670471e-03  1.637061e-06 -2.825669e+01 -3.052744e-10 -1.913342e+02 -4.689413e-06 -1.935137e-03
  -9.220006e-05 -1.990020e+01  1.853593e+01 -1.903413e+02 -8.768872e-04 -1.159320e-03 -1.662440e-04 -1.166096e+01  4.626826e+01 -1.854613e+02 -1.840145e-03 -3.774851e-04 -9.720053e-05 -3.764412e+00  7.792125e+01 -1.744953e+02 -2.901287e-03]
 [ 2.319605e-01 -2.191009e-01 -4.375000e+03 -2.587214e+02  2.888543e+03 -1.583761e-01 -2.169932e+01  1.206391e+02 -6.429881e-03  1.047579e-02 -8.287643e-03 -1.914062e+02 -3.886113e+01  1.077770e+02 -5.486883e-03  1.070637e-02 -5.861808e-03
  -1.914062e+02 -4.911136e+01  9.504770e+01 -4.636255e-03  1.037322e-02 -3.963590e-03 -1.914062e+02 -5.244817e+01  8.487118e+01 -3.875049e-03  9.668135e-03 -2.757618e-03 -1.914062e+02 -4.981870e+01  7.818738e+01 -3.187412e-03  8.755720e-03
  -2.217156e-03 -1.914062e+02 -4.242183e+01  7.428398e+01 -2.556728e-03  7.707162e-03 -2.175126e-03 -1.914062e+02 -3.167450e+01  7.134772e+01 -1.975859e-03  6.532682e-03 -2.384080e-03 -1.914062e+02 -1.947046e+01  6.744133e+01 -1.450553e-03
   5.256867e-03 -2.579894e-03 -1.914062e+02 -8.057359e+00  6.149310e+01 -9.947599e-04  3.962210e-03 -2.557611e-03 -1.914062e+02  6.405393e-01  5.369017e+01 -6.214370e-04  2.760138e-03 -2.229847e-03 -1.914062e+02  5.696193e+00  4.501631e+01
  -3.354155e-04  1.720771e-03 -1.626623e-03 -1.914062e+02  7.289297e+00  3.641384e+01 -1.324479e-04  8.286288e-04 -8.458799e-04 -1.914062e+02  6.334493e+00  2.825670e+01 -3.052633e-06 -4.689413e-06 -4.689413e-06 -1.914062e+02  4.054609e+00
   2.037092e+01  6.291183e-05 -8.885510e-04  7.813793e-04 -1.914062e+02  1.691676e+00  1.239937e+01  7.364536e-05 -1.894174e-03  1.408510e-03 -1.914062e+02  2.550900e-01  4.174629e+00  3.488304e-05 -3.018756e-03  1.813351e-03 -1.914062e+02]
 [ 1.295595e-02 -3.608522e-02  9.267678e+01  5.081105e+00 -6.136649e+01 -2.460533e-02  4.429258e-01 -2.564745e+00 -1.049125e-03  7.065937e-04 -1.531722e-03  4.054609e+00  8.080188e-01 -2.294675e+00 -9.978410e-04  9.460078e-04 -1.426701e-03
   4.054609e+00  1.026379e+00 -2.026492e+00 -9.509467e-04  1.102616e-03 -1.342843e-03  4.054609e+00  1.097539e+00 -1.811415e+00 -9.060522e-04  1.168171e-03 -1.320317e-03  4.054609e+00  1.041396e+00 -1.669371e+00 -8.596751e-04  1.140533e-03
  -1.376482e-03  4.054609e+00  8.835011e-01 -1.585257e+00 -8.083230e-04  1.016901e-03 -1.499253e-03  4.054609e+00  6.542904e-01 -1.520696e+00 -7.496240e-04  8.007652e-04 -1.650980e-03  4.054609e+00  3.944014e-01 -1.434886e+00 -6.831188e-04
   5.158975e-04 -1.784357e-03  4.054609e+00  1.518128e-01 -1.305621e+00 -6.102418e-04  2.110743e-04 -1.866725e-03  4.054609e+00 -3.268249e-02 -1.137480e+00 -5.333534e-04 -5.344353e-05 -1.897142e-03  4.054609e+00 -1.397052e-01 -9.518180e-01
  -4.544037e-04 -2.268769e-04 -1.901544e-03  4.054609e+00 -1.733785e-01 -7.688919e-01 -3.741447e-04 -2.789143e-04 -1.910202e-03  4.054609e+00 -1.532194e-01 -5.967156e-01 -2.923470e-04 -1.983831e-04 -1.935137e-03  4.054609e+00 -1.050048e-01
  -4.315226e-01 -2.087588e-04  8.850273e-06 -1.960975e-03  4.054609e+00 -5.473335e-02 -2.654652e-01 -1.241305e-04  3.157118e-04 -1.953669e-03  4.054609e+00 -2.351751e-02 -9.449349e-02 -4.056419e-05  6.710616e-04 -1.884166e-03  4.054609e+00]
 [ 1.355313e-02  4.255852e-02  4.656210e+02  2.771283e+01 -3.078204e+02  2.732850e-02  2.318621e+00 -1.285608e+01  1.122020e-03  4.790453e-04  1.861028e-03  2.037092e+01  4.147506e+00 -1.148564e+01  9.734415e-04  2.917862e-04  1.829742e-03
   2.037092e+01  5.239879e+00 -1.012966e+01  8.266880e-04  2.004110e-04  1.765178e-03  2.037092e+01  5.595503e+00 -9.046127e+00  6.854441e-04  2.266791e-04  1.683047e-03  2.037092e+01  5.315195e+00 -8.335227e+00  5.519575e-04  3.691466e-04
   1.582650e-03  2.037092e+01  4.526536e+00 -7.921003e+00  4.283905e-04  6.052842e-04  1.444171e-03  2.037092e+01  3.380361e+00 -7.610051e+00  3.179839e-04  8.925886e-04  1.242663e-03  2.037092e+01  2.078455e+00 -7.195671e+00  2.249243e-04
   1.176364e-03  9.706844e-04  2.037092e+01  8.605228e-01 -6.563435e+00  1.527875e-04  1.409708e-03  6.531106e-04  2.037092e+01 -6.802367e-02 -5.733233e+00  1.026285e-04  1.574901e-03  3.406905e-04  2.037092e+01 -6.080068e-01 -4.810022e+00
   7.211755e-05  1.687373e-03  8.820165e-05  2.037092e+01 -7.782550e-01 -3.894407e+00  5.614288e-05  1.778342e-03 -6.347304e-05  2.037092e+01 -6.760189e-01 -3.026329e+00  4.817079e-05  1.870683e-03 -9.220006e-05  2.037092e+01 -4.315226e-01
  -2.187144e+00  4.157280e-05  1.964026e-03  5.799778e-06  2.037092e+01 -1.772350e-01 -1.338534e+00  3.073637e-05  2.036788e-03  2.124879e-04  2.037092e+01 -2.108740e-02 -4.624099e-01  1.207009e-05  2.064625e-03  4.841046e-04  2.037092e+01]
 [ 1.065142e+02 -4.625774e+02  3.025130e-02 -2.345421e-02 -2.581430e-02 -3.121477e+02 -9.149222e-04 -1.139849e-03 -1.322064e+01  6.346459e+00 -1.974782e+01  1.267359e-03 -7.173226e-04 -1.119188e-03 -1.238168e+01  9.218979e+00 -1.859277e+01
   1.149055e-03 -5.816234e-04 -1.040108e-03 -1.159192e+01  1.103368e+01 -1.758870e+01  1.025331e-03 -5.182236e-04 -9.191171e-04 -1.083423e+01  1.165998e+01 -1.718509e+01  8.994556e-04 -5.147224e-04 -7.695478e-04 -1.007717e+01  1.107865e+01
  -1.756075e+01  7.735449e-04 -5.436208e-04 -5.991375e-04 -9.289035e+00  9.307174e+00 -1.854925e+01  6.496911e-04 -5.726609e-04 -4.167392e-04 -8.451967e+00  6.469591e+00 -1.970815e+01  5.311091e-04 -5.763989e-04 -2.387443e-04 -7.569877e+00
   2.925719e+00 -2.053094e+01  4.221702e-04 -5.455628e-04 -8.705925e-05 -6.665046e+00 -7.211329e-01 -2.072994e+01  3.269386e-04 -4.877119e-04  2.042575e-05 -5.764121e+00 -3.808721e+00 -2.040022e+01  2.470540e-04 -4.180189e-04  7.775324e-05
  -4.882484e+00 -5.841730e+00 -1.992422e+01  1.804338e-04 -3.478855e-04  9.100405e-05 -4.017334e+00 -6.569970e+00 -1.970071e+01  1.215532e-04 -2.796275e-04  7.348790e-05 -3.152747e+00 -5.924706e+00 -1.990020e+01  6.291183e-05 -2.087588e-04
   4.157280e-05 -2.272372e+00 -3.966085e+00 -2.037091e+01 -3.051320e-06 -1.303466e-04  1.214102e-05 -1.372355e+00 -9.306001e-01 -2.072208e+01 -8.203152e-05 -4.446263e-05 -8.657346e-07 -4.670486e-01  2.701113e+00 -2.056168e+01 -1.763456e-04]
 [-3.994564e+03 -1.777187e+03 -1.430978e-01 -1.055435e-01  3.126872e-01 -9.371430e+02 -5.621067e-03  1.281266e-02 -3.908790e+01 -1.673642e+02 -9.213641e+01 -6.087519e-03 -7.117453e-03  1.106333e-02 -3.450172e+01 -1.518656e+02 -1.160731e+02
  -5.848033e-03 -7.755821e-03  9.569668e-03 -2.906733e+01 -1.395938e+02 -1.307119e+02 -5.756015e-03 -7.619348e-03  8.556048e-03 -2.320498e+01 -1.348425e+02 -1.356638e+02 -5.745195e-03 -6.851769e-03  8.030959e-03 -1.733484e+01 -1.392620e+02
  -1.310693e+02 -5.735901e-03 -5.598852e-03  7.811277e-03 -1.187685e+01 -1.513169e+02 -1.167938e+02 -5.648230e-03 -4.036935e-03  7.618867e-03 -7.251763e+00 -1.667889e+02 -9.317980e+01 -5.415169e-03 -2.412211e-03  7.214180e-03 -3.826402e+00
  -1.804653e+02 -6.258877e+01 -4.996578e-03 -1.006161e-03  6.509595e-03 -1.806156e+00 -1.886835e+02 -2.996876e+01 -4.388825e-03 -3.211016e-05  5.585177e-03 -1.145348e+00 -1.911373e+02 -1.474274e+00 -3.622360e-03  4.445452e-04  4.595781e-03
  -1.543646e+00 -1.904124e+02  1.774350e+01 -2.747480e-03  5.000388e-04  3.655764e-03 -2.521836e+00 -1.896735e+02  2.472075e+01 -1.818797e-03  2.926389e-04  2.790044e-03 -3.517548e+00 -1.903413e+02  1.853593e+01 -8.885510e-04  8.850273e-06
   1.964026e-03 -3.966085e+00 -1.911494e+02 -3.051491e-10 -8.853802e-06 -1.727421e-04  1.148754e-03 -3.380450e+00 -1.889812e+02 -2.806119e+01  7.657392e-04 -1.204172e-04  3.658883e-04 -1.446640e+00 -1.811386e+02 -6.061228e+01  1.384262e-03]
 [ 1.777187e+03 -3.994564e+03  3.121343e-01 -1.997501e-01 -3.031643e-01 -2.742461e+03 -7.499602e-03 -1.319361e-02 -1.162654e+02  9.213641e+01 -1.673642e+02  1.309546e-02 -5.352724e-03 -1.266038e-02 -1.092860e+02  1.160731e+02 -1.518656e+02
   1.193873e-02 -3.953836e-03 -1.162822e-02 -1.029333e+02  1.307119e+02 -1.395938e+02  1.075986e-02 -3.384519e-03 -1.029578e-02 -9.696492e+01  1.356638e+02 -1.348425e+02  9.576601e-03 -3.500501e-03 -8.789908e-03 -9.100398e+01  1.310693e+02
  -1.392620e+02  8.393316e-03 -4.015314e-03 -7.147664e-03 -8.467122e+01  1.167938e+02 -1.513169e+02  7.214071e-03 -4.591792e-03 -5.398043e-03 -7.771711e+01  9.317980e+01 -1.667889e+02  6.055987e-03 -4.943085e-03 -3.648310e-03 -7.010697e+01
   6.258877e+01 -1.804653e+02  4.952268e-03 -4.927256e-03 -2.087090e-03 -6.200986e+01  2.996876e+01 -1.886835e+02  3.940341e-03 -4.573649e-03 -8.979711e-04 -5.368473e+01  1.474274e+00 -1.911373e+02  3.041523e-03 -4.011914e-03 -1.670800e-04
  -4.533439e+01 -1.774350e+01 -1.904124e+02  2.246062e-03 -3.363908e-03  1.403795e-04 -3.702585e+01 -2.472075e+01 -1.896735e+02  1.512751e-03 -2.682188e-03  1.445238e-04 -2.871919e+01 -1.853593e+01 -1.903413e+02  7.813793e-04 -1.960975e-03
   5.799778e-06 -2.037091e+01 -3.051491e-10 -1.911494e+02 -8.853802e-06 -1.188776e-03 -1.116097e-04 -1.203966e+01  2.806119e+01 -1.889812e+02 -9.007687e-04 -3.919771e-04 -8.101407e-05 -3.921269e+00  6.061228e+01 -1.811386e+02 -1.906182e-03]
 [ 2.576912e-01 -2.274360e-01 -4.375000e+03 -2.587214e+02  2.888543e+03 -1.654009e-01 -2.169932e+01  1.206391e+02 -6.730648e-03  1.162693e-02 -8.555521e-03 -1.914062e+02 -3.886113e+01  1.077770e+02 -5.779902e-03  1.188514e-02 -5.955452e-03
  -1.914062e+02 -4.911136e+01  9.504770e+01 -4.928021e-03  1.155603e-02 -3.939131e-03 -1.914062e+02 -5.244817e+01  8.487118e+01 -4.169120e-03  1.084955e-02 -2.690728e-03 -1.914062e+02 -4.981870e+01  7.818738e+01 -3.483855e-03  9.938480e-03
  -2.189681e-03 -1.914062e+02 -4.242183e+01  7.428398e+01 -2.852110e-03  8.886383e-03 -2.263185e-03 -1.914062e+02 -3.167450e+01  7.134772e+01 -2.263777e-03  7.685485e-03 -2.644778e-03 -1.914062e+02 -1.947046e+01  6.744133e+01 -1.722773e-03
   6.346144e-03 -3.037915e-03 -1.914062e+02 -8.057359e+00  6.149310e+01 -1.242804e-03  4.954454e-03 -3.199729e-03 -1.914062e+02  6.405393e-01  5.369017e+01 -8.381047e-04  3.645875e-03 -3.013245e-03 -1.914062e+02  5.696193e+00  4.501631e+01
  -5.157289e-04  2.523723e-03 -2.495467e-03 -1.914062e+02  7.289297e+00  3.641384e+01 -2.739111e-04  1.599336e-03 -1.743780e-03 -1.914062e+02  6.334493e+00  2.825670e+01 -1.055928e-04  7.946596e-04 -8.768872e-04 -1.914062e+02  4.054609e+00
   2.037092e+01 -3.051320e-06 -8.853802e-06 -8.853802e-06 -1.914062e+02  1.691676e+00  1.239937e+01  3.942935e-05 -9.084464e-04  7.563821e-04 -1.914062e+02  2.550899e-01  4.174629e+00  2.532972e-05 -1.934552e-03  1.343450e-03 -1.914062e+02]
 [ 5.164177e-03 -2.444087e-02  3.866688e+01  1.865600e+00 -2.564642e+01 -1.646298e-02  1.738824e-01 -1.072878e+00 -6.998511e-04  3.189665e-04 -1.048609e-03  1.691676e+00  3.267418e-01 -9.617944e-01 -6.606580e-04  4.795710e-04 -9.968366e-04
   1.691676e+00  4.183332e-01 -8.509189e-01 -6.237371e-04  5.846213e-04 -9.515681e-04  1.691676e+00  4.482215e-01 -7.615367e-01 -5.880051e-04  6.259590e-04 -9.375280e-04  1.691676e+00  4.246124e-01 -7.019451e-01 -5.516619e-04  6.014403e-04
  -9.652895e-04  1.691676e+00  3.582555e-01 -6.658580e-01 -5.128981e-04  5.110532e-04 -1.026709e-03  1.691676e+00  2.620861e-01 -6.373452e-01 -4.706251e-04  3.608110e-04 -1.098214e-03  1.691676e+00  1.533221e-01 -5.995948e-01 -4.249208e-04
   1.700223e-04 -1.152143e-03  1.691676e+00  5.211777e-02 -5.436777e-01 -3.769013e-04 -2.798828e-05 -1.172334e-03  1.691676e+00 -2.457978e-02 -4.718612e-01 -3.280135e-04 -1.958630e-04 -1.163481e-03  1.691676e+00 -6.890857e-02 -3.933110e-01
  -2.791897e-04 -3.048149e-04 -1.146174e-03  1.691676e+00 -8.281318e-02 -3.166022e-01 -2.304337e-04 -3.393720e-04 -1.141913e-03  1.691676e+00 -7.453129e-02 -2.451099e-01 -1.810556e-04 -2.943974e-04 -1.159320e-03  1.691676e+00 -5.473335e-02
  -1.772350e-01 -1.303466e-04 -1.727421e-04 -1.188776e-03  1.691676e+00 -3.404699e-02 -1.095874e-01 -7.828669e-05  1.169560e-05 -1.207425e-03  1.691676e+00 -2.105273e-02 -4.022928e-02 -2.584540e-05  2.303067e-04 -1.193267e-03  1.691676e+00]
 [ 8.343896e-03  2.306409e-02  2.834141e+02  1.687713e+01 -1.875419e+02  1.476488e-02  1.412342e+00 -7.832948e+00  6.038510e-04  3.061867e-04  1.009443e-03  1.239937e+01  2.526684e+00 -6.998550e+00  5.186988e-04  2.104116e-04  9.938864e-04
   1.239937e+01  3.192326e+00 -6.172946e+00  4.344839e-04  1.666099e-04  9.584022e-04  1.239937e+01  3.409045e+00 -5.513310e+00  3.534945e-04  1.867426e-04  9.100629e-04  1.239937e+01  3.238188e+00 -5.080700e+00  2.772241e-04  2.696122e-04
   8.474137e-04  1.239937e+01  2.757428e+00 -4.828819e+00  2.071161e-04  4.017997e-04  7.593513e-04  1.239937e+01  2.058650e+00 -4.639790e+00  1.451923e-04  5.586713e-04  6.331480e-04  1.239937e+01  1.264843e+00 -4.387636e+00  9.393399e-05
   7.096312e-04  4.668374e-04  1.239937e+01  5.221517e-01 -4.002640e+00  5.536730e-05  8.300056e-04  2.765575e-04  1.239937e+01 -4.415456e-02 -3.496988e+00  2.998978e-05  9.127919e-04  9.187857e-05  1.239937e+01 -3.735510e-01 -2.934738e+00
   1.633353e-05  9.698523e-04 -5.667357e-05  1.239937e+01 -4.774319e-01 -2.377291e+00  1.136150e-05  1.021201e-03 -1.468449e-04  1.239937e+01 -4.149776e-01 -1.849026e+00  1.125517e-05  1.080970e-03 -1.662440e-04  1.239937e+01 -2.654652e-01
  -1.338534e+00  1.214102e-05  1.148754e-03 -1.116097e-04  1.239937e+01 -1.095874e-01 -8.223314e-01  1.068406e-05  1.210475e-03  8.646173e-06  1.239937e+01 -1.319150e-02 -2.892322e-01  4.655854e-06  1.248942e-03  1.707436e-04  1.239937e+01]
 [ 4.129389e+01 -2.830294e+02  1.804688e-02 -1.436543e-02 -1.419487e-02 -1.897464e+02 -5.659505e-04 -6.306156e-04 -8.033456e+00  2.843456e+00 -1.217096e+01  7.573121e-04 -4.535613e-04 -6.249919e-04 -7.512745e+00  4.625213e+00 -1.161809e+01
   6.886902e-04 -3.746222e-04 -5.835131e-04 -7.016514e+00  5.764276e+00 -1.110403e+01  6.160655e-04 -3.357203e-04 -5.152504e-04 -6.536914e+00  6.160197e+00 -1.089234e+01  5.417288e-04 -3.300940e-04 -4.282405e-04 -6.057647e+00  5.792655e+00
  -1.108945e+01  4.673632e-04 -3.420204e-04 -3.278879e-04 -5.562251e+00  4.680312e+00 -1.159628e+01  3.946382e-04 -3.530868e-04 -2.205288e-04 -5.042448e+00  2.919349e+00 -1.215318e+01  3.258172e-04 -3.491825e-04 -1.167164e-04 -4.502541e+00
   7.506883e-01 -1.247360e+01  2.637015e-04 -3.258644e-04 -2.962819e-05 -3.956812e+00 -1.449241e+00 -1.241434e+01  2.107127e-04 -2.883336e-04  3.056349e-05 -3.420762e+00 -3.287379e+00 -1.206498e+01  1.676549e-04 -2.457046e-04  6.096527e-05
  -2.901854e+00 -4.485003e+00 -1.167945e+01  1.330244e-04 -2.043383e-04  6.558361e-05 -2.395835e+00 -4.911402e+00 -1.150952e+01  1.032600e-04 -1.649446e-04  5.233418e-05 -1.890244e+00 -4.533658e+00 -1.166096e+01  7.364536e-05 -1.241305e-04
   3.073637e-05 -1.372355e+00 -3.380450e+00 -1.203966e+01  3.942935e-05 -7.828669e-05  1.068406e-05 -8.372491e-01 -1.574655e+00 -1.239936e+01 -3.049893e-06 -2.696375e-05  5.668053e-07 -2.917078e-01  6.142902e-01 -1.248105e+01 -5.543798e-05]
 [-4.210151e+03 -1.170617e+03 -2.078909e-01 -7.624046e-02  3.672429e-01 -5.239134e+02 -4.558493e-03  1.517206e-02 -2.157649e+01 -1.789918e+02 -6.652187e+01 -8.841908e-03 -6.433858e-03  1.330375e-02 -1.806693e+01 -1.671828e+02 -9.246226e+01
  -8.435329e-03 -7.318596e-03  1.161559e-02 -1.362677e+01 -1.571993e+02 -1.087366e+02 -8.171293e-03 -7.282954e-03  1.036995e-02 -8.707086e+00 -1.532289e+02 -1.143298e+02 -7.986891e-03 -6.494678e-03  9.598294e-03 -3.778613e+00 -1.569238e+02
  -1.091387e+02 -7.803994e-03 -5.145578e-03  9.121644e-03  6.878027e-01 -1.667462e+02 -9.325537e+01 -7.544200e-03 -3.466158e-03  8.660745e-03  4.239552e+00 -1.785761e+02 -6.763788e+01 -7.143773e-03 -1.750845e-03  7.985396e-03  6.508874e+00
  -1.876066e+02 -3.538610e+01 -6.567902e-03 -3.093434e-04  7.031612e-03  7.317529e+00 -1.909429e+02 -1.929631e+00 -5.818489e-03  6.426921e-04  5.906383e-03  6.748693e+00 -1.891858e+02  2.660188e+01 -4.928769e-03  1.055275e-03  4.780082e-03
   5.129062e+00 -1.856479e+02  4.549525e+01 -3.947036e-03  1.022509e-03  3.765099e-03  2.942254e+00 -1.838931e+02  5.228489e+01 -2.921236e-03  7.128893e-04  2.870192e-03  7.383977e-01 -1.854613e+02  4.626826e+01 -1.894174e-03  3.157118e-04
   2.036788e-03 -9.306001e-01 -1.889812e+02  2.806119e+01 -9.084464e-04  1.169560e-05  1.210475e-03 -1.574655e+00 -1.909572e+02 -3.050144e-10 -1.170396e-05 -6.030738e-05  3.932822e-04 -8.545797e-01 -1.879821e+02 -3.333318e+01  7.474000e-04]
 [ 1.170617e+03 -4.210151e+03  3.051054e-01 -2.119425e-01 -2.653888e-01 -2.848929e+03 -8.152835e-03 -1.164610e-02 -1.206849e+02  6.652187e+01 -1.789918e+02  1.281969e-02 -6.181261e-03 -1.132422e-02 -1.131113e+02  9.246226e+01 -1.671828e+02
   1.171124e-02 -4.850909e-03 -1.047207e-02 -1.060330e+02  1.087366e+02 -1.571993e+02  1.055925e-02 -4.254654e-03 -9.262790e-03 -9.927164e+01  1.143298e+02 -1.532289e+02  9.391004e-03 -4.267168e-03 -7.824324e-03 -9.251656e+01  1.091387e+02
  -1.569238e+02  8.222505e-03 -4.621828e-03 -6.217327e-03 -8.545438e+01  9.325537e+01 -1.667462e+02  7.069506e-03 -5.005509e-03 -4.504040e-03 -7.790017e+01  6.763788e+01 -1.785761e+02  5.958772e-03 -5.163172e-03 -2.817920e-03 -6.987350e+01
   3.538610e+01 -1.876066e+02  4.929022e-03 -4.986812e-03 -1.354025e-03 -6.157165e+01  1.929630e+00 -1.909429e+02  4.017793e-03 -4.529051e-03 -2.828560e-04 -5.324395e+01 -2.660188e+01 -1.891858e+02  3.241688e-03 -3.923957e-03  3.292312e-04
  -4.504679e+01 -4.549525e+01 -1.856479e+02  2.583684e-03 -3.281534e-03  5.296529e-04 -3.697609e+01 -5.228489e+01 -1.838931e+02  1.995024e-03 -2.634170e-03  4.393234e-04 -2.890983e+01 -4.626826e+01 -1.854613e+02  1.408510e-03 -1.953669e-03
   2.124879e-04 -2.072208e+01 -2.806119e+01 -1.889812e+02  7.563821e-04 -1.207425e-03  8.646173e-06 -1.239936e+01 -3.050058e-10 -1.909572e+02 -1.170396e-05 -4.062300e-04 -4.309805e-05 -4.089162e+00  3.333318e+01 -1.879821e+02 -9.149125e-04]
 [ 2.821708e-01 -2.388733e-01 -4.375000e+03 -2.587214e+02  2.888543e+03 -1.743998e-01 -2.169932e+01  1.206391e+02 -7.114754e-03  1.273505e-02 -8.963089e-03 -1.914062e+02 -3.886113e+01  1.077770e+02 -6.150026e-03  1.304215e-02 -6.193704e-03
  -1.914062e+02 -4.911136e+01  9.504770e+01 -5.290525e-03  1.273162e-02 -4.060802e-03 -1.914062e+02 -5.244817e+01  8.487118e+01 -4.527531e-03  1.202899e-02 -2.770163e-03 -1.914062e+02 -4.981870e+01  7.818738e+01 -3.838240e-03  1.111439e-02
  -2.308355e-03 -1.914062e+02 -4.242183e+01  7.428398e+01 -3.199062e-03  1.004453e-02 -2.495957e-03 -1.914062e+02 -3.167450e+01  7.134772e+01 -2.597023e-03  8.796145e-03 -3.045433e-03 -1.914062e+02 -1.947046e+01  6.744133e+01 -2.034391e-03
   7.369486e-03 -3.626350e-03 -1.914062e+02 -8.057359e+00  6.149310e+01 -1.524826e-03  5.858890e-03 -3.958696e-03 -1.914062e+02  6.405392e-01  5.369017e+01 -1.083960e-03  4.427298e-03 -3.899130e-03 -1.914062e+02  5.696193e+00  4.501631e+01
  -7.210066e-04  3.212538e-03 -3.455845e-03 -1.914062e+02  7.289297e+00  3.641384e+01 -4.364568e-04  2.252600e-03 -2.728985e-03 -1.914062e+02  6.334493e+00  2.825670e+01 -2.253442e-04  1.479488e-03 -1.840145e-03 -1.914062e+02  4.054609e+00
   2.037092e+01 -8.203152e-05  7.657392e-04 -9.007687e-04 -1.914062e+02  1.691676e+00  1.239937e+01 -3.049893e-06 -1.170396e-05 -1.170396e-05 -1.914062e+02  2.550899e-01  4.174629e+00  1.289504e-05 -9.177044e-04  7.438645e-04 -1.914062e+02]
 [ 7.843596e-04 -9.008195e-03  5.830628e+00 -9.008857e-02 -3.891351e+00 -6.021807e-03  1.013747e-02 -1.642017e-01 -2.552662e-04  6.800447e-05 -3.898591e-04  2.550900e-01  3.371896e-02 -1.498198e-01 -2.392718e-04  1.265116e-04 -3.766219e-04
   2.550900e-01  4.807831e-02 -1.346317e-01 -2.239099e-04  1.647016e-04 -3.633664e-04  2.550900e-01  5.281856e-02 -1.216892e-01 -2.089499e-04  1.787913e-04 -3.584065e-04  2.550900e-01  4.904111e-02 -1.122061e-01 -1.939023e-04  1.677993e-04
  -3.652427e-04  2.550900e-01  3.849350e-02 -1.052689e-01 -1.782733e-04  1.323318e-04 -3.808717e-04  2.550900e-01  2.345300e-02 -9.862739e-02 -1.618239e-04  7.575943e-05 -3.972140e-04  2.550900e-01  6.862497e-03 -9.008872e-02 -1.447061e-04
   6.195055e-06 -4.054631e-04  2.550900e-01 -8.092336e-03 -7.880965e-02 -1.273786e-04 -6.402157e-05 -4.015490e-04  2.550900e-01 -1.901314e-02 -6.563255e-02 -1.103282e-04 -1.222570e-04 -3.888772e-04  2.550900e-01 -2.507280e-02 -5.227462e-02
  -9.377665e-05 -1.597146e-04 -3.759730e-04  2.550900e-01 -2.690469e-02 -4.017222e-02 -7.756568e-05 -1.723253e-04 -3.710637e-04  2.550900e-01 -2.589161e-02 -2.986600e-02 -6.127157e-05 -1.589905e-04 -3.774851e-04  2.550900e-01 -2.351751e-02
  -2.108740e-02 -4.446263e-05 -1.204172e-04 -3.919771e-04  2.550899e-01 -2.105273e-02 -1.319150e-02 -2.696375e-05 -6.030738e-05 -4.062300e-04  2.550899e-01 -1.942716e-02 -5.563590e-03 -8.987777e-06  1.275347e-05 -4.114377e-04  2.550899e-01]
 [ 2.776845e-03  6.663418e-03  9.542009e+01  5.684539e+00 -6.343490e+01  4.263370e-03  4.766928e-01 -2.649958e+00  1.733677e-04  1.057471e-04  2.917659e-04  4.174629e+00  8.537569e-01 -2.368720e+00  1.467207e-04  8.063341e-05  2.874361e-04
   4.174629e+00  1.079094e+00 -2.090393e+00  1.203342e-04  7.055296e-05  2.766792e-04  4.174629e+00  1.152491e+00 -1.868146e+00  9.499070e-05  7.897539e-05  2.609432e-04  4.174629e+00  1.094566e+00 -1.722644e+00  7.123508e-05  1.053493e-04
   2.393479e-04  4.174629e+00  9.315027e-01 -1.638199e+00  4.959604e-05  1.452938e-04  2.085186e-04  4.174629e+00  6.943718e-01 -1.574876e+00  3.076789e-05  1.910537e-04  1.650913e-04  4.174629e+00  4.248654e-01 -1.490002e+00  1.555699e-05
   2.334338e-04  1.093306e-04  4.174629e+00  1.725904e-01 -1.360014e+00  4.587014e-06  2.656514e-04  4.696186e-05  4.174629e+00 -1.989150e-02 -1.189159e+00 -2.027863e-06  2.867809e-04 -1.266177e-05  4.174629e+00 -1.319550e-01 -9.993009e-01
  -4.797089e-06  3.017041e-04 -6.041296e-05  4.174629e+00 -1.673388e-01 -8.113871e-01 -4.710072e-06  3.174875e-04 -8.984203e-05  4.174629e+00 -1.459494e-01 -6.337368e-01 -2.987051e-06  3.389429e-04 -9.720053e-05  4.174629e+00 -9.449349e-02
  -4.624099e-01 -8.657346e-07  3.658883e-04 -8.101407e-05  4.174629e+00 -4.022928e-02 -2.892322e-01  5.668053e-07  3.932822e-04 -4.309805e-05  4.174629e+00 -5.563590e-03 -1.101371e-01  5.480007e-07  4.144868e-04  9.704372e-06  4.174629e+00]
 [ 6.226175e+00 -9.539509e+01  5.904842e-03 -4.831453e-03 -4.264130e-03 -6.378920e+01 -1.921131e-04 -1.907642e-04 -2.700051e+00  6.234696e-01 -4.130637e+00  2.481496e-04 -1.570648e-04 -1.910529e-04 -2.522164e+00  1.231806e+00 -3.993850e+00
   2.262328e-04 -1.318565e-04 -1.792577e-04 -2.350717e+00  1.624984e+00 -3.852894e+00  2.027456e-04 -1.187679e-04 -1.581018e-04 -2.183913e+00  1.762525e+00 -3.792901e+00  1.785540e-04 -1.157819e-04 -1.302485e-04 -2.017203e+00  1.634827e+00
  -3.848792e+00  1.543502e-04 -1.179597e-04 -9.772995e-05 -1.845985e+00  1.250743e+00 -3.988050e+00  1.308225e-04 -1.195334e-04 -6.297247e-05 -1.668324e+00  6.492280e-01 -4.126730e+00  1.088292e-04 -1.162290e-04 -2.969403e-05 -1.486285e+00
  -8.182604e-02 -4.175775e+00  8.935531e-05 -1.069538e-04 -2.252522e-06 -1.304890e+00 -8.131946e-01 -4.097492e+00  7.319603e-05 -9.364784e-05  1.618334e-05 -1.129106e+00 -1.416306e+00 -3.932180e+00  6.055822e-05 -7.932436e-05  2.488670e-05
  -9.608201e-01 -1.805056e+00 -3.771867e+00  5.086119e-05 -6.592388e-05  2.530023e-05 -7.977805e-01 -1.942597e+00 -3.703905e+00  4.284630e-05 -5.345483e-05  2.001398e-05 -6.349120e-01 -1.820774e+00 -3.764412e+00  3.488304e-05 -4.056419e-05
   1.207009e-05 -4.670486e-01 -1.446640e+00 -3.921269e+00  2.532972e-05 -2.584540e-05  4.655854e-06 -2.917078e-01 -8.545797e-01 -4.089162e+00  1.289504e-05 -8.987777e-06  5.480007e-07 -1.105305e-01 -1.274678e-01 -4.174628e+00 -3.049119e-06]
 [-4.348899e+03 -4.174617e+02 -2.786702e-01 -3.928395e-02  4.215534e-01 -1.844635e+01 -3.167291e-03  1.754104e-02 -1.737711e-01 -1.878151e+02 -3.424096e+01 -1.185017e-02 -5.439026e-03  1.558463e-02  1.959086e+00 -1.807183e+02 -6.183855e+01
  -1.125643e-02 -6.590842e-03  1.371361e-02  5.094486e+00 -1.737311e+02 -7.960207e+01 -1.079542e-02 -6.675670e-03  1.222801e-02  8.757269e+00 -1.707988e+02 -8.580118e+01 -1.040996e-02 -5.885014e-03  1.118556e-02  1.242980e+01 -1.735300e+02
  -8.004597e+01 -1.002594e-02 -4.459925e-03  1.041730e-02  1.559387e+01 -1.804269e+02 -6.269552e+01 -9.568932e-03 -2.688699e-03  9.650578e-03  1.777163e+01 -1.876007e+02 -3.541214e+01 -8.980855e-03 -9.146797e-04  8.672888e-03  1.860448e+01
  -1.908607e+02 -2.086486e+00 -8.234204e-03  5.277338e-04  7.450204e-03  1.795138e+01 -1.883049e+02  3.143112e+01 -7.337404e-03  1.426303e-03  6.118500e-03  1.593773e+01 -1.815947e+02  5.921140e+01 -6.326070e-03  1.750823e-03  4.861743e-03
   1.291245e+01 -1.748140e+02  7.719285e+01 -5.244773e-03  1.613986e-03  3.786768e-03  9.350903e+00 -1.719013e+02  8.357040e+01 -4.132198e-03  1.191657e-03  2.882866e-03  5.773348e+00 -1.744953e+02  7.792125e+01 -3.018756e-03  6.710616e-04
   2.064625e-03  2.701113e+00 -1.811386e+02  6.061228e+01 -1.934552e-03  2.303067e-04  1.248942e-03  6.142902e-01 -1.879821e+02  3.333318e+01 -9.177044e-04  1.275347e-05  4.144868e-04 -1.274678e-01 -1.908720e+02 -3.049627e-10 -1.276434e-05]
 [ 4.174617e+02 -4.348899e+03  2.813755e-01 -2.209251e-01 -2.085793e-01 -2.895998e+03 -8.735672e-03 -9.293635e-03 -1.225710e+02  3.424095e+01 -1.878151e+02  1.183397e-02 -7.054262e-03 -9.252003e-03 -1.145028e+02  6.183855e+01 -1.807183e+02
   1.081376e-02 -5.858514e-03 -8.657443e-03 -1.067597e+02  7.960207e+01 -1.737311e+02  9.725801e-03 -5.252122e-03 -7.644167e-03 -9.924491e+01  8.580118e+01 -1.707988e+02  8.607946e-03 -5.137246e-03 -6.336362e-03 -9.173477e+01  8.004597e+01
  -1.735300e+02  7.489577e-03 -5.280155e-03 -4.822158e-03 -8.400297e+01  6.269552e+01 -1.804269e+02  6.399891e-03 -5.407230e-03 -3.204398e-03 -7.594647e+01  3.541213e+01 -1.876007e+02  5.376360e-03 -5.311308e-03 -1.646977e-03 -6.764871e+01
   2.086486e+00 -1.908607e+02  4.463176e-03 -4.931233e-03 -3.488422e-04 -5.933505e+01 -3.143112e+01 -1.883049e+02  3.696960e-03 -4.348837e-03  5.400982e-04 -5.123638e+01 -5.921140e+01 -1.815947e+02  3.088255e-03 -3.701157e-03  9.803679e-04
  -4.344965e+01 -7.719285e+01 -1.748140e+02  2.611872e-03 -3.080766e-03  1.034535e-03 -3.588642e+01 -8.357040e+01 -1.719013e+02  2.211445e-03 -2.493756e-03  8.216782e-04 -2.833053e+01 -7.792125e+01 -1.744953e+02  1.813351e-03 -1.884166e-03
   4.841046e-04 -2.056168e+01 -6.061228e+01 -1.811386e+02  1.343450e-03 -1.193267e-03  1.707436e-04 -1.248105e+01 -3.333318e+01 -1.879821e+02  7.438645e-04 -4.114377e-04  9.704372e-06 -4.174628e+00 -3.049627e-10 -1.908720e+02 -1.276434e-05]
 [ 3.044441e-01 -2.541333e-01 -4.375000e+03 -2.587214e+02  2.888543e+03 -1.857923e-01 -2.169932e+01  1.206391e+02 -7.599809e-03  1.376123e-02 -9.545261e-03 -1.914062e+02 -3.886113e+01  1.077770e+02 -6.613211e-03  1.414408e-02 -6.616901e-03
  -1.914062e+02 -4.911136e+01  9.504770e+01 -5.737881e-03  1.387084e-02 -4.372083e-03 -1.914062e+02 -5.244817e+01  8.487118e+01 -4.962463e-03  1.317888e-02 -3.040430e-03 -1.914062e+02 -4.981870e+01  7.818738e+01 -4.260813e-03  1.225442e-02
  -2.616735e-03 -1.914062e+02 -4.242183e+01  7.428398e+01 -3.605987e-03  1.114848e-02 -2.913936e-03 -1.914062e+02 -3.167450e+01  7.134772e+01 -2.982337e-03  9.825951e-03 -3.621203e-03 -1.914062e+02 -1.947046e+01  6.744133e+01 -2.390760e-03
   8.282643e-03 -4.373041e-03 -1.914062e+02 -8.057359e+00  6.149310e+01 -1.845143e-03  6.627065e-03 -4.854167e-03 -1.914062e+02  6.405392e-01  5.369017e+01 -1.362626e-03  5.053536e-03 -4.899709e-03 -1.914062e+02  5.696193e+00  4.501631e+01
  -9.544629e-04  3.735348e-03 -4.514797e-03 -1.914062e+02  7.289297e+00  3.641384e+01 -6.230463e-04  2.736320e-03 -3.806627e-03 -1.914062e+02  6.334493e+00  2.825670e+01 -3.650201e-04  1.997901e-03 -2.901287e-03 -1.914062e+02  4.054609e+00
   2.037092e+01 -1.763456e-04  1.384262e-03 -1.906182e-03 -1.914062e+02  1.691676e+00  1.239937e+01 -5.543798e-05  7.474000e-04 -9.149125e-04 -1.914062e+02  2.550899e-01  4.174629e+00 -3.049119e-06 -1.276434e-05 -1.276434e-05 -1.914062e+02]]

=== K ===
[[-1.001000e+08 -3.575955e-12 -4.260311e-15  8.635157e-17  5.462637e+00  5.913632e+03 -1.851472e-02  2.279379e-01  2.641194e+02 -4.354139e+03 -3.693830e+02  8.825975e-03 -4.663170e-02  2.037470e-01  2.950690e+02 -4.252802e+03 -1.013699e+03
   2.458517e-02 -5.917262e-02  1.800809e-01  3.495719e+02 -4.132455e+03 -1.433711e+03  3.746854e-02 -5.711964e-02  1.602166e-01  4.165903e+02 -4.079203e+03 -1.581367e+03  4.869582e-02 -4.354223e-02  1.442449e-01  4.838411e+02 -4.128844e+03
  -1.444265e+03  5.989147e-02 -2.253528e-02  1.296427e-01  5.390219e+02 -4.248038e+03 -1.033861e+03  7.268748e-02  9.898529e-04  1.133096e-01  5.710203e+02 -4.351816e+03 -3.965364e+02  8.832504e-02  2.177190e-02  9.384602e-02  5.718479e+02
  -4.353205e+03  3.698977e+02  1.073343e-01  3.563615e-02  7.261797e-02  5.387843e+02 -4.221665e+03  1.127986e+03  1.294431e-01  4.098918e-02  5.275347e-02  4.751918e+02 -4.008020e+03  1.746266e+03  1.538170e-01  3.891832e-02  3.696439e-02
   3.892321e+02 -3.814196e+03  2.141132e+03  1.794956e-01  3.190759e-02  2.604789e-02  2.915427e+02 -3.733885e+03  2.280070e+03  2.057208e-01  2.252119e-02  1.890425e-02  1.935047e+02 -3.805343e+03  2.157031e+03  2.319605e-01  1.295595e-02
   1.355313e-02  1.065142e+02 -3.994564e+03  1.777187e+03  2.576912e-01  5.164177e-03  8.343896e-03  4.129389e+01 -4.210151e+03  1.170617e+03  2.821708e-01  7.843596e-04  2.776845e-03  6.226175e+00 -4.348899e+03  4.174617e+02  3.044441e-01]
 [-3.575955e-12 -1.001000e+08 -6.150501e-16 -5.462637e+00  2.167572e-16 -6.602384e+04 -2.347385e-01 -1.341139e-02 -2.793084e+03  3.693830e+02 -4.354139e+03 -1.010293e-02 -2.241547e-01 -3.379770e-02 -2.604591e+03  1.013699e+03 -4.252802e+03
  -3.204920e-02 -2.130218e-01 -4.122282e-02 -2.421311e+03  1.433711e+03 -4.132455e+03 -5.582926e-02 -2.038159e-01 -3.487976e-02 -2.242080e+03  1.581367e+03 -4.079203e+03 -8.045586e-02 -1.959824e-01 -1.622527e-02 -2.062934e+03  1.444265e+03
  -4.128844e+03 -1.050973e-01 -1.863130e-01  1.141852e-02 -1.879849e+03  1.033861e+03 -4.248038e+03 -1.289256e-01 -1.710829e-01  4.270762e-02 -1.691524e+03  3.965364e+02 -4.351816e+03 -1.509599e-01 -1.488342e-01  7.087408e-02 -1.500643e+03
  -3.698977e+02 -4.353205e+03 -1.701332e-01 -1.218853e-01  8.988944e-02 -1.312650e+03 -1.127986e+03 -4.221665e+03 -1.856295e-01 -9.511664e-02  9.688370e-02 -1.132531e+03 -1.746266e+03 -4.008020e+03 -1.972866e-01 -7.294583e-02  9.266429e-02
  -9.617321e+02 -2.141132e+03 -3.814196e+03 -2.057757e-01 -5.699736e-02  8.014001e-02 -7.971981e+02 -2.280070e+03 -3.733885e+03 -2.124659e-01 -4.581250e-02  6.249648e-02 -6.328664e+02 -2.157031e+03 -3.805343e+03 -2.191009e-01 -3.608522e-02
   4.255852e-02 -4.625774e+02 -1.777187e+03 -3.994564e+03 -2.274360e-01 -2.444087e-02  2.306409e-02 -2.830294e+02 -1.170617e+03 -4.210151e+03 -2.388733e-01 -9.008195e-03  6.663418e-03 -9.539509e+01 -4.174617e+02 -4.348899e+03 -2.541333e-01]
 [-4.260311e-15 -6.150501e-16 -1.001000e+08 -5.913632e+03  6.602384e+04  3.702616e-16 -4.959844e+02  2.757466e+03  6.913029e-03 -9.906613e-03  9.039846e-03 -4.375000e+03 -8.882543e+02  2.463473e+03  2.066842e-02 -3.153074e-02  2.525121e-02
  -4.375000e+03 -1.122545e+03  2.172519e+03  3.382235e-02 -5.379922e-02  4.034316e-02 -4.375000e+03 -1.198815e+03  1.939913e+03  4.579874e-02 -7.448677e-02  5.741272e-02 -4.375000e+03 -1.138713e+03  1.787140e+03  5.611007e-02 -9.110778e-02
   7.952126e-02 -4.375000e+03 -9.696419e+02  1.697920e+03  6.428246e-02 -1.008413e-01  1.082106e-01 -4.375000e+03 -7.239886e+02  1.630805e+03  6.982462e-02 -1.012715e-01  1.424225e-01 -4.375000e+03 -4.450392e+02  1.541516e+03  7.231616e-02
  -9.212343e-02  1.786522e-01 -4.375000e+03 -1.841682e+02  1.405557e+03  7.156653e-02 -7.677621e-02  2.127675e-01 -4.375000e+03  1.464090e+01  1.227204e+03  6.770758e-02 -6.196113e-02  2.423408e-01 -4.375000e+03  1.301987e+02  1.028944e+03
   6.113402e-02 -5.566670e-02  2.673576e-01 -4.375000e+03  1.666125e+02  8.323163e+02  5.235393e-02 -6.484242e-02  2.885476e-01 -4.375000e+03  1.447884e+02  6.458675e+02  4.188384e-02 -9.384020e-02  3.048300e-01 -4.375000e+03  9.267678e+01
   4.656210e+02  3.025130e-02 -1.430978e-01  3.121343e-01 -4.375000e+03  3.866688e+01  2.834141e+02  1.804688e-02 -2.078909e-01  3.051054e-01 -4.375000e+03  5.830628e+00  9.542009e+01  5.904842e-03 -2.786702e-01  2.813755e-01 -4.375000e+03]
 [ 8.635157e-17 -5.462637e+00 -5.913632e+03 -1.000004e+08  3.904407e+03 -3.606643e+00 -2.976611e+01  1.630295e+02 -1.521664e-01  1.959221e-02 -2.373162e-01 -2.587214e+02 -5.295338e+01  1.455794e+02 -1.410546e-01  5.351007e-02 -2.308219e-01
  -2.587214e+02 -6.679645e+01  1.283314e+02 -1.302635e-01  7.513696e-02 -2.233553e-01 -2.587214e+02 -7.130145e+01  1.145612e+02 -1.197635e-01  8.197949e-02 -2.194369e-01 -2.587214e+02 -6.775220e+01  1.055405e+02 -1.093665e-01  7.350717e-02
  -2.208412e-01 -2.587214e+02 -5.776586e+01  1.003053e+02 -9.888066e-02  5.051271e-02 -2.256557e-01 -2.587214e+02 -4.324921e+01  9.640016e+01 -8.826381e-02  1.567252e-02 -2.293016e-01 -2.587214e+02 -2.675331e+01  9.119658e+01 -7.768746e-02
  -2.565401e-02 -2.272350e-01 -2.587214e+02 -1.131320e+01  8.323224e+01 -6.746019e-02 -6.615802e-02 -2.180320e-01 -2.587214e+02  4.650020e-01  7.274695e+01 -5.784671e-02 -9.905632e-02 -2.046124e-01 -2.587214e+02  7.318047e+00  6.106209e+01
  -4.890274e-02 -1.202542e-01 -1.925452e-01 -2.587214e+02  9.479459e+00  4.944813e+01 -4.043145e-02 -1.283865e-01 -1.869050e-01 -2.587214e+02  8.181716e+00  3.840993e+01 -3.207114e-02 -1.233801e-01 -1.898456e-01 -2.587214e+02  5.081105e+00
   2.771283e+01 -2.345421e-02 -1.055435e-01 -1.997501e-01 -2.587214e+02  1.865600e+00  1.687713e+01 -1.436543e-02 -7.624046e-02 -2.119425e-01 -2.587214e+02 -9.008857e-02  5.684539e+00 -4.831453e-03 -3.928395e-02 -2.209251e-01 -2.587214e+02]
 [ 5.462637e+00  2.167572e-16  6.602384e+04  3.904407e+03 -1.000436e+08 -3.230402e-01  3.275049e+02 -1.821021e+03 -1.899314e-02  2.443915e-01  1.420960e-02  2.888543e+03  5.865610e+02 -1.626905e+03 -2.976784e-02  2.531329e-01  3.870286e-02
   2.888543e+03  7.412909e+02 -1.434794e+03 -4.143224e-02  2.612613e-01  5.168234e-02  2.888543e+03  7.916621e+02 -1.281213e+03 -5.300296e-02  2.720111e-01  4.847828e-02  2.888543e+03  7.519666e+02 -1.180351e+03 -6.348701e-02  2.856966e-01
   2.639196e-02  2.888543e+03  6.402982e+02 -1.121457e+03 -7.189945e-02  2.986342e-01 -1.496870e-02  2.888543e+03  4.780448e+02 -1.077155e+03 -7.730876e-02  3.045873e-01 -7.237143e-02  2.888543e+03  2.937950e+02 -1.018204e+03 -7.900090e-02
   2.986232e-01 -1.381592e-01  2.888543e+03  1.214821e+02 -9.284246e+02 -7.670137e-02  2.813049e-01 -2.020950e-01  2.888543e+03 -9.841117e+00 -8.106480e+02 -7.068088e-02  2.598527e-01 -2.553949e-01  2.888543e+03 -8.617629e+01 -6.797299e+02
  -6.164594e-02  2.451090e-01 -2.934820e-01  2.888543e+03 -1.102320e+02 -5.499006e+02 -5.051325e-02  2.467801e-01 -3.150622e-01  2.888543e+03 -9.581058e+01 -4.268070e+02 -3.824568e-02  2.698290e-01 -3.190913e-01  2.888543e+03 -6.136649e+01
  -3.078204e+02 -2.581430e-02  3.126872e-01 -3.031643e-01  2.888543e+03 -2.564642e+01 -1.875419e+02 -1.419487e-02  3.672429e-01 -2.653888e-01  2.888543e+03 -3.891351e+00 -6.343490e+01 -4.264130e-03  4.215534e-01 -2.085793e-01  2.888543e+03]
 [ 5.913632e+03 -6.602384e+04  3.702616e-16 -3.606643e+00 -3.230402e-01 -1.000440e+08 -1.538895e-01 -2.233322e-02 -1.860158e+03  5.013686e+02 -2.852926e+03 -7.192276e-03 -1.452411e-01 -3.436086e-02 -1.737538e+03  9.207778e+02 -2.747917e+03
  -2.261399e-02 -1.371513e-01 -3.786218e-02 -1.619752e+03  1.190969e+03 -2.643621e+03 -3.907638e-02 -1.311967e-01 -3.249783e-02 -1.505381e+03  1.285309e+03 -2.599730e+03 -5.599974e-02 -1.268293e-01 -1.923471e-02 -1.391078e+03  1.197724e+03
  -2.640613e+03 -7.293103e-02 -1.216884e-01 -1.168272e-04 -1.273462e+03  9.338083e+02 -2.743579e+03 -8.942008e-02 -1.130242e-01  2.151074e-02 -1.151015e+03  5.191590e+02 -2.849787e+03 -1.048927e-01 -9.956279e-02  4.126195e-02 -1.025037e+03
   1.321186e+01 -2.896028e+03 -1.186758e-01 -8.258844e-02  5.507538e-02 -8.989613e+02 -4.950857e+02 -2.854011e+03 -1.302145e-01 -6.522981e-02  6.087093e-02 -7.762792e+02 -9.159323e+02 -2.749516e+03 -1.393523e-01 -5.046869e-02  5.902132e-02
  -6.584277e+02 -1.188100e+03 -2.644897e+03 -1.464758e-01 -3.952523e-02  5.139999e-02 -5.440191e+02 -1.284581e+03 -2.600089e+03 -1.524437e-01 -3.158838e-02  4.017513e-02 -4.297233e+02 -1.199121e+03 -2.639993e+03 -1.583761e-01 -2.460533e-02
   2.732850e-02 -3.121477e+02 -9.371430e+02 -2.742461e+03 -1.654009e-01 -1.646298e-02  1.476488e-02 -1.897464e+02 -5.239134e+02 -2.848929e+03 -1.743998e-01 -6.021807e-03  4.263370e-03 -6.378920e+01 -1.844635e+01 -2.895998e+03 -1.857923e-01]
 [-1.851472e-02 -2.347385e-01 -4.959844e+02 -2.976611e+01  3.275049e+02 -1.538895e-01 -2.479450e+00  1.367660e+01 -6.473258e-03  1.179246e-05 -1.024440e-02 -2.169932e+01 -4.424495e+00  1.221560e+01 -5.956759e-03  1.435759e-03 -1.004541e-02
  -2.169932e+01 -5.586173e+00  1.077064e+01 -5.451132e-03  2.333525e-03 -9.765815e-03 -2.169932e+01 -5.964283e+00  9.616286e+00 -4.958542e-03  2.587383e-03 -9.583489e-03 -2.169932e+01 -5.666351e+00  8.859172e+00 -4.474365e-03  2.173922e-03
  -9.564976e-03 -2.169932e+01 -4.828151e+00  8.418484e+00 -3.993781e-03  1.140202e-03 -9.626490e-03 -2.169932e+01 -3.609966e+00  8.088420e+00 -3.518219e-03 -3.771936e-04 -9.582414e-03 -2.169932e+01 -2.226143e+00  7.648898e+00 -3.057548e-03
  -2.131194e-03 -9.264077e-03 -2.169932e+01 -9.314109e-01  6.977812e+00 -2.625994e-03 -3.810244e-03 -8.645738e-03 -2.169932e+01  5.580995e-02  6.095824e+00 -2.233988e-03 -5.148550e-03 -7.883078e-03 -2.169932e+01  6.299484e-01  5.114134e+00
  -1.881461e-03 -6.008347e-03 -7.230911e-03 -2.169932e+01  8.109563e-01  4.139466e+00 -1.556755e-03 -6.365129e-03 -6.911567e-03 -2.169932e+01  7.023556e-01  3.214199e+00 -1.240969e-03 -6.233364e-03 -7.021330e-03 -2.169932e+01  4.429258e-01
   2.318621e+00 -9.149222e-04 -5.621067e-03 -7.499602e-03 -2.169932e+01  1.738824e-01  1.412342e+00 -5.659505e-04 -4.558493e-03 -8.152835e-03 -2.169932e+01  1.013747e-02  4.766928e-01 -1.921131e-04 -3.167291e-03 -8.735672e-03 -2.169932e+01]
 [ 2.279379e-01 -1.341139e-02  2.757466e+03  1.630295e+02 -1.821021e+03 -2.233322e-02  1.367660e+01 -7.605574e+01 -1.167245e-03  1.024744e-02  8.742631e-06  1.206392e+02  2.449616e+01 -6.794834e+01 -1.591902e-03  1.069915e-02  1.043950e-03
   1.206392e+02  3.095853e+01 -5.992500e+01 -2.054368e-03  1.109521e-02  1.601303e-03  1.206392e+02  3.306231e+01 -5.351079e+01 -2.513439e-03  1.156408e-02  1.474322e-03  1.206392e+02  3.140440e+01 -4.929830e+01 -2.927138e-03  1.211716e-02
   5.455202e-04  1.206392e+02  2.674048e+01 -4.683844e+01 -3.253811e-03  1.260221e-02 -1.197030e-03  1.206392e+02  1.996386e+01 -4.498800e+01 -3.454404e-03  1.276515e-02 -3.607033e-03  1.206392e+02  1.226859e+01 -4.252561e+01 -3.499471e-03
   1.241327e-02 -6.353238e-03  1.206392e+02  5.071905e+00 -3.877571e+01 -3.378282e-03  1.158858e-02 -9.004283e-03  1.206392e+02 -4.128021e-01 -3.385654e+01 -3.102807e-03  1.061016e-02 -1.120040e-02  1.206391e+02 -3.600917e+00 -2.838861e+01
  -2.702729e-03  9.941834e-03 -1.276428e-02  1.206391e+02 -4.605591e+00 -2.296626e+01 -2.215903e-03  9.993159e-03 -1.365451e-02  1.206391e+02 -4.003289e+00 -1.782535e+01 -1.681708e-03  1.097214e-02 -1.383263e-02  1.206391e+02 -2.564745e+00
  -1.285608e+01 -1.139849e-03  1.281266e-02 -1.319361e-02  1.206391e+02 -1.072878e+00 -7.832948e+00 -6.306156e-04  1.517206e-02 -1.164610e-02  1.206391e+02 -1.642017e-01 -2.649958e+00 -1.907642e-04  1.754104e-02 -9.293635e-03  1.206391e+02]
 [ 2.641194e+02 -2.793084e+03  6.913029e-03 -1.521664e-01 -1.899314e-02 -1.860158e+03 -6.473258e-03 -1.167245e-03 -7.873037e+01  2.181730e+01 -1.206392e+02 -3.049394e-06 -6.076351e-03 -1.652358e-03 -7.354689e+01  3.954593e+01 -1.161070e+02
  -6.576503e-04 -5.716175e-03 -1.777056e-03 -6.857167e+01  5.095938e+01 -1.116362e+02 -1.355875e-03 -5.459285e-03 -1.531267e-03 -6.374263e+01  5.494289e+01 -1.097589e+02 -2.073370e-03 -5.280578e-03 -9.573908e-04 -5.891654e+01  5.124461e+01
  -1.115075e+02 -2.791196e-03 -5.077721e-03 -1.404207e-04 -5.394858e+01  4.009651e+01 -1.159206e+02 -3.490536e-03 -4.731456e-03  7.814318e-04 -4.877301e+01  2.256959e+01 -1.205026e+02 -4.147276e-03 -4.184172e-03  1.625876e-03 -4.344374e+01
   1.166104e+00 -1.225657e+02 -4.733009e-03 -3.486060e-03  2.222601e-03 -3.810560e+01 -2.035535e+01 -1.208939e+02 -5.224229e-03 -2.766214e-03  2.482879e-03 -3.290676e+01 -3.818872e+01 -1.165596e+02 -5.614196e-03 -2.149462e-03  2.420543e-03
  -2.790917e+01 -4.972958e+01 -1.121889e+02 -5.919127e-03 -1.688050e-03  2.113247e-03 -2.305558e+01 -5.382236e+01 -1.103127e+02 -6.175254e-03 -1.349473e-03  1.652277e-03 -1.820671e+01 -5.019704e+01 -1.119836e+02 -6.429881e-03 -1.049125e-03
   1.122020e-03 -1.322064e+01 -3.908790e+01 -1.162654e+02 -6.730648e-03 -6.998511e-04  6.038510e-04 -8.033456e+00 -2.157649e+01 -1.206849e+02 -7.114754e-03 -2.552662e-04  1.733677e-04 -2.700051e+00 -1.737711e-01 -1.225710e+02 -7.599809e-03]
 [-4.354139e+03  3.693830e+02 -9.906613e-03  1.959221e-02  2.443915e-01  5.013686e+02  1.179246e-05  1.024744e-02  2.181730e+01 -4.096997e+02 -3.050249e-10 -1.180060e-05 -1.290416e-03  9.240318e-03  2.246863e+01 -1.889173e+02 -2.842872e+01
   7.554426e-04 -1.900798e-03  8.208465e-03  2.416476e+01 -1.852287e+02 -4.716119e+01  1.404242e-03 -1.852969e-03  7.297071e-03  2.642079e+01 -1.834555e+02 -5.378705e+01  1.984060e-03 -1.284771e-03  6.517601e-03  2.868724e+01 -1.851105e+02
  -4.763405e+01  2.562555e-03 -3.890674e-04  5.770854e-03  3.041361e+01 -1.887844e+02 -2.932423e+01  3.207729e-03  6.033281e-04  4.937462e-03  3.111122e+01 -1.909489e+02 -1.190877e+00  3.970001e-03  1.453659e-03  3.977101e-03  3.044217e+01
  -1.881783e+02  3.218586e+01  4.868512e-03  1.983626e-03  2.969094e-03  2.830812e+01 -1.796506e+02  6.470817e+01  5.888402e-03  2.137521e-03  2.060662e-03  2.487389e+01 -1.680643e+02  9.083979e+01  6.992737e-03  1.976905e-03  1.369128e-03
   2.050018e+01 -1.581664e+02  1.073168e+02  8.142176e-03  1.616345e-03  9.205923e-04  1.563889e+01 -1.541564e+02  1.130697e+02  9.308766e-03  1.164171e-03  6.562497e-04  1.076316e+01 -1.577222e+02  1.079764e+02  1.047579e-02  7.065937e-04
   4.790453e-04  6.346459e+00 -1.673642e+02  9.213641e+01  1.162693e-02  3.189665e-04  3.061867e-04  2.843456e+00 -1.789918e+02  6.652187e+01  1.273505e-02  6.800447e-05  1.057471e-04  6.234696e-01 -1.878151e+02  3.424095e+01  1.376123e-02]
 [-3.693830e+02 -4.354139e+03  9.039846e-03 -2.373162e-01  1.420960e-02 -2.852926e+03 -1.024440e-02  8.742631e-06 -1.206392e+02 -3.050227e-10 -2.784497e+02 -1.180060e-05 -9.851959e-03 -9.416860e-04 -1.123176e+02  2.842872e+01 -1.889173e+02
  -9.091599e-04 -9.392363e-03 -1.326103e-03 -1.041360e+02  4.716119e+01 -1.852287e+02 -1.896988e-03 -8.977046e-03 -1.102265e-03 -9.608447e+01  5.378705e+01 -1.834555e+02 -2.927793e-03 -8.591246e-03 -3.352097e-04 -8.803578e+01  4.763405e+01
  -1.851105e+02 -3.959360e-03 -8.107915e-03  8.225672e-04 -7.986020e+01  2.932423e+01 -1.887844e+02 -4.949610e-03 -7.380085e-03  2.130673e-03 -7.154205e+01  1.190877e+00 -1.909489e+02 -5.851253e-03 -6.359796e-03  3.293257e-03 -6.322779e+01
  -3.218586e+01 -1.881783e+02 -6.615868e-03 -5.158774e-03  4.055089e-03 -5.516443e+01 -6.470817e+01 -1.796506e+02 -7.208934e-03 -3.991427e-03  4.302376e-03 -4.755670e+01 -9.083979e+01 -1.680643e+02 -7.626464e-03 -3.044175e-03  4.078257e-03
  -4.043739e+01 -1.073168e+02 -1.581664e+02 -7.901241e-03 -2.378944e-03  3.510384e-03 -3.363420e+01 -1.130697e+02 -1.541564e+02 -8.095668e-03 -1.924639e-03  2.732627e-03 -2.684111e+01 -1.079764e+02 -1.577222e+02 -8.287643e-03 -1.531722e-03
   1.861028e-03 -1.974782e+01 -9.213641e+01 -1.673642e+02 -8.555521e-03 -1.048609e-03  1.009443e-03 -1.217096e+01 -6.652187e+01 -1.789918e+02 -8.963089e-03 -3.898591e-04  2.917659e-04 -4.130637e+00 -3.424096e+01 -1.878151e+02 -9.545261e-03]
 [ 8.825975e-03 -1.010293e-02 -4.375000e+03 -2.587214e+02  2.888543e+03 -7.192276e-03 -2.169932e+01  1.206392e+02 -3.049394e-06 -1.180060e-05 -1.180060e-05 -2.789062e+02 -3.886113e+01  1.077770e+02  6.150606e-04 -9.017056e-04  7.645516e-04
  -1.914062e+02 -4.911136e+01  9.504770e+01  1.204251e-03 -1.844140e-03  1.474053e-03 -1.914062e+02 -5.244817e+01  8.487119e+01  1.740411e-03 -2.739002e-03  2.239258e-03 -1.914062e+02 -4.981870e+01  7.818738e+01  2.203695e-03 -3.475641e-03
   3.189391e-03 -1.914062e+02 -4.242183e+01  7.428398e+01  2.574864e-03 -3.932427e-03  4.396286e-03 -1.914062e+02 -3.167450e+01  7.134773e+01  2.833536e-03 -4.006477e-03  5.826320e-03 -1.914062e+02 -1.947046e+01  6.744134e+01  2.961752e-03
  -3.683558e-03  7.343588e-03 -1.914062e+02 -8.057359e+00  6.149310e+01  2.950867e-03 -3.100316e-03  8.782511e-03 -1.914062e+02  6.405396e-01  5.369017e+01  2.805848e-03 -2.533477e-03  1.004336e-02 -1.914062e+02  5.696193e+00  4.501631e+01
   2.543097e-03 -2.315095e-03  1.112258e-02 -1.914062e+02  7.289297e+00  3.641384e+01  2.184213e-03 -2.737658e-03  1.204549e-02 -1.914062e+02  6.334493e+00  2.825670e+01  1.751401e-03 -3.987573e-03  1.276148e-02 -1.914062e+02  4.054609e+00
   2.037092e+01  1.267359e-03 -6.087519e-03  1.309546e-02 -1.914062e+02  1.691676e+00  1.239937e+01  7.573121e-04 -8.841908e-03  1.281969e-02 -1.914062e+02  2.550900e-01  4.174629e+00  2.481496e-04 -1.185017e-02  1.183397e-02 -1.914062e+02]
 [-4.663170e-02 -2.241547e-01 -8.882543e+02 -5.295338e+01  5.865610e+02 -1.452411e-01 -4.424495e+00  2.449616e+01 -6.076351e-03 -1.290416e-03 -9.851959e-03 -3.886113e+01 -7.909421e+00  2.188191e+01 -5.517129e-03  9.026106e-06 -9.781264e-03
  -3.886113e+01 -9.990086e+00  1.929558e+01 -4.963963e-03  8.088232e-04 -9.573305e-03 -3.886113e+01 -1.066748e+01  1.722877e+01 -4.424505e-03  9.808753e-04 -9.371173e-03 -3.886113e+01 -1.013369e+01  1.587239e+01 -3.899916e-03  5.027688e-04
  -9.222131e-03 -3.886113e+01 -8.632000e+00  1.508175e+01 -3.391122e-03 -5.592106e-04 -9.043097e-03 -3.886113e+01 -6.449770e+00  1.448842e+01 -2.904743e-03 -2.040019e-03 -8.674639e-03 -3.886113e+01 -3.971218e+00  1.369857e+01 -2.454258e-03
  -3.677407e-03 -7.998537e-03 -3.886113e+01 -1.652693e+00  1.249399e+01 -2.054829e-03 -5.179035e-03 -7.047145e-03 -3.886113e+01  1.147731e-01  1.091218e+01 -1.714900e-03 -6.333717e-03 -6.017248e-03 -3.886113e+01  1.142445e+00  9.152614e+00
  -1.430402e-03 -7.072533e-03 -5.176438e-03 -3.886113e+01  1.466375e+00  7.406567e+00 -1.185017e-03 -7.428023e-03 -4.743407e-03 -3.886113e+01  1.272092e+00  5.749976e+00 -9.552595e-04 -7.443122e-03 -4.816330e-03 -3.886113e+01  8.080188e-01
   4.147506e+00 -7.173226e-04 -7.117453e-03 -5.352724e-03 -3.886113e+01  3.267418e-01  2.526684e+00 -4.535613e-04 -6.433858e-03 -6.181261e-03 -3.886113e+01  3.371896e-02  8.537569e-01 -1.570648e-04 -5.439026e-03 -7.054262e-03 -3.886113e+01]
 [ 2.037470e-01 -3.379770e-02  2.463473e+03  1.455794e+02 -1.626905e+03 -3.436086e-02  1.221560e+01 -6.794834e+01 -1.652358e-03  9.240318e-03 -9.416860e-04  1.077770e+02  2.188191e+01 -6.070656e+01 -1.990648e-03  9.784315e-03  5.974860e-06
   1.077770e+02  2.765551e+01 -5.353846e+01 -2.363883e-03  1.022964e-02  5.306263e-04  1.077770e+02  2.953509e+01 -4.780819e+01 -2.734984e-03  1.068068e-02  4.289650e-04  1.077770e+02  2.805385e+01 -4.404475e+01 -3.065568e-03  1.114494e-02
  -4.117926e-04  1.077770e+02  2.388696e+01 -4.184691e+01 -3.317532e-03  1.148887e-02 -1.995017e-03  1.077770e+02  1.783254e+01 -4.019336e+01 -3.455686e-03  1.149551e-02 -4.171422e-03  1.077770e+02  1.095744e+01 -3.799298e+01 -3.454300e-03
   1.101394e-02 -6.625989e-03  1.077770e+02  4.527858e+00 -3.464232e+01 -3.304973e-03  1.011165e-02 -8.966534e-03  1.077770e+02 -3.721644e-01 -3.024712e+01 -3.019489e-03  9.102419e-03 -1.088258e-02  1.077770e+02 -3.220383e+00 -2.536182e+01
  -2.624695e-03  8.418992e-03 -1.223789e-02  1.077770e+02 -4.117937e+00 -2.051746e+01 -2.153754e-03  8.434444e-03 -1.301584e-02  1.077770e+02 -3.579855e+00 -1.592477e+01 -1.640538e-03  9.335975e-03 -1.319041e-02  1.077770e+02 -2.294675e+00
  -1.148564e+01 -1.119188e-03  1.106333e-02 -1.266038e-02  1.077770e+02 -9.617944e-01 -6.998550e+00 -6.249919e-04  1.330375e-02 -1.132422e-02  1.077770e+02 -1.498198e-01 -2.368720e+00 -1.910529e-04  1.558463e-02 -9.252003e-03  1.077770e+02]
 [ 2.950690e+02 -2.604591e+03  2.066842e-02 -1.410546e-01 -2.976784e-02 -1.737538e+03 -5.956759e-03 -1.591902e-03 -7.354689e+01  2.246863e+01 -1.123176e+02  6.150606e-04 -5.517129e-03 -1.990648e-03 -6.872917e+01  3.895140e+01 -1.077770e+02
  -3.050437e-06 -5.141822e-03 -2.053995e-03 -6.411585e+01  4.953591e+01 -1.034031e+02 -6.604386e-04 -4.892426e-03 -1.782014e-03 -5.964538e+01  5.322461e+01 -1.015804e+02 -1.334989e-03 -4.740957e-03 -1.217346e-03 -5.517779e+01  4.980013e+01
  -1.032779e+02 -2.009832e-03 -4.586091e-03 -4.357003e-04 -5.057201e+01  3.946250e+01 -1.075934e+02 -2.668218e-03 -4.309617e-03  4.414489e-04 -4.576132e+01  2.316901e+01 -1.121770e+02 -3.288264e-03 -3.849090e-03  1.251095e-03 -4.079211e+01
   3.210639e+00 -1.144746e+02 -3.843740e-03 -3.241969e-03  1.837240e-03 -3.579809e+01 -1.692258e+01 -1.132854e+02 -4.312593e-03 -2.601600e-03  2.115010e-03 -3.091909e+01 -3.365666e+01 -1.095452e+02 -4.688131e-03 -2.041905e-03  2.092783e-03
  -2.621683e+01 -4.451321e+01 -1.056620e+02 -4.985008e-03 -1.613398e-03  1.839520e-03 -2.164314e+01 -4.836895e+01 -1.039802e+02 -5.236641e-03 -1.289993e-03  1.439665e-03 -1.707369e+01 -4.495344e+01 -1.054784e+02 -5.486883e-03 -9.978410e-04
   9.734415e-04 -1.238168e+01 -3.450172e+01 -1.092860e+02 -5.779902e-03 -6.606580e-04  5.186988e-04 -7.512745e+00 -1.806693e+01 -1.131113e+02 -6.150026e-03 -2.392718e-04  1.467207e-04 -2.522164e+00  1.959086e+00 -1.145028e+02 -6.613211e-03]
 [-4.252802e+03  1.013699e+03 -3.153074e-02  5.351007e-02  2.531329e-01  9.207778e+02  1.435759e-03  1.069915e-02  3.954593e+01 -1.889173e+02  2.842872e+01 -9.017056e-04  9.026106e-06  9.784315e-03  3.895140e+01 -4.098891e+02 -3.051831e-10
  -9.029041e-06 -7.110419e-04  8.761370e-03  3.941139e+01 -1.902786e+02 -1.908226e+01  7.799332e-04 -7.411016e-04  7.778937e-03  4.044470e+01 -1.895107e+02 -2.590159e+01  1.507046e-03 -2.241386e-04  6.862422e-03  4.148873e+01 -1.902320e+02
  -1.956769e+01  2.232965e-03  6.245364e-04  5.933066e-03  4.197954e+01 -1.911409e+02 -9.057780e-01  3.018701e-03  1.548083e-03  4.900112e-03  4.143132e+01 -1.890938e+02  2.725040e+01  3.907097e-03  2.294322e-03  3.758687e-03  3.953156e+01
  -1.813835e+02  5.985939e+01  4.909881e-03  2.693015e-03  2.620273e-03  3.621975e+01 -1.681047e+02  9.076595e+01  6.007213e-03  2.712001e-03  1.648338e-03  3.168942e+01 -1.527513e+02  1.148945e+02  7.161955e-03  2.435622e-03  9.571195e-04
   2.630233e+01 -1.405056e+02  1.297225e+02  8.340070e-03  1.987282e-03  5.578226e-04  2.047992e+01 -1.356817e+02  1.348172e+02  9.523189e-03  1.467835e-03  3.740813e-04  1.464473e+01 -1.399679e+02  1.303090e+02  1.070637e-02  9.460078e-04
   2.917862e-04  9.218979e+00 -1.518656e+02  1.160731e+02  1.188514e-02  4.795710e-04  2.104116e-04  4.625213e+00 -1.671828e+02  9.246226e+01  1.304215e-02  1.265116e-04  8.063341e-05  1.231806e+00 -1.807183e+02  6.183855e+01  1.414408e-02]
 [-1.013699e+03 -4.252802e+03  2.525121e-02 -2.308219e-01  3.870286e-02 -2.747917e+03 -1.004541e-02  1.043950e-03 -1.161070e+02 -2.842872e+01 -1.889173e+02  7.645516e-04 -9.781264e-03  5.974860e-06 -1.077770e+02 -3.051831e-10 -2.786391e+02
  -9.029041e-06 -9.375771e-03 -4.762346e-04 -9.942993e+01  1.908226e+01 -1.902786e+02 -8.897495e-04 -8.944191e-03 -3.491052e-04 -9.112826e+01  2.590159e+01 -1.895107e+02 -1.823259e-03 -8.488591e-03  3.209051e-04 -8.282780e+01  1.956769e+01
  -1.902320e+02 -2.757720e-03 -7.907117e-03  1.371049e-03 -7.448221e+01  9.057780e-01 -1.911409e+02 -3.641376e-03 -7.082968e-03  2.553091e-03 -6.614874e+01 -2.725040e+01 -1.890938e+02 -4.419935e-03 -5.996545e-03  3.576199e-03 -5.802257e+01
  -5.985939e+01 -1.813835e+02 -5.042641e-03 -4.775793e-03  4.204027e-03 -5.036276e+01 -9.076595e+01 -1.681047e+02 -5.477553e-03 -3.633312e-03  4.345149e-03 -4.334729e+01 -1.148945e+02 -1.527513e+02 -5.726225e-03 -2.740604e-03  4.055715e-03
  -3.695492e+01 -1.297225e+02 -1.405056e+02 -5.826949e-03 -2.142609e-03  3.462073e-03 -3.094789e+01 -1.348172e+02 -1.356817e+02 -5.845624e-03 -1.756579e-03  2.686394e-03 -2.495300e+01 -1.303090e+02 -1.399679e+02 -5.861808e-03 -1.426701e-03
   1.829742e-03 -1.859277e+01 -1.160731e+02 -1.518656e+02 -5.955452e-03 -9.968366e-04  9.938864e-04 -1.161809e+01 -9.246226e+01 -1.671828e+02 -6.193704e-03 -3.766219e-04  2.874361e-04 -3.993850e+00 -6.183855e+01 -1.807183e+02 -6.616901e-03]
 [ 2.458517e-02 -3.204920e-02 -4.375000e+03 -2.587214e+02  2.888543e+03 -2.261399e-02 -2.169932e+01  1.206392e+02 -6.576503e-04  7.554426e-04 -9.091599e-04 -1.914062e+02 -3.886113e+01  1.077770e+02 -3.050437e-06 -9.029041e-06 -9.029041e-06
  -2.789062e+02 -4.911136e+01  9.504770e+01  6.177743e-04 -8.782518e-04  7.930751e-04 -1.914062e+02 -5.244817e+01  8.487119e+01  1.182707e-03 -1.749102e-03  1.593236e-03 -1.914062e+02 -4.981870e+01  7.818738e+01  1.674709e-03 -2.508006e-03
   2.510869e-03 -1.914062e+02 -4.242183e+01  7.428398e+01  2.077361e-03 -3.036076e-03  3.626929e-03 -1.914062e+02 -3.167450e+01  7.134773e+01  2.372321e-03 -3.233640e-03  4.933749e-03 -1.914062e+02 -1.947046e+01  6.744134e+01  2.542298e-03
  -3.078706e-03  6.329929e-03 -1.914062e+02 -8.057359e+00  6.149310e+01  2.577881e-03 -2.682566e-03  7.678251e-03 -1.914062e+02  6.405395e-01  5.369017e+01  2.482413e-03 -2.285085e-03  8.888548e-03 -1.914062e+02  5.696193e+00  4.501631e+01
   2.270692e-03 -2.183907e-03  9.948076e-03 -1.914062e+02  7.289297e+00  3.641384e+01  1.963313e-03 -2.649618e-03  1.086672e-02 -1.914062e+02  6.334493e+00  2.825670e+01  1.582016e-03 -3.861269e-03  1.158642e-02 -1.914062e+02  4.054609e+00
   2.037092e+01  1.149055e-03 -5.848033e-03  1.193873e-02 -1.914062e+02  1.691676e+00  1.239937e+01  6.886902e-04 -8.435329e-03  1.171124e-02 -1.914062e+02  2.550900e-01  4.174629e+00  2.262328e-04 -1.125643e-02  1.081376e-02 -1.914062e+02]
 [-5.917262e-02 -2.130218e-01 -1.122545e+03 -6.679645e+01  7.412909e+02 -1.371513e-01 -5.586173e+00  3.095853e+01 -5.716175e-03 -1.900798e-03 -9.392363e-03 -4.911136e+01 -9.990086e+00  2.765551e+01 -5.141822e-03 -7.110419e-04 -9.375771e-03
  -4.911136e+01 -1.262056e+01  2.438751e+01 -4.571398e-03  4.915280e-06 -9.198524e-03 -4.911136e+01 -1.347637e+01  2.177571e+01 -4.015420e-03  1.187381e-04 -8.980845e-03 -4.911136e+01 -1.280171e+01  2.006141e+01 -3.478174e-03 -3.892719e-04
  -8.757285e-03 -4.911136e+01 -1.090371e+01  1.906174e+01 -2.963686e-03 -1.443314e-03 -8.446296e-03 -4.911136e+01 -8.145653e+00  1.831113e+01 -2.481268e-03 -2.867193e-03 -7.906203e-03 -4.911136e+01 -5.013226e+00  1.731199e+01 -2.046087e-03
  -4.397995e-03 -7.048946e-03 -4.911136e+01 -2.083201e+00  1.578872e+01 -1.673486e-03 -5.762773e-03 -5.937198e-03 -4.911136e+01  1.502913e-01  1.378888e+01 -1.370623e-03 -6.787119e-03 -4.784260e-03 -4.911136e+01  1.448847e+00  1.156468e+01
  -1.131322e-03 -7.442921e-03 -3.856895e-03 -4.911136e+01  1.858140e+00  9.357904e+00 -9.370763e-04 -7.794369e-03 -3.365735e-03 -4.911136e+01  1.612683e+00  7.264525e+00 -7.624392e-04 -7.900066e-03 -3.407985e-03 -4.911136e+01  1.026379e+00
   5.239879e+00 -5.816234e-04 -7.755821e-03 -3.953836e-03 -4.911136e+01  4.183332e-01  3.192326e+00 -3.746222e-04 -7.318596e-03 -4.850909e-03 -4.911136e+01  4.807831e-02  1.079094e+00 -1.318565e-04 -6.590842e-03 -5.858514e-03 -4.911136e+01]
 [ 1.800809e-01 -4.122282e-02  2.172519e+03  1.283314e+02 -1.434794e+03 -3.786218e-02  1.077064e+01 -5.992500e+01 -1.777056e-03  8.208465e-03 -1.326103e-03  9.504770e+01  1.929558e+01 -5.353846e+01 -2.053995e-03  8.761370e-03 -4.762346e-04
   9.504770e+01  2.438751e+01 -4.721796e+01 -2.362442e-03  9.201576e-03  1.862697e-06  9.504770e+01  2.604518e+01 -4.216410e+01 -2.669521e-03  9.615989e-03 -8.112444e-05  9.504770e+01  2.473881e+01 -3.884509e+01 -2.940879e-03  1.000996e-02
  -8.287952e-04  9.504770e+01  2.106384e+01 -3.690666e+01 -3.142403e-03  1.026689e-02 -2.240270e-03  9.504770e+01  1.572419e+01 -3.544810e+01 -3.242866e-03  1.020040e-02 -4.174010e-03  9.504770e+01  9.660791e+00 -3.350719e+01 -3.219851e-03
   9.688207e-03 -6.341883e-03  9.504770e+01  3.990375e+00 -3.055181e+01 -3.066561e-03  8.805403e-03 -8.393990e-03  9.504770e+01 -3.310393e-01 -2.667530e+01 -2.793969e-03  7.843935e-03 -1.006181e-02  9.504770e+01 -2.842908e+00 -2.236670e+01
  -2.425950e-03  7.195373e-03 -1.123648e-02  9.504770e+01 -3.634464e+00 -1.809439e+01 -1.991446e-03  7.192818e-03 -1.191393e-02  9.504770e+01 -3.159925e+00 -1.404423e+01 -1.519681e-03  8.002203e-03 -1.207556e-02  9.504770e+01 -2.026492e+00
  -1.012966e+01 -1.040108e-03  9.569668e-03 -1.162822e-02  9.504770e+01 -8.509189e-01 -6.172946e+00 -5.835131e-04  1.161559e-02 -1.047207e-02  9.504770e+01 -1.346317e-01 -2.090393e+00 -1.792577e-04  1.371361e-02 -8.657443e-03  9.504770e+01]
 [ 3.495719e+02 -2.421311e+03  3.382235e-02 -1.302635e-01 -4.143224e-02 -1.619752e+03 -5.451132e-03 -2.054368e-03 -6.857167e+01  2.416476e+01 -1.041360e+02  1.204251e-03 -4.963963e-03 -2.363883e-03 -6.411585e+01  3.941139e+01 -9.942993e+01
   6.177743e-04 -4.571398e-03 -2.362442e-03 -5.986903e+01  4.916050e+01 -9.504771e+01 -3.051536e-06 -4.329958e-03 -2.060661e-03 -5.576315e+01  5.254956e+01 -9.324216e+01 -6.385854e-04 -4.208155e-03 -1.501385e-03 -5.166055e+01  4.940342e+01
  -9.492339e+01 -1.274368e-03 -4.104708e-03 -7.507181e-04 -4.742040e+01  3.988294e+01 -9.924410e+01 -1.896056e-03 -3.901297e-03  8.680390e-05 -4.297232e+01  2.481411e+01 -1.039848e+02 -2.484240e-03 -3.529585e-03  8.671700e-04 -3.835340e+01
   6.261210e+00 -1.066977e+02 -3.014936e-03 -3.013747e-03  1.447911e-03 -3.368592e+01 -1.255428e+01 -1.061627e+02 -3.467436e-03 -2.451526e-03  1.747146e-03 -2.910237e+01 -2.827161e+01 -1.031511e+02 -3.834894e-03 -1.946549e-03  1.767337e-03
  -2.466631e+01 -3.851009e+01 -9.983833e+01 -4.130208e-03 -1.548246e-03  1.568842e-03 -2.034093e+01 -4.215496e+01 -9.837944e+01 -4.383873e-03 -1.237350e-03  1.229743e-03 -1.601924e+01 -3.892600e+01 -9.967956e+01 -4.636255e-03 -9.509467e-04
   8.266880e-04 -1.159192e+01 -2.906733e+01 -1.029333e+02 -4.928021e-03 -6.237371e-04  4.344839e-04 -7.016514e+00 -1.362677e+01 -1.060330e+02 -5.290525e-03 -2.239099e-04  1.203342e-04 -2.350717e+00  5.094486e+00 -1.067597e+02 -5.737881e-03]
 [-4.132455e+03  1.433711e+03 -5.379922e-02  7.513696e-02  2.612613e-01  1.190969e+03  2.333525e-03  1.109521e-02  5.095938e+01 -1.852287e+02  4.716119e+01 -1.844140e-03  8.088232e-04  1.022964e-02  4.953591e+01 -1.902786e+02  1.908226e+01
  -8.782518e-04  4.915280e-06  9.201576e-03  4.916050e+01 -4.100771e+02 -3.053176e-10 -4.915065e-06 -8.326537e-05  8.164610e-03  4.936036e+01 -1.912435e+02 -6.865294e+00  8.121214e-04  3.978399e-04  7.154945e-03  4.957103e+01 -1.913292e+02
  -4.878954e-01  1.628064e-03  1.218271e-03  6.107187e-03  4.922645e+01 -1.903708e+02  1.818074e+01  2.498482e-03  2.104240e-03  4.947526e-03  4.784873e+01 -1.855220e+02  4.600579e+01  3.460605e-03  2.794139e-03  3.691339e-03  4.514625e+01
  -1.745910e+02  7.769824e+01  4.521043e-03  3.121050e-03  2.468328e-03  4.108463e+01 -1.582864e+02  1.071400e+02  5.656853e-03  3.065434e-03  1.451207e-03  3.587431e+01 -1.405932e+02  1.296271e+02  6.831224e-03  2.724160e-03  7.525625e-04
   2.987330e+01 -1.269223e+02  1.431659e+02  8.014090e-03  2.225381e-03  3.752208e-04  2.347739e+01 -1.216115e+02  1.477560e+02  9.193748e-03  1.665392e-03  2.326624e-04  1.706997e+01 -1.263285e+02  1.436960e+02  1.037322e-02  1.102616e-03
   2.004110e-04  1.103368e+01 -1.395938e+02  1.307119e+02  1.155603e-02  5.846213e-04  1.666099e-04  5.764276e+00 -1.571993e+02  1.087366e+02  1.273162e-02  1.647016e-04  7.055296e-05  1.624984e+00 -1.737311e+02  7.960207e+01  1.387084e-02]
 [-1.433711e+03 -4.132455e+03  4.034316e-02 -2.233553e-01  5.168234e-02 -2.643621e+03 -9.765815e-03  1.601303e-03 -1.116362e+02 -4.716119e+01 -1.852287e+02  1.474053e-03 -9.573305e-03  5.306263e-04 -1.034031e+02 -1.908226e+01 -1.902786e+02
   7.930751e-04 -9.198524e-03  1.862697e-06 -9.504771e+01 -3.053176e-10 -2.788271e+02 -4.915065e-06 -8.757890e-03  7.303057e-05 -8.668025e+01  6.865294e+00 -1.912435e+02 -8.616315e-04 -8.263761e-03  6.765640e-04 -7.831293e+01  4.878953e-01
  -1.913292e+02 -1.719414e-03 -7.631208e-03  1.645573e-03 -6.995591e+01 -1.818074e+01 -1.903708e+02 -2.520649e-03 -6.763653e-03  2.731488e-03 -6.171468e+01 -4.600579e+01 -1.855220e+02 -3.207010e-03 -5.658818e-03  3.652424e-03 -5.381476e+01
  -7.769824e+01 -1.745910e+02 -3.726801e-03 -4.451637e-03  4.188727e-03 -4.652006e+01 -1.071400e+02 -1.582864e+02 -4.050203e-03 -3.348892e-03  4.264915e-03 -3.998846e+01 -1.296271e+02 -1.405932e+02 -4.182473e-03 -2.509003e-03  3.944164e-03
  -3.416268e+01 -1.431659e+02 -1.269223e+02 -4.165126e-03 -1.965144e-03  3.349419e-03 -2.876397e+01 -1.477560e+02 -1.216115e+02 -4.065601e-03 -1.628704e-03  2.593108e-03 -2.337862e+01 -1.436960e+02 -1.263285e+02 -3.963590e-03 -1.342843e-03
   1.765178e-03 -1.758870e+01 -1.307119e+02 -1.395938e+02 -3.939131e-03 -9.515681e-04  9.584022e-04 -1.110403e+01 -1.087366e+02 -1.571993e+02 -4.060802e-03 -3.633664e-04  2.766792e-04 -3.852894e+00 -7.960207e+01 -1.737311e+02 -4.372083e-03]
 [ 3.746854e-02 -5.582926e-02 -4.375000e+03 -2.587214e+02  2.888543e+03 -3.907638e-02 -2.169932e+01  1.206392e+02 -1.355875e-03  1.404242e-03 -1.896988e-03 -1.914062e+02 -3.886113e+01  1.077770e+02 -6.604386e-04  7.799332e-04 -8.897495e-04
  -1.914062e+02 -4.911136e+01  9.504770e+01 -3.051536e-06 -4.915065e-06 -4.915065e-06 -2.789062e+02 -5.244817e+01  8.487119e+01  5.958679e-04 -8.475126e-04  8.269325e-04 -1.914062e+02 -4.981870e+01  7.818738e+01  1.121807e-03 -1.632625e-03
   1.715097e-03 -1.914062e+02 -4.242183e+01  7.428398e+01  1.560888e-03 -2.242933e-03  2.749939e-03 -1.914062e+02 -3.167450e+01  7.134773e+01  1.896509e-03 -2.578683e-03  3.949972e-03 -1.914062e+02 -1.947046e+01  6.744134e+01  2.111771e-03
  -2.605829e-03  5.247078e-03 -1.914062e+02 -8.057359e+00  6.149310e+01  2.196318e-03 -2.406909e-03  6.529014e-03 -1.914062e+02  6.405395e-01  5.369017e+01  2.151875e-03 -2.183980e-03  7.710461e-03 -1.914062e+02  5.696193e+00  4.501631e+01
   1.991846e-03 -2.201672e-03  8.765208e-03 -1.914062e+02  7.289297e+00  3.641384e+01  1.736178e-03 -2.710770e-03  9.685050e-03 -1.914062e+02  6.334493e+00  2.825670e+01  1.406590e-03 -3.883956e-03  1.040361e-02 -1.914062e+02  4.054609e+00
   2.037092e+01  1.025331e-03 -5.756015e-03  1.075986e-02 -1.914062e+02  1.691676e+00  1.239937e+01  6.160655e-04 -8.171293e-03  1.055925e-02 -1.914062e+02  2.550900e-01  4.174629e+00  2.027456e-04 -1.079542e-02  9.725801e-03 -1.914062e+02]
 [-5.711964e-02 -2.038159e-01 -1.198815e+03 -7.130145e+01  7.916621e+02 -1.311967e-01 -5.964283e+00  3.306231e+01 -5.459285e-03 -1.852969e-03 -8.977046e-03 -5.244817e+01 -1.066748e+01  2.953509e+01 -4.892426e-03 -7.411016e-04 -8.944191e-03
  -5.244817e+01 -1.347637e+01  2.604518e+01 -4.329958e-03 -8.326537e-05 -8.757890e-03 -5.244817e+01 -1.439107e+01  2.325597e+01 -3.782718e-03  9.274118e-08 -8.529063e-03 -5.244817e+01 -1.367019e+01  2.142515e+01 -3.255478e-03 -5.069534e-04
  -8.286885e-03 -5.244817e+01 -1.164318e+01  2.035742e+01 -2.752742e-03 -1.528191e-03 -7.951468e-03 -5.244817e+01 -8.697666e+00  1.955561e+01 -2.284088e-03 -2.891596e-03 -7.388811e-03 -5.244817e+01 -5.352371e+00  1.848833e+01 -1.864594e-03
  -4.344835e-03 -6.519528e-03 -5.244817e+01 -2.223274e+00  1.686130e+01 -1.509192e-03 -5.630819e-03 -5.409433e-03 -5.244817e+01  1.619292e-01  1.472537e+01 -1.224548e-03 -6.591333e-03 -4.266301e-03 -5.244817e+01  1.548669e+00  1.234991e+01
  -1.004219e-03 -7.209962e-03 -3.345806e-03 -5.244817e+01  1.985751e+00  9.993141e+00 -8.298119e-04 -7.557267e-03 -2.848730e-03 -5.244817e+01  1.723634e+00  7.757575e+00 -6.762763e-04 -7.694940e-03 -2.869457e-03 -5.244817e+01  1.097539e+00
   5.595503e+00 -5.182236e-04 -7.619348e-03 -3.384519e-03 -5.244817e+01  4.482215e-01  3.409045e+00 -3.357203e-04 -7.282954e-03 -4.254654e-03 -5.244817e+01  5.281856e-02  1.152491e+00 -1.187679e-04 -6.675670e-03 -5.252122e-03 -5.244817e+01]
 [ 1.602166e-01 -3.487976e-02  1.939913e+03  1.145612e+02 -1.281213e+03 -3.249783e-02  9.616286e+00 -5.351079e+01 -1.531267e-03  7.297071e-03 -1.102265e-03  8.487119e+01  1.722877e+01 -4.780819e+01 -1.782014e-03  7.778937e-03 -3.491052e-04
   8.487119e+01  2.177571e+01 -4.216410e+01 -2.060661e-03  8.164610e-03  7.303057e-05  8.487119e+01  2.325597e+01 -3.765220e+01 -2.337935e-03  8.532115e-03 -2.960396e-06  8.487119e+01  2.208940e+01 -3.468809e+01 -2.583309e-03  8.886259e-03
  -6.688221e-04  8.487119e+01  1.880771e+01 -3.295712e+01 -2.766473e-03  9.122902e-03 -1.924479e-03  8.487119e+01  1.403948e+01 -3.165458e+01 -2.859630e-03  9.075221e-03 -3.645457e-03  8.487119e+01  8.624979e+00 -2.992124e+01 -2.842759e-03
   8.632650e-03 -5.576722e-03  8.487119e+01  3.561425e+00 -2.728201e+01 -2.709701e-03  7.859760e-03 -7.407230e-03  8.487119e+01 -2.974824e-01 -2.382027e+01 -2.470138e-03  7.014410e-03 -8.896994e-03  8.487119e+01 -2.540507e+00 -1.997279e+01
  -2.145315e-03  6.444038e-03 -9.947335e-03  8.487119e+01 -3.247343e+00 -1.615784e+01 -1.761071e-03  6.444906e-03 -1.055299e-02  8.487118e+01 -2.823586e+00 -1.254138e+01 -1.343554e-03  7.164841e-03 -1.069665e-02  8.487118e+01 -1.811415e+00
  -9.046127e+00 -9.191171e-04  8.556048e-03 -1.029578e-02  8.487118e+01 -7.615367e-01 -5.513310e+00 -5.152504e-04  1.036995e-02 -9.262790e-03  8.487118e+01 -1.216892e-01 -1.868146e+00 -1.581018e-04  1.222801e-02 -7.644167e-03  8.487118e+01]
 [ 4.165903e+02 -2.242080e+03  4.579874e-02 -1.197635e-01 -5.300296e-02 -1.505381e+03 -4.958542e-03 -2.513439e-03 -6.374263e+01  2.642079e+01 -9.608447e+01  1.740411e-03 -4.424505e-03 -2.734984e-03 -5.964538e+01  4.044470e+01 -9.112826e+01
   1.182707e-03 -4.015420e-03 -2.669521e-03 -5.576315e+01  4.936036e+01 -8.668025e+01  5.958679e-04 -3.782718e-03 -2.337935e-03 -5.202429e+01  5.244909e+01 -8.487119e+01 -3.052007e-06 -3.691255e-03 -1.783096e-03 -4.828741e+01  4.958194e+01
  -8.655532e+01 -6.021725e-04 -3.639475e-03 -1.061511e-03 -4.441239e+01  4.087692e+01 -9.093744e+01 -1.189729e-03 -3.508562e-03 -2.610939e-04 -4.032328e+01  2.701991e+01 -9.591928e+01 -1.748900e-03 -3.224081e-03  4.925186e-04 -3.604703e+01
   9.841630e+00 -9.914331e+01 -2.257972e-03 -2.797098e-03  1.069683e-03 -3.169433e+01 -7.703291e+00 -9.935220e+01 -2.697515e-03 -2.310270e-03  1.391053e-03 -2.739100e+01 -2.245566e+01 -9.713779e+01 -3.060415e-03 -1.857493e-03  1.453133e-03
  -2.320345e+01 -3.211632e+01 -9.443708e+01 -3.357723e-03 -1.487442e-03  1.307951e-03 -1.910750e+01 -3.556599e+01 -9.321525e+01 -3.616973e-03 -1.187684e-03  1.027591e-03 -1.501463e+01 -3.250967e+01 -9.430483e+01 -3.875049e-03 -9.060522e-04
   6.854441e-04 -1.083423e+01 -2.320498e+01 -9.696492e+01 -4.169120e-03 -5.880051e-04  3.534945e-04 -6.536914e+00 -8.707086e+00 -9.927164e+01 -4.527531e-03 -2.089499e-04  9.499070e-05 -2.183913e+00  8.757269e+00 -9.924491e+01 -4.962463e-03]
 [-4.079203e+03  1.581367e+03 -7.448677e-02  8.197949e-02  2.720111e-01  1.285309e+03  2.587383e-03  1.156408e-02  5.494289e+01 -1.834555e+02  5.378705e+01 -2.739002e-03  9.808753e-04  1.068068e-02  5.322461e+01 -1.895107e+02  2.590159e+01
  -1.749102e-03  1.187381e-04  9.615989e-03  5.254956e+01 -1.912435e+02  6.865294e+00 -8.475126e-04  9.274118e-08  8.532115e-03  5.244909e+01 -4.101562e+02 -3.053469e-10 -9.217604e-08  4.748349e-04  7.471806e-03  5.235942e+01 -1.912631e+02
   6.377687e+00  8.462729e-04  1.304778e-03  6.372548e-03  5.171513e+01 -1.896352e+02  2.500377e+01  1.745061e-03  2.206552e-03  5.161500e-03  5.004229e+01 -1.837901e+02  5.264268e+01  2.731392e-03  2.910240e-03  3.855616e-03  4.705752e+01
  -1.717266e+02  8.392904e+01  3.810017e-03  3.243945e-03  2.587706e-03  4.273593e+01 -1.543727e+02  1.127729e+02  4.956936e-03  3.187081e-03  1.533939e-03  3.729352e+01 -1.358804e+02  1.346152e+02  6.135539e-03  2.838080e-03  8.089173e-04
   3.108609e+01 -1.217297e+02  1.476576e+02  7.317266e-03  2.327017e-03  4.152041e-04  2.449925e+01 -1.162565e+02  1.520551e+02  8.492837e-03  1.750997e-03  2.639299e-04  1.790139e+01 -1.211171e+02  1.481661e+02  9.668135e-03  1.168171e-03
   2.266791e-04  1.165998e+01 -1.348425e+02  1.356638e+02  1.084955e-02  6.259590e-04  1.867426e-04  6.160197e+00 -1.532289e+02  1.143298e+02  1.202899e-02  1.787913e-04  7.897539e-05  1.762525e+00 -1.707988e+02  8.580118e+01  1.317888e-02]
 [-1.581367e+03 -4.079203e+03  5.741272e-02 -2.194369e-01  4.847828e-02 -2.599730e+03 -9.583489e-03  1.474322e-03 -1.097589e+02 -5.378705e+01 -1.834555e+02  2.239258e-03 -9.371173e-03  4.289650e-04 -1.015804e+02 -2.590159e+01 -1.895107e+02
   1.593236e-03 -8.980845e-03 -8.112444e-05 -9.324216e+01 -6.865294e+00 -1.912435e+02  8.269325e-04 -8.529063e-03 -2.960396e-06 -8.487119e+01 -3.053556e-10 -2.789062e+02 -9.217604e-08 -8.029317e-03  5.931337e-04 -7.649996e+01 -6.377687e+00
  -1.912631e+02 -8.282215e-04 -7.399754e-03  1.541091e-03 -6.815896e+01 -2.500377e+01 -1.896352e+02 -1.597874e-03 -6.547506e-03  2.597683e-03 -5.997077e+01 -5.264268e+01 -1.837901e+02 -2.249411e-03 -5.471447e-03  3.490122e-03 -5.217128e+01
  -8.392904e+01 -1.717266e+02 -2.730924e-03 -4.302676e-03  4.008162e-03 -4.502551e+01 -1.127729e+02 -1.543727e+02 -3.013429e-03 -3.240217e-03  4.081738e-03 -3.868372e+01 -1.346152e+02 -1.358804e+02 -3.103501e-03 -2.434918e-03  3.773763e-03
  -3.307582e+01 -1.476576e+02 -1.217297e+02 -3.043718e-03 -1.916119e-03  3.203132e-03 -2.790897e+01 -1.520551e+02 -1.162565e+02 -2.901908e-03 -1.595769e-03  2.477494e-03 -2.275589e+01 -1.481661e+02 -1.211171e+02 -2.757618e-03 -1.320317e-03
   1.683047e-03 -1.718509e+01 -1.356638e+02 -1.348425e+02 -2.690728e-03 -9.375280e-04  9.100629e-04 -1.089234e+01 -1.143298e+02 -1.532289e+02 -2.770163e-03 -3.584065e-04  2.609432e-04 -3.792901e+00 -8.580118e+01 -1.707988e+02 -3.040430e-03]
 [ 4.869582e-02 -8.045586e-02 -4.375000e+03 -2.587214e+02  2.888543e+03 -5.599974e-02 -2.169932e+01  1.206392e+02 -2.073370e-03  1.984060e-03 -2.927793e-03 -1.914062e+02 -3.886113e+01  1.077770e+02 -1.334989e-03  1.507046e-03 -1.823259e-03
  -1.914062e+02 -4.911136e+01  9.504770e+01 -6.385854e-04  8.121214e-04 -8.616315e-04 -1.914062e+02 -5.244817e+01  8.487119e+01 -3.052007e-06 -9.217604e-08 -9.217604e-08 -2.789062e+02 -4.981870e+01  7.818738e+01  5.594539e-04 -8.133951e-04
   8.604546e-04 -1.914062e+02 -4.242183e+01  7.428398e+01  1.037427e-03 -1.511389e-03  1.819866e-03 -1.914062e+02 -3.167450e+01  7.134773e+01  1.415834e-03 -1.992439e-03  2.922787e-03 -1.914062e+02 -1.947046e+01  6.744134e+01  1.678011e-03
  -2.208176e-03  4.133502e-03 -1.914062e+02 -8.057359e+00  6.149310e+01  1.812566e-03 -2.210715e-03  5.362719e-03 -1.914062e+02  6.405395e-01  5.369017e+01  1.819620e-03 -2.164035e-03  6.527364e-03 -1.914062e+02  5.696193e+00  4.501631e+01
   1.711304e-03 -2.300730e-03  7.585511e-03 -1.914062e+02  7.289297e+00  3.641384e+01  1.507123e-03 -2.853060e-03  8.509531e-03 -1.914062e+02  6.334493e+00  2.825670e+01  1.229011e-03 -3.987923e-03  9.224308e-03 -1.914062e+02  4.054609e+00
   2.037092e+01  8.994556e-04 -5.745195e-03  9.576601e-03 -1.914062e+02  1.691676e+00  1.239937e+01  5.417288e-04 -7.986891e-03  9.391004e-03 -1.914062e+02  2.550900e-01  4.174629e+00  1.785540e-04 -1.040996e-02  8.607946e-03 -1.914062e+02]
 [-4.354223e-02 -1.959824e-01 -1.138713e+03 -6.775220e+01  7.519666e+02 -1.268293e-01 -5.666351e+00  3.140440e+01 -5.280578e-03 -1.284771e-03 -8.591246e-03 -4.981870e+01 -1.013369e+01  2.805385e+01 -4.740957e-03 -2.241386e-04 -8.488591e-03
  -4.981870e+01 -1.280171e+01  2.473881e+01 -4.208155e-03  3.978399e-04 -8.263761e-03 -4.981870e+01 -1.367019e+01  2.208940e+01 -3.691255e-03  4.748349e-04 -8.029317e-03 -4.981870e+01 -1.298616e+01  2.035040e+01 -3.193379e-03 -4.741872e-06
  -7.815154e-03 -4.981870e+01 -1.106047e+01  1.933630e+01 -2.717391e-03 -9.717973e-04 -7.543364e-03 -4.981870e+01 -8.262695e+00  1.857484e+01 -2.271168e-03 -2.270928e-03 -7.079672e-03 -4.981870e+01 -5.085160e+00  1.756126e+01 -1.868238e-03
  -3.669438e-03 -6.336118e-03 -4.981870e+01 -2.112949e+00  1.601601e+01 -1.522623e-03 -4.923121e-03 -5.359759e-03 -4.981870e+01  1.526913e-01  1.398733e+01 -1.241136e-03 -5.873115e-03 -4.335084e-03 -4.981870e+01  1.469934e+00  1.173107e+01
  -1.018564e-03 -6.490911e-03 -3.498420e-03 -4.981870e+01  1.885115e+00  9.492503e+00 -8.385050e-04 -6.832722e-03 -3.039235e-03 -4.981870e+01  1.636128e+00  7.368980e+00 -6.782381e-04 -6.952903e-03 -3.047445e-03 -4.981870e+01  1.041396e+00
   5.315195e+00 -5.147224e-04 -6.851769e-03 -3.500501e-03 -4.981870e+01  4.246124e-01  3.238188e+00 -3.300940e-04 -6.494678e-03 -4.267168e-03 -4.981870e+01  4.904111e-02  1.094566e+00 -1.157819e-04 -5.885014e-03 -5.137246e-03 -4.981870e+01]
 [ 1.442449e-01 -1.622527e-02  1.787140e+03  1.055405e+02 -1.180351e+03 -1.923471e-02  8.859172e+00 -4.929830e+01 -9.573908e-04  6.517601e-03 -3.352097e-04  7.818738e+01  1.587239e+01 -4.404475e+01 -1.217346e-03  6.862422e-03  3.209051e-04
   7.818738e+01  2.006141e+01 -3.884509e+01 -1.501385e-03  7.154945e-03  6.765640e-04  7.818738e+01  2.142515e+01 -3.468809e+01 -1.783096e-03  7.471806e-03  5.931337e-04  7.818738e+01  2.035040e+01 -3.195827e+01 -2.035398e-03  7.818205e-03
  -7.794493e-06  7.818738e+01  1.732699e+01 -3.036324e+01 -2.231419e-03  8.097499e-03 -1.131839e-03  7.818738e+01  1.293404e+01 -2.916331e+01 -2.346134e-03  8.151475e-03 -2.679400e-03  7.818738e+01  7.945660e+00 -2.756650e+01 -2.360935e-03
   7.865633e-03 -4.432644e-03  7.818738e+01  3.280589e+00 -2.513507e+01 -2.269376e-03  7.278616e-03 -6.114492e-03  7.818738e+01 -2.746523e-01 -2.194588e+01 -2.079470e-03  6.605359e-03 -7.500180e-03  7.818738e+01 -2.341182e+00 -1.840133e+01
  -1.810284e-03  6.149220e-03 -8.485392e-03  7.818738e+01 -2.992406e+00 -1.488678e+01 -1.485753e-03  6.174815e-03 -9.051468e-03  7.818738e+01 -2.601974e+00 -1.155515e+01 -1.130549e-03  6.816085e-03 -9.176574e-03  7.818738e+01 -1.669371e+00
  -8.335227e+00 -7.695478e-04  8.030959e-03 -8.789908e-03  7.818738e+01 -7.019451e-01 -5.080700e+00 -4.282405e-04  9.598294e-03 -7.824324e-03  7.818738e+01 -1.122061e-01 -1.722644e+00 -1.302485e-04  1.118556e-02 -6.336362e-03  7.818738e+01]
 [ 4.838411e+02 -2.062934e+03  5.611007e-02 -1.093665e-01 -6.348701e-02 -1.391078e+03 -4.474365e-03 -2.927138e-03 -5.891654e+01  2.868724e+01 -8.803578e+01  2.203695e-03 -3.899916e-03 -3.065568e-03 -5.517779e+01  4.148873e+01 -8.282780e+01
   1.674709e-03 -3.478174e-03 -2.940879e-03 -5.166055e+01  4.957103e+01 -7.831293e+01  1.121807e-03 -3.255478e-03 -2.583309e-03 -4.828741e+01  5.235942e+01 -7.649996e+01  5.594539e-04 -3.193379e-03 -2.035398e-03 -4.491756e+01  4.977127e+01
  -7.818737e+01 -3.051568e-06 -3.190491e-03 -1.344323e-03 -4.140720e+01  4.188163e+01 -8.263196e+01 -5.565255e-04 -3.128027e-03 -5.820650e-04 -3.767699e+01  2.923616e+01 -8.785649e+01 -1.086740e-03 -2.926162e-03  1.433760e-04 -3.374326e+01
   1.343185e+01 -9.159346e+01 -1.574247e-03 -2.583701e-03  7.147650e-04 -2.970511e+01 -2.843446e+00 -9.254782e+01 -2.000898e-03 -2.168945e-03  1.055353e-03 -2.568168e+01 -1.663187e+01 -9.113195e+01 -2.359306e-03 -1.766422e-03  1.156053e-03
  -2.174230e+01 -2.571548e+01 -8.904402e+01 -2.658675e-03 -1.423986e-03  1.060925e-03 -1.787541e+01 -2.897026e+01 -8.805950e+01 -2.923576e-03 -1.135699e-03  8.362023e-04 -1.401101e+01 -2.608631e+01 -8.893832e+01 -3.187412e-03 -8.596751e-04
   5.519575e-04 -1.007717e+01 -1.733484e+01 -9.100398e+01 -3.483855e-03 -5.516619e-04  2.772241e-04 -6.057647e+00 -3.778613e+00 -9.251656e+01 -3.838240e-03 -1.939023e-04  7.123508e-05 -2.017203e+00  1.242980e+01 -9.173477e+01 -4.260813e-03]
 [-4.128844e+03  1.444265e+03 -9.110778e-02  7.350717e-02  2.856966e-01  1.197724e+03  2.173922e-03  1.211716e-02  5.124461e+01 -1.851105e+02  4.763405e+01 -3.475641e-03  5.027688e-04  1.114494e-02  4.980013e+01 -1.902320e+02  1.956769e+01
  -2.508006e-03 -3.892719e-04  1.000996e-02  4.940342e+01 -1.913292e+02  4.878953e-01 -1.632625e-03 -5.069534e-04  8.886259e-03  4.958194e+01 -1.912631e+02 -6.377687e+00 -8.133951e-04 -4.741872e-06  7.818205e-03  4.977127e+01 -4.100825e+02
  -3.053027e-10  4.743600e-06  8.769879e-04  6.734770e-03  4.940538e+01 -1.903265e+02  1.866639e+01  8.772143e-04  1.852150e-03  5.547357e-03  4.800663e+01 -1.854067e+02  4.647939e+01  1.841099e-03  2.643023e-03  4.255587e-03  4.528397e+01
  -1.743947e+02  7.814431e+01  2.902873e-03  3.063916e-03  2.980612e-03  4.120371e+01 -1.580149e+02  1.075448e+02  4.039521e-03  3.079455e-03  1.896929e-03  3.597668e+01 -1.402642e+02  1.299870e+02  5.214241e-03  2.779029e-03  1.125332e-03
   2.996075e+01 -1.265586e+02  1.434911e+02  6.397077e-03  2.292404e-03  6.763477e-04  2.355100e+01 -1.212360e+02  1.480677e+02  7.576494e-03  1.723432e-03  4.663479e-04  1.712977e+01 -1.259635e+02  1.440197e+02  8.755720e-03  1.140533e-03
   3.691466e-04  1.107865e+01 -1.392620e+02  1.310693e+02  9.938480e-03  6.014403e-04  2.696122e-04  5.792655e+00 -1.569238e+02  1.091387e+02  1.111439e-02  1.677993e-04  1.053493e-04  1.634827e+00 -1.735300e+02  8.004597e+01  1.225442e-02]
 [-1.444265e+03 -4.128844e+03  7.952126e-02 -2.208412e-01  2.639196e-02 -2.640613e+03 -9.564976e-03  5.455202e-04 -1.115075e+02 -4.763405e+01 -1.851105e+02  3.189391e-03 -9.222131e-03 -4.117926e-04 -1.032779e+02 -1.956769e+01 -1.902320e+02
   2.510869e-03 -8.757285e-03 -8.287952e-04 -9.492339e+01 -4.878954e-01 -1.913292e+02  1.715097e-03 -8.286885e-03 -6.688221e-04 -8.655532e+01  6.377687e+00 -1.912631e+02  8.604546e-04 -7.815154e-03 -7.794493e-06 -7.818737e+01 -3.052940e-10
  -2.788325e+02  4.743600e-06 -7.246971e-03  9.936306e-04 -6.983114e+01 -1.866639e+01 -1.903265e+02 -7.942806e-04 -6.473726e-03  2.102986e-03 -6.159334e+01 -4.647939e+01 -1.854067e+02 -1.478196e-03 -5.476788e-03  3.055832e-03 -5.370023e+01
  -7.814431e+01 -1.743947e+02 -1.995288e-03 -4.371321e-03  3.642474e-03 -4.641580e+01 -1.075448e+02 -1.580149e+02 -2.315797e-03 -3.346868e-03  3.786188e-03 -3.989741e+01 -1.299870e+02 -1.402642e+02 -2.445074e-03 -2.553272e-03  3.541598e-03
  -3.408687e+01 -1.434911e+02 -1.265586e+02 -2.424711e-03 -2.024994e-03  3.023188e-03 -2.870442e+01 -1.480677e+02 -1.212360e+02 -2.322176e-03 -1.681399e-03  2.339808e-03 -2.333534e+01 -1.440197e+02 -1.259635e+02 -2.217156e-03 -1.376482e-03
   1.582650e-03 -1.756075e+01 -1.310693e+02 -1.392620e+02 -2.189681e-03 -9.652895e-04  8.474137e-04 -1.108945e+01 -1.091387e+02 -1.569238e+02 -2.308355e-03 -3.652427e-04  2.393479e-04 -3.848792e+00 -8.004597e+01 -1.735300e+02 -2.616735e-03]
 [ 5.989147e-02 -1.050973e-01 -4.375000e+03 -2.587214e+02  2.888543e+03 -7.293103e-02 -2.169932e+01  1.206392e+02 -2.791196e-03  2.562555e-03 -3.959360e-03 -1.914062e+02 -3.886113e+01  1.077770e+02 -2.009832e-03  2.232965e-03 -2.757720e-03
  -1.914062e+02 -4.911136e+01  9.504770e+01 -1.274368e-03  1.628064e-03 -1.719414e-03 -1.914062e+02 -5.244817e+01  8.487119e+01 -6.021725e-04  8.462729e-04 -8.282215e-04 -1.914062e+02 -4.981870e+01  7.818738e+01 -3.051568e-06  4.743600e-06
   4.743600e-06 -2.789062e+02 -4.242183e+01  7.428398e+01  5.138586e-04 -7.810353e-04  8.888366e-04 -1.914062e+02 -3.167450e+01  7.134773e+01  9.350890e-04 -1.407513e-03  1.894833e-03 -1.914062e+02 -1.947046e+01  6.744134e+01  1.244209e-03
  -1.811954e-03  3.019398e-03 -1.914062e+02 -8.057359e+00  6.149310e+01  1.428790e-03 -2.016024e-03  4.196155e-03 -1.914062e+02  6.405395e-01  5.369017e+01  1.487348e-03 -2.145616e-03  5.344225e-03 -1.914062e+02  5.696193e+00  4.501631e+01
   1.430742e-03 -2.401311e-03  6.405925e-03 -1.914062e+02  7.289297e+00  3.641384e+01  1.278042e-03 -2.996869e-03  7.334180e-03 -1.914062e+02  6.334493e+00  2.825670e+01  1.051400e-03 -4.093413e-03  8.045123e-03 -1.914062e+02  4.054609e+00
   2.037092e+01  7.735449e-04 -5.735901e-03  8.393316e-03 -1.914062e+02  1.691676e+00  1.239937e+01  4.673632e-04 -7.803994e-03  8.222505e-03 -1.914062e+02  2.550900e-01  4.174629e+00  1.543502e-04 -1.002594e-02  7.489577e-03 -1.914062e+02]
 [-2.253528e-02 -1.863130e-01 -9.696419e+02 -5.776586e+01  6.402982e+02 -1.216884e-01 -4.828151e+00  2.674048e+01 -5.077721e-03 -3.890674e-04 -8.107915e-03 -4.242183e+01 -8.632000e+00  2.388696e+01 -4.586091e-03  6.245364e-04 -7.907117e-03
  -4.242183e+01 -1.090371e+01  2.106384e+01 -4.104708e-03  1.218271e-03 -7.631208e-03 -4.242183e+01 -1.164318e+01  1.880771e+01 -3.639475e-03  1.304778e-03 -7.399754e-03 -4.242183e+01 -1.106047e+01  1.732699e+01 -3.190491e-03  8.769879e-04
  -7.246971e-03 -4.242183e+01 -9.421519e+00  1.646374e+01 -2.757624e-03 -8.888447e-06 -7.098375e-03 -4.242183e+01 -7.038994e+00  1.581578e+01 -2.345709e-03 -1.223866e-03 -6.816373e-03 -4.242183e+01 -4.333397e+00  1.495326e+01 -1.965628e-03
  -2.563442e-03 -6.294943e-03 -4.242183e+01 -1.802540e+00  1.363802e+01 -1.629982e-03 -3.797402e-03 -5.548234e-03 -4.242183e+01  1.267434e-01  1.191105e+01 -1.346030e-03 -4.757540e-03 -4.724099e-03 -4.242183e+01  1.248472e+00  9.990113e+00
  -1.110802e-03 -5.388514e-03 -4.031422e-03 -4.242183e+01  1.602040e+00  8.084034e+00 -9.112858e-04 -5.718248e-03 -3.645015e-03 -4.242183e+01  1.389994e+00  6.275699e+00 -7.286116e-04 -5.786288e-03 -3.647998e-03 -4.242183e+01  8.835011e-01
   4.526536e+00 -5.436208e-04 -5.598852e-03 -4.015314e-03 -4.242183e+01  3.582555e-01  2.757428e+00 -3.420204e-04 -5.145578e-03 -4.621828e-03 -4.242183e+01  3.849350e-02  9.315027e-01 -1.179597e-04 -4.459925e-03 -5.280155e-03 -4.242183e+01]
 [ 1.296427e-01  1.141852e-02  1.697920e+03  1.003053e+02 -1.121457e+03 -1.168272e-04  8.418484e+00 -4.683844e+01 -1.404207e-04  5.770854e-03  8.225672e-04  7.428398e+01  1.508175e+01 -4.184691e+01 -4.357003e-04  5.933066e-03  1.371049e-03
   7.428398e+01  1.906174e+01 -3.690666e+01 -7.507181e-04  6.107187e-03  1.645573e-03  7.428398e+01  2.035742e+01 -3.295712e+01 -1.061511e-03  6.372548e-03  1.541091e-03  7.428398e+01  1.933630e+01 -3.036324e+01 -1.344323e-03  6.734770e-03
   9.936306e-04  7.428398e+01  1.646374e+01 -2.884886e+01 -1.575615e-03  7.101426e-03 -1.193975e-05  7.428398e+01  1.228993e+01 -2.770866e+01 -1.732782e-03  7.316045e-03 -1.407225e-03  7.428398e+01  7.550336e+00 -2.619182e+01 -1.798017e-03
   7.250033e-03 -3.015845e-03  7.428398e+01  3.117872e+00 -2.388199e+01 -1.763933e-03  6.905480e-03 -4.592921e-03  7.428398e+01 -2.601528e-01 -2.085216e+01 -1.636559e-03  6.447555e-03 -5.921002e-03  7.428398e+01 -2.223708e+00 -1.748464e+01
  -1.433017e-03  6.134490e-03 -6.879815e-03  7.428398e+01 -2.842493e+00 -1.414557e+01 -1.176080e-03  6.202034e-03 -7.428898e-03  7.428398e+01 -2.471488e+00 -1.098025e+01 -8.899722e-04  6.772984e-03 -7.537689e-03  7.428398e+01 -1.585257e+00
  -7.921003e+00 -5.991375e-04  7.811277e-03 -7.147664e-03  7.428398e+01 -6.658580e-01 -4.828819e+00 -3.278879e-04  9.121644e-03 -6.217327e-03  7.428398e+01 -1.052689e-01 -1.638199e+00 -9.772995e-05  1.041730e-02 -4.822158e-03  7.428398e+01]
 [ 5.390219e+02 -1.879849e+03  6.428246e-02 -9.888066e-02 -7.189945e-02 -1.273462e+03 -3.993781e-03 -3.253811e-03 -5.394858e+01  3.041361e+01 -7.986020e+01  2.574864e-03 -3.391122e-03 -3.317532e-03 -5.057201e+01  4.197954e+01 -7.448221e+01
   2.077361e-03 -2.963686e-03 -3.142403e-03 -4.742040e+01  4.922645e+01 -6.995591e+01  1.560888e-03 -2.752742e-03 -2.766473e-03 -4.441239e+01  5.171513e+01 -6.815896e+01  1.037427e-03 -2.717391e-03 -2.231419e-03 -4.140720e+01  4.940538e+01
  -6.983114e+01  5.138586e-04 -2.757624e-03 -1.575615e-03 -3.826336e+01  4.233289e+01 -7.428397e+01 -3.050482e-06 -2.756115e-03 -8.561556e-04 -3.489517e+01  3.091153e+01 -7.967018e+01 -5.015525e-04 -2.629267e-03 -1.642556e-04 -3.131136e+01
   1.651121e+01 -8.382753e+01 -9.644456e-04 -2.365134e-03  3.951376e-04 -2.759915e+01  1.551272e+00 -8.544104e+01 -1.374925e-03 -2.018607e-03  7.484546e-04 -2.387041e+01 -1.122306e+01 -8.475749e+01 -1.725441e-03 -1.664987e-03  8.817946e-04
  -2.019630e+01 -1.969070e+01 -8.324231e+01 -2.023437e-03 -1.350862e-03  8.316896e-04 -1.657674e+01 -2.273542e+01 -8.248150e+01 -2.290561e-03 -1.076086e-03  6.584483e-04 -1.295911e+01 -2.003730e+01 -8.316160e+01 -2.556728e-03 -8.083230e-04
   4.283905e-04 -9.289035e+00 -1.187685e+01 -8.467122e+01 -2.852110e-03 -5.128981e-04  2.071161e-04 -5.562251e+00  6.878027e-01 -8.545438e+01 -3.199062e-03 -1.782733e-04  4.959604e-05 -1.845985e+00  1.559387e+01 -8.400297e+01 -3.605987e-03]
 [-4.248038e+03  1.033861e+03 -1.008413e-01  5.051271e-02  2.986342e-01  9.338083e+02  1.140202e-03  1.260221e-02  4.009651e+01 -1.887844e+02  2.932423e+01 -3.932427e-03 -5.592106e-04  1.148887e-02  3.946250e+01 -1.911409e+02  9.057780e-01
  -3.036076e-03 -1.443314e-03  1.026689e-02  3.988294e+01 -1.903708e+02 -1.818074e+01 -2.242933e-03 -1.528191e-03  9.122902e-03  4.087692e+01 -1.896352e+02 -2.500377e+01 -1.511389e-03 -9.717973e-04  8.097499e-03  4.188163e+01 -1.903265e+02
  -1.866639e+01 -7.810353e-04 -8.888447e-06  7.101426e-03  4.233289e+01 -4.098969e+02 -3.051715e-10  8.895334e-06  1.080730e-03  6.016424e-03  4.174517e+01 -1.889664e+02  2.814674e+01  9.009889e-04  2.014834e-03  4.808360e-03  3.980689e+01
  -1.811016e+02  6.071950e+01  1.906734e-03  2.588245e-03  3.572888e-03  3.645875e+01 -1.676761e+02  9.156342e+01  3.006136e-03  2.739374e-03  2.476873e-03  3.189513e+01 -1.522082e+02  1.156194e+02  4.162068e-03  2.538718e-03  1.649842e-03
   2.647770e+01 -1.398922e+02  1.303896e+02  5.340670e-03  2.112734e-03  1.117307e-03  2.062677e+01 -1.350441e+02  1.354614e+02  6.523890e-03  1.576353e-03  8.082342e-04  1.476311e+01 -1.393517e+02  1.309735e+02  7.707162e-03  1.016901e-03
   6.052842e-04  9.307174e+00 -1.513169e+02  1.167938e+02  8.886383e-03  5.110532e-04  4.017997e-04  4.680312e+00 -1.667462e+02  9.325537e+01  1.004453e-02  1.323318e-04  1.452938e-04  1.250743e+00 -1.804269e+02  6.269552e+01  1.114848e-02]
 [-1.033861e+03 -4.248038e+03  1.082106e-01 -2.256557e-01 -1.496870e-02 -2.743579e+03 -9.626490e-03 -1.197030e-03 -1.159206e+02 -2.932423e+01 -1.887844e+02  4.396286e-03 -9.043097e-03 -1.995017e-03 -1.075934e+02 -9.057780e-01 -1.911409e+02
   3.626929e-03 -8.446296e-03 -2.240270e-03 -9.924410e+01  1.818074e+01 -1.903708e+02  2.749939e-03 -7.951468e-03 -1.924479e-03 -9.093744e+01  2.500377e+01 -1.896352e+02  1.819866e-03 -7.543364e-03 -1.131839e-03 -8.263196e+01  1.866639e+01
  -1.903265e+02  8.888366e-04 -7.098375e-03 -1.193975e-05 -7.428397e+01 -3.051715e-10 -2.786469e+02  8.895334e-06 -6.474001e-03  1.220996e-03 -6.595302e+01 -2.814674e+01 -1.889664e+02 -7.654605e-04 -5.615863e-03  2.312911e-03 -5.783578e+01
  -6.071950e+01 -1.811016e+02 -1.383421e-03 -4.610016e-03  3.048345e-03 -5.019159e+01 -9.156342e+01 -1.676761e+02 -1.813136e-03 -3.632662e-03  3.333089e-03 -4.319752e+01 -1.156194e+02 -1.522082e+02 -2.056339e-03 -2.837294e-03  3.205148e-03
  -3.683062e+01 -1.303896e+02 -1.398922e+02 -2.151480e-03 -2.271681e-03  2.773023e-03 -3.085113e+01 -1.354614e+02 -1.350441e+02 -2.164549e-03 -1.869971e-03  2.151421e-03 -2.488383e+01 -1.309735e+02 -1.393517e+02 -2.175126e-03 -1.499253e-03
   1.444171e-03 -1.854925e+01 -1.167938e+02 -1.513169e+02 -2.263185e-03 -1.026709e-03  7.593513e-04 -1.159628e+01 -9.325537e+01 -1.667462e+02 -2.495957e-03 -3.808717e-04  2.085186e-04 -3.988050e+00 -6.269552e+01 -1.804269e+02 -2.913936e-03]
 [ 7.268748e-02 -1.289256e-01 -4.375000e+03 -2.587214e+02  2.888543e+03 -8.942008e-02 -2.169932e+01  1.206392e+02 -3.490536e-03  3.207729e-03 -4.949610e-03 -1.914062e+02 -3.886113e+01  1.077770e+02 -2.668218e-03  3.018701e-03 -3.641376e-03
  -1.914062e+02 -4.911136e+01  9.504770e+01 -1.896056e-03  2.498482e-03 -2.520649e-03 -1.914062e+02 -5.244817e+01  8.487119e+01 -1.189729e-03  1.745061e-03 -1.597874e-03 -1.914062e+02 -4.981870e+01  7.818738e+01 -5.565255e-04  8.772143e-04
  -7.942806e-04 -1.914062e+02 -4.242183e+01  7.428398e+01 -3.050482e-06  8.895334e-06  8.895334e-06 -2.789062e+02 -3.167450e+01  7.134773e+01  4.589601e-04 -7.561661e-04  9.086106e-04 -1.914062e+02 -1.947046e+01  6.744134e+01  8.134573e-04
  -1.343057e-03  1.934772e-03 -1.914062e+02 -8.057359e+00  6.149310e+01  1.047065e-03 -1.744599e-03  3.045868e-03 -1.914062e+02  6.405394e-01  5.369017e+01  1.156679e-03 -2.048854e-03  4.165730e-03 -1.914062e+02  5.696193e+00  4.501631e+01
   1.151772e-03 -2.423441e-03  5.223088e-03 -1.914062e+02  7.289297e+00  3.641384e+01  1.050777e-03 -3.062382e-03  6.152701e-03 -1.914062e+02  6.334493e+00  2.825670e+01  8.758376e-04 -4.120465e-03  6.862361e-03 -1.914062e+02  4.054609e+00
   2.037092e+01  6.496911e-04 -5.648230e-03  7.214071e-03 -1.914062e+02  1.691676e+00  1.239937e+01  3.946382e-04 -7.544200e-03  7.069506e-03 -1.914062e+02  2.550900e-01  4.174629e+00  1.308225e-04 -9.568932e-03  6.399891e-03 -1.914062e+02]
 [ 9.898529e-04 -1.710829e-01 -7.239886e+02 -4.324921e+01  4.780448e+02 -1.130242e-01 -3.609966e+00  1.996386e+01 -4.731456e-03  6.033281e-04 -7.380085e-03 -3.167450e+01 -6.449770e+00  1.783254e+01 -4.309617e-03  1.548083e-03 -7.082968e-03
  -3.167450e+01 -8.145653e+00  1.572419e+01 -3.901297e-03  2.104240e-03 -6.763653e-03 -3.167450e+01 -8.697666e+00  1.403948e+01 -3.508562e-03  2.206552e-03 -6.547506e-03 -3.167450e+01 -8.262695e+00  1.293404e+01 -3.128027e-03  1.852150e-03
  -6.473726e-03 -3.167450e+01 -7.038994e+00  1.228993e+01 -2.756115e-03  1.080730e-03 -6.474001e-03 -3.167450e+01 -5.261041e+00  1.180684e+01 -2.394038e-03 -1.171154e-05 -6.410168e-03 -3.167450e+01 -3.240831e+00  1.116374e+01 -2.049353e-03
  -1.256705e-03 -6.157830e-03 -3.167450e+01 -1.351282e+00  1.018265e+01 -1.732726e-03 -2.443854e-03 -5.693302e-03 -3.167450e+01  8.924861e-02  8.894006e+00 -1.451771e-03 -3.396481e-03 -5.119803e-03 -3.167450e+01  9.268740e-01  7.460270e+00
  -1.206189e-03 -4.028376e-03 -4.610994e-03 -3.167450e+01  1.190911e+00  6.037279e+00 -9.871827e-04 -4.333302e-03 -4.321557e-03 -3.167450e+01  1.032547e+00  4.686903e+00 -7.807542e-04 -4.332037e-03 -4.324710e-03 -3.167450e+01  6.542904e-01
   3.380361e+00 -5.726609e-04 -4.036935e-03 -4.591792e-03 -3.167450e+01  2.620861e-01  2.058650e+00 -3.530868e-04 -3.466158e-03 -5.005509e-03 -3.167450e+01  2.345300e-02  6.943718e-01 -1.195334e-04 -2.688699e-03 -5.407230e-03 -3.167450e+01]
 [ 1.133096e-01  4.270762e-02  1.630805e+03  9.640016e+01 -1.077155e+03  2.151074e-02  8.088420e+00 -4.498800e+01  7.814318e-04  4.937462e-03  2.130673e-03  7.134773e+01  1.448842e+01 -4.019336e+01  4.414489e-04  4.900112e-03  2.553091e-03
   7.134773e+01  1.831113e+01 -3.544810e+01  8.680390e-05  4.947526e-03  2.731488e-03  7.134773e+01  1.955561e+01 -3.165458e+01 -2.610939e-04  5.161500e-03  2.597683e-03  7.134773e+01  1.857484e+01 -2.916331e+01 -5.820650e-04  5.547357e-03
   2.102986e-03  7.134773e+01  1.581578e+01 -2.770866e+01 -8.561556e-04  6.016424e-03  1.220996e-03  7.134773e+01  1.180684e+01 -2.661479e+01 -1.063314e-03  6.413217e-03 -1.476142e-05  7.134773e+01  7.254386e+00 -2.515792e+01 -1.186480e-03
   6.592929e-03 -1.473449e-03  7.134773e+01  2.996842e+00 -2.293981e+01 -1.217137e-03  6.517360e-03 -2.944967e-03  7.134772e+01 -2.479534e-01 -2.003005e+01 -1.159114e-03  6.297726e-03 -4.219063e-03  7.134772e+01 -2.134117e+00 -1.679583e+01
  -1.027482e-03  6.144093e-03 -5.157238e-03  7.134772e+01 -2.728529e+00 -1.358880e+01 -8.438922e-04  6.262069e-03 -5.694535e-03  7.134772e+01 -2.372113e+00 -1.054854e+01 -6.322594e-04  6.763388e-03 -5.790136e-03  7.134772e+01 -1.520696e+00
  -7.610051e+00 -4.167392e-04  7.618867e-03 -5.398043e-03  7.134772e+01 -6.373452e-01 -4.639790e+00 -2.205288e-04  8.660745e-03 -4.504040e-03  7.134772e+01 -9.862739e-02 -1.574876e+00 -6.297247e-05  9.650578e-03 -3.204398e-03  7.134772e+01]
 [ 5.710203e+02 -1.691524e+03  6.982462e-02 -8.826381e-02 -7.730876e-02 -1.151015e+03 -3.518219e-03 -3.454404e-03 -4.877301e+01  3.111122e+01 -7.154205e+01  2.833536e-03 -2.904743e-03 -3.455686e-03 -4.576132e+01  4.143132e+01 -6.614874e+01
   2.372321e-03 -2.481268e-03 -3.242866e-03 -4.297232e+01  4.784873e+01 -6.171468e+01  1.896509e-03 -2.284088e-03 -2.859630e-03 -4.032328e+01  5.004229e+01 -5.997077e+01  1.415834e-03 -2.271168e-03 -2.346134e-03 -3.767699e+01  4.800663e+01
  -6.159334e+01  9.350890e-04 -2.345709e-03 -1.732782e-03 -3.489517e+01  4.174517e+01 -6.595302e+01  4.589601e-04 -2.394038e-03 -1.063314e-03 -3.189275e+01  3.155727e+01 -7.134772e+01 -3.049424e-06 -2.331216e-03 -4.132939e-04 -2.866825e+01
   1.860078e+01 -7.574770e+01 -4.359170e-04 -2.136748e-03  1.246074e-04 -2.529950e+01  5.026420e+00 -7.785151e+01 -8.242872e-04 -1.853381e-03  4.809884e-04 -2.188962e+01 -6.651900e+00 -7.776815e+01 -1.160649e-03 -1.547268e-03  6.383128e-04
  -1.850966e+01 -1.443792e+01 -7.674434e+01 -1.450875e-03 -1.262957e-03  6.261844e-04 -1.516871e+01 -1.724669e+01 -7.617923e+01 -1.713791e-03 -1.005028e-03  4.987899e-04 -1.182918e+01 -1.475741e+01 -7.668538e+01 -1.975859e-03 -7.496240e-04
   3.179839e-04 -8.451967e+00 -7.251763e+00 -7.771711e+01 -2.263777e-03 -4.706251e-04  1.451923e-04 -5.042448e+00  4.239552e+00 -7.790017e+01 -2.597023e-03 -1.618239e-04  3.076789e-05 -1.668324e+00  1.777163e+01 -7.594647e+01 -2.982337e-03]
 [-4.351816e+03  3.965364e+02 -1.012715e-01  1.567252e-02  3.045873e-01  5.191590e+02 -3.771936e-04  1.276515e-02  2.256959e+01 -1.909489e+02  1.190877e+00 -4.006477e-03 -2.040019e-03  1.149551e-02  2.316901e+01 -1.890938e+02 -2.725040e+01
  -3.233640e-03 -2.867193e-03  1.020040e-02  2.481411e+01 -1.855220e+02 -4.600579e+01 -2.578683e-03 -2.891596e-03  9.075221e-03  2.701991e+01 -1.837901e+02 -5.264268e+01 -1.992439e-03 -2.270928e-03  8.151475e-03  2.923616e+01 -1.854067e+02
  -4.647939e+01 -1.407513e-03 -1.223866e-03  7.316045e-03  3.091153e+01 -1.889664e+02 -2.814674e+01 -7.561661e-04 -1.171154e-05  6.413217e-03  3.155727e+01 -4.097055e+02 -3.050313e-10  1.172570e-05  1.086957e-03  5.364082e-03  3.083637e+01
  -1.879767e+02  3.335931e+01  9.150016e-04  1.847630e-03  4.227185e-03  2.865204e+01 -1.792463e+02  6.582830e+01  1.938586e-03  2.175773e-03  3.154363e-03  2.517038e+01 -1.674971e+02  9.188754e+01  3.045520e-03  2.114765e-03  2.283202e-03
   2.075228e+01 -1.574964e+02  1.083028e+02  4.196668e-03  1.783306e-03  1.658672e-03  1.584859e+01 -1.534505e+02  1.140307e+02  5.364465e-03  1.308374e-03  1.228937e-03  1.093051e+01 -1.570482e+02  1.089596e+02  6.532682e-03  8.007652e-04
   8.925886e-04  6.469591e+00 -1.667889e+02  9.317980e+01  7.685485e-03  3.608110e-04  5.586713e-04  2.919349e+00 -1.785761e+02  6.763788e+01  8.796145e-03  7.575943e-05  1.910537e-04  6.492280e-01 -1.876007e+02  3.541213e+01  9.825951e-03]
 [-3.965364e+02 -4.351816e+03  1.424225e-01 -2.293016e-01 -7.237143e-02 -2.849787e+03 -9.582414e-03 -3.607033e-03 -1.205026e+02 -1.190877e+00 -1.909489e+02  5.826320e-03 -8.674639e-03 -4.171422e-03 -1.121770e+02  2.725040e+01 -1.890938e+02
   4.933749e-03 -7.906203e-03 -4.174010e-03 -1.039848e+02  4.600579e+01 -1.855220e+02  3.949972e-03 -7.388811e-03 -3.645457e-03 -9.591928e+01  5.264268e+01 -1.837901e+02  2.922787e-03 -7.079672e-03 -2.679400e-03 -8.785649e+01  4.647939e+01
  -1.854067e+02  1.894833e-03 -6.816373e-03 -1.407225e-03 -7.967018e+01  2.814674e+01 -1.889664e+02  9.086106e-04 -6.410168e-03 -1.476142e-05 -7.134772e+01 -3.050291e-10 -2.784555e+02  1.172570e-05 -5.756823e-03  1.260978e-03 -6.303766e+01
  -3.335931e+01 -1.879767e+02 -7.472827e-04 -4.900618e-03  2.197952e-03 -5.498765e+01 -6.582830e+01 -1.792463e+02 -1.333985e-03 -3.997617e-03  2.677573e-03 -4.740137e+01 -9.188754e+01 -1.674971e+02 -1.744627e-03 -3.205576e-03  2.713710e-03
  -4.030937e+01 -1.083028e+02 -1.574964e+02 -2.012234e-03 -2.591189e-03  2.405430e-03 -3.353653e+01 -1.140307e+02 -1.534505e+02 -2.199385e-03 -2.110583e-03  1.874834e-03 -2.677387e+01 -1.089596e+02 -1.570482e+02 -2.384080e-03 -1.650980e-03
   1.242663e-03 -1.970815e+01 -9.317980e+01 -1.667889e+02 -2.644778e-03 -1.098214e-03  6.331480e-04 -1.215318e+01 -6.763788e+01 -1.785761e+02 -3.045433e-03 -3.972140e-04  1.650913e-04 -4.126730e+00 -3.541214e+01 -1.876007e+02 -3.621203e-03]
 [ 8.832504e-02 -1.509599e-01 -4.375000e+03 -2.587214e+02  2.888543e+03 -1.048927e-01 -2.169932e+01  1.206392e+02 -4.147276e-03  3.970001e-03 -5.851253e-03 -1.914062e+02 -3.886113e+01  1.077770e+02 -3.288264e-03  3.907097e-03 -4.419935e-03
  -1.914062e+02 -4.911136e+01  9.504770e+01 -2.484240e-03  3.460605e-03 -3.207010e-03 -1.914062e+02 -5.244817e+01  8.487119e+01 -1.748900e-03  2.731392e-03 -2.249411e-03 -1.914062e+02 -4.981870e+01  7.818738e+01 -1.086740e-03  1.841099e-03
  -1.478196e-03 -1.914062e+02 -4.242183e+01  7.428398e+01 -5.015525e-04  9.009889e-04 -7.654605e-04 -1.914062e+02 -3.167450e+01  7.134773e+01 -3.049424e-06  1.172570e-05  1.172570e-05 -2.789062e+02 -1.947046e+01  6.744134e+01  3.933777e-04
  -7.438271e-04  9.177299e-04 -1.914062e+02 -8.057359e+00  6.149310e+01  6.735790e-04 -1.332978e-03  1.939263e-03 -1.914062e+02  6.405394e-01  5.369017e+01  8.328255e-04 -1.806876e-03  3.009517e-03 -1.914062e+02  5.696193e+00  4.501631e+01
   8.789941e-04 -2.298778e-03  4.047835e-03 -1.914062e+02  7.289297e+00  3.641384e+01  8.295300e-04 -2.980891e-03  4.973417e-03 -1.914062e+02  6.334493e+00  2.825670e+01  7.061304e-04 -4.000689e-03  5.686573e-03 -1.914062e+02  4.054609e+00
   2.037092e+01  5.311091e-04 -5.415169e-03  6.055987e-03 -1.914062e+02  1.691676e+00  1.239937e+01  3.258172e-04 -7.143773e-03  5.958772e-03 -1.914062e+02  2.550900e-01  4.174629e+00  1.088292e-04 -8.980855e-03  5.376360e-03 -1.914062e+02]
 [ 2.177190e-02 -1.488342e-01 -4.450392e+02 -2.675331e+01  2.937950e+02 -9.956279e-02 -2.226143e+00  1.226859e+01 -4.184172e-03  1.453659e-03 -6.359796e-03 -1.947046e+01 -3.971218e+00  1.095744e+01 -3.849090e-03  2.294322e-03 -5.996545e-03
  -1.947046e+01 -5.013226e+00  9.660791e+00 -3.529585e-03  2.794139e-03 -5.658818e-03 -1.947046e+01 -5.352371e+00  8.624979e+00 -3.224081e-03  2.910240e-03 -5.471447e-03 -1.947046e+01 -5.085160e+00  7.945660e+00 -2.926162e-03  2.643023e-03
  -5.476788e-03 -1.947046e+01 -4.333397e+00  7.550336e+00 -2.629267e-03  2.014834e-03 -5.615863e-03 -1.947046e+01 -3.240831e+00  7.254386e+00 -2.331216e-03  1.086957e-03 -5.756823e-03 -1.947046e+01 -2.000036e+00  6.860351e+00 -2.036136e-03
  -1.274437e-05 -5.764520e-03 -1.947046e+01 -8.384159e-01  6.258626e+00 -1.752385e-03 -1.101376e-03 -5.581968e-03 -1.947046e+01  4.706394e-02  5.467658e+00 -1.487533e-03 -2.002171e-03 -5.266988e-03 -1.947046e+01  5.620391e-01  4.587115e+00
  -1.243757e-03 -2.604052e-03 -4.953148e-03 -1.947046e+01  7.243931e-01  3.712678e+00 -1.016568e-03 -2.869161e-03 -4.769563e-03 -1.947046e+01  6.270018e-01  2.882346e+00 -7.971261e-04 -2.799530e-03 -4.776667e-03 -1.947046e+01  3.944014e-01
   2.078455e+00 -5.763989e-04 -2.412211e-03 -4.943085e-03 -1.947046e+01  1.533221e-01  1.264843e+00 -3.491825e-04 -1.750845e-03 -5.163172e-03 -1.947046e+01  6.862497e-03  4.248654e-01 -1.162290e-04 -9.146797e-04 -5.311308e-03 -1.947046e+01]
 [ 9.384602e-02  7.087408e-02  1.541516e+03  9.119658e+01 -1.018204e+03  4.126195e-02  7.648898e+00 -4.252561e+01  1.625876e-03  3.977101e-03  3.293257e-03  6.744134e+01  1.369857e+01 -3.799298e+01  1.251095e-03  3.758687e-03  3.576199e-03
   6.744134e+01  1.731199e+01 -3.350719e+01  8.671700e-04  3.691339e-03  3.652424e-03  6.744134e+01  1.848833e+01 -2.992124e+01  4.925186e-04  3.855616e-03  3.490122e-03  6.744134e+01  1.756126e+01 -2.756650e+01  1.433760e-04  4.255587e-03
   3.055832e-03  6.744134e+01  1.495326e+01 -2.619182e+01 -1.642556e-04  4.808360e-03  2.312911e-03  6.744134e+01  1.116374e+01 -2.515792e+01 -4.132939e-04  5.364082e-03  1.260978e-03  6.744134e+01  6.860351e+00 -2.378225e+01 -5.878534e-04
   5.767569e-03 -1.579349e-05  6.744134e+01  2.835634e+00 -2.168568e+01 -6.785829e-04  5.944832e-03 -1.346349e-03  6.744134e+01 -2.318112e-01 -1.893564e+01 -6.871351e-04  5.954158e-03 -2.533876e-03  6.744134e+01 -2.014944e+00 -1.587874e+01
  -6.262314e-04  5.955090e-03 -3.427452e-03  6.744133e+01 -2.576903e+00 -1.284739e+01 -5.158582e-04  6.119638e-03 -3.941407e-03  6.744133e+01 -2.239919e+00 -9.973515e+00 -3.789623e-04  6.546501e-03 -4.026290e-03  6.744133e+01 -1.434886e+00
  -7.195671e+00 -2.387443e-04  7.214180e-03 -3.648310e-03  6.744133e+01 -5.995948e-01 -4.387636e+00 -1.167164e-04  7.985396e-03 -2.817920e-03  6.744133e+01 -9.008872e-02 -1.490002e+00 -2.969403e-05  8.672888e-03 -1.646977e-03  6.744133e+01]
 [ 5.718479e+02 -1.500643e+03  7.231616e-02 -7.768746e-02 -7.900090e-02 -1.025037e+03 -3.057548e-03 -3.499471e-03 -4.344374e+01  3.044217e+01 -6.322779e+01  2.961752e-03 -2.454258e-03 -3.454300e-03 -4.079211e+01  3.953156e+01 -5.802257e+01
   2.542298e-03 -2.046087e-03 -3.219851e-03 -3.835340e+01  4.514625e+01 -5.381476e+01  2.111771e-03 -1.864594e-03 -2.842759e-03 -3.604703e+01  4.705752e+01 -5.217128e+01  1.678011e-03 -1.868238e-03 -2.360935e-03 -3.374326e+01  4.528397e+01
  -5.370023e+01  1.244209e-03 -1.965628e-03 -1.798017e-03 -3.131136e+01  3.980689e+01 -5.783578e+01  8.134573e-04 -2.049353e-03 -1.186480e-03 -2.866825e+01  3.083637e+01 -6.303766e+01  3.933777e-04 -2.036136e-03 -5.878534e-04 -2.580898e+01
   1.934287e+01 -6.744133e+01 -3.049106e-06 -1.899740e-03 -8.269743e-05 -2.279837e+01  7.214462e+00 -6.980250e+01 -3.620228e-04 -1.672483e-03  2.649333e-04 -1.973177e+01 -3.285448e+00 -7.013207e+01 -6.763352e-04 -1.411563e-03  4.353784e-04
  -1.667712e+01 -1.031935e+01 -6.948150e+01 -9.505697e-04 -1.158549e-03  4.521447e-04 -1.364942e+01 -1.286357e+01 -6.907083e+01 -1.200933e-03 -9.213438e-04  3.631338e-04 -1.062276e+01 -1.060857e+01 -6.943957e+01 -1.450553e-03 -6.831188e-04
   2.249243e-04 -7.569877e+00 -3.826402e+00 -7.010697e+01 -1.722773e-03 -4.249208e-04  9.393399e-05 -4.502541e+00  6.508874e+00 -6.987350e+01 -2.034391e-03 -1.447061e-04  1.555699e-05 -1.486285e+00  1.860448e+01 -6.764871e+01 -2.390760e-03]
 [-4.353205e+03 -3.698977e+02 -9.212343e-02 -2.565401e-02  2.986232e-01  1.321186e+01 -2.131194e-03  1.241327e-02  1.166104e+00 -1.881783e+02 -3.218586e+01 -3.683558e-03 -3.677407e-03  1.101394e-02  3.210639e+00 -1.813835e+02 -5.985939e+01
  -3.078706e-03 -4.397995e-03  9.688207e-03  6.261210e+00 -1.745910e+02 -7.769824e+01 -2.605829e-03 -4.344835e-03  8.632650e-03  9.841630e+00 -1.717266e+02 -8.392904e+01 -2.208176e-03 -3.669438e-03  7.865633e-03  1.343185e+01 -1.743947e+02
  -7.814431e+01 -1.811954e-03 -2.563442e-03  7.250033e-03  1.651121e+01 -1.811016e+02 -6.071950e+01 -1.343057e-03 -1.256705e-03  6.592929e-03  1.860078e+01 -1.879767e+02 -3.335931e+01 -7.438271e-04 -1.274437e-05  5.767569e-03  1.934287e+01
  -4.096222e+02 -3.049669e-10  1.276204e-05  9.308017e-04  4.788555e-03  1.859892e+01 -1.879501e+02  3.348768e+01  9.178847e-04  1.445997e-03  3.785380e-03  1.649687e+01 -1.809367e+02  6.119296e+01  1.935813e-03  1.544313e-03  2.899798e-03
   1.338665e+01 -1.739598e+02  7.909923e+01  3.022254e-03  1.331660e-03  2.197113e-03  9.742636e+00 -1.709776e+02  8.544456e+01  4.139140e-03  9.443184e-04  1.649109e-03  6.082696e+00 -1.736332e+02  7.982410e+01  5.256867e-03  5.158975e-04
   1.176364e-03  2.925719e+00 -1.804653e+02  6.258877e+01  6.346144e-03  1.700223e-04  7.096312e-04  7.506883e-01 -1.876066e+02  3.538610e+01  7.369486e-03  6.195055e-06  2.334338e-04 -8.182604e-02 -1.908607e+02  2.086486e+00  8.282643e-03]
 [ 3.698977e+02 -4.353205e+03  1.786522e-01 -2.272350e-01 -1.381592e-01 -2.896028e+03 -9.264077e-03 -6.353238e-03 -1.225657e+02  3.218586e+01 -1.881783e+02  7.343588e-03 -7.998537e-03 -6.625989e-03 -1.144746e+02  5.985939e+01 -1.813835e+02
   6.329929e-03 -7.048946e-03 -6.341883e-03 -1.066977e+02  7.769824e+01 -1.745910e+02  5.247078e-03 -6.519528e-03 -5.576722e-03 -9.914331e+01  8.392904e+01 -1.717266e+02  4.133502e-03 -6.336118e-03 -4.432644e-03 -9.159346e+01  7.814431e+01
  -1.743947e+02  3.019398e-03 -6.294943e-03 -3.015845e-03 -8.382753e+01  6.071950e+01 -1.811016e+02  1.934772e-03 -6.157830e-03 -1.473449e-03 -7.574770e+01  3.335931e+01 -1.879767e+02  9.177299e-04 -5.764520e-03 -1.579349e-05 -6.744133e+01
  -3.049669e-10 -2.783722e+02  1.276204e-05 -5.108715e-03  1.133401e-03 -5.913530e+01 -3.348768e+01 -1.879501e+02 -7.436054e-04 -4.318397e-03  1.829985e-03 -5.105913e+01 -6.119296e+01 -1.809367e+02 -1.341219e-03 -3.552042e-03  2.058904e-03
  -4.330593e+01 -7.909923e+01 -1.739598e+02 -1.805754e-03 -2.896894e-03  1.905357e-03 -3.578208e+01 -8.544456e+01 -1.709776e+02 -2.193995e-03 -2.336285e-03  1.496817e-03 -2.826574e+01 -7.982410e+01 -1.736332e+02 -2.579894e-03 -1.784357e-03
   9.706844e-04 -2.053094e+01 -6.258877e+01 -1.804653e+02 -3.037915e-03 -1.152143e-03  4.668374e-04 -1.247360e+01 -3.538610e+01 -1.876066e+02 -3.626350e-03 -4.054631e-04  1.093306e-04 -4.175775e+00 -2.086486e+00 -1.908607e+02 -4.373041e-03]
 [ 1.073343e-01 -1.701332e-01 -4.375000e+03 -2.587214e+02  2.888543e+03 -1.186758e-01 -2.169932e+01  1.206392e+02 -4.733009e-03  4.868512e-03 -6.615868e-03 -1.914062e+02 -3.886113e+01  1.077770e+02 -3.843740e-03  4.909881e-03 -5.042641e-03
  -1.914062e+02 -4.911136e+01  9.504770e+01 -3.014936e-03  4.521043e-03 -3.726801e-03 -1.914062e+02 -5.244817e+01  8.487119e+01 -2.257972e-03  3.810017e-03 -2.730924e-03 -1.914062e+02 -4.981870e+01  7.818738e+01 -1.574247e-03  2.902873e-03
  -1.995288e-03 -1.914062e+02 -4.242183e+01  7.428398e+01 -9.644456e-04  1.906734e-03 -1.383421e-03 -1.914062e+02 -3.167450e+01  7.134773e+01 -4.359170e-04  9.150016e-04 -7.472827e-04 -1.914062e+02 -1.947046e+01  6.744134e+01 -3.049106e-06
   1.276204e-05  1.276204e-05 -2.789062e+02 -8.057359e+00  6.149310e+01  3.194818e-04 -7.467436e-04  9.154092e-04 -1.914062e+02  6.405394e-01  5.369017e+01  5.253516e-04 -1.379799e-03  1.909095e-03 -1.914062e+02  5.696193e+00  4.501631e+01
   6.206083e-04 -1.984254e-03  2.909515e-03 -1.914062e+02  7.289297e+00  3.641384e+01  6.212608e-04 -2.708273e-03  3.824085e-03 -1.914062e+02  6.334493e+00  2.825670e+01  5.480053e-04 -3.690897e-03  4.546928e-03 -1.914062e+02  4.054609e+00
   2.037092e+01  4.221702e-04 -4.996578e-03  4.952268e-03 -1.914062e+02  1.691676e+00  1.239937e+01  2.637015e-04 -6.567902e-03  4.929022e-03 -1.914062e+02  2.550900e-01  4.174629e+00  8.935531e-05 -8.234204e-03  4.463176e-03 -1.914062e+02]
 [ 3.563615e-02 -1.218853e-01 -1.841682e+02 -1.131320e+01  1.214821e+02 -8.258844e-02 -9.314109e-01  5.071905e+00 -3.486060e-03  1.983626e-03 -5.158774e-03 -8.057359e+00 -1.652693e+00  4.527858e+00 -3.241969e-03  2.693015e-03 -4.775793e-03
  -8.057359e+00 -2.083201e+00  3.990375e+00 -3.013747e-03  3.121050e-03 -4.451637e-03 -8.057359e+00 -2.223274e+00  3.561425e+00 -2.797098e-03  3.243945e-03 -4.302676e-03 -8.057359e+00 -2.112949e+00  3.280589e+00 -2.583701e-03  3.063916e-03
  -4.371321e-03 -8.057359e+00 -1.802540e+00  3.117872e+00 -2.365134e-03  2.588245e-03 -4.610016e-03 -8.057359e+00 -1.351282e+00  2.996842e+00 -2.136748e-03  1.847630e-03 -4.900618e-03 -8.057359e+00 -8.384159e-01  2.835634e+00 -1.899740e-03
   9.308017e-04 -5.108715e-03 -8.057359e+00 -3.586243e-01  2.588588e+00 -1.660126e-03 -1.180720e-05 -5.155711e-03 -8.057359e+00  8.073481e-03  2.262971e+00 -1.424943e-03 -8.142506e-04 -5.061175e-03 -8.057359e+00  2.212671e-01  1.899725e+00
  -1.198138e-03 -1.353013e-03 -4.919574e-03 -8.057359e+00  2.885121e-01  1.538276e+00 -9.788498e-04 -1.567877e-03 -4.832174e-03 -8.057359e+00  2.481562e-01  1.194296e+00 -7.627959e-04 -1.445850e-03 -4.845438e-03 -8.057359e+00  1.518128e-01
   8.605228e-01 -5.455628e-04 -1.006161e-03 -4.927256e-03 -8.057359e+00  5.211777e-02  5.221517e-01 -3.258644e-04 -3.093434e-04 -4.986812e-03 -8.057359e+00 -8.092336e-03  1.725904e-01 -1.069538e-04  5.277338e-04 -4.931233e-03 -8.057359e+00]
 [ 7.261797e-02  8.988944e-02  1.405557e+03  8.323224e+01 -9.284246e+02  5.507538e-02  6.977812e+00 -3.877571e+01  2.222601e-03  2.969094e-03  4.055089e-03  6.149310e+01  1.249399e+01 -3.464232e+01  1.837240e-03  2.620273e-03  4.204027e-03
   6.149310e+01  1.578872e+01 -3.055181e+01  1.447911e-03  2.468328e-03  4.188727e-03  6.149310e+01  1.686130e+01 -2.728201e+01  1.069683e-03  2.587706e-03  4.008162e-03  6.149310e+01  1.601601e+01 -2.513507e+01  7.147650e-04  2.980612e-03
   3.642474e-03  6.149310e+01  1.363802e+01 -2.388199e+01  3.951376e-04  3.572888e-03  3.048345e-03  6.149310e+01  1.018265e+01 -2.293981e+01  1.246074e-04  4.227185e-03  2.197952e-03  6.149310e+01  6.258626e+00 -2.168568e+01 -8.269743e-05
   4.788555e-03  1.133401e-03  6.149310e+01  2.588588e+00 -1.977542e+01 -2.172273e-04  5.158761e-03 -1.485658e-05  6.149310e+01 -2.086373e-01 -1.726794e+01 -2.787926e-04  5.351150e-03 -1.071553e-03  6.149310e+01 -1.834753e+00 -1.448091e+01
  -2.775704e-04  5.476870e-03 -1.884150e-03  6.149310e+01 -2.347247e+00 -1.171701e+01 -2.311778e-04  5.672411e-03 -2.355072e-03  6.149310e+01 -2.039897e+00 -9.096530e+00 -1.605959e-04  6.021283e-03 -2.430348e-03  6.149310e+01 -1.305621e+00
  -6.563435e+00 -8.705925e-05  6.509595e-03 -2.087090e-03  6.149310e+01 -5.436777e-01 -4.002640e+00 -2.962819e-05  7.031612e-03 -1.354025e-03  6.149310e+01 -7.880965e-02 -1.360014e+00 -2.252522e-06  7.450204e-03 -3.488422e-04  6.149310e+01]
 [ 5.387843e+02 -1.312650e+03  7.156653e-02 -6.746019e-02 -7.670137e-02 -8.989613e+02 -2.625994e-03 -3.378282e-03 -3.810560e+01  2.830812e+01 -5.516443e+01  2.950867e-03 -2.054829e-03 -3.304973e-03 -3.579809e+01  3.621975e+01 -5.036276e+01
   2.577881e-03 -1.673486e-03 -3.066561e-03 -3.368592e+01  4.108463e+01 -4.652006e+01  2.196318e-03 -1.509192e-03 -2.709701e-03 -3.169433e+01  4.273593e+01 -4.502551e+01  1.812566e-03 -1.522623e-03 -2.269376e-03 -2.970511e+01  4.120371e+01
  -4.641580e+01  1.428790e-03 -1.629982e-03 -1.763933e-03 -2.759915e+01  3.645875e+01 -5.019159e+01  1.047065e-03 -1.732726e-03 -1.217137e-03 -2.529950e+01  2.865204e+01 -5.498765e+01  6.735790e-04 -1.752385e-03 -6.785829e-04 -2.279837e+01
   1.859892e+01 -5.913530e+01  3.194818e-04 -1.660126e-03 -2.172273e-04 -2.015297e+01  7.939166e+00 -6.149311e+01 -3.049821e-06 -1.479946e-03  1.093395e-04 -1.744557e+01 -1.327780e+00 -6.201988e+01 -2.873889e-04 -1.260535e-03  2.810044e-04
  -1.474044e+01 -7.555277e+00 -6.160313e+01 -5.371741e-04 -1.039551e-03  3.162303e-04 -1.205435e+01 -9.811753e+00 -6.129751e+01 -7.662890e-04 -8.266370e-04  2.566300e-04 -9.369035e+00 -7.811675e+00 -6.157259e+01 -9.947599e-04 -6.102418e-04
   1.527875e-04 -6.665046e+00 -1.806156e+00 -6.200986e+01 -1.242804e-03 -3.769013e-04  5.536730e-05 -3.956812e+00  7.317529e+00 -6.157165e+01 -1.524826e-03 -1.273786e-04  4.587014e-06 -1.304890e+00  1.795138e+01 -5.933505e+01 -1.845143e-03]
 [-4.221665e+03 -1.127986e+03 -7.677621e-02 -6.615802e-02  2.813049e-01 -4.950857e+02 -3.810244e-03  1.158858e-02 -2.035535e+01 -1.796506e+02 -6.470817e+01 -3.100316e-03 -5.179035e-03  1.011165e-02 -1.692258e+01 -1.681047e+02 -9.076595e+01
  -2.682566e-03 -5.762773e-03  8.805403e-03 -1.255428e+01 -1.582864e+02 -1.071400e+02 -2.406909e-03 -5.630819e-03  7.859760e-03 -7.703291e+00 -1.543727e+02 -1.127729e+02 -2.210715e-03 -4.923121e-03  7.278616e-03 -2.843446e+00 -1.580149e+02
  -1.075448e+02 -2.016024e-03 -3.797402e-03  6.905480e-03  1.551272e+00 -1.676761e+02 -9.156342e+01 -1.744599e-03 -2.443854e-03  6.517360e-03  5.026420e+00 -1.792463e+02 -6.582830e+01 -1.332978e-03 -1.101376e-03  5.944832e-03  7.214462e+00
  -1.879501e+02 -3.348768e+01 -7.467436e-04 -1.180720e-05  5.158761e-03  7.939166e+00 -4.096981e+02 -3.050115e-10  1.182123e-05  6.687648e-04  4.262110e-03  7.286221e+00 -1.889028e+02  2.851162e+01  9.093176e-04  9.201443e-04  3.395737e-03
   5.583878e+00 -1.851743e+02  4.736783e+01  1.897626e-03  8.320285e-04  2.642644e-03  3.315679e+00 -1.833510e+02  5.413923e+01  2.929298e-03  5.451740e-04  1.998898e-03  1.030478e+00 -1.849799e+02  4.813890e+01  3.962210e-03  2.110743e-04
   1.409708e-03 -7.211329e-01 -1.886835e+02  2.996876e+01  4.954454e-03 -2.798828e-05  8.300056e-04 -1.449241e+00 -1.909429e+02  1.929630e+00  5.858890e-03 -6.402157e-05  2.656514e-04 -8.131946e-01 -1.883049e+02 -3.143112e+01  6.627065e-03]
 [ 1.127986e+03 -4.221665e+03  2.127675e-01 -2.180320e-01 -2.020950e-01 -2.854011e+03 -8.645738e-03 -9.004283e-03 -1.208939e+02  6.470817e+01 -1.796506e+02  8.782511e-03 -7.047145e-03 -8.966534e-03 -1.132854e+02  9.076595e+01 -1.681047e+02
   7.678251e-03 -5.937198e-03 -8.393990e-03 -1.061627e+02  1.071400e+02 -1.582864e+02  6.529014e-03 -5.409433e-03 -7.407230e-03 -9.935220e+01  1.127729e+02 -1.543727e+02  5.362719e-03 -5.359759e-03 -6.114492e-03 -9.254782e+01  1.075448e+02
  -1.580149e+02  4.196155e-03 -5.548234e-03 -4.592921e-03 -8.544104e+01  9.156342e+01 -1.676761e+02  3.045868e-03 -5.693302e-03 -2.944967e-03 -7.785151e+01  6.582830e+01 -1.792463e+02  1.939263e-03 -5.581968e-03 -1.346349e-03 -6.980250e+01
   3.348768e+01 -1.879501e+02  9.154092e-04 -5.155711e-03 -1.485658e-05 -6.149311e+01 -3.050115e-10 -2.784481e+02  1.182123e-05 -4.509009e-03  8.839627e-04 -5.317177e+01 -2.851162e+01 -1.889028e+02 -7.552344e-04 -3.795542e-03  1.305764e-03
  -4.499159e+01 -4.736783e+01 -1.851743e+02 -1.403269e-03 -3.120648e-03  1.318528e-03 -3.694360e+01 -5.413923e+01 -1.833510e+02 -1.981520e-03 -2.496149e-03  1.050959e-03 -2.890020e+01 -4.813890e+01 -1.849799e+02 -2.557611e-03 -1.866725e-03
   6.531106e-04 -2.072994e+01 -2.996876e+01 -1.886835e+02 -3.199729e-03 -1.172334e-03  2.765575e-04 -1.241434e+01 -1.929631e+00 -1.909429e+02 -3.958696e-03 -4.015490e-04  4.696186e-05 -4.097492e+00  3.143112e+01 -1.883049e+02 -4.854167e-03]
 [ 1.294431e-01 -1.856295e-01 -4.375000e+03 -2.587214e+02  2.888543e+03 -1.302145e-01 -2.169932e+01  1.206392e+02 -5.224229e-03  5.888402e-03 -7.208934e-03 -1.914062e+02 -3.886113e+01  1.077770e+02 -4.312593e-03  6.007213e-03 -5.477553e-03
  -1.914062e+02 -4.911136e+01  9.504770e+01 -3.467436e-03  5.656853e-03 -4.050203e-03 -1.914062e+02 -5.244817e+01  8.487119e+01 -2.697515e-03  4.956936e-03 -3.013429e-03 -1.914062e+02 -4.981870e+01  7.818738e+01 -2.000898e-03  4.039521e-03
  -2.315797e-03 -1.914062e+02 -4.242183e+01  7.428398e+01 -1.374925e-03  3.006136e-03 -1.813136e-03 -1.914062e+02 -3.167450e+01  7.134772e+01 -8.242872e-04  1.938586e-03 -1.333985e-03 -1.914062e+02 -1.947046e+01  6.744134e+01 -3.620228e-04
   9.178847e-04 -7.436054e-04 -1.914062e+02 -8.057359e+00  6.149310e+01 -3.049821e-06  1.182123e-05  1.182123e-05 -2.789062e+02  6.405394e-01  5.369017e+01  2.447913e-04 -7.642796e-04  9.019199e-04 -1.914062e+02  5.696193e+00  4.501631e+01
   3.855204e-04 -1.472777e-03  1.845075e-03 -1.914062e+02  7.289297e+00  3.641384e+01  4.332675e-04 -2.236082e-03  2.741372e-03 -1.914062e+02  6.334493e+00  2.825670e+01  4.071525e-04 -3.183840e-03  3.480344e-03 -1.914062e+02  4.054609e+00
   2.037092e+01  3.269386e-04 -4.388825e-03  3.940341e-03 -1.914062e+02  1.691676e+00  1.239937e+01  2.107127e-04 -5.818489e-03  4.017793e-03 -1.914062e+02  2.550900e-01  4.174629e+00  7.319603e-05 -7.337404e-03  3.696960e-03 -1.914062e+02]
 [ 4.098918e-02 -9.511664e-02  1.464090e+01  4.650020e-01 -9.841117e+00 -6.522981e-02  5.580995e-02 -4.128021e-01 -2.766214e-03  2.137521e-03 -3.991427e-03  6.405396e-01  1.147731e-01 -3.721644e-01 -2.601600e-03  2.712001e-03 -3.633312e-03
   6.405395e-01  1.502913e-01 -3.310393e-01 -2.451526e-03  3.065434e-03 -3.348892e-03  6.405395e-01  1.619292e-01 -2.974824e-01 -2.310270e-03  3.187081e-03 -3.240217e-03  6.405395e-01  1.526913e-01 -2.746523e-01 -2.168945e-03  3.079455e-03
  -3.346868e-03  6.405395e-01  1.267434e-01 -2.601528e-01 -2.018607e-03  2.739374e-03 -3.632662e-03  6.405394e-01  8.924861e-02 -2.479534e-01 -1.853381e-03  2.175773e-03 -3.997617e-03  6.405394e-01  4.706394e-02 -2.318112e-01 -1.672483e-03
   1.445997e-03 -4.318397e-03  6.405394e-01  8.073481e-03 -2.086373e-01 -1.479946e-03  6.687648e-04 -4.509009e-03  6.405394e-01 -2.160733e-02 -1.796737e-01 -1.281915e-03 -9.063322e-06 -4.563555e-03  6.405393e-01 -3.808871e-02 -1.487256e-01
  -1.083172e-03 -4.650146e-04 -4.544711e-03  6.405393e-01 -4.334074e-02 -1.192404e-01 -8.852517e-04 -6.287433e-04 -4.528374e-03  6.405393e-01 -4.021703e-02 -9.256051e-02 -6.871333e-04 -4.781771e-04 -4.548294e-03  6.405393e-01 -3.268249e-02
  -6.802367e-02 -4.877119e-04 -3.211016e-05 -4.573649e-03  6.405393e-01 -2.457978e-02 -4.415456e-02 -2.883336e-04  6.426921e-04 -4.529051e-03  6.405392e-01 -1.901314e-02 -1.989150e-02 -9.364784e-05  1.426303e-03 -4.348837e-03  6.405392e-01]
 [ 5.275347e-02  9.688370e-02  1.227204e+03  7.274695e+01 -8.106480e+02  6.087093e-02  6.095824e+00 -3.385654e+01  2.482879e-03  2.060662e-03  4.302376e-03  5.369017e+01  1.091218e+01 -3.024712e+01  2.115010e-03  1.648338e-03  4.345149e-03
   5.369017e+01  1.378888e+01 -2.667530e+01  1.747146e-03  1.451207e-03  4.264915e-03  5.369017e+01  1.472537e+01 -2.382027e+01  1.391053e-03  1.533939e-03  4.081738e-03  5.369017e+01  1.398733e+01 -2.194588e+01  1.055353e-03  1.896929e-03
   3.786188e-03  5.369017e+01  1.191105e+01 -2.085216e+01  7.484546e-04  2.476873e-03  3.333089e-03  5.369017e+01  8.894006e+00 -2.003005e+01  4.809884e-04  3.154363e-03  2.677573e-03  5.369017e+01  5.467658e+00 -1.893564e+01  2.649333e-04
   3.785380e-03  1.829985e-03  5.369017e+01  2.262971e+00 -1.726794e+01  1.093395e-04  4.262110e-03  8.839627e-04  5.369017e+01 -1.796737e-01 -1.507985e+01  1.564866e-05  4.566606e-03 -1.211374e-05  5.369017e+01 -1.599725e+00 -1.264627e+01
  -2.388889e-05  4.769672e-03 -7.152104e-04  5.369017e+01 -2.047293e+00 -1.023317e+01 -2.408403e-05  4.974519e-03 -1.126358e-03  5.369017e+01 -1.778849e+00 -7.945130e+00 -3.159167e-06  5.248873e-03 -1.192037e-03  5.369017e+01 -1.137480e+00
  -5.733233e+00  2.042575e-05  5.585177e-03 -8.979711e-04  5.369017e+01 -4.718612e-01 -3.496988e+00  3.056349e-05  5.906383e-03 -2.828560e-04  5.369017e+01 -6.563255e-02 -1.189159e+00  1.618334e-05  6.118500e-03  5.400982e-04  5.369017e+01]
 [ 4.751918e+02 -1.132531e+03  6.770758e-02 -5.784671e-02 -7.068088e-02 -7.762792e+02 -2.233988e-03 -3.102807e-03 -3.290676e+01  2.487389e+01 -4.755670e+01  2.805848e-03 -1.714900e-03 -3.019489e-03 -3.091909e+01  3.168942e+01 -4.334729e+01
   2.482413e-03 -1.370623e-03 -2.793969e-03 -2.910237e+01  3.587431e+01 -3.998846e+01  2.151875e-03 -1.224548e-03 -2.470138e-03 -2.739100e+01  3.729352e+01 -3.868372e+01  1.819620e-03 -1.241136e-03 -2.079470e-03 -2.568168e+01  3.597668e+01
  -3.989741e+01  1.487348e-03 -1.346030e-03 -1.636559e-03 -2.387041e+01  3.189513e+01 -4.319752e+01  1.156679e-03 -1.451771e-03 -1.159114e-03 -2.188962e+01  2.517038e+01 -4.740137e+01  8.328255e-04 -1.487533e-03 -6.871351e-04 -1.973177e+01
   1.649687e+01 -5.105913e+01  5.253516e-04 -1.424943e-03 -2.787926e-04 -1.744557e+01  7.286221e+00 -5.317177e+01  2.447913e-04 -1.281915e-03  1.564866e-05 -1.510392e+01 -7.312225e-01 -5.369018e+01 -3.051228e-06 -1.099305e-03  1.772148e-04
  -1.276065e+01 -6.124234e+00 -5.337144e+01 -2.212162e-04 -9.101036e-04  2.204669e-04 -1.043304e+01 -8.079383e+00 -5.312212e+01 -4.216037e-04 -7.241432e-04  1.809104e-04 -8.106067e+00 -6.346365e+00 -5.334673e+01 -6.214370e-04 -5.333534e-04
   1.026285e-04 -5.764121e+00 -1.145348e+00 -5.368473e+01 -8.381047e-04 -3.280135e-04  2.998978e-05 -3.420762e+00  6.748693e+00 -5.324395e+01 -1.083960e-03 -1.103282e-04 -2.027863e-06 -1.129106e+00  1.593773e+01 -5.123638e+01 -1.362626e-03]
 [-4.008020e+03 -1.746266e+03 -6.196113e-02 -9.905632e-02  2.598527e-01 -9.159323e+02 -5.148550e-03  1.061016e-02 -3.818872e+01 -1.680643e+02 -9.083979e+01 -2.533477e-03 -6.333717e-03  9.102419e-03 -3.365666e+01 -1.527513e+02 -1.148945e+02
  -2.285085e-03 -6.787119e-03  7.843935e-03 -2.827161e+01 -1.405932e+02 -1.296271e+02 -2.183980e-03 -6.591333e-03  7.014410e-03 -2.245566e+01 -1.358804e+02 -1.346152e+02 -2.164035e-03 -5.873115e-03  6.605359e-03 -1.663187e+01 -1.402642e+02
  -1.299870e+02 -2.145616e-03 -4.757540e-03  6.447555e-03 -1.122306e+01 -1.522082e+02 -1.156194e+02 -2.048854e-03 -3.396481e-03  6.297726e-03 -6.651900e+00 -1.674971e+02 -9.188754e+01 -1.806876e-03 -2.002171e-03  5.954158e-03 -3.285448e+00
  -1.809367e+02 -6.119296e+01 -1.379799e-03 -8.142506e-04  5.351150e-03 -1.327780e+00 -1.889028e+02 -2.851162e+01 -7.642796e-04 -9.063322e-06  4.566606e-03 -7.312225e-01 -4.098867e+02 -3.051228e-10  9.069752e-06  3.666982e-04  3.737251e-03
  -1.193899e+00 -1.902636e+02  1.921097e+01  8.900298e-04  3.867722e-04  2.959175e-03 -2.236108e+00 -1.894709e+02  2.618208e+01  1.824310e-03  1.923583e-04  2.249228e-03 -3.295825e+00 -1.901864e+02  2.000281e+01  2.760138e-03 -5.344353e-05
   1.574901e-03 -3.808721e+00 -1.911373e+02  1.474274e+00  3.645875e-03 -1.958630e-04  9.127919e-04 -3.287379e+00 -1.891858e+02 -2.660188e+01  4.427298e-03 -1.222570e-04  2.867809e-04 -1.416306e+00 -1.815947e+02 -5.921140e+01  5.053536e-03]
 [ 1.746266e+03 -4.008020e+03  2.423408e-01 -2.046124e-01 -2.553949e-01 -2.749516e+03 -7.883078e-03 -1.120040e-02 -1.165596e+02  9.083979e+01 -1.680643e+02  1.004336e-02 -6.017248e-03 -1.088258e-02 -1.095452e+02  1.148945e+02 -1.527513e+02
   8.888548e-03 -4.784260e-03 -1.006181e-02 -1.031511e+02  1.296271e+02 -1.405932e+02  7.710461e-03 -4.266301e-03 -8.896994e-03 -9.713779e+01  1.346152e+02 -1.358804e+02  6.527364e-03 -4.335084e-03 -7.500180e-03 -9.113195e+01  1.299870e+02
  -1.402642e+02  5.344225e-03 -4.724099e-03 -5.921002e-03 -8.475749e+01  1.156194e+02 -1.522082e+02  4.165730e-03 -5.119803e-03 -4.219063e-03 -7.776815e+01  9.188754e+01 -1.674971e+02  3.009517e-03 -5.266988e-03 -2.533876e-03 -7.013207e+01
   6.119296e+01 -1.809367e+02  1.909095e-03 -5.061175e-03 -1.071553e-03 -6.201988e+01  2.851162e+01 -1.889028e+02  9.019199e-04 -4.563555e-03 -1.211374e-05 -5.369018e+01 -3.051315e-10 -2.786367e+02  9.069752e-06 -3.918825e-03  5.749550e-04
  -4.534344e+01 -1.921097e+01 -1.902636e+02 -7.795939e-04 -3.245427e-03  7.401202e-04 -3.704297e+01 -2.618208e+01 -1.894709e+02 -1.505696e-03 -2.580335e-03  6.095523e-04 -2.874451e+01 -2.000281e+01 -1.901864e+02 -2.229847e-03 -1.897142e-03
   3.406905e-04 -2.040022e+01 -1.474274e+00 -1.911373e+02 -3.013245e-03 -1.163481e-03  9.187857e-05 -1.206498e+01  2.660188e+01 -1.891858e+02 -3.899130e-03 -3.888772e-04 -1.266177e-05 -3.932180e+00  5.921140e+01 -1.815947e+02 -4.899709e-03]
 [ 1.538170e-01 -1.972866e-01 -4.375000e+03 -2.587214e+02  2.888543e+03 -1.393523e-01 -2.169932e+01  1.206391e+02 -5.614196e-03  6.992737e-03 -7.626464e-03 -1.914062e+02 -3.886113e+01  1.077770e+02 -4.688131e-03  7.161955e-03 -5.726225e-03
  -1.914062e+02 -4.911136e+01  9.504770e+01 -3.834894e-03  6.831224e-03 -4.182473e-03 -1.914062e+02 -5.244817e+01  8.487119e+01 -3.060415e-03  6.135539e-03 -3.103501e-03 -1.914062e+02 -4.981870e+01  7.818738e+01 -2.359306e-03  5.214241e-03
  -2.445074e-03 -1.914062e+02 -4.242183e+01  7.428398e+01 -1.725441e-03  4.162068e-03 -2.056339e-03 -1.914062e+02 -3.167450e+01  7.134772e+01 -1.160649e-03  3.045520e-03 -1.744627e-03 -1.914062e+02 -1.947046e+01  6.744134e+01 -6.763352e-04
   1.935813e-03 -1.341219e-03 -1.914062e+02 -8.057359e+00  6.149310e+01 -2.873889e-04  9.093176e-04 -7.552344e-04 -1.914062e+02  6.405393e-01  5.369017e+01 -3.051228e-06  9.069752e-06  9.069752e-06 -2.789062e+02  5.696193e+00  4.501631e+01
   1.785397e-04 -7.926993e-04  8.785745e-04 -1.914062e+02  7.289297e+00  3.641384e+01  2.692774e-04 -1.591776e-03  1.750369e-03 -1.914062e+02  6.334493e+00  2.825670e+01  2.862144e-04 -2.507774e-03  2.511001e-03 -1.914062e+02  4.054609e+00
   2.037092e+01  2.470540e-04 -3.622360e-03  3.041523e-03 -1.914062e+02  1.691676e+00  1.239937e+01  1.676549e-04 -4.928769e-03  3.241688e-03 -1.914062e+02  2.550900e-01  4.174629e+00  6.055822e-05 -6.326070e-03  3.088255e-03 -1.914062e+02]
 [ 3.891832e-02 -7.294583e-02  1.301987e+02  7.318047e+00 -8.617629e+01 -5.046869e-02  6.299484e-01 -3.600917e+00 -2.149462e-03  1.976905e-03 -3.044175e-03  5.696193e+00  1.142445e+00 -3.220383e+00 -2.041905e-03  2.435622e-03 -2.740604e-03
   5.696193e+00  1.448847e+00 -2.842908e+00 -1.946549e-03  2.724160e-03 -2.509003e-03  5.696193e+00  1.548669e+00 -2.540507e+00 -1.857493e-03  2.838080e-03 -2.434918e-03  5.696193e+00  1.469934e+00 -2.341182e+00 -1.766422e-03  2.779029e-03
  -2.553272e-03  5.696193e+00  1.248472e+00 -2.223708e+00 -1.664987e-03  2.538718e-03 -2.837294e-03  5.696193e+00  9.268740e-01 -2.134117e+00 -1.547268e-03  2.114765e-03 -3.205576e-03  5.696193e+00  5.620391e-01 -2.014944e+00 -1.411563e-03
   1.544313e-03 -3.552042e-03  5.696193e+00  2.212671e-01 -1.834753e+00 -1.260535e-03  9.201443e-04 -3.795542e-03  5.696193e+00 -3.808871e-02 -1.599725e+00 -1.099305e-03  3.666982e-04 -3.918825e-03  5.696193e+00 -1.889996e-01 -1.339672e+00
  -9.326212e-04 -4.967989e-06 -3.963686e-03  5.696193e+00 -2.360511e-01 -1.082963e+00 -7.630642e-04 -1.256266e-04 -3.986764e-03  5.696193e+00 -2.076455e-01 -8.408314e-01 -5.913185e-04  2.969027e-05 -4.012204e-03  5.696193e+00 -1.397052e-01
  -6.080068e-01 -4.180189e-04  4.445452e-04 -4.011914e-03  5.696193e+00 -6.890857e-02 -3.735510e-01 -2.457046e-04  1.055275e-03 -3.923957e-03  5.696193e+00 -2.507280e-02 -1.319550e-01 -7.932436e-05  1.750823e-03 -3.701157e-03  5.696193e+00]
 [ 3.696439e-02  9.266429e-02  1.028944e+03  6.106209e+01 -6.797299e+02  5.902132e-02  5.114134e+00 -2.838861e+01  2.420543e-03  1.369128e-03  4.078257e-03  4.501631e+01  9.152614e+00 -2.536182e+01  2.092783e-03  9.571195e-04  4.055715e-03
   4.501631e+01  1.156468e+01 -2.236670e+01  1.767337e-03  7.525625e-04  3.944164e-03  4.501631e+01  1.234991e+01 -1.997279e+01  1.453133e-03  8.089173e-04  3.773763e-03  4.501631e+01  1.173107e+01 -1.840133e+01  1.156053e-03  1.125332e-03
   3.541598e-03  4.501631e+01  9.990113e+00 -1.748464e+01  8.817946e-04  1.649842e-03  3.205148e-03  4.501631e+01  7.460270e+00 -1.679583e+01  6.383128e-04  2.283202e-03  2.713710e-03  4.501631e+01  4.587115e+00 -1.587874e+01  4.353784e-04
   2.899798e-03  2.058904e-03  4.501631e+01  1.899725e+00 -1.448091e+01  2.810044e-04  3.395737e-03  1.305764e-03  4.501631e+01 -1.487256e-01 -1.264627e+01  1.772148e-04  3.737251e-03  5.749550e-04  4.501631e+01 -1.339672e+00 -1.060683e+01
   1.182705e-04  3.966738e-03 -8.019515e-06  4.501631e+01 -1.715052e+00 -8.583195e+00  9.217700e-05  4.160211e-03 -3.518300e-04  4.501631e+01 -1.489872e+00 -6.664749e+00  8.378932e-05  4.370983e-03 -4.076698e-04  4.501631e+01 -9.518180e-01
  -4.810022e+00  7.775324e-05  4.595781e-03 -1.670800e-04  4.501631e+01 -3.933110e-01 -2.934738e+00  6.096527e-05  4.780082e-03  3.292312e-04  4.501631e+01 -5.227462e-02 -9.993009e-01  2.488670e-05  4.861743e-03  9.803679e-04  4.501631e+01]
 [ 3.892321e+02 -9.617321e+02  6.113402e-02 -4.890274e-02 -6.164594e-02 -6.584277e+02 -1.881461e-03 -2.702729e-03 -2.790917e+01  2.050018e+01 -4.043739e+01  2.543097e-03 -1.430402e-03 -2.624695e-03 -2.621683e+01  2.630233e+01 -3.695492e+01
   2.270692e-03 -1.131322e-03 -2.425950e-03 -2.466631e+01  2.987330e+01 -3.416268e+01  1.991846e-03 -1.004219e-03 -2.145315e-03 -2.320345e+01  3.108609e+01 -3.307582e+01  1.711304e-03 -1.018564e-03 -1.810284e-03 -2.174230e+01  2.996075e+01
  -3.408687e+01  1.430742e-03 -1.110802e-03 -1.433017e-03 -2.019630e+01  2.647770e+01 -3.683062e+01  1.151772e-03 -1.206189e-03 -1.027482e-03 -1.850966e+01  2.075228e+01 -4.030937e+01  8.789941e-04 -1.243757e-03 -6.262314e-04 -1.667712e+01
   1.338665e+01 -4.330593e+01  6.206083e-04 -1.198138e-03 -2.775704e-04 -1.474044e+01  5.583878e+00 -4.499159e+01  3.855204e-04 -1.083172e-03 -2.388889e-05 -1.276065e+01 -1.193899e+00 -4.534344e+01  1.785397e-04 -9.326212e-04  1.182705e-04
  -1.078388e+01 -5.745873e+00 -4.501632e+01 -3.052571e-06 -7.742960e-04  1.606018e-04 -8.820828e+00 -7.394683e+00 -4.478474e+01 -1.694704e-04 -6.169396e-04  1.327859e-04 -6.858801e+00 -5.933239e+00 -4.499306e+01 -3.354155e-04 -4.544037e-04
   7.211755e-05 -4.882484e+00 -1.543646e+00 -4.533439e+01 -5.157289e-04 -2.791897e-04  1.633353e-05 -2.901854e+00  5.129062e+00 -4.504679e+01 -7.210066e-04 -9.377665e-05 -4.797089e-06 -9.608201e-01  1.291245e+01 -4.344965e+01 -9.544629e-04]
 [-3.814196e+03 -2.141132e+03 -5.566670e-02 -1.202542e-01  2.451090e-01 -1.188100e+03 -6.008347e-03  9.941834e-03 -4.972958e+01 -1.581664e+02 -1.073168e+02 -2.315095e-03 -7.072533e-03  8.418992e-03 -4.451321e+01 -1.405056e+02 -1.297225e+02
  -2.183907e-03 -7.442921e-03  7.195373e-03 -3.851009e+01 -1.269223e+02 -1.431659e+02 -2.201672e-03 -7.209962e-03  6.444038e-03 -3.211632e+01 -1.217297e+02 -1.476576e+02 -2.300730e-03 -6.490911e-03  6.149220e-03 -2.571548e+01 -1.265586e+02
  -1.434911e+02 -2.401311e-03 -5.388514e-03  6.134490e-03 -1.969070e+01 -1.398922e+02 -1.303896e+02 -2.423441e-03 -4.028376e-03  6.144093e-03 -1.443792e+01 -1.574964e+02 -1.083028e+02 -2.298778e-03 -2.604052e-03  5.955090e-03 -1.031935e+01
  -1.739598e+02 -7.909923e+01 -1.984254e-03 -1.353013e-03  5.476870e-03 -7.555277e+00 -1.851743e+02 -4.736783e+01 -1.472777e-03 -4.650146e-04  4.769672e-03 -6.124234e+00 -1.902636e+02 -1.921097e+01 -7.926993e-04 -4.967989e-06  3.966738e-03
  -5.745873e+00 -4.100754e+02 -3.052379e-10  4.968823e-06  8.937737e-05  3.172744e-03 -5.949049e+00 -1.912370e+02  7.018938e+00  8.620010e-04 -4.130460e-05  2.418710e-03 -6.169855e+00 -1.913281e+02  7.959753e-01  1.720771e-03 -2.268769e-04
   1.687373e-03 -5.841730e+00 -1.904124e+02 -1.774350e+01  2.523723e-03 -3.048149e-04  9.698523e-04 -4.485003e+00 -1.856479e+02 -4.549525e+01  3.212538e-03 -1.597146e-04  3.017041e-04 -1.805056e+00 -1.748140e+02 -7.719285e+01  3.735348e-03]
 [ 2.141132e+03 -3.814196e+03  2.673576e-01 -1.925452e-01 -2.934820e-01 -2.644897e+03 -7.230911e-03 -1.276428e-02 -1.121889e+02  1.073168e+02 -1.581664e+02  1.112258e-02 -5.176438e-03 -1.223789e-02 -1.056620e+02  1.297225e+02 -1.405056e+02
   9.948076e-03 -3.856895e-03 -1.123648e-02 -9.983833e+01  1.431659e+02 -1.269223e+02  8.765208e-03 -3.345806e-03 -9.947335e-03 -9.443708e+01  1.476576e+02 -1.217297e+02  7.585511e-03 -3.498420e-03 -8.485392e-03 -8.904402e+01  1.434911e+02
  -1.265586e+02  6.405925e-03 -4.031422e-03 -6.879815e-03 -8.324231e+01  1.303896e+02 -1.398922e+02  5.223088e-03 -4.610994e-03 -5.157238e-03 -7.674434e+01  1.083028e+02 -1.574964e+02  4.047835e-03 -4.953148e-03 -3.427452e-03 -6.948150e+01
   7.909923e+01 -1.739598e+02  2.909515e-03 -4.919574e-03 -1.884150e-03 -6.160313e+01  4.736783e+01 -1.851743e+02  1.845075e-03 -4.544711e-03 -7.152104e-04 -5.337144e+01  1.921097e+01 -1.902636e+02  8.785745e-04 -3.963686e-03 -8.019515e-06
  -4.501632e+01 -3.052379e-10 -2.788254e+02  4.968823e-06 -3.302626e-03  2.737164e-04 -3.664901e+01 -7.018938e+00 -1.912370e+02 -8.117204e-04 -2.616690e-03  2.521972e-04 -2.828195e+01 -7.959754e-01 -1.913281e+02 -1.626623e-03 -1.901544e-03
   8.820165e-05 -1.992422e+01  1.774350e+01 -1.904124e+02 -2.495467e-03 -1.146174e-03 -5.667357e-05 -1.167945e+01  4.549525e+01 -1.856479e+02 -3.455845e-03 -3.759730e-04 -6.041296e-05 -3.771867e+00  7.719285e+01 -1.748140e+02 -4.514797e-03]
 [ 1.794956e-01 -2.057757e-01 -4.375000e+03 -2.587214e+02  2.888543e+03 -1.464758e-01 -2.169932e+01  1.206391e+02 -5.919127e-03  8.142176e-03 -7.901241e-03 -1.914062e+02 -3.886113e+01  1.077770e+02 -4.985008e-03  8.340070e-03 -5.826949e-03
  -1.914062e+02 -4.911136e+01  9.504770e+01 -4.130208e-03  8.014090e-03 -4.165126e-03 -1.914062e+02 -5.244817e+01  8.487119e+01 -3.357723e-03  7.317266e-03 -3.043718e-03 -1.914062e+02 -4.981870e+01  7.818738e+01 -2.658675e-03  6.397077e-03
  -2.424711e-03 -1.914062e+02 -4.242183e+01  7.428398e+01 -2.023437e-03  5.340670e-03 -2.151480e-03 -1.914062e+02 -3.167450e+01  7.134772e+01 -1.450875e-03  4.196668e-03 -2.012234e-03 -1.914062e+02 -1.947046e+01  6.744133e+01 -9.505697e-04
   3.022254e-03 -1.805754e-03 -1.914062e+02 -8.057359e+00  6.149310e+01 -5.371741e-04  1.897626e-03 -1.403269e-03 -1.914062e+02  6.405393e-01  5.369017e+01 -2.212162e-04  8.900298e-04 -7.795939e-04 -1.914062e+02  5.696193e+00  4.501631e+01
  -3.052571e-06  4.968823e-06  4.968823e-06 -2.789062e+02  7.289297e+00  3.641384e+01  1.267379e-04 -8.265249e-04  8.479035e-04 -1.914062e+02  6.334493e+00  2.825670e+01  1.828001e-04 -1.713729e-03  1.634064e-03 -1.914062e+02  4.054609e+00
   2.037092e+01  1.804338e-04 -2.747480e-03  2.246062e-03 -1.914062e+02  1.691676e+00  1.239937e+01  1.330244e-04 -3.947036e-03  2.583684e-03 -1.914062e+02  2.550900e-01  4.174629e+00  5.086119e-05 -5.244773e-03  2.611872e-03 -1.914062e+02]
 [ 3.190759e-02 -5.699736e-02  1.666125e+02  9.479459e+00 -1.102320e+02 -3.952523e-02  8.109563e-01 -4.605591e+00 -1.688050e-03  1.616345e-03 -2.378944e-03  7.289297e+00  1.466375e+00 -4.117937e+00 -1.613398e-03  1.987282e-03 -2.142609e-03
   7.289297e+00  1.858140e+00 -3.634464e+00 -1.548246e-03  2.225381e-03 -1.965144e-03  7.289297e+00  1.985751e+00 -3.247343e+00 -1.487442e-03  2.327017e-03 -1.916119e-03  7.289297e+00  1.885115e+00 -2.992406e+00 -1.423986e-03  2.292404e-03
  -2.024994e-03  7.289297e+00  1.602040e+00 -2.842493e+00 -1.350862e-03  2.112734e-03 -2.271681e-03  7.289297e+00  1.190911e+00 -2.728529e+00 -1.262957e-03  1.783306e-03 -2.591189e-03  7.289297e+00  7.243931e-01 -2.576903e+00 -1.158549e-03
   1.331660e-03 -2.896894e-03  7.289297e+00  2.885121e-01 -2.347247e+00 -1.039551e-03  8.320285e-04 -3.120648e-03  7.289297e+00 -4.334074e-02 -2.047293e+00 -9.101036e-04  3.867722e-04 -3.245427e-03  7.289297e+00 -2.360511e-01 -1.715052e+00
  -7.742960e-04  8.937737e-05 -3.302626e-03  7.289297e+00 -2.970880e-01 -1.386743e+00 -6.346343e-04 -1.511089e-07 -3.336488e-03  7.289297e+00 -2.603625e-01 -1.076718e+00 -4.921606e-04  1.410924e-04 -3.365087e-03  7.289297e+00 -1.733785e-01
  -7.782550e-01 -3.478855e-04  5.000388e-04 -3.363908e-03  7.289297e+00 -8.281318e-02 -4.774319e-01 -2.043383e-04  1.022509e-03 -3.281534e-03  7.289297e+00 -2.690469e-02 -1.673388e-01 -6.592388e-05  1.613986e-03 -3.080766e-03  7.289297e+00]
 [ 2.604789e-02  8.014001e-02  8.323163e+02  4.944813e+01 -5.499006e+02  5.139999e-02  4.139466e+00 -2.296626e+01  2.113247e-03  9.205923e-04  3.510384e-03  3.641384e+01  7.406567e+00 -2.051746e+01  1.839520e-03  5.578226e-04  3.462073e-03
   3.641384e+01  9.357904e+00 -1.809439e+01  1.568842e-03  3.752208e-04  3.349419e-03  3.641384e+01  9.993141e+00 -1.615784e+01  1.307951e-03  4.152041e-04  3.203132e-03  3.641384e+01  9.492503e+00 -1.488678e+01  1.060925e-03  6.763477e-04
   3.023188e-03  3.641384e+01  8.084034e+00 -1.414557e+01  8.316896e-04  1.117307e-03  2.773023e-03  3.641384e+01  6.037279e+00 -1.358880e+01  6.261844e-04  1.658672e-03  2.405430e-03  3.641384e+01  3.712678e+00 -1.284739e+01  4.521447e-04
   2.197113e-03  1.905357e-03  3.641384e+01  1.538276e+00 -1.171701e+01  3.162303e-04  2.642644e-03  1.318528e-03  3.641384e+01 -1.192404e-01 -1.023317e+01  2.204669e-04  2.959175e-03  7.401202e-04  3.641384e+01 -1.082963e+00 -8.583195e+00
   1.606018e-04  3.172744e-03  2.737164e-04  3.641384e+01 -1.386743e+00 -6.947083e+00  1.271836e-04  3.339541e-03 -3.203115e-06  3.641384e+01 -1.204475e+00 -5.394787e+00  1.080847e-04  3.500904e-03 -4.940836e-05  3.641384e+01 -7.688919e-01
  -3.894407e+00  9.100405e-05  3.655764e-03  1.403795e-04  3.641384e+01 -3.166022e-01 -2.377291e+00  6.558361e-05  3.765099e-03  5.296529e-04  3.641384e+01 -4.017222e-02 -8.113871e-01  2.530023e-05  3.786768e-03  1.034535e-03  3.641384e+01]
 [ 2.915427e+02 -7.971981e+02  5.235393e-02 -4.043145e-02 -5.051325e-02 -5.440191e+02 -1.556755e-03 -2.215903e-03 -2.305558e+01  1.563889e+01 -3.363420e+01  2.184213e-03 -1.185017e-03 -2.153754e-03 -2.164314e+01  2.047992e+01 -3.094789e+01
   1.963313e-03 -9.370763e-04 -1.991446e-03 -2.034093e+01  2.347739e+01 -2.876397e+01  1.736178e-03 -8.298119e-04 -1.761071e-03 -1.910750e+01  2.449925e+01 -2.790897e+01  1.507123e-03 -8.385050e-04 -1.485753e-03 -1.787541e+01  2.355100e+01
  -2.870442e+01  1.278042e-03 -9.112858e-04 -1.176080e-03 -1.657674e+01  2.062677e+01 -3.085113e+01  1.050777e-03 -9.871827e-04 -8.438922e-04 -1.516871e+01  1.584859e+01 -3.353653e+01  8.295300e-04 -1.016568e-03 -5.158582e-04 -1.364942e+01
   9.742636e+00 -3.578208e+01  6.212608e-04 -9.788498e-04 -2.311778e-04 -1.205435e+01  3.315679e+00 -3.694360e+01  4.332675e-04 -8.852517e-04 -2.408403e-05 -1.043304e+01 -2.236108e+00 -3.704297e+01  2.692774e-04 -7.630642e-04  9.217700e-05
  -8.820828e+00 -5.949049e+00 -3.664901e+01  1.267379e-04 -6.346343e-04  1.271836e-04 -7.224798e+00 -7.290803e+00 -3.641384e+01 -3.053137e-06 -5.067637e-04  1.050511e-04 -5.628488e+00 -6.101607e+00 -3.662479e+01 -1.324479e-04 -3.741447e-04
   5.614288e-05 -4.017334e+00 -2.521836e+00 -3.702585e+01 -2.739111e-04 -2.304337e-04  1.136150e-05 -2.395835e+00  2.942254e+00 -3.697609e+01 -4.364568e-04 -7.756568e-05 -4.710072e-06 -7.977805e-01  9.350903e+00 -3.588642e+01 -6.230463e-04]
 [-3.733885e+03 -2.280070e+03 -6.484242e-02 -1.283865e-01  2.467801e-01 -1.284581e+03 -6.365129e-03  9.993159e-03 -5.382236e+01 -1.541564e+02 -1.130697e+02 -2.737658e-03 -7.428023e-03  8.434444e-03 -4.836895e+01 -1.356817e+02 -1.348172e+02
  -2.649618e-03 -7.794369e-03  7.192818e-03 -4.215496e+01 -1.216115e+02 -1.477560e+02 -2.710770e-03 -7.557267e-03  6.444906e-03 -3.556599e+01 -1.162565e+02 -1.520551e+02 -2.853060e-03 -6.832722e-03  6.174815e-03 -2.897026e+01 -1.212360e+02
  -1.480677e+02 -2.996869e-03 -5.718248e-03  6.202034e-03 -2.273542e+01 -1.350441e+02 -1.354614e+02 -3.062382e-03 -4.333302e-03  6.262069e-03 -1.724669e+01 -1.534505e+02 -1.140307e+02 -2.980891e-03 -2.869161e-03  6.119638e-03 -1.286357e+01
  -1.709776e+02 -8.544456e+01 -2.708273e-03 -1.567877e-03  5.672411e-03 -9.811753e+00 -1.833510e+02 -5.413923e+01 -2.236082e-03 -6.287433e-04  4.974519e-03 -8.079383e+00 -1.894709e+02 -2.618208e+01 -1.591776e-03 -1.256266e-04  4.160211e-03
  -7.394683e+00 -1.912370e+02 -7.018938e+00 -8.265249e-04 -1.511089e-07  3.339541e-03 -7.290803e+00 -4.101562e+02 -3.053237e-10  1.505442e-07 -1.097573e-04  2.549623e-03 -7.204553e+00 -1.912690e+02 -6.223432e+00  8.286288e-04 -2.789143e-04
   1.778342e-03 -6.569970e+00 -1.896735e+02 -2.472075e+01  1.599336e-03 -3.393720e-04  1.021201e-03 -4.911402e+00 -1.838931e+02 -5.228489e+01  2.252600e-03 -1.723253e-04  3.174875e-04 -1.942597e+00 -1.719013e+02 -8.357040e+01  2.736320e-03]
 [ 2.280070e+03 -3.733885e+03  2.885476e-01 -1.869050e-01 -3.150622e-01 -2.600089e+03 -6.911567e-03 -1.365451e-02 -1.103127e+02  1.130697e+02 -1.541564e+02  1.204549e-02 -4.743407e-03 -1.301584e-02 -1.039802e+02  1.348172e+02 -1.356817e+02
   1.086672e-02 -3.365735e-03 -1.191393e-02 -9.837944e+01  1.477560e+02 -1.216115e+02  9.685050e-03 -2.848730e-03 -1.055299e-02 -9.321525e+01  1.520551e+02 -1.162565e+02  8.509531e-03 -3.039235e-03 -9.051468e-03 -8.805950e+01  1.480677e+02
  -1.212360e+02  7.334180e-03 -3.645015e-03 -7.428898e-03 -8.248150e+01  1.354614e+02 -1.350441e+02  6.152701e-03 -4.321557e-03 -5.694535e-03 -7.617923e+01  1.140307e+02 -1.534505e+02  4.973417e-03 -4.769563e-03 -3.941407e-03 -6.907083e+01
   8.544456e+01 -1.709776e+02  3.824085e-03 -4.832174e-03 -2.355072e-03 -6.129751e+01  5.413923e+01 -1.833510e+02  2.741372e-03 -4.528374e-03 -1.126358e-03 -5.312212e+01  2.618208e+01 -1.894709e+02  1.750369e-03 -3.986764e-03 -3.518300e-04
  -4.478474e+01  7.018938e+00 -1.912370e+02  8.479035e-04 -3.336488e-03 -3.203115e-06 -3.641384e+01 -3.053237e-10 -2.789062e+02  1.505442e-07 -2.641869e-03  3.888121e-05 -2.804254e+01  6.223432e+00 -1.912690e+02 -8.458799e-04 -1.910202e-03
  -6.347304e-05 -1.970071e+01  2.472075e+01 -1.896735e+02 -1.743780e-03 -1.141913e-03 -1.468449e-04 -1.150952e+01  5.228489e+01 -1.838931e+02 -2.728985e-03 -3.710637e-04 -8.984203e-05 -3.703905e+00  8.357040e+01 -1.719013e+02 -3.806627e-03]
 [ 2.057208e-01 -2.124659e-01 -4.375000e+03 -2.587214e+02  2.888543e+03 -1.524437e-01 -2.169932e+01  1.206391e+02 -6.175254e-03  9.308766e-03 -8.095668e-03 -1.914062e+02 -3.886113e+01  1.077770e+02 -5.236641e-03  9.523189e-03 -5.845624e-03
  -1.914062e+02 -4.911136e+01  9.504770e+01 -4.383873e-03  9.193748e-03 -4.065601e-03 -1.914062e+02 -5.244817e+01  8.487118e+01 -3.616973e-03  8.492837e-03 -2.901908e-03 -1.914062e+02 -4.981870e+01  7.818738e+01 -2.923576e-03  7.576494e-03
  -2.322176e-03 -1.914062e+02 -4.242183e+01  7.428398e+01 -2.290561e-03  6.523890e-03 -2.164549e-03 -1.914062e+02 -3.167450e+01  7.134772e+01 -1.713791e-03  5.364465e-03 -2.199385e-03 -1.914062e+02 -1.947046e+01  6.744133e+01 -1.200933e-03
   4.139140e-03 -2.193995e-03 -1.914062e+02 -8.057359e+00  6.149310e+01 -7.662890e-04  2.929298e-03 -1.981520e-03 -1.914062e+02  6.405393e-01  5.369017e+01 -4.216037e-04  1.824310e-03 -1.505696e-03 -1.914062e+02  5.696193e+00  4.501631e+01
  -1.694704e-04  8.620010e-04 -8.117204e-04 -1.914062e+02  7.289297e+00  3.641384e+01 -3.053137e-06  1.505442e-07  1.505442e-07 -2.789062e+02  6.334493e+00  2.825670e+01  8.971361e-05 -8.600819e-04  8.137972e-04 -1.914062e+02  4.054609e+00
   2.037092e+01  1.215532e-04 -1.818797e-03  1.512751e-03 -1.914062e+02  1.691676e+00  1.239937e+01  1.032600e-04 -2.921236e-03  1.995024e-03 -1.914062e+02  2.550900e-01  4.174629e+00  4.284630e-05 -4.132198e-03  2.211445e-03 -1.914062e+02]
 [ 2.252119e-02 -4.581250e-02  1.447884e+02  8.181716e+00 -9.581058e+01 -3.158838e-02  7.023556e-01 -4.003289e+00 -1.349473e-03  1.164171e-03 -1.924639e-03  6.334493e+00  1.272092e+00 -3.579855e+00 -1.289993e-03  1.467835e-03 -1.756579e-03
   6.334493e+00  1.612683e+00 -3.159925e+00 -1.237350e-03  1.665392e-03 -1.628704e-03  6.334493e+00  1.723634e+00 -2.823586e+00 -1.187684e-03  1.750997e-03 -1.595769e-03  6.334493e+00  1.636128e+00 -2.601974e+00 -1.135699e-03  1.723432e-03
  -1.681399e-03  6.334493e+00  1.389994e+00 -2.471488e+00 -1.076086e-03  1.576353e-03 -1.869971e-03  6.334493e+00  1.032547e+00 -2.372113e+00 -1.005028e-03  1.308374e-03 -2.110583e-03  6.334493e+00  6.270018e-01 -2.239919e+00 -9.213438e-04
   9.443184e-04 -2.336285e-03  6.334493e+00  2.481562e-01 -2.039897e+00 -8.266370e-04  5.451740e-04 -2.496149e-03  6.334493e+00 -4.021703e-02 -1.778849e+00 -7.241432e-04  1.923583e-04 -2.580335e-03  6.334493e+00 -2.076455e-01 -1.489872e+00
  -6.169396e-04 -4.130460e-05 -2.616690e-03  6.334493e+00 -2.603625e-01 -1.204475e+00 -5.067637e-04 -1.097573e-04 -2.641869e-03  6.334493e+00 -2.291203e-01 -9.351412e-01 -3.941549e-04  4.688639e-06 -2.670471e-03  6.334493e+00 -1.532194e-01
  -6.760189e-01 -2.796275e-04  2.926389e-04 -2.682188e-03  6.334493e+00 -7.453129e-02 -4.149776e-01 -1.649446e-04  7.128893e-04 -2.634170e-03  6.334493e+00 -2.589161e-02 -1.459494e-01 -5.345483e-05  1.191657e-03 -2.493756e-03  6.334493e+00]
 [ 1.890425e-02  6.249648e-02  6.458675e+02  3.840993e+01 -4.268070e+02  4.017513e-02  3.214199e+00 -1.782535e+01  1.652277e-03  6.562497e-04  2.732627e-03  2.825670e+01  5.749976e+00 -1.592477e+01  1.439665e-03  3.740813e-04  2.686394e-03
   2.825670e+01  7.264525e+00 -1.404423e+01  1.229743e-03  2.326624e-04  2.593108e-03  2.825670e+01  7.757575e+00 -1.254138e+01  1.027591e-03  2.639299e-04  2.477494e-03  2.825670e+01  7.368980e+00 -1.155515e+01  8.362023e-04  4.663479e-04
   2.339808e-03  2.825670e+01  6.275699e+00 -1.098025e+01  6.584483e-04  8.082342e-04  2.151421e-03  2.825670e+01  4.686903e+00 -1.054854e+01  4.987899e-04  1.228937e-03  1.874834e-03  2.825670e+01  2.882346e+00 -9.973515e+00  3.631338e-04
   1.649109e-03  1.496817e-03  2.825670e+01  1.194296e+00 -9.096530e+00  2.566300e-04  1.998898e-03  1.050959e-03  2.825670e+01 -9.256051e-02 -7.945130e+00  1.809104e-04  2.249228e-03  6.095523e-04  2.825670e+01 -8.408314e-01 -6.664749e+00
   1.327859e-04  2.418710e-03  2.521972e-04  2.825670e+01 -1.076718e+00 -5.394787e+00  1.050511e-04  2.549623e-03  3.888121e-05  2.825670e+01 -9.351412e-01 -4.191019e+00  8.842402e-05  2.673523e-03  1.637061e-06  2.825670e+01 -5.967156e-01
  -3.026329e+00  7.348790e-05  2.790044e-03  1.445238e-04  2.825670e+01 -2.451099e-01 -1.849026e+00  5.233418e-05  2.870192e-03  4.393234e-04  2.825670e+01 -2.986600e-02 -6.337368e-01  2.001398e-05  2.882866e-03  8.216782e-04  2.825670e+01]
 [ 1.935047e+02 -6.328664e+02  4.188384e-02 -3.207114e-02 -3.824568e-02 -4.297233e+02 -1.240969e-03 -1.681708e-03 -1.820671e+01  1.076316e+01 -2.684111e+01  1.751401e-03 -9.552595e-04 -1.640538e-03 -1.707369e+01  1.464473e+01 -2.495300e+01
   1.582016e-03 -7.624392e-04 -1.519681e-03 -1.601924e+01  1.706997e+01 -2.337862e+01  1.406590e-03 -6.762763e-04 -1.343554e-03 -1.501463e+01  1.790139e+01 -2.275589e+01  1.229011e-03 -6.782381e-04 -1.130549e-03 -1.401101e+01  1.712977e+01
  -2.333534e+01  1.051400e-03 -7.286116e-04 -8.899722e-04 -1.295911e+01  1.476311e+01 -2.488383e+01  8.758376e-04 -7.807542e-04 -6.322594e-04 -1.182918e+01  1.093051e+01 -2.677387e+01  7.061304e-04 -7.971261e-04 -3.789623e-04 -1.062276e+01
   6.082696e+00 -2.826574e+01  5.480053e-04 -7.627959e-04 -1.605959e-04 -9.369035e+00  1.030478e+00 -2.890020e+01  4.071525e-04 -6.871333e-04 -3.159167e-06 -8.106067e+00 -3.295825e+00 -2.874451e+01  2.862144e-04 -5.913185e-04  8.378932e-05
  -6.858801e+00 -6.169855e+00 -2.828195e+01  1.828001e-04 -4.921606e-04  1.080847e-04 -5.628488e+00 -7.204553e+00 -2.804254e+01  8.971361e-05 -3.941549e-04  8.842402e-05 -4.399217e+00 -6.287606e+00 -2.825669e+01 -3.052633e-06 -2.923470e-04
   4.817079e-05 -3.152747e+00 -3.517548e+00 -2.871919e+01 -1.055928e-04 -1.810556e-04  1.125517e-05 -1.890244e+00  7.383977e-01 -2.890983e+01 -2.253442e-04 -6.127157e-05 -2.987051e-06 -6.349120e-01  5.773348e+00 -2.833053e+01 -3.650201e-04]
 [-3.805343e+03 -2.157031e+03 -9.384020e-02 -1.233801e-01  2.698290e-01 -1.199121e+03 -6.233364e-03  1.097214e-02 -5.019704e+01 -1.577222e+02 -1.079764e+02 -3.987573e-03 -7.443122e-03  9.335975e-03 -4.495344e+01 -1.399679e+02 -1.303090e+02
  -3.861269e-03 -7.900066e-03  8.002203e-03 -3.892600e+01 -1.263285e+02 -1.436960e+02 -3.883956e-03 -7.694940e-03  7.164841e-03 -3.250967e+01 -1.211171e+02 -1.481661e+02 -3.987923e-03 -6.952903e-03  6.816085e-03 -2.608631e+01 -1.259635e+02
  -1.440197e+02 -4.093413e-03 -5.786288e-03  6.772984e-03 -2.003730e+01 -1.393517e+02 -1.309735e+02 -4.120465e-03 -4.332037e-03  6.763388e-03 -1.475741e+01 -1.570482e+02 -1.089596e+02 -4.000689e-03 -2.799530e-03  6.546501e-03 -1.060857e+01
  -1.736332e+02 -7.982410e+01 -3.690897e-03 -1.445850e-03  6.021283e-03 -7.811675e+00 -1.849799e+02 -4.813890e+01 -3.183840e-03 -4.781771e-04  5.248873e-03 -6.346365e+00 -1.901864e+02 -2.000281e+01 -2.507774e-03  2.969027e-05  4.370983e-03
  -5.933239e+00 -1.913281e+02 -7.959754e-01 -1.713729e-03  1.410924e-04  3.500904e-03 -6.101607e+00 -1.912690e+02  6.223432e+00 -8.600819e-04  4.688639e-06  2.673523e-03 -6.287606e+00 -4.100842e+02 -3.052570e-10 -4.689413e-06 -1.983831e-04
   1.870683e-03 -5.924706e+00 -1.903413e+02 -1.853593e+01  7.946596e-04 -2.943974e-04  1.080970e-03 -4.533658e+00 -1.854613e+02 -4.626826e+01  1.479488e-03 -1.589905e-04  3.389429e-04 -1.820774e+00 -1.744953e+02 -7.792125e+01  1.997901e-03]
 [ 2.157031e+03 -3.805343e+03  3.048300e-01 -1.898456e-01 -3.190913e-01 -2.639993e+03 -7.021330e-03 -1.383263e-02 -1.119836e+02  1.079764e+02 -1.577222e+02  1.276148e-02 -4.816330e-03 -1.319041e-02 -1.054784e+02  1.303090e+02 -1.399679e+02
   1.158642e-02 -3.407985e-03 -1.207556e-02 -9.967956e+01  1.436960e+02 -1.263285e+02  1.040361e-02 -2.869457e-03 -1.069665e-02 -9.430483e+01  1.481661e+02 -1.211171e+02  9.224308e-03 -3.047445e-03 -9.176574e-03 -8.893832e+01  1.440197e+02
  -1.259635e+02  8.045123e-03 -3.647998e-03 -7.537689e-03 -8.316160e+01  1.309735e+02 -1.393517e+02  6.862361e-03 -4.324710e-03 -5.790136e-03 -7.668538e+01  1.089596e+02 -1.570482e+02  5.686573e-03 -4.776667e-03 -4.026290e-03 -6.943957e+01
   7.982410e+01 -1.736332e+02  4.546928e-03 -4.845438e-03 -2.430348e-03 -6.157259e+01  4.813890e+01 -1.849799e+02  3.480344e-03 -4.548294e-03 -1.192037e-03 -5.334673e+01  2.000281e+01 -1.901864e+02  2.511001e-03 -4.012204e-03 -4.076698e-04
  -4.499306e+01  7.959753e-01 -1.913281e+02  1.634064e-03 -3.365087e-03 -4.940836e-05 -3.662479e+01 -6.223432e+00 -1.912690e+02  8.137972e-04 -2.670471e-03  1.637061e-06 -2.825669e+01 -3.052744e-10 -2.788342e+02 -4.689413e-06 -1.935137e-03
  -9.220006e-05 -1.990020e+01  1.853593e+01 -1.903413e+02 -8.768872e-04 -1.159320e-03 -1.662440e-04 -1.166096e+01  4.626826e+01 -1.854613e+02 -1.840145e-03 -3.774851e-04 -9.720053e-05 -3.764412e+00  7.792125e+01 -1.744953e+02 -2.901287e-03]
 [ 2.319605e-01 -2.191009e-01 -4.375000e+03 -2.587214e+02  2.888543e+03 -1.583761e-01 -2.169932e+01  1.206391e+02 -6.429881e-03  1.047579e-02 -8.287643e-03 -1.914062e+02 -3.886113e+01  1.077770e+02 -5.486883e-03  1.070637e-02 -5.861808e-03
  -1.914062e+02 -4.911136e+01  9.504770e+01 -4.636255e-03  1.037322e-02 -3.963590e-03 -1.914062e+02 -5.244817e+01  8.487118e+01 -3.875049e-03  9.668135e-03 -2.757618e-03 -1.914062e+02 -4.981870e+01  7.818738e+01 -3.187412e-03  8.755720e-03
  -2.217156e-03 -1.914062e+02 -4.242183e+01  7.428398e+01 -2.556728e-03  7.707162e-03 -2.175126e-03 -1.914062e+02 -3.167450e+01  7.134772e+01 -1.975859e-03  6.532682e-03 -2.384080e-03 -1.914062e+02 -1.947046e+01  6.744133e+01 -1.450553e-03
   5.256867e-03 -2.579894e-03 -1.914062e+02 -8.057359e+00  6.149310e+01 -9.947599e-04  3.962210e-03 -2.557611e-03 -1.914062e+02  6.405393e-01  5.369017e+01 -6.214370e-04  2.760138e-03 -2.229847e-03 -1.914062e+02  5.696193e+00  4.501631e+01
  -3.354155e-04  1.720771e-03 -1.626623e-03 -1.914062e+02  7.289297e+00  3.641384e+01 -1.324479e-04  8.286288e-04 -8.458799e-04 -1.914062e+02  6.334493e+00  2.825670e+01 -3.052633e-06 -4.689413e-06 -4.689413e-06 -2.789062e+02  4.054609e+00
   2.037092e+01  6.291183e-05 -8.885510e-04  7.813793e-04 -1.914062e+02  1.691676e+00  1.239937e+01  7.364536e-05 -1.894174e-03  1.408510e-03 -1.914062e+02  2.550900e-01  4.174629e+00  3.488304e-05 -3.018756e-03  1.813351e-03 -1.914062e+02]
 [ 1.295595e-02 -3.608522e-02  9.267678e+01  5.081105e+00 -6.136649e+01 -2.460533e-02  4.429258e-01 -2.564745e+00 -1.049125e-03  7.065937e-04 -1.531722e-03  4.054609e+00  8.080188e-01 -2.294675e+00 -9.978410e-04  9.460078e-04 -1.426701e-03
   4.054609e+00  1.026379e+00 -2.026492e+00 -9.509467e-04  1.102616e-03 -1.342843e-03  4.054609e+00  1.097539e+00 -1.811415e+00 -9.060522e-04  1.168171e-03 -1.320317e-03  4.054609e+00  1.041396e+00 -1.669371e+00 -8.596751e-04  1.140533e-03
  -1.376482e-03  4.054609e+00  8.835011e-01 -1.585257e+00 -8.083230e-04  1.016901e-03 -1.499253e-03  4.054609e+00  6.542904e-01 -1.520696e+00 -7.496240e-04  8.007652e-04 -1.650980e-03  4.054609e+00  3.944014e-01 -1.434886e+00 -6.831188e-04
   5.158975e-04 -1.784357e-03  4.054609e+00  1.518128e-01 -1.305621e+00 -6.102418e-04  2.110743e-04 -1.866725e-03  4.054609e+00 -3.268249e-02 -1.137480e+00 -5.333534e-04 -5.344353e-05 -1.897142e-03  4.054609e+00 -1.397052e-01 -9.518180e-01
  -4.544037e-04 -2.268769e-04 -1.901544e-03  4.054609e+00 -1.733785e-01 -7.688919e-01 -3.741447e-04 -2.789143e-04 -1.910202e-03  4.054609e+00 -1.532194e-01 -5.967156e-01 -2.923470e-04 -1.983831e-04 -1.935137e-03  4.054609e+00 -1.053548e-01
  -4.315226e-01 -2.087588e-04  8.850273e-06 -1.960975e-03  4.054609e+00 -5.473335e-02 -2.654652e-01 -1.241305e-04  3.157118e-04 -1.953669e-03  4.054609e+00 -2.351751e-02 -9.449349e-02 -4.056419e-05  6.710616e-04 -1.884166e-03  4.054609e+00]
 [ 1.355313e-02  4.255852e-02  4.656210e+02  2.771283e+01 -3.078204e+02  2.732850e-02  2.318621e+00 -1.285608e+01  1.122020e-03  4.790453e-04  1.861028e-03  2.037092e+01  4.147506e+00 -1.148564e+01  9.734415e-04  2.917862e-04  1.829742e-03
   2.037092e+01  5.239879e+00 -1.012966e+01  8.266880e-04  2.004110e-04  1.765178e-03  2.037092e+01  5.595503e+00 -9.046127e+00  6.854441e-04  2.266791e-04  1.683047e-03  2.037092e+01  5.315195e+00 -8.335227e+00  5.519575e-04  3.691466e-04
   1.582650e-03  2.037092e+01  4.526536e+00 -7.921003e+00  4.283905e-04  6.052842e-04  1.444171e-03  2.037092e+01  3.380361e+00 -7.610051e+00  3.179839e-04  8.925886e-04  1.242663e-03  2.037092e+01  2.078455e+00 -7.195671e+00  2.249243e-04
   1.176364e-03  9.706844e-04  2.037092e+01  8.605228e-01 -6.563435e+00  1.527875e-04  1.409708e-03  6.531106e-04  2.037092e+01 -6.802367e-02 -5.733233e+00  1.026285e-04  1.574901e-03  3.406905e-04  2.037092e+01 -6.080068e-01 -4.810022e+00
   7.211755e-05  1.687373e-03  8.820165e-05  2.037092e+01 -7.782550e-01 -3.894407e+00  5.614288e-05  1.778342e-03 -6.347304e-05  2.037092e+01 -6.760189e-01 -3.026329e+00  4.817079e-05  1.870683e-03 -9.220006e-05  2.037092e+01 -4.315226e-01
  -2.187582e+00  4.157280e-05  1.964026e-03  5.799778e-06  2.037092e+01 -1.772350e-01 -1.338534e+00  3.073637e-05  2.036788e-03  2.124879e-04  2.037092e+01 -2.108740e-02 -4.624099e-01  1.207009e-05  2.064625e-03  4.841046e-04  2.037092e+01]
 [ 1.065142e+02 -4.625774e+02  3.025130e-02 -2.345421e-02 -2.581430e-02 -3.121477e+02 -9.149222e-04 -1.139849e-03 -1.322064e+01  6.346459e+00 -1.974782e+01  1.267359e-03 -7.173226e-04 -1.119188e-03 -1.238168e+01  9.218979e+00 -1.859277e+01
   1.149055e-03 -5.816234e-04 -1.040108e-03 -1.159192e+01  1.103368e+01 -1.758870e+01  1.025331e-03 -5.182236e-04 -9.191171e-04 -1.083423e+01  1.165998e+01 -1.718509e+01  8.994556e-04 -5.147224e-04 -7.695478e-04 -1.007717e+01  1.107865e+01
  -1.756075e+01  7.735449e-04 -5.436208e-04 -5.991375e-04 -9.289035e+00  9.307174e+00 -1.854925e+01  6.496911e-04 -5.726609e-04 -4.167392e-04 -8.451967e+00  6.469591e+00 -1.970815e+01  5.311091e-04 -5.763989e-04 -2.387443e-04 -7.569877e+00
   2.925719e+00 -2.053094e+01  4.221702e-04 -5.455628e-04 -8.705925e-05 -6.665046e+00 -7.211329e-01 -2.072994e+01  3.269386e-04 -4.877119e-04  2.042575e-05 -5.764121e+00 -3.808721e+00 -2.040022e+01  2.470540e-04 -4.180189e-04  7.775324e-05
  -4.882484e+00 -5.841730e+00 -1.992422e+01  1.804338e-04 -3.478855e-04  9.100405e-05 -4.017334e+00 -6.569970e+00 -1.970071e+01  1.215532e-04 -2.796275e-04  7.348790e-05 -3.152747e+00 -5.924706e+00 -1.990020e+01  6.291183e-05 -2.087588e-04
   4.157280e-05 -2.272810e+00 -3.966085e+00 -2.037091e+01 -3.051320e-06 -1.303466e-04  1.214102e-05 -1.372355e+00 -9.306001e-01 -2.072208e+01 -8.203152e-05 -4.446263e-05 -8.657346e-07 -4.670486e-01  2.701113e+00 -2.056168e+01 -1.763456e-04]
 [-3.994564e+03 -1.777187e+03 -1.430978e-01 -1.055435e-01  3.126872e-01 -9.371430e+02 -5.621067e-03  1.281266e-02 -3.908790e+01 -1.673642e+02 -9.213641e+01 -6.087519e-03 -7.117453e-03  1.106333e-02 -3.450172e+01 -1.518656e+02 -1.160731e+02
  -5.848033e-03 -7.755821e-03  9.569668e-03 -2.906733e+01 -1.395938e+02 -1.307119e+02 -5.756015e-03 -7.619348e-03  8.556048e-03 -2.320498e+01 -1.348425e+02 -1.356638e+02 -5.745195e-03 -6.851769e-03  8.030959e-03 -1.733484e+01 -1.392620e+02
  -1.310693e+02 -5.735901e-03 -5.598852e-03  7.811277e-03 -1.187685e+01 -1.513169e+02 -1.167938e+02 -5.648230e-03 -4.036935e-03  7.618867e-03 -7.251763e+00 -1.667889e+02 -9.317980e+01 -5.415169e-03 -2.412211e-03  7.214180e-03 -3.826402e+00
  -1.804653e+02 -6.258877e+01 -4.996578e-03 -1.006161e-03  6.509595e-03 -1.806156e+00 -1.886835e+02 -2.996876e+01 -4.388825e-03 -3.211016e-05  5.585177e-03 -1.145348e+00 -1.911373e+02 -1.474274e+00 -3.622360e-03  4.445452e-04  4.595781e-03
  -1.543646e+00 -1.904124e+02  1.774350e+01 -2.747480e-03  5.000388e-04  3.655764e-03 -2.521836e+00 -1.896735e+02  2.472075e+01 -1.818797e-03  2.926389e-04  2.790044e-03 -3.517548e+00 -1.903413e+02  1.853593e+01 -8.885510e-04  8.850273e-06
   1.964026e-03 -3.966085e+00 -4.098994e+02 -3.051491e-10 -8.853802e-06 -1.727421e-04  1.148754e-03 -3.380450e+00 -1.889812e+02 -2.806119e+01  7.657392e-04 -1.204172e-04  3.658883e-04 -1.446640e+00 -1.811386e+02 -6.061228e+01  1.384262e-03]
 [ 1.777187e+03 -3.994564e+03  3.121343e-01 -1.997501e-01 -3.031643e-01 -2.742461e+03 -7.499602e-03 -1.319361e-02 -1.162654e+02  9.213641e+01 -1.673642e+02  1.309546e-02 -5.352724e-03 -1.266038e-02 -1.092860e+02  1.160731e+02 -1.518656e+02
   1.193873e-02 -3.953836e-03 -1.162822e-02 -1.029333e+02  1.307119e+02 -1.395938e+02  1.075986e-02 -3.384519e-03 -1.029578e-02 -9.696492e+01  1.356638e+02 -1.348425e+02  9.576601e-03 -3.500501e-03 -8.789908e-03 -9.100398e+01  1.310693e+02
  -1.392620e+02  8.393316e-03 -4.015314e-03 -7.147664e-03 -8.467122e+01  1.167938e+02 -1.513169e+02  7.214071e-03 -4.591792e-03 -5.398043e-03 -7.771711e+01  9.317980e+01 -1.667889e+02  6.055987e-03 -4.943085e-03 -3.648310e-03 -7.010697e+01
   6.258877e+01 -1.804653e+02  4.952268e-03 -4.927256e-03 -2.087090e-03 -6.200986e+01  2.996876e+01 -1.886835e+02  3.940341e-03 -4.573649e-03 -8.979711e-04 -5.368473e+01  1.474274e+00 -1.911373e+02  3.041523e-03 -4.011914e-03 -1.670800e-04
  -4.533439e+01 -1.774350e+01 -1.904124e+02  2.246062e-03 -3.363908e-03  1.403795e-04 -3.702585e+01 -2.472075e+01 -1.896735e+02  1.512751e-03 -2.682188e-03  1.445238e-04 -2.871919e+01 -1.853593e+01 -1.903413e+02  7.813793e-04 -1.960975e-03
   5.799778e-06 -2.037091e+01 -3.051491e-10 -2.786494e+02 -8.853802e-06 -1.188776e-03 -1.116097e-04 -1.203966e+01  2.806119e+01 -1.889812e+02 -9.007687e-04 -3.919771e-04 -8.101407e-05 -3.921269e+00  6.061228e+01 -1.811386e+02 -1.906182e-03]
 [ 2.576912e-01 -2.274360e-01 -4.375000e+03 -2.587214e+02  2.888543e+03 -1.654009e-01 -2.169932e+01  1.206391e+02 -6.730648e-03  1.162693e-02 -8.555521e-03 -1.914062e+02 -3.886113e+01  1.077770e+02 -5.779902e-03  1.188514e-02 -5.955452e-03
  -1.914062e+02 -4.911136e+01  9.504770e+01 -4.928021e-03  1.155603e-02 -3.939131e-03 -1.914062e+02 -5.244817e+01  8.487118e+01 -4.169120e-03  1.084955e-02 -2.690728e-03 -1.914062e+02 -4.981870e+01  7.818738e+01 -3.483855e-03  9.938480e-03
  -2.189681e-03 -1.914062e+02 -4.242183e+01  7.428398e+01 -2.852110e-03  8.886383e-03 -2.263185e-03 -1.914062e+02 -3.167450e+01  7.134772e+01 -2.263777e-03  7.685485e-03 -2.644778e-03 -1.914062e+02 -1.947046e+01  6.744133e+01 -1.722773e-03
   6.346144e-03 -3.037915e-03 -1.914062e+02 -8.057359e+00  6.149310e+01 -1.242804e-03  4.954454e-03 -3.199729e-03 -1.914062e+02  6.405393e-01  5.369017e+01 -8.381047e-04  3.645875e-03 -3.013245e-03 -1.914062e+02  5.696193e+00  4.501631e+01
  -5.157289e-04  2.523723e-03 -2.495467e-03 -1.914062e+02  7.289297e+00  3.641384e+01 -2.739111e-04  1.599336e-03 -1.743780e-03 -1.914062e+02  6.334493e+00  2.825670e+01 -1.055928e-04  7.946596e-04 -8.768872e-04 -1.914062e+02  4.054609e+00
   2.037092e+01 -3.051320e-06 -8.853802e-06 -8.853802e-06 -2.789062e+02  1.691676e+00  1.239937e+01  3.942935e-05 -9.084464e-04  7.563821e-04 -1.914062e+02  2.550899e-01  4.174629e+00  2.532972e-05 -1.934552e-03  1.343450e-03 -1.914062e+02]
 [ 5.164177e-03 -2.444087e-02  3.866688e+01  1.865600e+00 -2.564642e+01 -1.646298e-02  1.738824e-01 -1.072878e+00 -6.998511e-04  3.189665e-04 -1.048609e-03  1.691676e+00  3.267418e-01 -9.617944e-01 -6.606580e-04  4.795710e-04 -9.968366e-04
   1.691676e+00  4.183332e-01 -8.509189e-01 -6.237371e-04  5.846213e-04 -9.515681e-04  1.691676e+00  4.482215e-01 -7.615367e-01 -5.880051e-04  6.259590e-04 -9.375280e-04  1.691676e+00  4.246124e-01 -7.019451e-01 -5.516619e-04  6.014403e-04
  -9.652895e-04  1.691676e+00  3.582555e-01 -6.658580e-01 -5.128981e-04  5.110532e-04 -1.026709e-03  1.691676e+00  2.620861e-01 -6.373452e-01 -4.706251e-04  3.608110e-04 -1.098214e-03  1.691676e+00  1.533221e-01 -5.995948e-01 -4.249208e-04
   1.700223e-04 -1.152143e-03  1.691676e+00  5.211777e-02 -5.436777e-01 -3.769013e-04 -2.798828e-05 -1.172334e-03  1.691676e+00 -2.457978e-02 -4.718612e-01 -3.280135e-04 -1.958630e-04 -1.163481e-03  1.691676e+00 -6.890857e-02 -3.933110e-01
  -2.791897e-04 -3.048149e-04 -1.146174e-03  1.691676e+00 -8.281318e-02 -3.166022e-01 -2.304337e-04 -3.393720e-04 -1.141913e-03  1.691676e+00 -7.453129e-02 -2.451099e-01 -1.810556e-04 -2.943974e-04 -1.159320e-03  1.691676e+00 -5.473335e-02
  -1.772350e-01 -1.303466e-04 -1.727421e-04 -1.188776e-03  1.691676e+00 -3.439699e-02 -1.095874e-01 -7.828669e-05  1.169560e-05 -1.207425e-03  1.691676e+00 -2.105273e-02 -4.022928e-02 -2.584540e-05  2.303067e-04 -1.193267e-03  1.691676e+00]
 [ 8.343896e-03  2.306409e-02  2.834141e+02  1.687713e+01 -1.875419e+02  1.476488e-02  1.412342e+00 -7.832948e+00  6.038510e-04  3.061867e-04  1.009443e-03  1.239937e+01  2.526684e+00 -6.998550e+00  5.186988e-04  2.104116e-04  9.938864e-04
   1.239937e+01  3.192326e+00 -6.172946e+00  4.344839e-04  1.666099e-04  9.584022e-04  1.239937e+01  3.409045e+00 -5.513310e+00  3.534945e-04  1.867426e-04  9.100629e-04  1.239937e+01  3.238188e+00 -5.080700e+00  2.772241e-04  2.696122e-04
   8.474137e-04  1.239937e+01  2.757428e+00 -4.828819e+00  2.071161e-04  4.017997e-04  7.593513e-04  1.239937e+01  2.058650e+00 -4.639790e+00  1.451923e-04  5.586713e-04  6.331480e-04  1.239937e+01  1.264843e+00 -4.387636e+00  9.393399e-05
   7.096312e-04  4.668374e-04  1.239937e+01  5.221517e-01 -4.002640e+00  5.536730e-05  8.300056e-04  2.765575e-04  1.239937e+01 -4.415456e-02 -3.496988e+00  2.998978e-05  9.127919e-04  9.187857e-05  1.239937e+01 -3.735510e-01 -2.934738e+00
   1.633353e-05  9.698523e-04 -5.667357e-05  1.239937e+01 -4.774319e-01 -2.377291e+00  1.136150e-05  1.021201e-03 -1.468449e-04  1.239937e+01 -4.149776e-01 -1.849026e+00  1.125517e-05  1.080970e-03 -1.662440e-04  1.239937e+01 -2.654652e-01
  -1.338534e+00  1.214102e-05  1.148754e-03 -1.116097e-04  1.239937e+01 -1.095874e-01 -8.227689e-01  1.068406e-05  1.210475e-03  8.646173e-06  1.239937e+01 -1.319150e-02 -2.892322e-01  4.655854e-06  1.248942e-03  1.707436e-04  1.239937e+01]
 [ 4.129389e+01 -2.830294e+02  1.804688e-02 -1.436543e-02 -1.419487e-02 -1.897464e+02 -5.659505e-04 -6.306156e-04 -8.033456e+00  2.843456e+00 -1.217096e+01  7.573121e-04 -4.535613e-04 -6.249919e-04 -7.512745e+00  4.625213e+00 -1.161809e+01
   6.886902e-04 -3.746222e-04 -5.835131e-04 -7.016514e+00  5.764276e+00 -1.110403e+01  6.160655e-04 -3.357203e-04 -5.152504e-04 -6.536914e+00  6.160197e+00 -1.089234e+01  5.417288e-04 -3.300940e-04 -4.282405e-04 -6.057647e+00  5.792655e+00
  -1.108945e+01  4.673632e-04 -3.420204e-04 -3.278879e-04 -5.562251e+00  4.680312e+00 -1.159628e+01  3.946382e-04 -3.530868e-04 -2.205288e-04 -5.042448e+00  2.919349e+00 -1.215318e+01  3.258172e-04 -3.491825e-04 -1.167164e-04 -4.502541e+00
   7.506883e-01 -1.247360e+01  2.637015e-04 -3.258644e-04 -2.962819e-05 -3.956812e+00 -1.449241e+00 -1.241434e+01  2.107127e-04 -2.883336e-04  3.056349e-05 -3.420762e+00 -3.287379e+00 -1.206498e+01  1.676549e-04 -2.457046e-04  6.096527e-05
  -2.901854e+00 -4.485003e+00 -1.167945e+01  1.330244e-04 -2.043383e-04  6.558361e-05 -2.395835e+00 -4.911402e+00 -1.150952e+01  1.032600e-04 -1.649446e-04  5.233418e-05 -1.890244e+00 -4.533658e+00 -1.166096e+01  7.364536e-05 -1.241305e-04
   3.073637e-05 -1.372355e+00 -3.380450e+00 -1.203966e+01  3.942935e-05 -7.828669e-05  1.068406e-05 -8.376866e-01 -1.574655e+00 -1.239936e+01 -3.049893e-06 -2.696375e-05  5.668053e-07 -2.917078e-01  6.142902e-01 -1.248105e+01 -5.543798e-05]
 [-4.210151e+03 -1.170617e+03 -2.078909e-01 -7.624046e-02  3.672429e-01 -5.239134e+02 -4.558493e-03  1.517206e-02 -2.157649e+01 -1.789918e+02 -6.652187e+01 -8.841908e-03 -6.433858e-03  1.330375e-02 -1.806693e+01 -1.671828e+02 -9.246226e+01
  -8.435329e-03 -7.318596e-03  1.161559e-02 -1.362677e+01 -1.571993e+02 -1.087366e+02 -8.171293e-03 -7.282954e-03  1.036995e-02 -8.707086e+00 -1.532289e+02 -1.143298e+02 -7.986891e-03 -6.494678e-03  9.598294e-03 -3.778613e+00 -1.569238e+02
  -1.091387e+02 -7.803994e-03 -5.145578e-03  9.121644e-03  6.878027e-01 -1.667462e+02 -9.325537e+01 -7.544200e-03 -3.466158e-03  8.660745e-03  4.239552e+00 -1.785761e+02 -6.763788e+01 -7.143773e-03 -1.750845e-03  7.985396e-03  6.508874e+00
  -1.876066e+02 -3.538610e+01 -6.567902e-03 -3.093434e-04  7.031612e-03  7.317529e+00 -1.909429e+02 -1.929631e+00 -5.818489e-03  6.426921e-04  5.906383e-03  6.748693e+00 -1.891858e+02  2.660188e+01 -4.928769e-03  1.055275e-03  4.780082e-03
   5.129062e+00 -1.856479e+02  4.549525e+01 -3.947036e-03  1.022509e-03  3.765099e-03  2.942254e+00 -1.838931e+02  5.228489e+01 -2.921236e-03  7.128893e-04  2.870192e-03  7.383977e-01 -1.854613e+02  4.626826e+01 -1.894174e-03  3.157118e-04
   2.036788e-03 -9.306001e-01 -1.889812e+02  2.806119e+01 -9.084464e-04  1.169560e-05  1.210475e-03 -1.574655e+00 -4.097072e+02 -3.050144e-10 -1.170396e-05 -6.030738e-05  3.932822e-04 -8.545797e-01 -1.879821e+02 -3.333318e+01  7.474000e-04]
 [ 1.170617e+03 -4.210151e+03  3.051054e-01 -2.119425e-01 -2.653888e-01 -2.848929e+03 -8.152835e-03 -1.164610e-02 -1.206849e+02  6.652187e+01 -1.789918e+02  1.281969e-02 -6.181261e-03 -1.132422e-02 -1.131113e+02  9.246226e+01 -1.671828e+02
   1.171124e-02 -4.850909e-03 -1.047207e-02 -1.060330e+02  1.087366e+02 -1.571993e+02  1.055925e-02 -4.254654e-03 -9.262790e-03 -9.927164e+01  1.143298e+02 -1.532289e+02  9.391004e-03 -4.267168e-03 -7.824324e-03 -9.251656e+01  1.091387e+02
  -1.569238e+02  8.222505e-03 -4.621828e-03 -6.217327e-03 -8.545438e+01  9.325537e+01 -1.667462e+02  7.069506e-03 -5.005509e-03 -4.504040e-03 -7.790017e+01  6.763788e+01 -1.785761e+02  5.958772e-03 -5.163172e-03 -2.817920e-03 -6.987350e+01
   3.538610e+01 -1.876066e+02  4.929022e-03 -4.986812e-03 -1.354025e-03 -6.157165e+01  1.929630e+00 -1.909429e+02  4.017793e-03 -4.529051e-03 -2.828560e-04 -5.324395e+01 -2.660188e+01 -1.891858e+02  3.241688e-03 -3.923957e-03  3.292312e-04
  -4.504679e+01 -4.549525e+01 -1.856479e+02  2.583684e-03 -3.281534e-03  5.296529e-04 -3.697609e+01 -5.228489e+01 -1.838931e+02  1.995024e-03 -2.634170e-03  4.393234e-04 -2.890983e+01 -4.626826e+01 -1.854613e+02  1.408510e-03 -1.953669e-03
   2.124879e-04 -2.072208e+01 -2.806119e+01 -1.889812e+02  7.563821e-04 -1.207425e-03  8.646173e-06 -1.239936e+01 -3.050058e-10 -2.784572e+02 -1.170396e-05 -4.062300e-04 -4.309805e-05 -4.089162e+00  3.333318e+01 -1.879821e+02 -9.149125e-04]
 [ 2.821708e-01 -2.388733e-01 -4.375000e+03 -2.587214e+02  2.888543e+03 -1.743998e-01 -2.169932e+01  1.206391e+02 -7.114754e-03  1.273505e-02 -8.963089e-03 -1.914062e+02 -3.886113e+01  1.077770e+02 -6.150026e-03  1.304215e-02 -6.193704e-03
  -1.914062e+02 -4.911136e+01  9.504770e+01 -5.290525e-03  1.273162e-02 -4.060802e-03 -1.914062e+02 -5.244817e+01  8.487118e+01 -4.527531e-03  1.202899e-02 -2.770163e-03 -1.914062e+02 -4.981870e+01  7.818738e+01 -3.838240e-03  1.111439e-02
  -2.308355e-03 -1.914062e+02 -4.242183e+01  7.428398e+01 -3.199062e-03  1.004453e-02 -2.495957e-03 -1.914062e+02 -3.167450e+01  7.134772e+01 -2.597023e-03  8.796145e-03 -3.045433e-03 -1.914062e+02 -1.947046e+01  6.744133e+01 -2.034391e-03
   7.369486e-03 -3.626350e-03 -1.914062e+02 -8.057359e+00  6.149310e+01 -1.524826e-03  5.858890e-03 -3.958696e-03 -1.914062e+02  6.405392e-01  5.369017e+01 -1.083960e-03  4.427298e-03 -3.899130e-03 -1.914062e+02  5.696193e+00  4.501631e+01
  -7.210066e-04  3.212538e-03 -3.455845e-03 -1.914062e+02  7.289297e+00  3.641384e+01 -4.364568e-04  2.252600e-03 -2.728985e-03 -1.914062e+02  6.334493e+00  2.825670e+01 -2.253442e-04  1.479488e-03 -1.840145e-03 -1.914062e+02  4.054609e+00
   2.037092e+01 -8.203152e-05  7.657392e-04 -9.007687e-04 -1.914062e+02  1.691676e+00  1.239937e+01 -3.049893e-06 -1.170396e-05 -1.170396e-05 -2.789062e+02  2.550899e-01  4.174629e+00  1.289504e-05 -9.177044e-04  7.438645e-04 -1.914062e+02]
 [ 7.843596e-04 -9.008195e-03  5.830628e+00 -9.008857e-02 -3.891351e+00 -6.021807e-03  1.013747e-02 -1.642017e-01 -2.552662e-04  6.800447e-05 -3.898591e-04  2.550900e-01  3.371896e-02 -1.498198e-01 -2.392718e-04  1.265116e-04 -3.766219e-04
   2.550900e-01  4.807831e-02 -1.346317e-01 -2.239099e-04  1.647016e-04 -3.633664e-04  2.550900e-01  5.281856e-02 -1.216892e-01 -2.089499e-04  1.787913e-04 -3.584065e-04  2.550900e-01  4.904111e-02 -1.122061e-01 -1.939023e-04  1.677993e-04
  -3.652427e-04  2.550900e-01  3.849350e-02 -1.052689e-01 -1.782733e-04  1.323318e-04 -3.808717e-04  2.550900e-01  2.345300e-02 -9.862739e-02 -1.618239e-04  7.575943e-05 -3.972140e-04  2.550900e-01  6.862497e-03 -9.008872e-02 -1.447061e-04
   6.195055e-06 -4.054631e-04  2.550900e-01 -8.092336e-03 -7.880965e-02 -1.273786e-04 -6.402157e-05 -4.015490e-04  2.550900e-01 -1.901314e-02 -6.563255e-02 -1.103282e-04 -1.222570e-04 -3.888772e-04  2.550900e-01 -2.507280e-02 -5.227462e-02
  -9.377665e-05 -1.597146e-04 -3.759730e-04  2.550900e-01 -2.690469e-02 -4.017222e-02 -7.756568e-05 -1.723253e-04 -3.710637e-04  2.550900e-01 -2.589161e-02 -2.986600e-02 -6.127157e-05 -1.589905e-04 -3.774851e-04  2.550900e-01 -2.351751e-02
  -2.108740e-02 -4.446263e-05 -1.204172e-04 -3.919771e-04  2.550899e-01 -2.105273e-02 -1.319150e-02 -2.696375e-05 -6.030738e-05 -4.062300e-04  2.550899e-01 -1.977716e-02 -5.563590e-03 -8.987777e-06  1.275347e-05 -4.114377e-04  2.550899e-01]
 [ 2.776845e-03  6.663418e-03  9.542009e+01  5.684539e+00 -6.343490e+01  4.263370e-03  4.766928e-01 -2.649958e+00  1.733677e-04  1.057471e-04  2.917659e-04  4.174629e+00  8.537569e-01 -2.368720e+00  1.467207e-04  8.063341e-05  2.874361e-04
   4.174629e+00  1.079094e+00 -2.090393e+00  1.203342e-04  7.055296e-05  2.766792e-04  4.174629e+00  1.152491e+00 -1.868146e+00  9.499070e-05  7.897539e-05  2.609432e-04  4.174629e+00  1.094566e+00 -1.722644e+00  7.123508e-05  1.053493e-04
   2.393479e-04  4.174629e+00  9.315027e-01 -1.638199e+00  4.959604e-05  1.452938e-04  2.085186e-04  4.174629e+00  6.943718e-01 -1.574876e+00  3.076789e-05  1.910537e-04  1.650913e-04  4.174629e+00  4.248654e-01 -1.490002e+00  1.555699e-05
   2.334338e-04  1.093306e-04  4.174629e+00  1.725904e-01 -1.360014e+00  4.587014e-06  2.656514e-04  4.696186e-05  4.174629e+00 -1.989150e-02 -1.189159e+00 -2.027863e-06  2.867809e-04 -1.266177e-05  4.174629e+00 -1.319550e-01 -9.993009e-01
  -4.797089e-06  3.017041e-04 -6.041296e-05  4.174629e+00 -1.673388e-01 -8.113871e-01 -4.710072e-06  3.174875e-04 -8.984203e-05  4.174629e+00 -1.459494e-01 -6.337368e-01 -2.987051e-06  3.389429e-04 -9.720053e-05  4.174629e+00 -9.449349e-02
  -4.624099e-01 -8.657346e-07  3.658883e-04 -8.101407e-05  4.174629e+00 -4.022928e-02 -2.892322e-01  5.668053e-07  3.932822e-04 -4.309805e-05  4.174629e+00 -5.563590e-03 -1.105746e-01  5.480007e-07  4.144868e-04  9.704372e-06  4.174629e+00]
 [ 6.226175e+00 -9.539509e+01  5.904842e-03 -4.831453e-03 -4.264130e-03 -6.378920e+01 -1.921131e-04 -1.907642e-04 -2.700051e+00  6.234696e-01 -4.130637e+00  2.481496e-04 -1.570648e-04 -1.910529e-04 -2.522164e+00  1.231806e+00 -3.993850e+00
   2.262328e-04 -1.318565e-04 -1.792577e-04 -2.350717e+00  1.624984e+00 -3.852894e+00  2.027456e-04 -1.187679e-04 -1.581018e-04 -2.183913e+00  1.762525e+00 -3.792901e+00  1.785540e-04 -1.157819e-04 -1.302485e-04 -2.017203e+00  1.634827e+00
  -3.848792e+00  1.543502e-04 -1.179597e-04 -9.772995e-05 -1.845985e+00  1.250743e+00 -3.988050e+00  1.308225e-04 -1.195334e-04 -6.297247e-05 -1.668324e+00  6.492280e-01 -4.126730e+00  1.088292e-04 -1.162290e-04 -2.969403e-05 -1.486285e+00
  -8.182604e-02 -4.175775e+00  8.935531e-05 -1.069538e-04 -2.252522e-06 -1.304890e+00 -8.131946e-01 -4.097492e+00  7.319603e-05 -9.364784e-05  1.618334e-05 -1.129106e+00 -1.416306e+00 -3.932180e+00  6.055822e-05 -7.932436e-05  2.488670e-05
  -9.608201e-01 -1.805056e+00 -3.771867e+00  5.086119e-05 -6.592388e-05  2.530023e-05 -7.977805e-01 -1.942597e+00 -3.703905e+00  4.284630e-05 -5.345483e-05  2.001398e-05 -6.349120e-01 -1.820774e+00 -3.764412e+00  3.488304e-05 -4.056419e-05
   1.207009e-05 -4.670486e-01 -1.446640e+00 -3.921269e+00  2.532972e-05 -2.584540e-05  4.655854e-06 -2.917078e-01 -8.545797e-01 -4.089162e+00  1.289504e-05 -8.987777e-06  5.480007e-07 -1.109680e-01 -1.274678e-01 -4.174628e+00 -3.049119e-06]
 [-4.348899e+03 -4.174617e+02 -2.786702e-01 -3.928395e-02  4.215534e-01 -1.844635e+01 -3.167291e-03  1.754104e-02 -1.737711e-01 -1.878151e+02 -3.424096e+01 -1.185017e-02 -5.439026e-03  1.558463e-02  1.959086e+00 -1.807183e+02 -6.183855e+01
  -1.125643e-02 -6.590842e-03  1.371361e-02  5.094486e+00 -1.737311e+02 -7.960207e+01 -1.079542e-02 -6.675670e-03  1.222801e-02  8.757269e+00 -1.707988e+02 -8.580118e+01 -1.040996e-02 -5.885014e-03  1.118556e-02  1.242980e+01 -1.735300e+02
  -8.004597e+01 -1.002594e-02 -4.459925e-03  1.041730e-02  1.559387e+01 -1.804269e+02 -6.269552e+01 -9.568932e-03 -2.688699e-03  9.650578e-03  1.777163e+01 -1.876007e+02 -3.541214e+01 -8.980855e-03 -9.146797e-04  8.672888e-03  1.860448e+01
  -1.908607e+02 -2.086486e+00 -8.234204e-03  5.277338e-04  7.450204e-03  1.795138e+01 -1.883049e+02  3.143112e+01 -7.337404e-03  1.426303e-03  6.118500e-03  1.593773e+01 -1.815947e+02  5.921140e+01 -6.326070e-03  1.750823e-03  4.861743e-03
   1.291245e+01 -1.748140e+02  7.719285e+01 -5.244773e-03  1.613986e-03  3.786768e-03  9.350903e+00 -1.719013e+02  8.357040e+01 -4.132198e-03  1.191657e-03  2.882866e-03  5.773348e+00 -1.744953e+02  7.792125e+01 -3.018756e-03  6.710616e-04
   2.064625e-03  2.701113e+00 -1.811386e+02  6.061228e+01 -1.934552e-03  2.303067e-04  1.248942e-03  6.142902e-01 -1.879821e+02  3.333318e+01 -9.177044e-04  1.275347e-05  4.144868e-04 -1.274678e-01 -4.096220e+02 -3.049627e-10 -1.276434e-05]
 [ 4.174617e+02 -4.348899e+03  2.813755e-01 -2.209251e-01 -2.085793e-01 -2.895998e+03 -8.735672e-03 -9.293635e-03 -1.225710e+02  3.424095e+01 -1.878151e+02  1.183397e-02 -7.054262e-03 -9.252003e-03 -1.145028e+02  6.183855e+01 -1.807183e+02
   1.081376e-02 -5.858514e-03 -8.657443e-03 -1.067597e+02  7.960207e+01 -1.737311e+02  9.725801e-03 -5.252122e-03 -7.644167e-03 -9.924491e+01  8.580118e+01 -1.707988e+02  8.607946e-03 -5.137246e-03 -6.336362e-03 -9.173477e+01  8.004597e+01
  -1.735300e+02  7.489577e-03 -5.280155e-03 -4.822158e-03 -8.400297e+01  6.269552e+01 -1.804269e+02  6.399891e-03 -5.407230e-03 -3.204398e-03 -7.594647e+01  3.541213e+01 -1.876007e+02  5.376360e-03 -5.311308e-03 -1.646977e-03 -6.764871e+01
   2.086486e+00 -1.908607e+02  4.463176e-03 -4.931233e-03 -3.488422e-04 -5.933505e+01 -3.143112e+01 -1.883049e+02  3.696960e-03 -4.348837e-03  5.400982e-04 -5.123638e+01 -5.921140e+01 -1.815947e+02  3.088255e-03 -3.701157e-03  9.803679e-04
  -4.344965e+01 -7.719285e+01 -1.748140e+02  2.611872e-03 -3.080766e-03  1.034535e-03 -3.588642e+01 -8.357040e+01 -1.719013e+02  2.211445e-03 -2.493756e-03  8.216782e-04 -2.833053e+01 -7.792125e+01 -1.744953e+02  1.813351e-03 -1.884166e-03
   4.841046e-04 -2.056168e+01 -6.061228e+01 -1.811386e+02  1.343450e-03 -1.193267e-03  1.707436e-04 -1.248105e+01 -3.333318e+01 -1.879821e+02  7.438645e-04 -4.114377e-04  9.704372e-06 -4.174628e+00 -3.049627e-10 -2.783720e+02 -1.276434e-05]
 [ 3.044441e-01 -2.541333e-01 -4.375000e+03 -2.587214e+02  2.888543e+03 -1.857923e-01 -2.169932e+01  1.206391e+02 -7.599809e-03  1.376123e-02 -9.545261e-03 -1.914062e+02 -3.886113e+01  1.077770e+02 -6.613211e-03  1.414408e-02 -6.616901e-03
  -1.914062e+02 -4.911136e+01  9.504770e+01 -5.737881e-03  1.387084e-02 -4.372083e-03 -1.914062e+02 -5.244817e+01  8.487118e+01 -4.962463e-03  1.317888e-02 -3.040430e-03 -1.914062e+02 -4.981870e+01  7.818738e+01 -4.260813e-03  1.225442e-02
  -2.616735e-03 -1.914062e+02 -4.242183e+01  7.428398e+01 -3.605987e-03  1.114848e-02 -2.913936e-03 -1.914062e+02 -3.167450e+01  7.134772e+01 -2.982337e-03  9.825951e-03 -3.621203e-03 -1.914062e+02 -1.947046e+01  6.744133e+01 -2.390760e-03
   8.282643e-03 -4.373041e-03 -1.914062e+02 -8.057359e+00  6.149310e+01 -1.845143e-03  6.627065e-03 -4.854167e-03 -1.914062e+02  6.405392e-01  5.369017e+01 -1.362626e-03  5.053536e-03 -4.899709e-03 -1.914062e+02  5.696193e+00  4.501631e+01
  -9.544629e-04  3.735348e-03 -4.514797e-03 -1.914062e+02  7.289297e+00  3.641384e+01 -6.230463e-04  2.736320e-03 -3.806627e-03 -1.914062e+02  6.334493e+00  2.825670e+01 -3.650201e-04  1.997901e-03 -2.901287e-03 -1.914062e+02  4.054609e+00
   2.037092e+01 -1.763456e-04  1.384262e-03 -1.906182e-03 -1.914062e+02  1.691676e+00  1.239937e+01 -5.543798e-05  7.474000e-04 -9.149125e-04 -1.914062e+02  2.550899e-01  4.174629e+00 -3.049119e-06 -1.276434e-05 -1.276434e-05 -2.789062e+02]]

=== A ===
[[ 1.001007e+04  3.573618e-16  4.268446e-19 -8.626690e-21 -5.483246e-04 -5.900538e-01  0.000000e+00  0.000000e+00 -2.635827e-02  4.383282e-01  3.718300e-02  0.000000e+00  0.000000e+00  0.000000e+00 -2.947311e-02  4.279526e-01  1.020049e-01
   0.000000e+00  0.000000e+00  0.000000e+00 -3.495630e-02  4.156588e-01  1.442073e-01  0.000000e+00  0.000000e+00  0.000000e+00 -4.169586e-02  4.101350e-01  1.589953e-01  0.000000e+00  0.000000e+00  0.000000e+00 -4.845600e-02  4.149424e-01
   1.451475e-01  0.000000e+00  0.000000e+00  0.000000e+00 -5.400059e-02  4.267470e-01  1.038610e-01  0.000000e+00  0.000000e+00  0.000000e+00 -5.721456e-02  4.369795e-01  3.981998e-02  0.000000e+00  0.000000e+00  0.000000e+00 -5.729788e-02
   4.369410e-01 -3.712472e-02  0.000000e+00  0.000000e+00  0.000000e+00 -5.398019e-02  4.235511e-01 -1.131659e-01  0.000000e+00  0.000000e+00  0.000000e+00 -4.760159e-02  4.019524e-01 -1.751257e-01  0.000000e+00  0.000000e+00  0.000000e+00
  -3.898299e-02  3.823448e-01 -2.146313e-01  0.000000e+00  0.000000e+00  0.000000e+00 -2.919241e-02  3.741408e-01 -2.284663e-01  0.000000e+00  0.000000e+00  0.000000e+00 -1.937099e-02  3.811316e-01 -2.160428e-01  0.000000e+00  0.000000e+00
   0.000000e+00 -1.065995e-02  3.999194e-01 -1.779267e-01  0.000000e+00  0.000000e+00  0.000000e+00 -4.131603e-03  4.213163e-01 -1.171480e-01  0.000000e+00  0.000000e+00  0.000000e+00 -6.228013e-04  4.350233e-01 -4.176171e-02  0.000000e+00]
 [ 3.573618e-16  1.001007e+04  6.150044e-20  5.483246e-04 -2.138034e-20  6.625721e+00  0.000000e+00  0.000000e+00  2.802649e-01 -3.718300e-02  4.383282e-01  0.000000e+00  0.000000e+00  0.000000e+00  2.612932e-01 -1.020049e-01  4.279526e-01
   0.000000e+00  0.000000e+00  0.000000e+00  2.428541e-01 -1.442073e-01  4.156588e-01  0.000000e+00  0.000000e+00  0.000000e+00  2.248300e-01 -1.589953e-01  4.101350e-01  0.000000e+00  0.000000e+00  0.000000e+00  2.068221e-01 -1.451475e-01
   4.149424e-01  0.000000e+00  0.000000e+00  0.000000e+00  1.884262e-01 -1.038610e-01  4.267470e-01  0.000000e+00  0.000000e+00  0.000000e+00  1.695117e-01 -3.981998e-02  4.369795e-01  0.000000e+00  0.000000e+00  0.000000e+00  1.503487e-01
   3.712472e-02  4.369410e-01  0.000000e+00  0.000000e+00  0.000000e+00  1.314835e-01  1.131659e-01  4.235511e-01  0.000000e+00  0.000000e+00  0.000000e+00  1.134162e-01  1.751257e-01  4.019524e-01  0.000000e+00  0.000000e+00  0.000000e+00
   9.629102e-02  2.146313e-01  3.823448e-01  0.000000e+00  0.000000e+00  0.000000e+00  7.980108e-02  2.284663e-01  3.741408e-01  0.000000e+00  0.000000e+00  0.000000e+00  6.333847e-02  2.160428e-01  3.811316e-01  0.000000e+00  0.000000e+00
   0.000000e+00  4.628638e-02  1.779267e-01  3.999194e-01  0.000000e+00  0.000000e+00  0.000000e+00  2.831479e-02  1.171480e-01  4.213163e-01  0.000000e+00  0.000000e+00  0.000000e+00  9.541787e-03  4.176172e-02  4.350233e-01  0.000000e+00]
 [ 4.268446e-19  6.150044e-20  1.001007e+04  5.900538e-01 -6.625721e+00 -3.703857e-20  0.000000e+00  0.000000e+00 -6.933565e-07  9.972206e-07 -9.099752e-07  0.000000e+00  0.000000e+00  0.000000e+00 -2.072719e-06  3.172809e-06 -2.540934e-06
   0.000000e+00  0.000000e+00  0.000000e+00 -3.391413e-06  5.411261e-06 -4.057820e-06  0.000000e+00  0.000000e+00  0.000000e+00 -4.591685e-06  7.489053e-06 -5.772377e-06  0.000000e+00  0.000000e+00  0.000000e+00 -5.624658e-06  9.156151e-06
  -7.991683e-06  0.000000e+00  0.000000e+00  0.000000e+00 -6.442852e-06  1.013026e-05 -1.087046e-05  0.000000e+00  0.000000e+00  0.000000e+00 -6.997103e-06  1.016901e-05 -1.430097e-05  0.000000e+00  0.000000e+00  0.000000e+00 -7.245422e-06
   9.246677e-06 -1.793160e-05  0.000000e+00  0.000000e+00  0.000000e+00 -7.168912e-06  7.702847e-06 -2.134639e-05  0.000000e+00  0.000000e+00  0.000000e+00 -6.780989e-06  6.213928e-06 -2.430349e-05  0.000000e+00  0.000000e+00  0.000000e+00
  -6.121379e-06  5.580165e-06 -2.680050e-05  0.000000e+00  0.000000e+00  0.000000e+00 -5.241120e-06  6.497242e-06 -2.891283e-05  0.000000e+00  0.000000e+00  0.000000e+00 -4.192057e-06  9.398624e-06 -3.053084e-05  0.000000e+00  0.000000e+00
   0.000000e+00 -3.027113e-06  1.432620e-05 -3.124967e-05  0.000000e+00  0.000000e+00  0.000000e+00 -1.805472e-06  2.080376e-05 -3.053247e-05  0.000000e+00  0.000000e+00  0.000000e+00 -5.906272e-07  2.787535e-05 -2.814630e-05  0.000000e+00]
 [-8.626690e-21  5.483246e-04  5.900538e-01  1.000004e+04 -3.902997e-01  3.615767e-04  0.000000e+00  0.000000e+00  1.525459e-05 -1.966946e-06  2.382135e-05  0.000000e+00  0.000000e+00  0.000000e+00  1.413953e-05 -5.372085e-06  2.316929e-05
   0.000000e+00  0.000000e+00  0.000000e+00  1.305669e-05 -7.543069e-06  2.241882e-05  0.000000e+00  0.000000e+00  0.000000e+00  1.200309e-05 -8.229670e-06  2.202402e-05  0.000000e+00  0.000000e+00  0.000000e+00  1.095989e-05 -7.378772e-06
   2.216261e-05  0.000000e+00  0.000000e+00  0.000000e+00  9.907866e-06 -5.070651e-06  2.264295e-05  0.000000e+00  0.000000e+00  0.000000e+00  8.842808e-06 -1.574453e-06  2.300485e-05  0.000000e+00  0.000000e+00  0.000000e+00  7.781961e-06
   2.571158e-06  2.279319e-05  0.000000e+00  0.000000e+00  0.000000e+00  6.756318e-06  6.632440e-06  2.186466e-05  0.000000e+00  0.000000e+00  0.000000e+00  5.792446e-06  9.929102e-06  2.051352e-05  0.000000e+00  0.000000e+00  0.000000e+00
   4.895947e-06  1.205074e-05  1.929738e-05  0.000000e+00  0.000000e+00  0.000000e+00  4.047093e-06  1.286195e-05  1.872583e-05  0.000000e+00  0.000000e+00  0.000000e+00  3.209657e-06  1.235606e-05  1.901304e-05  0.000000e+00  0.000000e+00
   0.000000e+00  2.346841e-06  1.056610e-05  1.999745e-05  0.000000e+00  0.000000e+00  0.000000e+00  1.437137e-06  7.629493e-06  2.120915e-05  0.000000e+00  0.000000e+00  0.000000e+00  4.832608e-07  3.929726e-06  2.209924e-05  0.000000e+00]
 [-5.483246e-04 -2.138034e-20 -6.625721e+00 -3.902997e-01  1.000437e+04  3.229044e-05  0.000000e+00  0.000000e+00  1.899806e-06 -2.453107e-05 -1.426450e-06  0.000000e+00  0.000000e+00  0.000000e+00  2.979787e-06 -2.540736e-05 -3.885121e-06
   0.000000e+00  0.000000e+00  0.000000e+00  4.149026e-06 -2.622116e-05 -5.187777e-06  0.000000e+00  0.000000e+00  0.000000e+00  5.308846e-06 -2.729735e-05 -4.865972e-06  0.000000e+00  0.000000e+00  0.000000e+00  6.359613e-06 -2.866699e-05
  -2.649354e-06  0.000000e+00  0.000000e+00  0.000000e+00  7.202527e-06 -2.996087e-05  1.500463e-06  0.000000e+00  0.000000e+00  0.000000e+00  7.744209e-06 -3.055264e-05  7.258065e-06  0.000000e+00  0.000000e+00  0.000000e+00  7.913158e-06
  -2.994874e-05  1.385440e-05  0.000000e+00  0.000000e+00  0.000000e+00  7.682006e-06 -2.820534e-05  2.026165e-05  0.000000e+00  0.000000e+00  0.000000e+00  7.078062e-06 -2.604811e-05  2.559954e-05  0.000000e+00  0.000000e+00  0.000000e+00
   6.172304e-06 -2.456290e-05  2.940885e-05  0.000000e+00  0.000000e+00  0.000000e+00  5.056728e-06 -2.472281e-05  3.156213e-05  0.000000e+00  0.000000e+00  0.000000e+00  3.827899e-06 -2.702213e-05  3.195476e-05  0.000000e+00  0.000000e+00
   0.000000e+00  2.583129e-06 -3.130303e-05  3.034943e-05  0.000000e+00  0.000000e+00  0.000000e+00  1.420110e-06 -3.674969e-05  2.655735e-05  0.000000e+00  0.000000e+00  0.000000e+00  4.265168e-07 -4.216800e-05  2.086447e-05  0.000000e+00]
 [-5.900538e-01  6.625721e+00 -3.703857e-20  3.615767e-04  3.229044e-05  1.000441e+04  0.000000e+00  0.000000e+00  1.864559e-01 -5.016594e-02  2.863122e-01  0.000000e+00  0.000000e+00  0.000000e+00  1.741496e-01 -9.225722e-02  2.757884e-01
   0.000000e+00  0.000000e+00  0.000000e+00  1.623283e-01 -1.193722e-01  2.653198e-01  0.000000e+00  0.000000e+00  0.000000e+00  1.508501e-01 -1.288370e-01  2.608973e-01  0.000000e+00  0.000000e+00  0.000000e+00  1.393800e-01 -1.200449e-01
   2.649614e-01  0.000000e+00  0.000000e+00  0.000000e+00  1.275793e-01 -9.356563e-02  2.752409e-01  0.000000e+00  0.000000e+00  0.000000e+00  1.152966e-01 -5.197758e-02  2.858290e-01  0.000000e+00  0.000000e+00  0.000000e+00  1.026627e-01
  -1.250879e-03  2.903990e-01  0.000000e+00  0.000000e+00  0.000000e+00  9.002207e-02  4.968765e-02  2.861127e-01  0.000000e+00  0.000000e+00  0.000000e+00  7.772474e-02  9.184008e-02  2.755703e-01  0.000000e+00  0.000000e+00  0.000000e+00
   6.591464e-02  1.190713e-01  2.650131e-01  0.000000e+00  0.000000e+00  0.000000e+00  5.445265e-02  1.286932e-01  2.604537e-01  0.000000e+00  0.000000e+00  0.000000e+00  4.300531e-02  1.200860e-01  2.643668e-01  0.000000e+00  0.000000e+00
   0.000000e+00  3.123327e-02  9.381741e-02  2.745390e-01  0.000000e+00  0.000000e+00  0.000000e+00  1.898238e-02  5.242884e-02  2.850880e-01  0.000000e+00  0.000000e+00  0.000000e+00  6.380426e-03  1.846895e-03  2.896874e-01  0.000000e+00]
 [ 0.000000e+00  0.000000e+00  0.000000e+00  0.000000e+00  0.000000e+00  0.000000e+00  1.000000e+00  0.000000e+00  0.000000e+00  0.000000e+00  0.000000e+00  0.000000e+00  0.000000e+00  0.000000e+00  0.000000e+00  0.000000e+00  0.000000e+00
   0.000000e+00  0.000000e+00  0.000000e+00  0.000000e+00  0.000000e+00  0.000000e+00  0.000000e+00  0.000000e+00  0.000000e+00  0.000000e+00  0.000000e+00  0.000000e+00  0.000000e+00  0.000000e+00  0.000000e+00  0.000000e+00  0.000000e+00
   0.000000e+00  0.000000e+00  0.000000e+00  0.000000e+00  0.000000e+00  0.000000e+00  0.000000e+00  0.000000e+00  0.000000e+00  0.000000e+00  0.000000e+00  0.000000e+00  0.000000e+00  0.000000e+00  0.000000e+00  0.000000e+00  0.000000e+00
   0.000000e+00  0.000000e+00  0.000000e+00  0.000000e+00  0.000000e+00  0.000000e+00  0.000000e+00  0.000000e+00  0.000000e+00  0.000000e+00  0.000000e+00  0.000000e+00  0.000000e+00  0.000000e+00  0.000000e+00  0.000000e+00  0.000000e+00
   0.000000e+00  0.000000e+00  0.000000e+00  0.000000e+00  0.000000e+00  0.000000e+00  0.000000e+00  0.000000e+00  0.000000e+00  0.000000e+00  0.000000e+00  0.000000e+00  0.000000e+00  0.000000e+00  0.000000e+00  0.000000e+00  0.000000e+00
   0.000000e+00  0.000000e+00  0.000000e+00  0.000000e+00  0.000000e+00  0.000000e+00  0.000000e+00  0.000000e+00  0.000000e+00  0.000000e+00  0.000000e+00  0.000000e+00  0.000000e+00  0.000000e+00  0.000000e+00  0.000000e+00  0.000000e+00]
 [ 0.000000e+00  0.000000e+00  0.000000e+00  0.000000e+00  0.000000e+00  0.000000e+00  0.000000e+00  1.000000e+00  0.000000e+00  0.000000e+00  0.000000e+00  0.000000e+00  0.000000e+00  0.000000e+00  0.000000e+00  0.000000e+00  0.000000e+00
   0.000000e+00  0.000000e+00  0.000000e+00  0.000000e+00  0.000000e+00  0.000000e+00  0.000000e+00  0.000000e+00  0.000000e+00  0.000000e+00  0.000000e+00  0.000000e+00  0.000000e+00  0.000000e+00  0.000000e+00  0.000000e+00  0.000000e+00
   0.000000e+00  0.000000e+00  0.000000e+00  0.000000e+00  0.000000e+00  0.000000e+00  0.000000e+00  0.000000e+00  0.000000e+00  0.000000e+00  0.000000e+00  0.000000e+00  0.000000e+00  0.000000e+00  0.000000e+00  0.000000e+00  0.000000e+00
   0.000000e+00  0.000000e+00  0.000000e+00  0.000000e+00  0.000000e+00  0.000000e+00  0.000000e+00  0.000000e+00  0.000000e+00  0.000000e+00  0.000000e+00  0.000000e+00  0.000000e+00  0.000000e+00  0.000000e+00  0.000000e+00  0.000000e+00
   0.000000e+00  0.000000e+00  0.000000e+00  0.000000e+00  0.000000e+00  0.000000e+00  0.000000e+00  0.000000e+00  0.000000e+00  0.000000e+00  0.000000e+00  0.000000e+00  0.000000e+00  0.000000e+00  0.000000e+00  0.000000e+00  0.000000e+00
   0.000000e+00  0.000000e+00  0.000000e+00  0.000000e+00  0.000000e+00  0.000000e+00  0.000000e+00  0.000000e+00  0.000000e+00  0.000000e+00  0.000000e+00  0.000000e+00  0.000000e+00  0.000000e+00  0.000000e+00  0.000000e+00  0.000000e+00]
 [-2.635827e-02  2.802649e-01 -6.933565e-07  1.525459e-05  1.899806e-06  1.864559e-01  0.000000e+00  0.000000e+00  7.891462e-03 -2.182925e-03  1.210574e-02  0.000000e+00  0.000000e+00  0.000000e+00  7.371211e-03 -3.961982e-03  1.165172e-02
   0.000000e+00  0.000000e+00  0.000000e+00  6.871926e-03 -5.107313e-03  1.120317e-02  0.000000e+00  0.000000e+00  0.000000e+00  6.387321e-03 -5.506981e-03  1.101416e-02  0.000000e+00  0.000000e+00  0.000000e+00  5.903059e-03 -5.135808e-03
   1.118813e-02  0.000000e+00  0.000000e+00  0.000000e+00  5.404641e-03 -4.017388e-03  1.162882e-02  0.000000e+00  0.000000e+00  0.000000e+00  4.885500e-03 -2.259595e-03  1.208573e-02  0.000000e+00  0.000000e+00  0.000000e+00  4.351065e-03
  -1.137508e-04  1.228986e-02  0.000000e+00  0.000000e+00  0.000000e+00  3.815867e-03  2.042945e-03  1.211922e-02  0.000000e+00  0.000000e+00  0.000000e+00  3.294761e-03  3.829133e-03  1.168196e-02  0.000000e+00  0.000000e+00  0.000000e+00
   2.793952e-03  4.983848e-03  1.124093e-02  0.000000e+00  0.000000e+00  0.000000e+00  2.307702e-03  5.392039e-03  1.105003e-02  0.000000e+00  0.000000e+00  0.000000e+00  1.822066e-03  5.026957e-03  1.121389e-02  0.000000e+00  0.000000e+00
   0.000000e+00  1.322847e-03  3.913077e-03  1.163893e-02  0.000000e+00  0.000000e+00  0.000000e+00  8.036734e-04  2.159191e-03  1.207674e-02  0.000000e+00  0.000000e+00  0.000000e+00  2.700688e-04  1.745392e-05  1.226081e-02  0.000000e+00]
 [ 4.383282e-01 -3.718300e-02  9.972206e-07 -1.966946e-06 -2.453107e-05 -5.016594e-02  0.000000e+00  0.000000e+00 -2.182925e-03  8.484646e-02  3.070252e-14  0.000000e+00  0.000000e+00  0.000000e+00 -2.248473e-03  1.901044e-02  2.860650e-03
   0.000000e+00  0.000000e+00  0.000000e+00 -2.419108e-03  1.863104e-02  4.743612e-03  0.000000e+00  0.000000e+00  0.000000e+00 -2.645980e-03  1.844515e-02  5.407906e-03  0.000000e+00  0.000000e+00  0.000000e+00 -2.873807e-03  1.860332e-02
   4.787196e-03  0.000000e+00  0.000000e+00  0.000000e+00 -3.047275e-03  1.896480e-02  2.945923e-03  0.000000e+00  0.000000e+00  0.000000e+00 -3.117349e-03  1.917378e-02  1.196894e-04  0.000000e+00  0.000000e+00  0.000000e+00 -3.050192e-03
   1.888788e-02 -3.230447e-03  0.000000e+00  0.000000e+00  0.000000e+00 -2.836050e-03  1.802399e-02 -6.491925e-03  0.000000e+00  0.000000e+00  0.000000e+00 -2.491579e-03  1.685468e-02 -9.109959e-03  0.000000e+00  0.000000e+00  0.000000e+00
  -2.053056e-03  1.585501e-02 -1.075766e-02  0.000000e+00  0.000000e+00  0.000000e+00 -1.565850e-03  1.544669e-02 -1.132975e-02  0.000000e+00  0.000000e+00  0.000000e+00 -1.077401e-03  1.579697e-02 -1.081464e-02  0.000000e+00  0.000000e+00
   0.000000e+00 -6.351230e-04  1.675582e-02 -9.224410e-03  0.000000e+00  0.000000e+00  0.000000e+00 -2.844857e-04  1.791197e-02 -6.657059e-03  0.000000e+00  0.000000e+00  0.000000e+00 -6.236337e-05  1.878726e-02 -3.425265e-03  0.000000e+00]
 [ 3.718300e-02  4.383282e-01 -9.099752e-07  2.382135e-05 -1.426450e-06  2.863122e-01  0.000000e+00  0.000000e+00  1.210574e-02  3.070252e-14  4.547146e-02  0.000000e+00  0.000000e+00  0.000000e+00  1.126820e-02 -2.860650e-03  1.901044e-02
   0.000000e+00  0.000000e+00  0.000000e+00  1.044508e-02 -4.743612e-03  1.863104e-02  0.000000e+00  0.000000e+00  0.000000e+00  9.635394e-03 -5.407906e-03  1.844515e-02  0.000000e+00  0.000000e+00  0.000000e+00  8.826334e-03 -4.787196e-03
   1.860332e-02  0.000000e+00  0.000000e+00  0.000000e+00  8.004869e-03 -2.945923e-03  1.896480e-02  0.000000e+00  0.000000e+00  0.000000e+00  7.169434e-03 -1.196894e-04  1.917378e-02  0.000000e+00  0.000000e+00  0.000000e+00  6.334742e-03
   3.230447e-03  1.888788e-02  0.000000e+00  0.000000e+00  0.000000e+00  5.525581e-03  6.491925e-03  1.802399e-02  0.000000e+00  0.000000e+00  0.000000e+00  4.762466e-03  9.109959e-03  1.685468e-02  0.000000e+00  0.000000e+00  0.000000e+00
   4.048648e-03  1.075766e-02  1.585501e-02  0.000000e+00  0.000000e+00  0.000000e+00  3.366818e-03  1.132975e-02  1.544669e-02  0.000000e+00  0.000000e+00  0.000000e+00  2.686292e-03  1.081464e-02  1.579697e-02  0.000000e+00  0.000000e+00
   0.000000e+00  1.975997e-03  9.224410e-03  1.675582e-02  0.000000e+00  0.000000e+00  0.000000e+00  1.217604e-03  6.657060e-03  1.791197e-02  0.000000e+00  0.000000e+00  0.000000e+00  4.131621e-04  3.425265e-03  1.878726e-02  0.000000e+00]
 [ 0.000000e+00  0.000000e+00  0.000000e+00  0.000000e+00  0.000000e+00  0.000000e+00  0.000000e+00  0.000000e+00  0.000000e+00  0.000000e+00  0.000000e+00  1.000000e+00  0.000000e+00  0.000000e+00  0.000000e+00  0.000000e+00  0.000000e+00
   0.000000e+00  0.000000e+00  0.000000e+00  0.000000e+00  0.000000e+00  0.000000e+00  0.000000e+00  0.000000e+00  0.000000e+00  0.000000e+00  0.000000e+00  0.000000e+00  0.000000e+00  0.000000e+00  0.000000e+00  0.000000e+00  0.000000e+00
   0.000000e+00  0.000000e+00  0.000000e+00  0.000000e+00  0.000000e+00  0.000000e+00  0.000000e+00  0.000000e+00  0.000000e+00  0.000000e+00  0.000000e+00  0.000000e+00  0.000000e+00  0.000000e+00  0.000000e+00  0.000000e+00  0.000000e+00
   0.000000e+00  0.000000e+00  0.000000e+00  0.000000e+00  0.000000e+00  0.000000e+00  0.000000e+00  0.000000e+00  0.000000e+00  0.000000e+00  0.000000e+00  0.000000e+00  0.000000e+00  0.000000e+00  0.000000e+00  0.000000e+00  0.000000e+00
   0.000000e+00  0.000000e+00  0.000000e+00  0.000000e+00  0.000000e+00  0.000000e+00  0.000000e+00  0.000000e+00  0.000000e+00  0.000000e+00  0.000000e+00  0.000000e+00  0.000000e+00  0.000000e+00  0.000000e+00  0.000000e+00  0.000000e+00
   0.000000e+00  0.000000e+00  0.000000e+00  0.000000e+00  0.000000e+00  0.000000e+00  0.000000e+00  0.000000e+00  0.000000e+00  0.000000e+00  0.000000e+00  0.000000e+00  0.000000e+00  0.000000e+00  0.000000e+00  0.000000e+00  0.000000e+00]
 [ 0.000000e+00  0.000000e+00  0.000000e+00  0.000000e+00  0.000000e+00  0.000000e+00  0.000000e+00  0.000000e+00  0.000000e+00  0.000000e+00  0.000000e+00  0.000000e+00  1.000000e+00  0.000000e+00  0.000000e+00  0.000000e+00  0.000000e+00
   0.000000e+00  0.000000e+00  0.000000e+00  0.000000e+00  0.000000e+00  0.000000e+00  0.000000e+00  0.000000e+00  0.000000e+00  0.000000e+00  0.000000e+00  0.000000e+00  0.000000e+00  0.000000e+00  0.000000e+00  0.000000e+00  0.000000e+00
   0.000000e+00  0.000000e+00  0.000000e+00  0.000000e+00  0.000000e+00  0.000000e+00  0.000000e+00  0.000000e+00  0.000000e+00  0.000000e+00  0.000000e+00  0.000000e+00  0.000000e+00  0.000000e+00  0.000000e+00  0.000000e+00  0.000000e+00
   0.000000e+00  0.000000e+00  0.000000e+00  0.000000e+00  0.000000e+00  0.000000e+00  0.000000e+00  0.000000e+00  0.000000e+00  0.000000e+00  0.000000e+00  0.000000e+00  0.000000e+00  0.000000e+00  0.000000e+00  0.000000e+00  0.000000e+00
   0.000000e+00  0.000000e+00  0.000000e+00  0.000000e+00  0.000000e+00  0.000000e+00  0.000000e+00  0.000000e+00  0.000000e+00  0.000000e+00  0.000000e+00  0.000000e+00  0.000000e+00  0.000000e+00  0.000000e+00  0.000000e+00  0.000000e+00
   0.000000e+00  0.000000e+00  0.000000e+00  0.000000e+00  0.000000e+00  0.000000e+00  0.000000e+00  0.000000e+00  0.000000e+00  0.000000e+00  0.000000e+00  0.000000e+00  0.000000e+00  0.000000e+00  0.000000e+00  0.000000e+00  0.000000e+00]
 [ 0.000000e+00  0.000000e+00  0.000000e+00  0.000000e+00  0.000000e+00  0.000000e+00  0.000000e+00  0.000000e+00  0.000000e+00  0.000000e+00  0.000000e+00  0.000000e+00  0.000000e+00  1.000000e+00  0.000000e+00  0.000000e+00  0.000000e+00
   0.000000e+00  0.000000e+00  0.000000e+00  0.000000e+00  0.000000e+00  0.000000e+00  0.000000e+00  0.000000e+00  0.000000e+00  0.000000e+00  0.000000e+00  0.000000e+00  0.000000e+00  0.000000e+00  0.000000e+00  0.000000e+00  0.000000e+00
   0.000000e+00  0.000000e+00  0.000000e+00  0.000000e+00  0.000000e+00  0.000000e+00  0.000000e+00  0.000000e+00  0.000000e+00  0.000000e+00  0.000000e+00  0.000000e+00  0.000000e+00  0.000000e+00  0.000000e+00  0.000000e+00  0.000000e+00
   0.000000e+00  0.000000e+00  0.000000e+00  0.000000e+00  0.000000e+00  0.000000e+00  0.000000e+00  0.000000e+00  0.000000e+00  0.000000e+00  0.000000e+00  0.000000e+00  0.000000e+00  0.000000e+00  0.000000e+00  0.000000e+00  0.000000e+00
   0.000000e+00  0.000000e+00  0.000000e+00  0.000000e+00  0.000000e+00  0.000000e+00  0.000000e+00  0.000000e+00  0.000000e+00  0.000000e+00  0.000000e+00  0.000000e+00  0.000000e+00  0.000000e+00  0.000000e+00  0.000000e+00  0.000000e+00
   0.000000e+00  0.000000e+00  0.000000e+00  0.000000e+00  0.000000e+00  0.000000e+00  0.000000e+00  0.000000e+00  0.000000e+00  0.000000e+00  0.000000e+00  0.000000e+00  0.000000e+00  0.000000e+00  0.000000e+00  0.000000e+00  0.000000e+00]
 [-2.947311e-02  2.612932e-01 -2.072719e-06  1.413953e-05  2.979787e-06  1.741496e-01  0.000000e+00  0.000000e+00  7.371211e-03 -2.248473e-03  1.126820e-02  0.000000e+00  0.000000e+00  0.000000e+00  6.887943e-03 -3.902158e-03  1.081350e-02
   0.000000e+00  0.000000e+00  0.000000e+00  6.424980e-03 -4.964137e-03  1.037505e-02  0.000000e+00  0.000000e+00  0.000000e+00  5.976435e-03 -5.334221e-03  1.019188e-02  0.000000e+00  0.000000e+00  0.000000e+00  5.528209e-03 -4.990638e-03
   1.036106e-02  0.000000e+00  0.000000e+00  0.000000e+00  5.066183e-03 -3.953693e-03  1.079228e-02  0.000000e+00  0.000000e+00  0.000000e+00  4.583690e-03 -2.319781e-03  1.124973e-02  0.000000e+00  0.000000e+00  0.000000e+00  4.085401e-03
  -3.189601e-04  1.147775e-02  0.000000e+00  0.000000e+00  0.000000e+00  3.584736e-03  1.698547e-03  1.135588e-02  0.000000e+00  0.000000e+00  0.000000e+00  3.095712e-03  3.374630e-03  1.097850e-02  0.000000e+00  0.000000e+00  0.000000e+00
   2.624515e-03  4.460947e-03  1.058666e-02  0.000000e+00  0.000000e+00  0.000000e+00  2.166317e-03  4.845599e-03  1.041551e-02  0.000000e+00  0.000000e+00  0.000000e+00  1.708672e-03  4.501772e-03  1.056234e-02  0.000000e+00  0.000000e+00
   0.000000e+00  1.238899e-03  3.453923e-03  1.094017e-02  0.000000e+00  0.000000e+00  0.000000e+00  7.515806e-04  1.807979e-03  1.131884e-02  0.000000e+00  0.000000e+00  0.000000e+00  2.522759e-04 -1.959024e-04  1.145375e-02  0.000000e+00]
 [ 4.279526e-01 -1.020049e-01  3.172809e-06 -5.372085e-06 -2.540736e-05 -9.225722e-02  0.000000e+00  0.000000e+00 -3.961982e-03  1.901044e-02 -2.860650e-03  0.000000e+00  0.000000e+00  0.000000e+00 -3.902158e-03  8.485769e-02  3.070677e-14
   0.000000e+00  0.000000e+00  0.000000e+00 -3.948431e-03  1.913897e-02  1.919322e-03  0.000000e+00  0.000000e+00  0.000000e+00 -4.052341e-03  1.905396e-02  2.604221e-03  0.000000e+00  0.000000e+00  0.000000e+00 -4.157290e-03  1.911804e-02
   1.966568e-03  0.000000e+00  0.000000e+00  0.000000e+00 -4.206612e-03  1.920154e-02  9.107552e-05  0.000000e+00  0.000000e+00  0.000000e+00 -4.151559e-03  1.898753e-02 -2.736190e-03  0.000000e+00  0.000000e+00  0.000000e+00 -3.960848e-03
   1.820590e-02 -6.008105e-03  0.000000e+00  0.000000e+00  0.000000e+00 -3.628517e-03  1.686563e-02 -9.106252e-03  0.000000e+00  0.000000e+00  0.000000e+00 -3.174100e-03  1.531899e-02 -1.152233e-02  0.000000e+00  0.000000e+00  0.000000e+00
  -2.633970e-03  1.408465e-02 -1.300367e-02  0.000000e+00  0.000000e+00  0.000000e+00 -2.050438e-03  1.359551e-02 -1.350888e-02  0.000000e+00  0.000000e+00  0.000000e+00 -1.465871e-03  1.401875e-02 -1.305140e-02  0.000000e+00  0.000000e+00
   0.000000e+00 -9.225509e-04  1.520414e-02 -1.162085e-02  0.000000e+00  0.000000e+00  0.000000e+00 -4.627355e-04  1.673022e-02 -9.252952e-03  0.000000e+00  0.000000e+00  0.000000e+00 -1.232115e-04  1.807734e-02 -6.185868e-03  0.000000e+00]
 [ 1.020049e-01  4.279526e-01 -2.540934e-06  2.316929e-05 -3.885121e-06  2.757884e-01  0.000000e+00  0.000000e+00  1.165172e-02  2.860650e-03  1.901044e-02  0.000000e+00  0.000000e+00  0.000000e+00  1.081350e-02  3.070677e-14  4.548269e-02
   0.000000e+00  0.000000e+00  0.000000e+00  9.973750e-03 -1.919322e-03  1.913897e-02  0.000000e+00  0.000000e+00  0.000000e+00  9.138905e-03 -2.604221e-03  1.905396e-02  0.000000e+00  0.000000e+00  0.000000e+00  8.304537e-03 -1.966568e-03
   1.911804e-02  0.000000e+00  0.000000e+00  0.000000e+00  7.465989e-03 -9.107551e-05  1.920154e-02  0.000000e+00  0.000000e+00  0.000000e+00  6.629013e-03  2.736190e-03  1.898753e-02  0.000000e+00  0.000000e+00  0.000000e+00  5.813203e-03
   6.008105e-03  1.820590e-02  0.000000e+00  0.000000e+00  0.000000e+00  5.044537e-03  9.106252e-03  1.686563e-02  0.000000e+00  0.000000e+00  0.000000e+00  4.340829e-03  1.152233e-02  1.531899e-02  0.000000e+00  0.000000e+00  0.000000e+00
   3.699896e-03  1.300367e-02  1.408465e-02  0.000000e+00  0.000000e+00  0.000000e+00  3.097859e-03  1.350888e-02  1.359551e-02  0.000000e+00  0.000000e+00  0.000000e+00  2.497296e-03  1.305140e-02  1.401875e-02  0.000000e+00  0.000000e+00
   0.000000e+00  1.860408e-03  1.162085e-02  1.520414e-02  0.000000e+00  0.000000e+00  0.000000e+00  1.162290e-03  9.252952e-03  1.673022e-02  0.000000e+00  0.000000e+00  0.000000e+00  3.994799e-04  6.185868e-03  1.807734e-02  0.000000e+00]
 [ 0.000000e+00  0.000000e+00  0.000000e+00  0.000000e+00  0.000000e+00  0.000000e+00  0.000000e+00  0.000000e+00  0.000000e+00  0.000000e+00  0.000000e+00  0.000000e+00  0.000000e+00  0.000000e+00  0.000000e+00  0.000000e+00  0.000000e+00
   1.000000e+00  0.000000e+00  0.000000e+00  0.000000e+00  0.000000e+00  0.000000e+00  0.000000e+00  0.000000e+00  0.000000e+00  0.000000e+00  0.000000e+00  0.000000e+00  0.000000e+00  0.000000e+00  0.000000e+00  0.000000e+00  0.000000e+00
   0.000000e+00  0.000000e+00  0.000000e+00  0.000000e+00  0.000000e+00  0.000000e+00  0.000000e+00  0.000000e+00  0.000000e+00  0.000000e+00  0.000000e+00  0.000000e+00  0.000000e+00  0.000000e+00  0.000000e+00  0.000000e+00  0.000000e+00
   0.000000e+00  0.000000e+00  0.000000e+00  0.000000e+00  0.000000e+00  0.000000e+00  0.000000e+00  0.000000e+00  0.000000e+00  0.000000e+00  0.000000e+00  0.000000e+00  0.000000e+00  0.000000e+00  0.000000e+00  0.000000e+00  0.000000e+00
   0.000000e+00  0.000000e+00  0.000000e+00  0.000000e+00  0.000000e+00  0.000000e+00  0.000000e+00  0.000000e+00  0.000000e+00  0.000000e+00  0.000000e+00  0.000000e+00  0.000000e+00  0.000000e+00  0.000000e+00  0.000000e+00  0.000000e+00
   0.000000e+00  0.000000e+00  0.000000e+00  0.000000e+00  0.000000e+00  0.000000e+00  0.000000e+00  0.000000e+00  0.000000e+00  0.000000e+00  0.000000e+00  0.000000e+00  0.000000e+00  0.000000e+00  0.000000e+00  0.000000e+00  0.000000e+00]
 [ 0.000000e+00  0.000000e+00  0.000000e+00  0.000000e+00  0.000000e+00  0.000000e+00  0.000000e+00  0.000000e+00  0.000000e+00  0.000000e+00  0.000000e+00  0.000000e+00  0.000000e+00  0.000000e+00  0.000000e+00  0.000000e+00  0.000000e+00
   0.000000e+00  1.000000e+00  0.000000e+00  0.000000e+00  0.000000e+00  0.000000e+00  0.000000e+00  0.000000e+00  0.000000e+00  0.000000e+00  0.000000e+00  0.000000e+00  0.000000e+00  0.000000e+00  0.000000e+00  0.000000e+00  0.000000e+00
   0.000000e+00  0.000000e+00  0.000000e+00  0.000000e+00  0.000000e+00  0.000000e+00  0.000000e+00  0.000000e+00  0.000000e+00  0.000000e+00  0.000000e+00  0.000000e+00  0.000000e+00  0.000000e+00  0.000000e+00  0.000000e+00  0.000000e+00
   0.000000e+00  0.000000e+00  0.000000e+00  0.000000e+00  0.000000e+00  0.000000e+00  0.000000e+00  0.000000e+00  0.000000e+00  0.000000e+00  0.000000e+00  0.000000e+00  0.000000e+00  0.000000e+00  0.000000e+00  0.000000e+00  0.000000e+00
   0.000000e+00  0.000000e+00  0.000000e+00  0.000000e+00  0.000000e+00  0.000000e+00  0.000000e+00  0.000000e+00  0.000000e+00  0.000000e+00  0.000000e+00  0.000000e+00  0.000000e+00  0.000000e+00  0.000000e+00  0.000000e+00  0.000000e+00
   0.000000e+00  0.000000e+00  0.000000e+00  0.000000e+00  0.000000e+00  0.000000e+00  0.000000e+00  0.000000e+00  0.000000e+00  0.000000e+00  0.000000e+00  0.000000e+00  0.000000e+00  0.000000e+00  0.000000e+00  0.000000e+00  0.000000e+00]
 [ 0.000000e+00  0.000000e+00  0.000000e+00  0.000000e+00  0.000000e+00  0.000000e+00  0.000000e+00  0.000000e+00  0.000000e+00  0.000000e+00  0.000000e+00  0.000000e+00  0.000000e+00  0.000000e+00  0.000000e+00  0.000000e+00  0.000000e+00
   0.000000e+00  0.000000e+00  1.000000e+00  0.000000e+00  0.000000e+00  0.000000e+00  0.000000e+00  0.000000e+00  0.000000e+00  0.000000e+00  0.000000e+00  0.000000e+00  0.000000e+00  0.000000e+00  0.000000e+00  0.000000e+00  0.000000e+00
   0.000000e+00  0.000000e+00  0.000000e+00  0.000000e+00  0.000000e+00  0.000000e+00  0.000000e+00  0.000000e+00  0.000000e+00  0.000000e+00  0.000000e+00  0.000000e+00  0.000000e+00  0.000000e+00  0.000000e+00  0.000000e+00  0.000000e+00
   0.000000e+00  0.000000e+00  0.000000e+00  0.000000e+00  0.000000e+00  0.000000e+00  0.000000e+00  0.000000e+00  0.000000e+00  0.000000e+00  0.000000e+00  0.000000e+00  0.000000e+00  0.000000e+00  0.000000e+00  0.000000e+00  0.000000e+00
   0.000000e+00  0.000000e+00  0.000000e+00  0.000000e+00  0.000000e+00  0.000000e+00  0.000000e+00  0.000000e+00  0.000000e+00  0.000000e+00  0.000000e+00  0.000000e+00  0.000000e+00  0.000000e+00  0.000000e+00  0.000000e+00  0.000000e+00
   0.000000e+00  0.000000e+00  0.000000e+00  0.000000e+00  0.000000e+00  0.000000e+00  0.000000e+00  0.000000e+00  0.000000e+00  0.000000e+00  0.000000e+00  0.000000e+00  0.000000e+00  0.000000e+00  0.000000e+00  0.000000e+00  0.000000e+00]
 [-3.495630e-02  2.428541e-01 -3.391413e-06  1.305669e-05  4.149026e-06  1.623283e-01  0.000000e+00  0.000000e+00  6.871926e-03 -2.419108e-03  1.044508e-02  0.000000e+00  0.000000e+00  0.000000e+00  6.424980e-03 -3.948431e-03  9.973750e-03
   0.000000e+00  0.000000e+00  0.000000e+00  5.999060e-03 -4.926379e-03  9.534646e-03  0.000000e+00  0.000000e+00  0.000000e+00  5.587092e-03 -5.266349e-03  9.353523e-03  0.000000e+00  0.000000e+00  0.000000e+00  5.175555e-03 -4.950767e-03
   9.521446e-03  0.000000e+00  0.000000e+00  0.000000e+00  4.750267e-03 -3.995926e-03  9.953530e-03  0.000000e+00  0.000000e+00  0.000000e+00  4.304192e-03 -2.484965e-03  1.042713e-02  0.000000e+00  0.000000e+00  0.000000e+00  3.841070e-03
  -6.251478e-04  1.069715e-02  0.000000e+00  0.000000e+00  0.000000e+00  3.373173e-03  1.260289e-03  1.064127e-02  0.000000e+00  0.000000e+00  0.000000e+00  2.913786e-03  2.834584e-03  1.033725e-02  0.000000e+00  0.000000e+00  0.000000e+00
   2.469279e-03  3.859181e-03  1.000288e-02  0.000000e+00  0.000000e+00  0.000000e+00  2.035968e-03  4.222948e-03  9.854304e-03  0.000000e+00  0.000000e+00  0.000000e+00  1.603143e-03  3.898081e-03  9.981554e-03  0.000000e+00  0.000000e+00
   0.000000e+00  1.159875e-03  2.909851e-03  1.030418e-02  0.000000e+00  0.000000e+00  0.000000e+00  7.019370e-04  1.363640e-03  1.061050e-02  0.000000e+00  0.000000e+00  0.000000e+00  2.351271e-04 -5.095436e-04  1.067920e-02  0.000000e+00]
 [ 4.156588e-01 -1.442073e-01  5.411261e-06 -7.543069e-06 -2.622116e-05 -1.193722e-01  0.000000e+00  0.000000e+00 -5.107313e-03  1.863104e-02 -4.743612e-03  0.000000e+00  0.000000e+00  0.000000e+00 -4.964137e-03  1.913897e-02 -1.919322e-03
   0.000000e+00  0.000000e+00  0.000000e+00 -4.926379e-03  8.486812e-02  3.070677e-14  0.000000e+00  0.000000e+00  0.000000e+00 -4.946476e-03  1.922818e-02  6.902559e-04  0.000000e+00  0.000000e+00  0.000000e+00 -4.967654e-03  1.922830e-02
   4.907719e-05  0.000000e+00  0.000000e+00  0.000000e+00 -4.933038e-03  1.912420e-02 -1.826310e-03  0.000000e+00  0.000000e+00  0.000000e+00 -4.794674e-03  1.862888e-02 -4.619481e-03  0.000000e+00  0.000000e+00  0.000000e+00 -4.523375e-03
   1.752413e-02 -7.798634e-03  0.000000e+00  0.000000e+00  0.000000e+00 -4.115801e-03  1.588059e-02 -1.074903e-02  0.000000e+00  0.000000e+00  0.000000e+00 -3.593175e-03  1.409970e-02 -1.299983e-02  0.000000e+00  0.000000e+00  0.000000e+00
  -2.991490e-03  1.272303e-02 -1.435126e-02  0.000000e+00  0.000000e+00  0.000000e+00 -2.350480e-03  1.218565e-02 -1.480537e-02  0.000000e+00  0.000000e+00  0.000000e+00 -1.708588e-03  1.265266e-02 -1.439220e-02  0.000000e+00  0.000000e+00
   0.000000e+00 -1.104131e-03  1.397553e-02 -1.308643e-02  0.000000e+00  0.000000e+00  0.000000e+00 -5.766889e-04  1.573114e-02 -1.088155e-02  0.000000e+00  0.000000e+00  0.000000e+00 -1.625387e-04  1.737840e-02 -7.962762e-03  0.000000e+00]
 [ 1.442073e-01  4.156588e-01 -4.057820e-06  2.241882e-05 -5.187777e-06  2.653198e-01  0.000000e+00  0.000000e+00  1.120317e-02  4.743612e-03  1.863104e-02  0.000000e+00  0.000000e+00  0.000000e+00  1.037505e-02  1.919322e-03  1.913897e-02
   0.000000e+00  0.000000e+00  0.000000e+00  9.534646e-03  3.070590e-14  4.549312e-02  0.000000e+00  0.000000e+00  0.000000e+00  8.693201e-03 -6.902559e-04  1.922818e-02  0.000000e+00  0.000000e+00  0.000000e+00  7.852112e-03 -4.907719e-05
   1.922830e-02  0.000000e+00  0.000000e+00  0.000000e+00  7.012415e-03  1.826310e-03  1.912420e-02  0.000000e+00  0.000000e+00  0.000000e+00  6.184702e-03  4.619481e-03  1.862888e-02  0.000000e+00  0.000000e+00  0.000000e+00  5.391605e-03
   7.798634e-03  1.752413e-02  0.000000e+00  0.000000e+00  0.000000e+00  4.659577e-03  1.074903e-02  1.588059e-02  0.000000e+00  0.000000e+00  0.000000e+00  4.004404e-03  1.299983e-02  1.409970e-02  0.000000e+00  0.000000e+00  0.000000e+00
   3.420280e-03  1.435126e-02  1.272303e-02  0.000000e+00  0.000000e+00  0.000000e+00  2.879209e-03  1.480537e-02  1.218565e-02  0.000000e+00  0.000000e+00  0.000000e+00  2.339710e-03  1.439220e-02  1.265266e-02  0.000000e+00  0.000000e+00
   0.000000e+00  1.759931e-03  1.308643e-02  1.397553e-02  0.000000e+00  0.000000e+00  0.000000e+00  1.110861e-03  1.088155e-02  1.573114e-02  0.000000e+00  0.000000e+00  0.000000e+00  3.853809e-04  7.962762e-03  1.737840e-02  0.000000e+00]
 [ 0.000000e+00  0.000000e+00  0.000000e+00  0.000000e+00  0.000000e+00  0.000000e+00  0.000000e+00  0.000000e+00  0.000000e+00  0.000000e+00  0.000000e+00  0.000000e+00  0.000000e+00  0.000000e+00  0.000000e+00  0.000000e+00  0.000000e+00
   0.000000e+00  0.000000e+00  0.000000e+00  0.000000e+00  0.000000e+00  0.000000e+00  1.000000e+00  0.000000e+00  0.000000e+00  0.000000e+00  0.000000e+00  0.000000e+00  0.000000e+00  0.000000e+00  0.000000e+00  0.000000e+00  0.000000e+00
   0.000000e+00  0.000000e+00  0.000000e+00  0.000000e+00  0.000000e+00  0.000000e+00  0.000000e+00  0.000000e+00  0.000000e+00  0.000000e+00  0.000000e+00  0.000000e+00  0.000000e+00  0.000000e+00  0.000000e+00  0.000000e+00  0.000000e+00
   0.000000e+00  0.000000e+00  0.000000e+00  0.000000e+00  0.000000e+00  0.000000e+00  0.000000e+00  0.000000e+00  0.000000e+00  0.000000e+00  0.000000e+00  0.000000e+00  0.000000e+00  0.000000e+00  0.000000e+00  0.000000e+00  0.000000e+00
   0.000000e+00  0.000000e+00  0.000000e+00  0.000000e+00  0.000000e+00  0.000000e+00  0.000000e+00  0.000000e+00  0.000000e+00  0.000000e+00  0.000000e+00  0.000000e+00  0.000000e+00  0.000000e+00  0.000000e+00  0.000000e+00  0.000000e+00
   0.000000e+00  0.000000e+00  0.000000e+00  0.000000e+00  0.000000e+00  0.000000e+00  0.000000e+00  0.000000e+00  0.000000e+00  0.000000e+00  0.000000e+00  0.000000e+00  0.000000e+00  0.000000e+00  0.000000e+00  0.000000e+00  0.000000e+00]
 [ 0.000000e+00  0.000000e+00  0.000000e+00  0.000000e+00  0.000000e+00  0.000000e+00  0.000000e+00  0.000000e+00  0.000000e+00  0.000000e+00  0.000000e+00  0.000000e+00  0.000000e+00  0.000000e+00  0.000000e+00  0.000000e+00  0.000000e+00
   0.000000e+00  0.000000e+00  0.000000e+00  0.000000e+00  0.000000e+00  0.000000e+00  0.000000e+00  1.000000e+00  0.000000e+00  0.000000e+00  0.000000e+00  0.000000e+00  0.000000e+00  0.000000e+00  0.000000e+00  0.000000e+00  0.000000e+00
   0.000000e+00  0.000000e+00  0.000000e+00  0.000000e+00  0.000000e+00  0.000000e+00  0.000000e+00  0.000000e+00  0.000000e+00  0.000000e+00  0.000000e+00  0.000000e+00  0.000000e+00  0.000000e+00  0.000000e+00  0.000000e+00  0.000000e+00
   0.000000e+00  0.000000e+00  0.000000e+00  0.000000e+00  0.000000e+00  0.000000e+00  0.000000e+00  0.000000e+00  0.000000e+00  0.000000e+00  0.000000e+00  0.000000e+00  0.000000e+00  0.000000e+00  0.000000e+00  0.000000e+00  0.000000e+00
   0.000000e+00  0.000000e+00  0.000000e+00  0.000000e+00  0.000000e+00  0.000000e+00  0.000000e+00  0.000000e+00  0.000000e+00  0.000000e+00  0.000000e+00  0.000000e+00  0.000000e+00  0.000000e+00  0.000000e+00  0.000000e+00  0.000000e+00
   0.000000e+00  0.000000e+00  0.000000e+00  0.000000e+00  0.000000e+00  0.000000e+00  0.000000e+00  0.000000e+00  0.000000e+00  0.000000e+00  0.000000e+00  0.000000e+00  0.000000e+00  0.000000e+00  0.000000e+00  0.000000e+00  0.000000e+00]
 [ 0.000000e+00  0.000000e+00  0.000000e+00  0.000000e+00  0.000000e+00  0.000000e+00  0.000000e+00  0.000000e+00  0.000000e+00  0.000000e+00  0.000000e+00  0.000000e+00  0.000000e+00  0.000000e+00  0.000000e+00  0.000000e+00  0.000000e+00
   0.000000e+00  0.000000e+00  0.000000e+00  0.000000e+00  0.000000e+00  0.000000e+00  0.000000e+00  0.000000e+00  1.000000e+00  0.000000e+00  0.000000e+00  0.000000e+00  0.000000e+00  0.000000e+00  0.000000e+00  0.000000e+00  0.000000e+00
   0.000000e+00  0.000000e+00  0.000000e+00  0.000000e+00  0.000000e+00  0.000000e+00  0.000000e+00  0.000000e+00  0.000000e+00  0.000000e+00  0.000000e+00  0.000000e+00  0.000000e+00  0.000000e+00  0.000000e+00  0.000000e+00  0.000000e+00
   0.000000e+00  0.000000e+00  0.000000e+00  0.000000e+00  0.000000e+00  0.000000e+00  0.000000e+00  0.000000e+00  0.000000e+00  0.000000e+00  0.000000e+00  0.000000e+00  0.000000e+00  0.000000e+00  0.000000e+00  0.000000e+00  0.000000e+00
   0.000000e+00  0.000000e+00  0.000000e+00  0.000000e+00  0.000000e+00  0.000000e+00  0.000000e+00  0.000000e+00  0.000000e+00  0.000000e+00  0.000000e+00  0.000000e+00  0.000000e+00  0.000000e+00  0.000000e+00  0.000000e+00  0.000000e+00
   0.000000e+00  0.000000e+00  0.000000e+00  0.000000e+00  0.000000e+00  0.000000e+00  0.000000e+00  0.000000e+00  0.000000e+00  0.000000e+00  0.000000e+00  0.000000e+00  0.000000e+00  0.000000e+00  0.000000e+00  0.000000e+00  0.000000e+00]
 [-4.169586e-02  2.248300e-01 -4.591685e-06  1.200309e-05  5.308846e-06  1.508501e-01  0.000000e+00  0.000000e+00  6.387321e-03 -2.645980e-03  9.635394e-03  0.000000e+00  0.000000e+00  0.000000e+00  5.976435e-03 -4.052341e-03  9.138905e-03
   0.000000e+00  0.000000e+00  0.000000e+00  5.587092e-03 -4.946476e-03  8.693201e-03  0.000000e+00  0.000000e+00  0.000000e+00  5.212203e-03 -5.256248e-03  8.511897e-03  0.000000e+00  0.000000e+00  0.000000e+00  4.837342e-03 -4.968707e-03
   8.680468e-03  0.000000e+00  0.000000e+00  0.000000e+00  4.448740e-03 -4.095775e-03  9.119064e-03  0.000000e+00  0.000000e+00  0.000000e+00  4.038720e-03 -2.706453e-03  9.617244e-03  0.000000e+00  0.000000e+00  0.000000e+00  3.610000e-03
  -9.845177e-04  9.938903e-03  0.000000e+00  0.000000e+00  0.000000e+00  3.173691e-03  7.736035e-04  9.957983e-03  0.000000e+00  0.000000e+00  0.000000e+00  2.742412e-03  2.251323e-03  9.734197e-03  0.000000e+00  0.000000e+00  0.000000e+00
   2.322822e-03  3.218255e-03  9.461442e-03  0.000000e+00  0.000000e+00  0.000000e+00  1.912505e-03  3.562724e-03  9.336845e-03  0.000000e+00  0.000000e+00  0.000000e+00  1.502604e-03  3.255438e-03  9.443239e-03  0.000000e+00  0.000000e+00
   0.000000e+00  1.084060e-03  2.322933e-03  9.706643e-03  0.000000e+00  0.000000e+00  0.000000e+00  6.539572e-04  8.713156e-04  9.933885e-03  0.000000e+00  0.000000e+00  0.000000e+00  2.184427e-04 -8.759392e-04  9.927490e-03  0.000000e+00]
 [ 4.101350e-01 -1.589953e-01  7.489053e-06 -8.229670e-06 -2.729735e-05 -1.288370e-01  0.000000e+00  0.000000e+00 -5.506981e-03  1.844515e-02 -5.407906e-03  0.000000e+00  0.000000e+00  0.000000e+00 -5.334221e-03  1.905396e-02 -2.604221e-03
   0.000000e+00  0.000000e+00  0.000000e+00 -5.266349e-03  1.922818e-02 -6.902559e-04  0.000000e+00  0.000000e+00  0.000000e+00 -5.256248e-03  8.486823e-02  3.069794e-14  0.000000e+00  0.000000e+00  0.000000e+00 -5.247236e-03  1.922166e-02
  -6.409038e-04  0.000000e+00  0.000000e+00  0.000000e+00 -5.182504e-03  1.905030e-02 -2.511735e-03  0.000000e+00  0.000000e+00  0.000000e+00 -5.014501e-03  1.845498e-02 -5.285913e-03  0.000000e+00  0.000000e+00  0.000000e+00 -4.714862e-03
   1.723663e-02 -8.424034e-03  0.000000e+00  0.000000e+00  0.000000e+00 -4.281199e-03  1.548794e-02 -1.131416e-02  0.000000e+00  0.000000e+00  0.000000e+00 -3.735292e-03  1.362707e-02 -1.350008e-02  0.000000e+00  0.000000e+00  0.000000e+00
  -3.112910e-03  1.220251e-02 -1.480152e-02  0.000000e+00  0.000000e+00  0.000000e+00 -2.452766e-03  1.164907e-02 -1.523615e-02  0.000000e+00  0.000000e+00  0.000000e+00 -1.791796e-03  1.213070e-02 -1.483991e-02  0.000000e+00  0.000000e+00
   0.000000e+00 -1.166799e-03  1.349985e-02 -1.358219e-02  0.000000e+00  0.000000e+00  0.000000e+00 -6.162973e-04  1.533381e-02 -1.144127e-02  0.000000e+00  0.000000e+00  0.000000e+00 -1.762960e-04  1.708508e-02 -8.582862e-03  0.000000e+00]
 [ 1.589953e-01  4.101350e-01 -5.772377e-06  2.202402e-05 -4.865972e-06  2.608973e-01  0.000000e+00  0.000000e+00  1.101416e-02  5.407906e-03  1.844515e-02  0.000000e+00  0.000000e+00  0.000000e+00  1.019188e-02  2.604221e-03  1.905396e-02
   0.000000e+00  0.000000e+00  0.000000e+00  9.353523e-03  6.902559e-04  1.922818e-02  0.000000e+00  0.000000e+00  0.000000e+00  8.511897e-03  3.069794e-14  4.549323e-02  0.000000e+00  0.000000e+00  0.000000e+00  7.670428e-03  6.409038e-04
   1.922166e-02  0.000000e+00  0.000000e+00  0.000000e+00  6.832340e-03  2.511735e-03  1.905030e-02  0.000000e+00  0.000000e+00  0.000000e+00  6.009954e-03  5.285913e-03  1.845498e-02  0.000000e+00  0.000000e+00  0.000000e+00  5.226938e-03
   8.424034e-03  1.723663e-02  0.000000e+00  0.000000e+00  0.000000e+00  4.509855e-03  1.131416e-02  1.548794e-02  0.000000e+00  0.000000e+00  0.000000e+00  3.873721e-03  1.350008e-02  1.362707e-02  0.000000e+00  0.000000e+00  0.000000e+00
   3.311442e-03  1.480152e-02  1.220251e-02  0.000000e+00  0.000000e+00  0.000000e+00  2.793609e-03  1.523615e-02  1.164907e-02  0.000000e+00  0.000000e+00  0.000000e+00  2.277379e-03  1.483991e-02  1.213070e-02  0.000000e+00  0.000000e+00
   0.000000e+00  1.719543e-03  1.358219e-02  1.349985e-02  0.000000e+00  0.000000e+00  0.000000e+00  1.089682e-03  1.144127e-02  1.533381e-02  0.000000e+00  0.000000e+00  0.000000e+00  3.793801e-04  8.582862e-03  1.708508e-02  0.000000e+00]
 [ 0.000000e+00  0.000000e+00  0.000000e+00  0.000000e+00  0.000000e+00  0.000000e+00  0.000000e+00  0.000000e+00  0.000000e+00  0.000000e+00  0.000000e+00  0.000000e+00  0.000000e+00  0.000000e+00  0.000000e+00  0.000000e+00  0.000000e+00
   0.000000e+00  0.000000e+00  0.000000e+00  0.000000e+00  0.000000e+00  0.000000e+00  0.000000e+00  0.000000e+00  0.000000e+00  0.000000e+00  0.000000e+00  0.000000e+00  1.000000e+00  0.000000e+00  0.000000e+00  0.000000e+00  0.000000e+00
   0.000000e+00  0.000000e+00  0.000000e+00  0.000000e+00  0.000000e+00  0.000000e+00  0.000000e+00  0.000000e+00  0.000000e+00  0.000000e+00  0.000000e+00  0.000000e+00  0.000000e+00  0.000000e+00  0.000000e+00  0.000000e+00  0.000000e+00
   0.000000e+00  0.000000e+00  0.000000e+00  0.000000e+00  0.000000e+00  0.000000e+00  0.000000e+00  0.000000e+00  0.000000e+00  0.000000e+00  0.000000e+00  0.000000e+00  0.000000e+00  0.000000e+00  0.000000e+00  0.000000e+00  0.000000e+00
   0.000000e+00  0.000000e+00  0.000000e+00  0.000000e+00  0.000000e+00  0.000000e+00  0.000000e+00  0.000000e+00  0.000000e+00  0.000000e+00  0.000000e+00  0.000000e+00  0.000000e+00  0.000000e+00  0.000000e+00  0.000000e+00  0.000000e+00
   0.000000e+00  0.000000e+00  0.000000e+00  0.000000e+00  0.000000e+00  0.000000e+00  0.000000e+00  0.000000e+00  0.000000e+00  0.000000e+00  0.000000e+00  0.000000e+00  0.000000e+00  0.000000e+00  0.000000e+00  0.000000e+00  0.000000e+00]
 [ 0.000000e+00  0.000000e+00  0.000000e+00  0.000000e+00  0.000000e+00  0.000000e+00  0.000000e+00  0.000000e+00  0.000000e+00  0.000000e+00  0.000000e+00  0.000000e+00  0.000000e+00  0.000000e+00  0.000000e+00  0.000000e+00  0.000000e+00
   0.000000e+00  0.000000e+00  0.000000e+00  0.000000e+00  0.000000e+00  0.000000e+00  0.000000e+00  0.000000e+00  0.000000e+00  0.000000e+00  0.000000e+00  0.000000e+00  0.000000e+00  1.000000e+00  0.000000e+00  0.000000e+00  0.000000e+00
   0.000000e+00  0.000000e+00  0.000000e+00  0.000000e+00  0.000000e+00  0.000000e+00  0.000000e+00  0.000000e+00  0.000000e+00  0.000000e+00  0.000000e+00  0.000000e+00  0.000000e+00  0.000000e+00  0.000000e+00  0.000000e+00  0.000000e+00
   0.000000e+00  0.000000e+00  0.000000e+00  0.000000e+00  0.000000e+00  0.000000e+00  0.000000e+00  0.000000e+00  0.000000e+00  0.000000e+00  0.000000e+00  0.000000e+00  0.000000e+00  0.000000e+00  0.000000e+00  0.000000e+00  0.000000e+00
   0.000000e+00  0.000000e+00  0.000000e+00  0.000000e+00  0.000000e+00  0.000000e+00  0.000000e+00  0.000000e+00  0.000000e+00  0.000000e+00  0.000000e+00  0.000000e+00  0.000000e+00  0.000000e+00  0.000000e+00  0.000000e+00  0.000000e+00
   0.000000e+00  0.000000e+00  0.000000e+00  0.000000e+00  0.000000e+00  0.000000e+00  0.000000e+00  0.000000e+00  0.000000e+00  0.000000e+00  0.000000e+00  0.000000e+00  0.000000e+00  0.000000e+00  0.000000e+00  0.000000e+00  0.000000e+00]
 [ 0.000000e+00  0.000000e+00  0.000000e+00  0.000000e+00  0.000000e+00  0.000000e+00  0.000000e+00  0.000000e+00  0.000000e+00  0.000000e+00  0.000000e+00  0.000000e+00  0.000000e+00  0.000000e+00  0.000000e+00  0.000000e+00  0.000000e+00
   0.000000e+00  0.000000e+00  0.000000e+00  0.000000e+00  0.000000e+00  0.000000e+00  0.000000e+00  0.000000e+00  0.000000e+00  0.000000e+00  0.000000e+00  0.000000e+00  0.000000e+00  0.000000e+00  1.000000e+00  0.000000e+00  0.000000e+00
   0.000000e+00  0.000000e+00  0.000000e+00  0.000000e+00  0.000000e+00  0.000000e+00  0.000000e+00  0.000000e+00  0.000000e+00  0.000000e+00  0.000000e+00  0.000000e+00  0.000000e+00  0.000000e+00  0.000000e+00  0.000000e+00  0.000000e+00
   0.000000e+00  0.000000e+00  0.000000e+00  0.000000e+00  0.000000e+00  0.000000e+00  0.000000e+00  0.000000e+00  0.000000e+00  0.000000e+00  0.000000e+00  0.000000e+00  0.000000e+00  0.000000e+00  0.000000e+00  0.000000e+00  0.000000e+00
   0.000000e+00  0.000000e+00  0.000000e+00  0.000000e+00  0.000000e+00  0.000000e+00  0.000000e+00  0.000000e+00  0.000000e+00  0.000000e+00  0.000000e+00  0.000000e+00  0.000000e+00  0.000000e+00  0.000000e+00  0.000000e+00  0.000000e+00
   0.000000e+00  0.000000e+00  0.000000e+00  0.000000e+00  0.000000e+00  0.000000e+00  0.000000e+00  0.000000e+00  0.000000e+00  0.000000e+00  0.000000e+00  0.000000e+00  0.000000e+00  0.000000e+00  0.000000e+00  0.000000e+00  0.000000e+00]
 [-4.845600e-02  2.068221e-01 -5.624658e-06  1.095989e-05  6.359613e-06  1.393800e-01  0.000000e+00  0.000000e+00  5.903059e-03 -2.873807e-03  8.826334e-03  0.000000e+00  0.000000e+00  0.000000e+00  5.528209e-03 -4.157290e-03  8.304537e-03
   0.000000e+00  0.000000e+00  0.000000e+00  5.175555e-03 -4.967654e-03  7.852112e-03  0.000000e+00  0.000000e+00  0.000000e+00  4.837342e-03 -5.247236e-03  7.670428e-03  0.000000e+00  0.000000e+00  0.000000e+00  4.499546e-03 -4.987732e-03
   7.839514e-03  0.000000e+00  0.000000e+00  0.000000e+00  4.147497e-03 -4.196702e-03  8.284715e-03  0.000000e+00  0.000000e+00  0.000000e+00  3.773523e-03 -2.928988e-03  8.807632e-03  0.000000e+00  0.000000e+00  0.000000e+00  3.379189e-03
  -1.344871e-03  9.181106e-03  0.000000e+00  0.000000e+00  0.000000e+00  2.974445e-03  2.860299e-04  9.275312e-03  0.000000e+00  0.000000e+00  0.000000e+00  2.571243e-03  1.667276e-03  9.131888e-03  0.000000e+00  0.000000e+00  0.000000e+00
   2.176537e-03  2.576621e-03  8.920826e-03  0.000000e+00  0.000000e+00  0.000000e+00  1.789176e-03  2.901823e-03  8.820230e-03  0.000000e+00  0.000000e+00  0.000000e+00  1.402162e-03  2.612091e-03  8.905746e-03  0.000000e+00  0.000000e+00
   0.000000e+00  1.008309e-03  1.735235e-03  9.109859e-03  0.000000e+00  0.000000e+00  0.000000e+00  6.060109e-04  3.781109e-04  9.257895e-03  0.000000e+00  0.000000e+00  0.000000e+00  2.017678e-04 -1.243310e-03  9.176247e-03  0.000000e+00]
 [ 4.149424e-01 -1.451475e-01  9.156151e-06 -7.378772e-06 -2.866699e-05 -1.200449e-01  0.000000e+00  0.000000e+00 -5.135808e-03  1.860332e-02 -4.787196e-03  0.000000e+00  0.000000e+00  0.000000e+00 -4.990638e-03  1.911804e-02 -1.966568e-03
   0.000000e+00  0.000000e+00  0.000000e+00 -4.950767e-03  1.922830e-02 -4.907719e-05  0.000000e+00  0.000000e+00  0.000000e+00 -4.968707e-03  1.922166e-02  6.409038e-04  0.000000e+00  0.000000e+00  0.000000e+00 -4.987732e-03  8.485233e-02
   3.067762e-14  0.000000e+00  0.000000e+00  0.000000e+00 -4.950974e-03  1.911975e-02 -1.875097e-03  0.000000e+00  0.000000e+00  0.000000e+00 -4.810498e-03  1.861731e-02 -4.667036e-03  0.000000e+00  0.000000e+00  0.000000e+00 -4.537173e-03
   1.750443e-02 -7.843407e-03  0.000000e+00  0.000000e+00  0.000000e+00 -4.127728e-03  1.585335e-02 -1.078964e-02  0.000000e+00  0.000000e+00  0.000000e+00 -3.603426e-03  1.406671e-02 -1.303592e-02  0.000000e+00  0.000000e+00  0.000000e+00
  -3.000244e-03  1.268658e-02 -1.438387e-02  0.000000e+00  0.000000e+00  0.000000e+00 -2.357848e-03  1.214803e-02 -1.483660e-02  0.000000e+00  0.000000e+00  0.000000e+00 -1.714573e-03  1.261610e-02 -1.442462e-02  0.000000e+00  0.000000e+00
   0.000000e+00 -1.108631e-03  1.394232e-02 -1.312221e-02  0.000000e+00  0.000000e+00  0.000000e+00 -5.795280e-04  1.570357e-02 -1.092178e-02  0.000000e+00  0.000000e+00  0.000000e+00 -1.635232e-04  1.735828e-02 -8.007165e-03  0.000000e+00]
 [ 1.451475e-01  4.149424e-01 -7.991683e-06  2.216261e-05 -2.649354e-06  2.649614e-01  0.000000e+00  0.000000e+00  1.118813e-02  4.787196e-03  1.860332e-02  0.000000e+00  0.000000e+00  0.000000e+00  1.036106e-02  1.966568e-03  1.911804e-02
   0.000000e+00  0.000000e+00  0.000000e+00  9.521446e-03  4.907719e-05  1.922830e-02  0.000000e+00  0.000000e+00  0.000000e+00  8.680468e-03 -6.409038e-04  1.922166e-02  0.000000e+00  0.000000e+00  0.000000e+00  7.839514e-03  3.067849e-14
   4.547733e-02  0.000000e+00  0.000000e+00  0.000000e+00  6.999912e-03  1.875097e-03  1.911975e-02  0.000000e+00  0.000000e+00  0.000000e+00  6.172543e-03  4.667036e-03  1.861731e-02  0.000000e+00  0.000000e+00  0.000000e+00  5.380129e-03
   7.843407e-03  1.750443e-02  0.000000e+00  0.000000e+00  0.000000e+00  4.649132e-03  1.078964e-02  1.585335e-02  0.000000e+00  0.000000e+00  0.000000e+00  3.995284e-03  1.303592e-02  1.406671e-02  0.000000e+00  0.000000e+00  0.000000e+00
   3.412688e-03  1.438387e-02  1.268658e-02  0.000000e+00  0.000000e+00  0.000000e+00  2.873246e-03  1.483660e-02  1.214803e-02  0.000000e+00  0.000000e+00  0.000000e+00  2.335378e-03  1.442462e-02  1.261610e-02  0.000000e+00  0.000000e+00
   0.000000e+00  1.757134e-03  1.312221e-02  1.394232e-02  0.000000e+00  0.000000e+00  0.000000e+00  1.109402e-03  1.092178e-02  1.570357e-02  0.000000e+00  0.000000e+00  0.000000e+00  3.849706e-04  8.007165e-03  1.735828e-02  0.000000e+00]
 [ 0.000000e+00  0.000000e+00  0.000000e+00  0.000000e+00  0.000000e+00  0.000000e+00  0.000000e+00  0.000000e+00  0.000000e+00  0.000000e+00  0.000000e+00  0.000000e+00  0.000000e+00  0.000000e+00  0.000000e+00  0.000000e+00  0.000000e+00
   0.000000e+00  0.000000e+00  0.000000e+00  0.000000e+00  0.000000e+00  0.000000e+00  0.000000e+00  0.000000e+00  0.000000e+00  0.000000e+00  0.000000e+00  0.000000e+00  0.000000e+00  0.000000e+00  0.000000e+00  0.000000e+00  0.000000e+00
   0.000000e+00  1.000000e+00  0.000000e+00  0.000000e+00  0.000000e+00  0.000000e+00  0.000000e+00  0.000000e+00  0.000000e+00  0.000000e+00  0.000000e+00  0.000000e+00  0.000000e+00  0.000000e+00  0.000000e+00  0.000000e+00  0.000000e+00
   0.000000e+00  0.000000e+00  0.000000e+00  0.000000e+00  0.000000e+00  0.000000e+00  0.000000e+00  0.000000e+00  0.000000e+00  0.000000e+00  0.000000e+00  0.000000e+00  0.000000e+00  0.000000e+00  0.000000e+00  0.000000e+00  0.000000e+00
   0.000000e+00  0.000000e+00  0.000000e+00  0.000000e+00  0.000000e+00  0.000000e+00  0.000000e+00  0.000000e+00  0.000000e+00  0.000000e+00  0.000000e+00  0.000000e+00  0.000000e+00  0.000000e+00  0.000000e+00  0.000000e+00  0.000000e+00
   0.000000e+00  0.000000e+00  0.000000e+00  0.000000e+00  0.000000e+00  0.000000e+00  0.000000e+00  0.000000e+00  0.000000e+00  0.000000e+00  0.000000e+00  0.000000e+00  0.000000e+00  0.000000e+00  0.000000e+00  0.000000e+00  0.000000e+00]
 [ 0.000000e+00  0.000000e+00  0.000000e+00  0.000000e+00  0.000000e+00  0.000000e+00  0.000000e+00  0.000000e+00  0.000000e+00  0.000000e+00  0.000000e+00  0.000000e+00  0.000000e+00  0.000000e+00  0.000000e+00  0.000000e+00  0.000000e+00
   0.000000e+00  0.000000e+00  0.000000e+00  0.000000e+00  0.000000e+00  0.000000e+00  0.000000e+00  0.000000e+00  0.000000e+00  0.000000e+00  0.000000e+00  0.000000e+00  0.000000e+00  0.000000e+00  0.000000e+00  0.000000e+00  0.000000e+00
   0.000000e+00  0.000000e+00  1.000000e+00  0.000000e+00  0.000000e+00  0.000000e+00  0.000000e+00  0.000000e+00  0.000000e+00  0.000000e+00  0.000000e+00  0.000000e+00  0.000000e+00  0.000000e+00  0.000000e+00  0.000000e+00  0.000000e+00
   0.000000e+00  0.000000e+00  0.000000e+00  0.000000e+00  0.000000e+00  0.000000e+00  0.000000e+00  0.000000e+00  0.000000e+00  0.000000e+00  0.000000e+00  0.000000e+00  0.000000e+00  0.000000e+00  0.000000e+00  0.000000e+00  0.000000e+00
   0.000000e+00  0.000000e+00  0.000000e+00  0.000000e+00  0.000000e+00  0.000000e+00  0.000000e+00  0.000000e+00  0.000000e+00  0.000000e+00  0.000000e+00  0.000000e+00  0.000000e+00  0.000000e+00  0.000000e+00  0.000000e+00  0.000000e+00
   0.000000e+00  0.000000e+00  0.000000e+00  0.000000e+00  0.000000e+00  0.000000e+00  0.000000e+00  0.000000e+00  0.000000e+00  0.000000e+00  0.000000e+00  0.000000e+00  0.000000e+00  0.000000e+00  0.000000e+00  0.000000e+00  0.000000e+00]
 [ 0.000000e+00  0.000000e+00  0.000000e+00  0.000000e+00  0.000000e+00  0.000000e+00  0.000000e+00  0.000000e+00  0.000000e+00  0.000000e+00  0.000000e+00  0.000000e+00  0.000000e+00  0.000000e+00  0.000000e+00  0.000000e+00  0.000000e+00
   0.000000e+00  0.000000e+00  0.000000e+00  0.000000e+00  0.000000e+00  0.000000e+00  0.000000e+00  0.000000e+00  0.000000e+00  0.000000e+00  0.000000e+00  0.000000e+00  0.000000e+00  0.000000e+00  0.000000e+00  0.000000e+00  0.000000e+00
   0.000000e+00  0.000000e+00  0.000000e+00  1.000000e+00  0.000000e+00  0.000000e+00  0.000000e+00  0.000000e+00  0.000000e+00  0.000000e+00  0.000000e+00  0.000000e+00  0.000000e+00  0.000000e+00  0.000000e+00  0.000000e+00  0.000000e+00
   0.000000e+00  0.000000e+00  0.000000e+00  0.000000e+00  0.000000e+00  0.000000e+00  0.000000e+00  0.000000e+00  0.000000e+00  0.000000e+00  0.000000e+00  0.000000e+00  0.000000e+00  0.000000e+00  0.000000e+00  0.000000e+00  0.000000e+00
   0.000000e+00  0.000000e+00  0.000000e+00  0.000000e+00  0.000000e+00  0.000000e+00  0.000000e+00  0.000000e+00  0.000000e+00  0.000000e+00  0.000000e+00  0.000000e+00  0.000000e+00  0.000000e+00  0.000000e+00  0.000000e+00  0.000000e+00
   0.000000e+00  0.000000e+00  0.000000e+00  0.000000e+00  0.000000e+00  0.000000e+00  0.000000e+00  0.000000e+00  0.000000e+00  0.000000e+00  0.000000e+00  0.000000e+00  0.000000e+00  0.000000e+00  0.000000e+00  0.000000e+00  0.000000e+00]
 [-5.400059e-02  1.884262e-01 -6.442852e-06  9.907866e-06  7.202527e-06  1.275793e-01  0.000000e+00  0.000000e+00  5.404641e-03 -3.047275e-03  8.004869e-03  0.000000e+00  0.000000e+00  0.000000e+00  5.066183e-03 -4.206612e-03  7.465989e-03
   0.000000e+00  0.000000e+00  0.000000e+00  4.750267e-03 -4.933038e-03  7.012415e-03  0.000000e+00  0.000000e+00  0.000000e+00  4.448740e-03 -5.182504e-03  6.832340e-03  0.000000e+00  0.000000e+00  0.000000e+00  4.147497e-03 -4.950974e-03
   6.999912e-03  0.000000e+00  0.000000e+00  0.000000e+00  3.832448e-03 -4.242032e-03  7.446112e-03  0.000000e+00  0.000000e+00  0.000000e+00  3.494745e-03 -3.097213e-03  7.985618e-03  0.000000e+00  0.000000e+00  0.000000e+00  3.135541e-03
  -1.653949e-03  8.401621e-03  0.000000e+00  0.000000e+00  0.000000e+00  2.763506e-03 -1.548784e-04  8.562302e-03  0.000000e+00  0.000000e+00  0.000000e+00  2.389863e-03  1.124847e-03  8.492611e-03  0.000000e+00  0.000000e+00  0.000000e+00
   2.021754e-03  1.972684e-03  8.339247e-03  0.000000e+00  0.000000e+00  0.000000e+00  1.659181e-03  2.277082e-03  8.261306e-03  0.000000e+00  0.000000e+00  0.000000e+00  1.296888e-03  2.006239e-03  8.327167e-03  0.000000e+00  0.000000e+00
   0.000000e+00  9.294478e-04  1.188800e-03  8.475850e-03  0.000000e+00  0.000000e+00  0.000000e+00  5.564508e-04 -6.885498e-05  8.551174e-03  0.000000e+00  0.000000e+00  0.000000e+00  1.846419e-04 -1.559819e-03  8.402831e-03  0.000000e+00]
 [ 4.267470e-01 -1.038610e-01  1.013026e-05 -5.070651e-06 -2.996087e-05 -9.356563e-02  0.000000e+00  0.000000e+00 -4.017388e-03  1.896480e-02 -2.945923e-03  0.000000e+00  0.000000e+00  0.000000e+00 -3.953693e-03  1.920154e-02 -9.107551e-05
   0.000000e+00  0.000000e+00  0.000000e+00 -3.995926e-03  1.912420e-02  1.826310e-03  0.000000e+00  0.000000e+00  0.000000e+00 -4.095775e-03  1.905030e-02  2.511735e-03  0.000000e+00  0.000000e+00  0.000000e+00 -4.196702e-03  1.911975e-02
   1.875097e-03  0.000000e+00  0.000000e+00  0.000000e+00 -4.242032e-03  8.482585e-02  3.065251e-14  0.000000e+00  0.000000e+00  0.000000e+00 -4.183012e-03  1.897474e-02 -2.826194e-03  0.000000e+00  0.000000e+00  0.000000e+00 -3.988432e-03
   1.817760e-02 -6.094436e-03  0.000000e+00  0.000000e+00  0.000000e+00 -3.652456e-03  1.682263e-02 -9.186260e-03  0.000000e+00  0.000000e+00  0.000000e+00 -3.194700e-03  1.526453e-02 -1.159504e-02  0.000000e+00  0.000000e+00  0.000000e+00
  -2.651528e-03  1.402316e-02 -1.307054e-02  0.000000e+00  0.000000e+00  0.000000e+00 -2.065137e-03  1.353162e-02 -1.357343e-02  0.000000e+00  0.000000e+00  0.000000e+00 -1.477719e-03  1.395703e-02 -1.311795e-02  0.000000e+00  0.000000e+00
   0.000000e+00 -9.313757e-04  1.514921e-02 -1.169301e-02  0.000000e+00  0.000000e+00  0.000000e+00 -4.682477e-04  1.668653e-02 -9.332320e-03  0.000000e+00  0.000000e+00  0.000000e+00 -1.251057e-04  1.804820e-02 -6.271592e-03  0.000000e+00]
 [ 1.038610e-01  4.267470e-01 -1.087046e-05  2.264295e-05  1.500463e-06  2.752409e-01  0.000000e+00  0.000000e+00  1.162882e-02  2.945923e-03  1.896480e-02  0.000000e+00  0.000000e+00  0.000000e+00  1.079228e-02  9.107552e-05  1.920154e-02
   0.000000e+00  0.000000e+00  0.000000e+00  9.953530e-03 -1.826310e-03  1.912420e-02  0.000000e+00  0.000000e+00  0.000000e+00  9.119064e-03 -2.511735e-03  1.905030e-02  0.000000e+00  0.000000e+00  0.000000e+00  8.284715e-03 -1.875097e-03
   1.911975e-02  0.000000e+00  0.000000e+00  0.000000e+00  7.446112e-03  3.065251e-14  4.545085e-02  0.000000e+00  0.000000e+00  0.000000e+00  6.609401e-03  2.826194e-03  1.897474e-02  0.000000e+00  0.000000e+00  0.000000e+00  5.794488e-03
   6.094436e-03  1.817760e-02  0.000000e+00  0.000000e+00  0.000000e+00  5.027389e-03  9.186260e-03  1.682263e-02  0.000000e+00  0.000000e+00  0.000000e+00  4.325828e-03  1.159504e-02  1.526453e-02  0.000000e+00  0.000000e+00  0.000000e+00
   3.687449e-03  1.307054e-02  1.402316e-02  0.000000e+00  0.000000e+00  0.000000e+00  3.088171e-03  1.357343e-02  1.353162e-02  0.000000e+00  0.000000e+00  0.000000e+00  2.490373e-03  1.311795e-02  1.395703e-02  0.000000e+00  0.000000e+00
   0.000000e+00  1.856054e-03  1.169301e-02  1.514921e-02  0.000000e+00  0.000000e+00  0.000000e+00  1.160108e-03  9.332320e-03  1.668653e-02  0.000000e+00  0.000000e+00  0.000000e+00  3.988998e-04  6.271592e-03  1.804820e-02  0.000000e+00]
 [ 0.000000e+00  0.000000e+00  0.000000e+00  0.000000e+00  0.000000e+00  0.000000e+00  0.000000e+00  0.000000e+00  0.000000e+00  0.000000e+00  0.000000e+00  0.000000e+00  0.000000e+00  0.000000e+00  0.000000e+00  0.000000e+00  0.000000e+00
   0.000000e+00  0.000000e+00  0.000000e+00  0.000000e+00  0.000000e+00  0.000000e+00  0.000000e+00  0.000000e+00  0.000000e+00  0.000000e+00  0.000000e+00  0.000000e+00  0.000000e+00  0.000000e+00  0.000000e+00  0.000000e+00  0.000000e+00
   0.000000e+00  0.000000e+00  0.000000e+00  0.000000e+00  0.000000e+00  0.000000e+00  0.000000e+00  1.000000e+00  0.000000e+00  0.000000e+00  0.000000e+00  0.000000e+00  0.000000e+00  0.000000e+00  0.000000e+00  0.000000e+00  0.000000e+00
   0.000000e+00  0.000000e+00  0.000000e+00  0.000000e+00  0.000000e+00  0.000000e+00  0.000000e+00  0.000000e+00  0.000000e+00  0.000000e+00  0.000000e+00  0.000000e+00  0.000000e+00  0.000000e+00  0.000000e+00  0.000000e+00  0.000000e+00
   0.000000e+00  0.000000e+00  0.000000e+00  0.000000e+00  0.000000e+00  0.000000e+00  0.000000e+00  0.000000e+00  0.000000e+00  0.000000e+00  0.000000e+00  0.000000e+00  0.000000e+00  0.000000e+00  0.000000e+00  0.000000e+00  0.000000e+00
   0.000000e+00  0.000000e+00  0.000000e+00  0.000000e+00  0.000000e+00  0.000000e+00  0.000000e+00  0.000000e+00  0.000000e+00  0.000000e+00  0.000000e+00  0.000000e+00  0.000000e+00  0.000000e+00  0.000000e+00  0.000000e+00  0.000000e+00]
 [ 0.000000e+00  0.000000e+00  0.000000e+00  0.000000e+00  0.000000e+00  0.000000e+00  0.000000e+00  0.000000e+00  0.000000e+00  0.000000e+00  0.000000e+00  0.000000e+00  0.000000e+00  0.000000e+00  0.000000e+00  0.000000e+00  0.000000e+00
   0.000000e+00  0.000000e+00  0.000000e+00  0.000000e+00  0.000000e+00  0.000000e+00  0.000000e+00  0.000000e+00  0.000000e+00  0.000000e+00  0.000000e+00  0.000000e+00  0.000000e+00  0.000000e+00  0.000000e+00  0.000000e+00  0.000000e+00
   0.000000e+00  0.000000e+00  0.000000e+00  0.000000e+00  0.000000e+00  0.000000e+00  0.000000e+00  0.000000e+00  1.000000e+00  0.000000e+00  0.000000e+00  0.000000e+00  0.000000e+00  0.000000e+00  0.000000e+00  0.000000e+00  0.000000e+00
   0.000000e+00  0.000000e+00  0.000000e+00  0.000000e+00  0.000000e+00  0.000000e+00  0.000000e+00  0.000000e+00  0.000000e+00  0.000000e+00  0.000000e+00  0.000000e+00  0.000000e+00  0.000000e+00  0.000000e+00  0.000000e+00  0.000000e+00
   0.000000e+00  0.000000e+00  0.000000e+00  0.000000e+00  0.000000e+00  0.000000e+00  0.000000e+00  0.000000e+00  0.000000e+00  0.000000e+00  0.000000e+00  0.000000e+00  0.000000e+00  0.000000e+00  0.000000e+00  0.000000e+00  0.000000e+00
   0.000000e+00  0.000000e+00  0.000000e+00  0.000000e+00  0.000000e+00  0.000000e+00  0.000000e+00  0.000000e+00  0.000000e+00  0.000000e+00  0.000000e+00  0.000000e+00  0.000000e+00  0.000000e+00  0.000000e+00  0.000000e+00  0.000000e+00]
 [ 0.000000e+00  0.000000e+00  0.000000e+00  0.000000e+00  0.000000e+00  0.000000e+00  0.000000e+00  0.000000e+00  0.000000e+00  0.000000e+00  0.000000e+00  0.000000e+00  0.000000e+00  0.000000e+00  0.000000e+00  0.000000e+00  0.000000e+00
   0.000000e+00  0.000000e+00  0.000000e+00  0.000000e+00  0.000000e+00  0.000000e+00  0.000000e+00  0.000000e+00  0.000000e+00  0.000000e+00  0.000000e+00  0.000000e+00  0.000000e+00  0.000000e+00  0.000000e+00  0.000000e+00  0.000000e+00
   0.000000e+00  0.000000e+00  0.000000e+00  0.000000e+00  0.000000e+00  0.000000e+00  0.000000e+00  0.000000e+00  0.000000e+00  1.000000e+00  0.000000e+00  0.000000e+00  0.000000e+00  0.000000e+00  0.000000e+00  0.000000e+00  0.000000e+00
   0.000000e+00  0.000000e+00  0.000000e+00  0.000000e+00  0.000000e+00  0.000000e+00  0.000000e+00  0.000000e+00  0.000000e+00  0.000000e+00  0.000000e+00  0.000000e+00  0.000000e+00  0.000000e+00  0.000000e+00  0.000000e+00  0.000000e+00
   0.000000e+00  0.000000e+00  0.000000e+00  0.000000e+00  0.000000e+00  0.000000e+00  0.000000e+00  0.000000e+00  0.000000e+00  0.000000e+00  0.000000e+00  0.000000e+00  0.000000e+00  0.000000e+00  0.000000e+00  0.000000e+00  0.000000e+00
   0.000000e+00  0.000000e+00  0.000000e+00  0.000000e+00  0.000000e+00  0.000000e+00  0.000000e+00  0.000000e+00  0.000000e+00  0.000000e+00  0.000000e+00  0.000000e+00  0.000000e+00  0.000000e+00  0.000000e+00  0.000000e+00  0.000000e+00]
 [-5.721456e-02  1.695117e-01 -6.997103e-06  8.842808e-06  7.744209e-06  1.152966e-01  0.000000e+00  0.000000e+00  4.885500e-03 -3.117349e-03  7.169434e-03  0.000000e+00  0.000000e+00  0.000000e+00  4.583690e-03 -4.151559e-03  6.629013e-03
   0.000000e+00  0.000000e+00  0.000000e+00  4.304192e-03 -4.794674e-03  6.184702e-03  0.000000e+00  0.000000e+00  0.000000e+00  4.038720e-03 -5.014501e-03  6.009954e-03  0.000000e+00  0.000000e+00  0.000000e+00  3.773523e-03 -4.810498e-03
   6.172543e-03  0.000000e+00  0.000000e+00  0.000000e+00  3.494745e-03 -4.183012e-03  6.609401e-03  0.000000e+00  0.000000e+00  0.000000e+00  3.193950e-03 -3.162049e-03  7.149945e-03  0.000000e+00  0.000000e+00  0.000000e+00  2.870731e-03
  -1.863678e-03  7.590629e-03  0.000000e+00  0.000000e+00  0.000000e+00  2.533162e-03 -5.035280e-04  7.800859e-03  0.000000e+00  0.000000e+00  0.000000e+00  2.191503e-03  6.664226e-04  7.791670e-03  0.000000e+00  0.000000e+00  0.000000e+00
   1.852887e-03  1.446134e-03  7.687873e-03  0.000000e+00  0.000000e+00  0.000000e+00  1.518237e-03  1.727103e-03  7.629810e-03  0.000000e+00  0.000000e+00  0.000000e+00  1.183804e-03  1.477420e-03  7.678530e-03  0.000000e+00  0.000000e+00
   0.000000e+00  8.456898e-04  7.257508e-04  7.779634e-03  0.000000e+00  0.000000e+00  0.000000e+00  5.044489e-04 -4.242890e-04  7.795214e-03  0.000000e+00  0.000000e+00  0.000000e+00  1.668716e-04 -1.777667e-03  7.596935e-03  0.000000e+00]
 [ 4.369795e-01 -3.981998e-02  1.016901e-05 -1.574453e-06 -3.055264e-05 -5.197758e-02  0.000000e+00  0.000000e+00 -2.259595e-03  1.917378e-02 -1.196894e-04  0.000000e+00  0.000000e+00  0.000000e+00 -2.319781e-03  1.898753e-02  2.736190e-03
   0.000000e+00  0.000000e+00  0.000000e+00 -2.484965e-03  1.862888e-02  4.619481e-03  0.000000e+00  0.000000e+00  0.000000e+00 -2.706453e-03  1.845498e-02  5.285913e-03  0.000000e+00  0.000000e+00  0.000000e+00 -2.928988e-03  1.861731e-02
   4.667036e-03  0.000000e+00  0.000000e+00  0.000000e+00 -3.097213e-03  1.897474e-02  2.826194e-03  0.000000e+00  0.000000e+00  0.000000e+00 -3.162049e-03  8.479814e-02  3.062535e-14  0.000000e+00  0.000000e+00  0.000000e+00 -3.089686e-03
   1.886766e-02 -3.348230e-03  0.000000e+00  0.000000e+00  0.000000e+00 -2.870499e-03  1.798342e-02 -6.604305e-03  0.000000e+00  0.000000e+00  0.000000e+00 -2.521270e-03  1.679779e-02 -9.215036e-03  0.000000e+00  0.000000e+00  0.000000e+00
  -2.078297e-03  1.578785e-02 -1.085650e-02  0.000000e+00  0.000000e+00  0.000000e+00 -1.586841e-03  1.537597e-02 -1.142604e-02  0.000000e+00  0.000000e+00  0.000000e+00 -1.094150e-03  1.572946e-02 -1.091311e-02  0.000000e+00  0.000000e+00
   0.000000e+00 -6.474438e-04  1.669821e-02 -9.328870e-03  0.000000e+00  0.000000e+00  0.000000e+00 -2.920782e-04  1.787038e-02 -6.768741e-03  0.000000e+00  0.000000e+00  0.000000e+00 -6.493983e-05  1.876582e-02 -3.542419e-03  0.000000e+00]
 [ 3.981998e-02  4.369795e-01 -1.430097e-05  2.300485e-05  7.258065e-06  2.858290e-01  0.000000e+00  0.000000e+00  1.208573e-02  1.196894e-04  1.917378e-02  0.000000e+00  0.000000e+00  0.000000e+00  1.124973e-02 -2.736190e-03  1.898753e-02
   0.000000e+00  0.000000e+00  0.000000e+00  1.042713e-02 -4.619481e-03  1.862888e-02  0.000000e+00  0.000000e+00  0.000000e+00  9.617244e-03 -5.285913e-03  1.845498e-02  0.000000e+00  0.000000e+00  0.000000e+00  8.807632e-03 -4.667036e-03
   1.861731e-02  0.000000e+00  0.000000e+00  0.000000e+00  7.985618e-03 -2.826194e-03  1.897474e-02  0.000000e+00  0.000000e+00  0.000000e+00  7.149945e-03  3.062535e-14  4.542314e-02  0.000000e+00  0.000000e+00  0.000000e+00  6.315691e-03
   3.348230e-03  1.886766e-02  0.000000e+00  0.000000e+00  0.000000e+00  5.507870e-03  6.604305e-03  1.798342e-02  0.000000e+00  0.000000e+00  0.000000e+00  4.746907e-03  9.215036e-03  1.679779e-02  0.000000e+00  0.000000e+00  0.000000e+00
   4.035827e-03  1.085650e-02  1.578785e-02  0.000000e+00  0.000000e+00  0.000000e+00  3.357038e-03  1.142604e-02  1.537597e-02  0.000000e+00  0.000000e+00  0.000000e+00  2.679561e-03  1.091311e-02  1.572946e-02  0.000000e+00  0.000000e+00
   0.000000e+00  1.972028e-03  9.328870e-03  1.669821e-02  0.000000e+00  0.000000e+00  0.000000e+00  1.215824e-03  6.768741e-03  1.787038e-02  0.000000e+00  0.000000e+00  0.000000e+00  4.127714e-04  3.542419e-03  1.876582e-02  0.000000e+00]
 [ 0.000000e+00  0.000000e+00  0.000000e+00  0.000000e+00  0.000000e+00  0.000000e+00  0.000000e+00  0.000000e+00  0.000000e+00  0.000000e+00  0.000000e+00  0.000000e+00  0.000000e+00  0.000000e+00  0.000000e+00  0.000000e+00  0.000000e+00
   0.000000e+00  0.000000e+00  0.000000e+00  0.000000e+00  0.000000e+00  0.000000e+00  0.000000e+00  0.000000e+00  0.000000e+00  0.000000e+00  0.000000e+00  0.000000e+00  0.000000e+00  0.000000e+00  0.000000e+00  0.000000e+00  0.000000e+00
   0.000000e+00  0.000000e+00  0.000000e+00  0.000000e+00  0.000000e+00  0.000000e+00  0.000000e+00  0.000000e+00  0.000000e+00  0.000000e+00  0.000000e+00  0.000000e+00  0.000000e+00  1.000000e+00  0.000000e+00  0.000000e+00  0.000000e+00
   0.000000e+00  0.000000e+00  0.000000e+00  0.000000e+00  0.000000e+00  0.000000e+00  0.000000e+00  0.000000e+00  0.000000e+00  0.000000e+00  0.000000e+00  0.000000e+00  0.000000e+00  0.000000e+00  0.000000e+00  0.000000e+00  0.000000e+00
   0.000000e+00  0.000000e+00  0.000000e+00  0.000000e+00  0.000000e+00  0.000000e+00  0.000000e+00  0.000000e+00  0.000000e+00  0.000000e+00  0.000000e+00  0.000000e+00  0.000000e+00  0.000000e+00  0.000000e+00  0.000000e+00  0.000000e+00
   0.000000e+00  0.000000e+00  0.000000e+00  0.000000e+00  0.000000e+00  0.000000e+00  0.000000e+00  0.000000e+00  0.000000e+00  0.000000e+00  0.000000e+00  0.000000e+00  0.000000e+00  0.000000e+00  0.000000e+00  0.000000e+00  0.000000e+00]
 [ 0.000000e+00  0.000000e+00  0.000000e+00  0.000000e+00  0.000000e+00  0.000000e+00  0.000000e+00  0.000000e+00  0.000000e+00  0.000000e+00  0.000000e+00  0.000000e+00  0.000000e+00  0.000000e+00  0.000000e+00  0.000000e+00  0.000000e+00
   0.000000e+00  0.000000e+00  0.000000e+00  0.000000e+00  0.000000e+00  0.000000e+00  0.000000e+00  0.000000e+00  0.000000e+00  0.000000e+00  0.000000e+00  0.000000e+00  0.000000e+00  0.000000e+00  0.000000e+00  0.000000e+00  0.000000e+00
   0.000000e+00  0.000000e+00  0.000000e+00  0.000000e+00  0.000000e+00  0.000000e+00  0.000000e+00  0.000000e+00  0.000000e+00  0.000000e+00  0.000000e+00  0.000000e+00  0.000000e+00  0.000000e+00  1.000000e+00  0.000000e+00  0.000000e+00
   0.000000e+00  0.000000e+00  0.000000e+00  0.000000e+00  0.000000e+00  0.000000e+00  0.000000e+00  0.000000e+00  0.000000e+00  0.000000e+00  0.000000e+00  0.000000e+00  0.000000e+00  0.000000e+00  0.000000e+00  0.000000e+00  0.000000e+00
   0.000000e+00  0.000000e+00  0.000000e+00  0.000000e+00  0.000000e+00  0.000000e+00  0.000000e+00  0.000000e+00  0.000000e+00  0.000000e+00  0.000000e+00  0.000000e+00  0.000000e+00  0.000000e+00  0.000000e+00  0.000000e+00  0.000000e+00
   0.000000e+00  0.000000e+00  0.000000e+00  0.000000e+00  0.000000e+00  0.000000e+00  0.000000e+00  0.000000e+00  0.000000e+00  0.000000e+00  0.000000e+00  0.000000e+00  0.000000e+00  0.000000e+00  0.000000e+00  0.000000e+00  0.000000e+00]
 [ 0.000000e+00  0.000000e+00  0.000000e+00  0.000000e+00  0.000000e+00  0.000000e+00  0.000000e+00  0.000000e+00  0.000000e+00  0.000000e+00  0.000000e+00  0.000000e+00  0.000000e+00  0.000000e+00  0.000000e+00  0.000000e+00  0.000000e+00
   0.000000e+00  0.000000e+00  0.000000e+00  0.000000e+00  0.000000e+00  0.000000e+00  0.000000e+00  0.000000e+00  0.000000e+00  0.000000e+00  0.000000e+00  0.000000e+00  0.000000e+00  0.000000e+00  0.000000e+00  0.000000e+00  0.000000e+00
   0.000000e+00  0.000000e+00  0.000000e+00  0.000000e+00  0.000000e+00  0.000000e+00  0.000000e+00  0.000000e+00  0.000000e+00  0.000000e+00  0.000000e+00  0.000000e+00  0.000000e+00  0.000000e+00  0.000000e+00  1.000000e+00  0.000000e+00
   0.000000e+00  0.000000e+00  0.000000e+00  0.000000e+00  0.000000e+00  0.000000e+00  0.000000e+00  0.000000e+00  0.000000e+00  0.000000e+00  0.000000e+00  0.000000e+00  0.000000e+00  0.000000e+00  0.000000e+00  0.000000e+00  0.000000e+00
   0.000000e+00  0.000000e+00  0.000000e+00  0.000000e+00  0.000000e+00  0.000000e+00  0.000000e+00  0.000000e+00  0.000000e+00  0.000000e+00  0.000000e+00  0.000000e+00  0.000000e+00  0.000000e+00  0.000000e+00  0.000000e+00  0.000000e+00
   0.000000e+00  0.000000e+00  0.000000e+00  0.000000e+00  0.000000e+00  0.000000e+00  0.000000e+00  0.000000e+00  0.000000e+00  0.000000e+00  0.000000e+00  0.000000e+00  0.000000e+00  0.000000e+00  0.000000e+00  0.000000e+00  0.000000e+00]
 [-5.729788e-02  1.503487e-01 -7.245422e-06  7.781961e-06  7.913158e-06  1.026627e-01  0.000000e+00  0.000000e+00  4.351065e-03 -3.050192e-03  6.334742e-03  0.000000e+00  0.000000e+00  0.000000e+00  4.085401e-03 -3.960848e-03  5.813203e-03
   0.000000e+00  0.000000e+00  0.000000e+00  3.841070e-03 -4.523375e-03  5.391605e-03  0.000000e+00  0.000000e+00  0.000000e+00  3.610000e-03 -4.714862e-03  5.226938e-03  0.000000e+00  0.000000e+00  0.000000e+00  3.379189e-03 -4.537173e-03
   5.380129e-03  0.000000e+00  0.000000e+00  0.000000e+00  3.135541e-03 -3.988432e-03  5.794488e-03  0.000000e+00  0.000000e+00  0.000000e+00  2.870731e-03 -3.089686e-03  6.315691e-03  0.000000e+00  0.000000e+00  0.000000e+00  2.584350e-03
  -1.938159e-03  6.756917e-03  0.000000e+00  0.000000e+00  0.000000e+00  2.282632e-03 -7.230448e-04  6.993318e-03  0.000000e+00  0.000000e+00  0.000000e+00  1.975408e-03  3.288153e-04  7.025870e-03  0.000000e+00  0.000000e+00  0.000000e+00
   1.669409e-03  1.033280e-03  6.959827e-03  0.000000e+00  0.000000e+00  0.000000e+00  1.366154e-03  1.287909e-03  6.917538e-03  0.000000e+00  0.000000e+00  0.000000e+00  1.063064e-03  1.061882e-03  6.952811e-03  0.000000e+00  0.000000e+00
   0.000000e+00  7.574263e-04  3.828137e-04  7.017738e-03  0.000000e+00  0.000000e+00  0.000000e+00  4.504356e-04 -6.513885e-04  6.991972e-03  0.000000e+00  0.000000e+00  0.000000e+00  1.486634e-04 -1.860982e-03  6.766905e-03  0.000000e+00]
 [ 4.369410e-01  3.712472e-02  9.246677e-06  2.571158e-06 -2.994874e-05 -1.250879e-03  0.000000e+00  0.000000e+00 -1.137508e-04  1.888788e-02  3.230447e-03  0.000000e+00  0.000000e+00  0.000000e+00 -3.189601e-04  1.820590e-02  6.008105e-03
   0.000000e+00  0.000000e+00  0.000000e+00 -6.251478e-04  1.752413e-02  7.798634e-03  0.000000e+00  0.000000e+00  0.000000e+00 -9.845177e-04  1.723663e-02  8.424034e-03  0.000000e+00  0.000000e+00  0.000000e+00 -1.344871e-03  1.750443e-02
   7.843407e-03  0.000000e+00  0.000000e+00  0.000000e+00 -1.653949e-03  1.817760e-02  6.094436e-03  0.000000e+00  0.000000e+00  0.000000e+00 -1.863678e-03  1.886766e-02  3.348230e-03  0.000000e+00  0.000000e+00  0.000000e+00 -1.938159e-03
   8.478196e-02  3.060632e-14  0.000000e+00  0.000000e+00  0.000000e+00 -1.863514e-03  1.885664e-02 -3.359637e-03  0.000000e+00  0.000000e+00  0.000000e+00 -1.652671e-03  1.814560e-02 -6.136768e-03  0.000000e+00  0.000000e+00  0.000000e+00
  -1.340831e-03  1.743817e-02 -7.929057e-03  0.000000e+00  0.000000e+00  0.000000e+00 -9.756233e-04  1.713221e-02 -8.561669e-03  0.000000e+00  0.000000e+00  0.000000e+00 -6.089715e-04  1.739058e-02 -7.994988e-03  0.000000e+00  0.000000e+00
   0.000000e+00 -2.928372e-04  1.806746e-02 -6.266222e-03  0.000000e+00  0.000000e+00  0.000000e+00 -7.512141e-05  1.877409e-02 -3.541255e-03  0.000000e+00  0.000000e+00  0.000000e+00  8.183027e-06  1.909193e-02 -2.088321e-04  0.000000e+00]
 [-3.712472e-02  4.369410e-01 -1.793160e-05  2.279319e-05  1.385440e-05  2.903990e-01  0.000000e+00  0.000000e+00  1.228986e-02 -3.230447e-03  1.888788e-02  0.000000e+00  0.000000e+00  0.000000e+00  1.147775e-02 -6.008105e-03  1.820590e-02
   0.000000e+00  0.000000e+00  0.000000e+00  1.069715e-02 -7.798634e-03  1.752413e-02  0.000000e+00  0.000000e+00  0.000000e+00  9.938903e-03 -8.424034e-03  1.723663e-02  0.000000e+00  0.000000e+00  0.000000e+00  9.181106e-03 -7.843407e-03
   1.750443e-02  0.000000e+00  0.000000e+00  0.000000e+00  8.401621e-03 -6.094436e-03  1.817760e-02  0.000000e+00  0.000000e+00  0.000000e+00  7.590629e-03 -3.348230e-03  1.886766e-02  0.000000e+00  0.000000e+00  0.000000e+00  6.756917e-03
   3.060654e-14  4.540696e-02  0.000000e+00  0.000000e+00  0.000000e+00  5.923419e-03  3.359637e-03  1.885664e-02  0.000000e+00  0.000000e+00  0.000000e+00  5.113317e-03  6.136768e-03  1.814560e-02  0.000000e+00  0.000000e+00  0.000000e+00
   4.335943e-03  7.929057e-03  1.743817e-02  0.000000e+00  0.000000e+00  0.000000e+00  3.581887e-03  8.561669e-03  1.713221e-02  0.000000e+00  0.000000e+00  0.000000e+00  2.828906e-03  7.994988e-03  1.739058e-02  0.000000e+00  0.000000e+00
   0.000000e+00  2.054372e-03  6.266222e-03  1.806746e-02  0.000000e+00  0.000000e+00  0.000000e+00  1.247883e-03  3.541255e-03  1.877409e-02  0.000000e+00  0.000000e+00  0.000000e+00  4.176773e-04  2.088321e-04  1.909193e-02  0.000000e+00]
 [ 0.000000e+00  0.000000e+00  0.000000e+00  0.000000e+00  0.000000e+00  0.000000e+00  0.000000e+00  0.000000e+00  0.000000e+00  0.000000e+00  0.000000e+00  0.000000e+00  0.000000e+00  0.000000e+00  0.000000e+00  0.000000e+00  0.000000e+00
   0.000000e+00  0.000000e+00  0.000000e+00  0.000000e+00  0.000000e+00  0.000000e+00  0.000000e+00  0.000000e+00  0.000000e+00  0.000000e+00  0.000000e+00  0.000000e+00  0.000000e+00  0.000000e+00  0.000000e+00  0.000000e+00  0.000000e+00
   0.000000e+00  0.000000e+00  0.000000e+00  0.000000e+00  0.000000e+00  0.000000e+00  0.000000e+00  0.000000e+00  0.000000e+00  0.000000e+00  0.000000e+00  0.000000e+00  0.000000e+00  0.000000e+00  0.000000e+00  0.000000e+00  0.000000e+00
   0.000000e+00  0.000000e+00  1.000000e+00  0.000000e+00  0.000000e+00  0.000000e+00  0.000000e+00  0.000000e+00  0.000000e+00  0.000000e+00  0.000000e+00  0.000000e+00  0.000000e+00  0.000000e+00  0.000000e+00  0.000000e+00  0.000000e+00
   0.000000e+00  0.000000e+00  0.000000e+00  0.000000e+00  0.000000e+00  0.000000e+00  0.000000e+00  0.000000e+00  0.000000e+00  0.000000e+00  0.000000e+00  0.000000e+00  0.000000e+00  0.000000e+00  0.000000e+00  0.000000e+00  0.000000e+00
   0.000000e+00  0.000000e+00  0.000000e+00  0.000000e+00  0.000000e+00  0.000000e+00  0.000000e+00  0.000000e+00  0.000000e+00  0.000000e+00  0.000000e+00  0.000000e+00  0.000000e+00  0.000000e+00  0.000000e+00  0.000000e+00  0.000000e+00]
 [ 0.000000e+00  0.000000e+00  0.000000e+00  0.000000e+00  0.000000e+00  0.000000e+00  0.000000e+00  0.000000e+00  0.000000e+00  0.000000e+00  0.000000e+00  0.000000e+00  0.000000e+00  0.000000e+00  0.000000e+00  0.000000e+00  0.000000e+00
   0.000000e+00  0.000000e+00  0.000000e+00  0.000000e+00  0.000000e+00  0.000000e+00  0.000000e+00  0.000000e+00  0.000000e+00  0.000000e+00  0.000000e+00  0.000000e+00  0.000000e+00  0.000000e+00  0.000000e+00  0.000000e+00  0.000000e+00
   0.000000e+00  0.000000e+00  0.000000e+00  0.000000e+00  0.000000e+00  0.000000e+00  0.000000e+00  0.000000e+00  0.000000e+00  0.000000e+00  0.000000e+00  0.000000e+00  0.000000e+00  0.000000e+00  0.000000e+00  0.000000e+00  0.000000e+00
   0.000000e+00  0.000000e+00  0.000000e+00  1.000000e+00  0.000000e+00  0.000000e+00  0.000000e+00  0.000000e+00  0.000000e+00  0.000000e+00  0.000000e+00  0.000000e+00  0.000000e+00  0.000000e+00  0.000000e+00  0.000000e+00  0.000000e+00
   0.000000e+00  0.000000e+00  0.000000e+00  0.000000e+00  0.000000e+00  0.000000e+00  0.000000e+00  0.000000e+00  0.000000e+00  0.000000e+00  0.000000e+00  0.000000e+00  0.000000e+00  0.000000e+00  0.000000e+00  0.000000e+00  0.000000e+00
   0.000000e+00  0.000000e+00  0.000000e+00  0.000000e+00  0.000000e+00  0.000000e+00  0.000000e+00  0.000000e+00  0.000000e+00  0.000000e+00  0.000000e+00  0.000000e+00  0.000000e+00  0.000000e+00  0.000000e+00  0.000000e+00  0.000000e+00]
 [ 0.000000e+00  0.000000e+00  0.000000e+00  0.000000e+00  0.000000e+00  0.000000e+00  0.000000e+00  0.000000e+00  0.000000e+00  0.000000e+00  0.000000e+00  0.000000e+00  0.000000e+00  0.000000e+00  0.000000e+00  0.000000e+00  0.000000e+00
   0.000000e+00  0.000000e+00  0.000000e+00  0.000000e+00  0.000000e+00  0.000000e+00  0.000000e+00  0.000000e+00  0.000000e+00  0.000000e+00  0.000000e+00  0.000000e+00  0.000000e+00  0.000000e+00  0.000000e+00  0.000000e+00  0.000000e+00
   0.000000e+00  0.000000e+00  0.000000e+00  0.000000e+00  0.000000e+00  0.000000e+00  0.000000e+00  0.000000e+00  0.000000e+00  0.000000e+00  0.000000e+00  0.000000e+00  0.000000e+00  0.000000e+00  0.000000e+00  0.000000e+00  0.000000e+00
   0.000000e+00  0.000000e+00  0.000000e+00  0.000000e+00  1.000000e+00  0.000000e+00  0.000000e+00  0.000000e+00  0.000000e+00  0.000000e+00  0.000000e+00  0.000000e+00  0.000000e+00  0.000000e+00  0.000000e+00  0.000000e+00  0.000000e+00
   0.000000e+00  0.000000e+00  0.000000e+00  0.000000e+00  0.000000e+00  0.000000e+00  0.000000e+00  0.000000e+00  0.000000e+00  0.000000e+00  0.000000e+00  0.000000e+00  0.000000e+00  0.000000e+00  0.000000e+00  0.000000e+00  0.000000e+00
   0.000000e+00  0.000000e+00  0.000000e+00  0.000000e+00  0.000000e+00  0.000000e+00  0.000000e+00  0.000000e+00  0.000000e+00  0.000000e+00  0.000000e+00  0.000000e+00  0.000000e+00  0.000000e+00  0.000000e+00  0.000000e+00  0.000000e+00]
 [-5.398019e-02  1.314835e-01 -7.168912e-06  6.756318e-06  7.682006e-06  9.002207e-02  0.000000e+00  0.000000e+00  3.815867e-03 -2.836050e-03  5.525581e-03  0.000000e+00  0.000000e+00  0.000000e+00  3.584736e-03 -3.628517e-03  5.044537e-03
   0.000000e+00  0.000000e+00  0.000000e+00  3.373173e-03 -4.115801e-03  4.659577e-03  0.000000e+00  0.000000e+00  0.000000e+00  3.173691e-03 -4.281199e-03  4.509855e-03  0.000000e+00  0.000000e+00  0.000000e+00  2.974445e-03 -4.127728e-03
   4.649132e-03  0.000000e+00  0.000000e+00  0.000000e+00  2.763506e-03 -3.652456e-03  5.027389e-03  0.000000e+00  0.000000e+00  0.000000e+00  2.533162e-03 -2.870499e-03  5.507870e-03  0.000000e+00  0.000000e+00  0.000000e+00  2.282632e-03
  -1.863514e-03  5.923419e-03  0.000000e+00  0.000000e+00  0.000000e+00  2.017736e-03 -7.957489e-04  6.159667e-03  0.000000e+00  0.000000e+00  0.000000e+00  1.746454e-03  1.324906e-04  6.212325e-03  0.000000e+00  0.000000e+00  0.000000e+00
   1.475499e-03  7.562048e-04  6.170080e-03  0.000000e+00  0.000000e+00  0.000000e+00  1.206481e-03  9.821119e-04  6.138640e-03  0.000000e+00  0.000000e+00  0.000000e+00  9.375869e-04  7.817517e-04  6.164879e-03  0.000000e+00  0.000000e+00
   0.000000e+00  6.668865e-04  1.805511e-04  6.207088e-03  0.000000e+00  0.000000e+00  0.000000e+00  3.958397e-04 -7.323167e-04  6.161193e-03  0.000000e+00  0.000000e+00  0.000000e+00  1.305195e-04 -1.795657e-03  5.935283e-03  0.000000e+00]
 [ 4.235511e-01  1.131659e-01  7.702847e-06  6.632440e-06 -2.820534e-05  4.968765e-02  0.000000e+00  0.000000e+00  2.042945e-03  1.802399e-02  6.491925e-03  0.000000e+00  0.000000e+00  0.000000e+00  1.698547e-03  1.686563e-02  9.106252e-03
   0.000000e+00  0.000000e+00  0.000000e+00  1.260289e-03  1.588059e-02  1.074903e-02  0.000000e+00  0.000000e+00  0.000000e+00  7.736035e-04  1.548794e-02  1.131416e-02  0.000000e+00  0.000000e+00  0.000000e+00  2.860299e-04  1.585335e-02
   1.078964e-02  0.000000e+00  0.000000e+00  0.000000e+00 -1.548784e-04  1.682263e-02  9.186260e-03  0.000000e+00  0.000000e+00  0.000000e+00 -5.035280e-04  1.798342e-02  6.604305e-03  0.000000e+00  0.000000e+00  0.000000e+00 -7.230448e-04
   1.885664e-02  3.359637e-03  0.000000e+00  0.000000e+00  0.000000e+00 -7.957489e-04  8.478110e-02  3.059701e-14  0.000000e+00  0.000000e+00  0.000000e+00 -7.302615e-04  1.894448e-02 -2.859256e-03  0.000000e+00  0.000000e+00  0.000000e+00
  -5.595825e-04  1.856233e-02 -4.748222e-03  0.000000e+00  0.000000e+00  0.000000e+00 -3.322613e-04  1.837204e-02 -5.424829e-03  0.000000e+00  0.000000e+00  0.000000e+00 -1.033296e-04  1.852703e-02 -4.821494e-03  0.000000e+00  0.000000e+00
   0.000000e+00  7.207631e-05  1.889025e-02 -3.000437e-03  0.000000e+00  0.000000e+00  0.000000e+00  1.449643e-04  1.910798e-02 -1.932109e-04  0.000000e+00  0.000000e+00  0.000000e+00  8.133739e-05  1.883629e-02  3.143960e-03  0.000000e+00]
 [-1.131659e-01  4.235511e-01 -2.134639e-05  2.186466e-05  2.026165e-05  2.861127e-01  0.000000e+00  0.000000e+00  1.211922e-02 -6.491925e-03  1.802399e-02  0.000000e+00  0.000000e+00  0.000000e+00  1.135588e-02 -9.106252e-03  1.686563e-02
   0.000000e+00  0.000000e+00  0.000000e+00  1.064127e-02 -1.074903e-02  1.588059e-02  0.000000e+00  0.000000e+00  0.000000e+00  9.957983e-03 -1.131416e-02  1.548794e-02  0.000000e+00  0.000000e+00  0.000000e+00  9.275312e-03 -1.078964e-02
   1.585335e-02  0.000000e+00  0.000000e+00  0.000000e+00  8.562302e-03 -9.186260e-03  1.682263e-02  0.000000e+00  0.000000e+00  0.000000e+00  7.800859e-03 -6.604305e-03  1.798342e-02  0.000000e+00  0.000000e+00  0.000000e+00  6.993318e-03
  -3.359637e-03  1.885664e-02  0.000000e+00  0.000000e+00  0.000000e+00  6.159667e-03  3.059701e-14  4.540610e-02  0.000000e+00  0.000000e+00  0.000000e+00  5.324991e-03  2.859256e-03  1.894448e-02  0.000000e+00  0.000000e+00  0.000000e+00
   4.504807e-03  4.748222e-03  1.856233e-02  0.000000e+00  0.000000e+00  0.000000e+00  3.698221e-03  5.424829e-03  1.837204e-02  0.000000e+00  0.000000e+00  0.000000e+00  2.892440e-03  4.821494e-03  1.852703e-02  0.000000e+00  0.000000e+00
   0.000000e+00  2.074299e-03  3.000437e-03  1.889025e-02  0.000000e+00  0.000000e+00  0.000000e+00  1.241959e-03  1.932109e-04  1.910798e-02  0.000000e+00  0.000000e+00  0.000000e+00  4.098474e-04 -3.143960e-03  1.883629e-02  0.000000e+00]
 [ 0.000000e+00  0.000000e+00  0.000000e+00  0.000000e+00  0.000000e+00  0.000000e+00  0.000000e+00  0.000000e+00  0.000000e+00  0.000000e+00  0.000000e+00  0.000000e+00  0.000000e+00  0.000000e+00  0.000000e+00  0.000000e+00  0.000000e+00
   0.000000e+00  0.000000e+00  0.000000e+00  0.000000e+00  0.000000e+00  0.000000e+00  0.000000e+00  0.000000e+00  0.000000e+00  0.000000e+00  0.000000e+00  0.000000e+00  0.000000e+00  0.000000e+00  0.000000e+00  0.000000e+00  0.000000e+00
   0.000000e+00  0.000000e+00  0.000000e+00  0.000000e+00  0.000000e+00  0.000000e+00  0.000000e+00  0.000000e+00  0.000000e+00  0.000000e+00  0.000000e+00  0.000000e+00  0.000000e+00  0.000000e+00  0.000000e+00  0.000000e+00  0.000000e+00
   0.000000e+00  0.000000e+00  0.000000e+00  0.000000e+00  0.000000e+00  0.000000e+00  0.000000e+00  0.000000e+00  1.000000e+00  0.000000e+00  0.000000e+00  0.000000e+00  0.000000e+00  0.000000e+00  0.000000e+00  0.000000e+00  0.000000e+00
   0.000000e+00  0.000000e+00  0.000000e+00  0.000000e+00  0.000000e+00  0.000000e+00  0.000000e+00  0.000000e+00  0.000000e+00  0.000000e+00  0.000000e+00  0.000000e+00  0.000000e+00  0.000000e+00  0.000000e+00  0.000000e+00  0.000000e+00
   0.000000e+00  0.000000e+00  0.000000e+00  0.000000e+00  0.000000e+00  0.000000e+00  0.000000e+00  0.000000e+00  0.000000e+00  0.000000e+00  0.000000e+00  0.000000e+00  0.000000e+00  0.000000e+00  0.000000e+00  0.000000e+00  0.000000e+00]
 [ 0.000000e+00  0.000000e+00  0.000000e+00  0.000000e+00  0.000000e+00  0.000000e+00  0.000000e+00  0.000000e+00  0.000000e+00  0.000000e+00  0.000000e+00  0.000000e+00  0.000000e+00  0.000000e+00  0.000000e+00  0.000000e+00  0.000000e+00
   0.000000e+00  0.000000e+00  0.000000e+00  0.000000e+00  0.000000e+00  0.000000e+00  0.000000e+00  0.000000e+00  0.000000e+00  0.000000e+00  0.000000e+00  0.000000e+00  0.000000e+00  0.000000e+00  0.000000e+00  0.000000e+00  0.000000e+00
   0.000000e+00  0.000000e+00  0.000000e+00  0.000000e+00  0.000000e+00  0.000000e+00  0.000000e+00  0.000000e+00  0.000000e+00  0.000000e+00  0.000000e+00  0.000000e+00  0.000000e+00  0.000000e+00  0.000000e+00  0.000000e+00  0.000000e+00
   0.000000e+00  0.000000e+00  0.000000e+00  0.000000e+00  0.000000e+00  0.000000e+00  0.000000e+00  0.000000e+00  0.000000e+00  1.000000e+00  0.000000e+00  0.000000e+00  0.000000e+00  0.000000e+00  0.000000e+00  0.000000e+00  0.000000e+00
   0.000000e+00  0.000000e+00  0.000000e+00  0.000000e+00  0.000000e+00  0.000000e+00  0.000000e+00  0.000000e+00  0.000000e+00  0.000000e+00  0.000000e+00  0.000000e+00  0.000000e+00  0.000000e+00  0.000000e+00  0.000000e+00  0.000000e+00
   0.000000e+00  0.000000e+00  0.000000e+00  0.000000e+00  0.000000e+00  0.000000e+00  0.000000e+00  0.000000e+00  0.000000e+00  0.000000e+00  0.000000e+00  0.000000e+00  0.000000e+00  0.000000e+00  0.000000e+00  0.000000e+00  0.000000e+00]
 [ 0.000000e+00  0.000000e+00  0.000000e+00  0.000000e+00  0.000000e+00  0.000000e+00  0.000000e+00  0.000000e+00  0.000000e+00  0.000000e+00  0.000000e+00  0.000000e+00  0.000000e+00  0.000000e+00  0.000000e+00  0.000000e+00  0.000000e+00
   0.000000e+00  0.000000e+00  0.000000e+00  0.000000e+00  0.000000e+00  0.000000e+00  0.000000e+00  0.000000e+00  0.000000e+00  0.000000e+00  0.000000e+00  0.000000e+00  0.000000e+00  0.000000e+00  0.000000e+00  0.000000e+00  0.000000e+00
   0.000000e+00  0.000000e+00  0.000000e+00  0.000000e+00  0.000000e+00  0.000000e+00  0.000000e+00  0.000000e+00  0.000000e+00  0.000000e+00  0.000000e+00  0.000000e+00  0.000000e+00  0.000000e+00  0.000000e+00  0.000000e+00  0.000000e+00
   0.000000e+00  0.000000e+00  0.000000e+00  0.000000e+00  0.000000e+00  0.000000e+00  0.000000e+00  0.000000e+00  0.000000e+00  0.000000e+00  1.000000e+00  0.000000e+00  0.000000e+00  0.000000e+00  0.000000e+00  0.000000e+00  0.000000e+00
   0.000000e+00  0.000000e+00  0.000000e+00  0.000000e+00  0.000000e+00  0.000000e+00  0.000000e+00  0.000000e+00  0.000000e+00  0.000000e+00  0.000000e+00  0.000000e+00  0.000000e+00  0.000000e+00  0.000000e+00  0.000000e+00  0.000000e+00
   0.000000e+00  0.000000e+00  0.000000e+00  0.000000e+00  0.000000e+00  0.000000e+00  0.000000e+00  0.000000e+00  0.000000e+00  0.000000e+00  0.000000e+00  0.000000e+00  0.000000e+00  0.000000e+00  0.000000e+00  0.000000e+00  0.000000e+00]
 [-4.760159e-02  1.134162e-01 -6.780989e-06  5.792446e-06  7.078062e-06  7.772474e-02  0.000000e+00  0.000000e+00  3.294761e-03 -2.491579e-03  4.762466e-03  0.000000e+00  0.000000e+00  0.000000e+00  3.095712e-03 -3.174100e-03  4.340829e-03
   0.000000e+00  0.000000e+00  0.000000e+00  2.913786e-03 -3.593175e-03  4.004404e-03  0.000000e+00  0.000000e+00  0.000000e+00  2.742412e-03 -3.735292e-03  3.873721e-03  0.000000e+00  0.000000e+00  0.000000e+00  2.571243e-03 -3.603426e-03
   3.995284e-03  0.000000e+00  0.000000e+00  0.000000e+00  2.389863e-03 -3.194700e-03  4.325828e-03  0.000000e+00  0.000000e+00  0.000000e+00  2.191503e-03 -2.521270e-03  4.746907e-03  0.000000e+00  0.000000e+00  0.000000e+00  1.975408e-03
  -1.652671e-03  5.113317e-03  0.000000e+00  0.000000e+00  0.000000e+00  1.746454e-03 -7.302615e-04  5.324991e-03  0.000000e+00  0.000000e+00  0.000000e+00  1.512030e-03  7.266655e-05  5.376981e-03  0.000000e+00  0.000000e+00  0.000000e+00
   1.277270e-03  6.127555e-04  5.344915e-03  0.000000e+00  0.000000e+00  0.000000e+00  1.044180e-03  8.085260e-04  5.319454e-03  0.000000e+00  0.000000e+00  0.000000e+00  8.111838e-04  6.349885e-04  5.341001e-03  0.000000e+00  0.000000e+00
   0.000000e+00  5.767369e-04  1.143899e-04  5.373609e-03  0.000000e+00  0.000000e+00  0.000000e+00  3.422120e-04 -6.753971e-04  5.327824e-03  0.000000e+00  0.000000e+00  0.000000e+00  1.129369e-04 -1.594236e-03  5.125166e-03  0.000000e+00]
 [ 4.019524e-01  1.751257e-01  6.213928e-06  9.929102e-06 -2.604811e-05  9.184008e-02  0.000000e+00  0.000000e+00  3.829133e-03  1.685468e-02  9.109959e-03  0.000000e+00  0.000000e+00  0.000000e+00  3.374630e-03  1.531899e-02  1.152233e-02
   0.000000e+00  0.000000e+00  0.000000e+00  2.834584e-03  1.409970e-02  1.299983e-02  0.000000e+00  0.000000e+00  0.000000e+00  2.251323e-03  1.362707e-02  1.350008e-02  0.000000e+00  0.000000e+00  0.000000e+00  1.667276e-03  1.406671e-02
   1.303592e-02  0.000000e+00  0.000000e+00  0.000000e+00  1.124847e-03  1.526453e-02  1.159504e-02  0.000000e+00  0.000000e+00  0.000000e+00  6.664226e-04  1.679779e-02  9.215036e-03  0.000000e+00  0.000000e+00  0.000000e+00  3.288153e-04
   1.814560e-02  6.136768e-03  0.000000e+00  0.000000e+00  0.000000e+00  1.324906e-04  1.894448e-02  2.859256e-03  0.000000e+00  0.000000e+00  0.000000e+00  7.266655e-05  8.479219e-02  3.059581e-14  0.000000e+00  0.000000e+00  0.000000e+00
   1.190514e-04  1.907249e-02 -1.925708e-03  0.000000e+00  0.000000e+00  0.000000e+00  2.235014e-04  1.898527e-02 -2.623482e-03  0.000000e+00  0.000000e+00  0.000000e+00  3.296649e-04  1.904851e-02 -2.003466e-03  0.000000e+00  0.000000e+00
   0.000000e+00  3.810304e-04  1.913592e-02 -1.476814e-04  0.000000e+00  0.000000e+00  0.000000e+00  3.288560e-04  1.893216e-02  2.661987e-03  0.000000e+00  0.000000e+00  0.000000e+00  1.416630e-04  1.816509e-02  5.922846e-03  0.000000e+00]
 [-1.751257e-01  4.019524e-01 -2.430349e-05  2.051352e-05  2.559954e-05  2.755703e-01  0.000000e+00  0.000000e+00  1.168196e-02 -9.109959e-03  1.685468e-02  0.000000e+00  0.000000e+00  0.000000e+00  1.097850e-02 -1.152233e-02  1.531899e-02
   0.000000e+00  0.000000e+00  0.000000e+00  1.033725e-02 -1.299983e-02  1.409970e-02  0.000000e+00  0.000000e+00  0.000000e+00  9.734197e-03 -1.350008e-02  1.362707e-02  0.000000e+00  0.000000e+00  0.000000e+00  9.131888e-03 -1.303592e-02
   1.406671e-02  0.000000e+00  0.000000e+00  0.000000e+00  8.492611e-03 -1.159504e-02  1.526453e-02  0.000000e+00  0.000000e+00  0.000000e+00  7.791670e-03 -9.215036e-03  1.679779e-02  0.000000e+00  0.000000e+00  0.000000e+00  7.025870e-03
  -6.136768e-03  1.814560e-02  0.000000e+00  0.000000e+00  0.000000e+00  6.212325e-03 -2.859256e-03  1.894448e-02  0.000000e+00  0.000000e+00  0.000000e+00  5.376981e-03  3.059668e-14  4.541719e-02  0.000000e+00  0.000000e+00  0.000000e+00
   4.540110e-03  1.925708e-03  1.907249e-02  0.000000e+00  0.000000e+00  0.000000e+00  3.708220e-03  2.623482e-03  1.898527e-02  0.000000e+00  0.000000e+00  0.000000e+00  2.876887e-03  2.003466e-03  1.904851e-02  0.000000e+00  0.000000e+00
   0.000000e+00  2.041318e-03  1.476814e-04  1.913592e-02  0.000000e+00  0.000000e+00  0.000000e+00  1.207011e-03 -2.661987e-03  1.893216e-02  0.000000e+00  0.000000e+00  0.000000e+00  3.933125e-04 -5.922846e-03  1.816509e-02  0.000000e+00]
 [ 0.000000e+00  0.000000e+00  0.000000e+00  0.000000e+00  0.000000e+00  0.000000e+00  0.000000e+00  0.000000e+00  0.000000e+00  0.000000e+00  0.000000e+00  0.000000e+00  0.000000e+00  0.000000e+00  0.000000e+00  0.000000e+00  0.000000e+00
   0.000000e+00  0.000000e+00  0.000000e+00  0.000000e+00  0.000000e+00  0.000000e+00  0.000000e+00  0.000000e+00  0.000000e+00  0.000000e+00  0.000000e+00  0.000000e+00  0.000000e+00  0.000000e+00  0.000000e+00  0.000000e+00  0.000000e+00
   0.000000e+00  0.000000e+00  0.000000e+00  0.000000e+00  0.000000e+00  0.000000e+00  0.000000e+00  0.000000e+00  0.000000e+00  0.000000e+00  0.000000e+00  0.000000e+00  0.000000e+00  0.000000e+00  0.000000e+00  0.000000e+00  0.000000e+00
   0.000000e+00  0.000000e+00  0.000000e+00  0.000000e+00  0.000000e+00  0.000000e+00  0.000000e+00  0.000000e+00  0.000000e+00  0.000000e+00  0.000000e+00  0.000000e+00  0.000000e+00  0.000000e+00  1.000000e+00  0.000000e+00  0.000000e+00
   0.000000e+00  0.000000e+00  0.000000e+00  0.000000e+00  0.000000e+00  0.000000e+00  0.000000e+00  0.000000e+00  0.000000e+00  0.000000e+00  0.000000e+00  0.000000e+00  0.000000e+00  0.000000e+00  0.000000e+00  0.000000e+00  0.000000e+00
   0.000000e+00  0.000000e+00  0.000000e+00  0.000000e+00  0.000000e+00  0.000000e+00  0.000000e+00  0.000000e+00  0.000000e+00  0.000000e+00  0.000000e+00  0.000000e+00  0.000000e+00  0.000000e+00  0.000000e+00  0.000000e+00  0.000000e+00]
 [ 0.000000e+00  0.000000e+00  0.000000e+00  0.000000e+00  0.000000e+00  0.000000e+00  0.000000e+00  0.000000e+00  0.000000e+00  0.000000e+00  0.000000e+00  0.000000e+00  0.000000e+00  0.000000e+00  0.000000e+00  0.000000e+00  0.000000e+00
   0.000000e+00  0.000000e+00  0.000000e+00  0.000000e+00  0.000000e+00  0.000000e+00  0.000000e+00  0.000000e+00  0.000000e+00  0.000000e+00  0.000000e+00  0.000000e+00  0.000000e+00  0.000000e+00  0.000000e+00  0.000000e+00  0.000000e+00
   0.000000e+00  0.000000e+00  0.000000e+00  0.000000e+00  0.000000e+00  0.000000e+00  0.000000e+00  0.000000e+00  0.000000e+00  0.000000e+00  0.000000e+00  0.000000e+00  0.000000e+00  0.000000e+00  0.000000e+00  0.000000e+00  0.000000e+00
   0.000000e+00  0.000000e+00  0.000000e+00  0.000000e+00  0.000000e+00  0.000000e+00  0.000000e+00  0.000000e+00  0.000000e+00  0.000000e+00  0.000000e+00  0.000000e+00  0.000000e+00  0.000000e+00  0.000000e+00  1.000000e+00  0.000000e+00
   0.000000e+00  0.000000e+00  0.000000e+00  0.000000e+00  0.000000e+00  0.000000e+00  0.000000e+00  0.000000e+00  0.000000e+00  0.000000e+00  0.000000e+00  0.000000e+00  0.000000e+00  0.000000e+00  0.000000e+00  0.000000e+00  0.000000e+00
   0.000000e+00  0.000000e+00  0.000000e+00  0.000000e+00  0.000000e+00  0.000000e+00  0.000000e+00  0.000000e+00  0.000000e+00  0.000000e+00  0.000000e+00  0.000000e+00  0.000000e+00  0.000000e+00  0.000000e+00  0.000000e+00  0.000000e+00]
 [ 0.000000e+00  0.000000e+00  0.000000e+00  0.000000e+00  0.000000e+00  0.000000e+00  0.000000e+00  0.000000e+00  0.000000e+00  0.000000e+00  0.000000e+00  0.000000e+00  0.000000e+00  0.000000e+00  0.000000e+00  0.000000e+00  0.000000e+00
   0.000000e+00  0.000000e+00  0.000000e+00  0.000000e+00  0.000000e+00  0.000000e+00  0.000000e+00  0.000000e+00  0.000000e+00  0.000000e+00  0.000000e+00  0.000000e+00  0.000000e+00  0.000000e+00  0.000000e+00  0.000000e+00  0.000000e+00
   0.000000e+00  0.000000e+00  0.000000e+00  0.000000e+00  0.000000e+00  0.000000e+00  0.000000e+00  0.000000e+00  0.000000e+00  0.000000e+00  0.000000e+00  0.000000e+00  0.000000e+00  0.000000e+00  0.000000e+00  0.000000e+00  0.000000e+00
   0.000000e+00  0.000000e+00  0.000000e+00  0.000000e+00  0.000000e+00  0.000000e+00  0.000000e+00  0.000000e+00  0.000000e+00  0.000000e+00  0.000000e+00  0.000000e+00  0.000000e+00  0.000000e+00  0.000000e+00  0.000000e+00  1.000000e+00
   0.000000e+00  0.000000e+00  0.000000e+00  0.000000e+00  0.000000e+00  0.000000e+00  0.000000e+00  0.000000e+00  0.000000e+00  0.000000e+00  0.000000e+00  0.000000e+00  0.000000e+00  0.000000e+00  0.000000e+00  0.000000e+00  0.000000e+00
   0.000000e+00  0.000000e+00  0.000000e+00  0.000000e+00  0.000000e+00  0.000000e+00  0.000000e+00  0.000000e+00  0.000000e+00  0.000000e+00  0.000000e+00  0.000000e+00  0.000000e+00  0.000000e+00  0.000000e+00  0.000000e+00  0.000000e+00]
 [-3.898299e-02  9.629102e-02 -6.121379e-06  4.895947e-06  6.172304e-06  6.591464e-02  0.000000e+00  0.000000e+00  2.793952e-03 -2.053056e-03  4.048648e-03  0.000000e+00  0.000000e+00  0.000000e+00  2.624515e-03 -2.633970e-03  3.699896e-03
   0.000000e+00  0.000000e+00  0.000000e+00  2.469279e-03 -2.991490e-03  3.420280e-03  0.000000e+00  0.000000e+00  0.000000e+00  2.322822e-03 -3.112910e-03  3.311442e-03  0.000000e+00  0.000000e+00  0.000000e+00  2.176537e-03 -3.000244e-03
   3.412688e-03  0.000000e+00  0.000000e+00  0.000000e+00  2.021754e-03 -2.651528e-03  3.687449e-03  0.000000e+00  0.000000e+00  0.000000e+00  1.852887e-03 -2.078297e-03  4.035827e-03  0.000000e+00  0.000000e+00  0.000000e+00  1.669409e-03
  -1.340831e-03  4.335943e-03  0.000000e+00  0.000000e+00  0.000000e+00  1.475499e-03 -5.595825e-04  4.504807e-03  0.000000e+00  0.000000e+00  0.000000e+00  1.277270e-03  1.190514e-04  4.540110e-03  0.000000e+00  0.000000e+00  0.000000e+00
   1.079428e-03  5.748294e-04  4.507390e-03  0.000000e+00  0.000000e+00  0.000000e+00  8.827866e-04  7.399181e-04  4.484036e-03  0.000000e+00  0.000000e+00  0.000000e+00  6.863510e-04  5.936091e-04  4.504322e-03  0.000000e+00  0.000000e+00
   0.000000e+00  4.885170e-04  1.542624e-04  4.537605e-03  0.000000e+00  0.000000e+00  0.000000e+00  2.902991e-04 -5.133225e-04  4.507520e-03  0.000000e+00  0.000000e+00  0.000000e+00  9.610425e-05 -1.291620e-03  4.346252e-03  0.000000e+00]
 [ 3.823448e-01  2.146313e-01  5.580165e-06  1.205074e-05 -2.456290e-05  1.190713e-01  0.000000e+00  0.000000e+00  4.983848e-03  1.585501e-02  1.075766e-02  0.000000e+00  0.000000e+00  0.000000e+00  4.460947e-03  1.408465e-02  1.300367e-02
   0.000000e+00  0.000000e+00  0.000000e+00  3.859181e-03  1.272303e-02  1.435126e-02  0.000000e+00  0.000000e+00  0.000000e+00  3.218255e-03  1.220251e-02  1.480152e-02  0.000000e+00  0.000000e+00  0.000000e+00  2.576621e-03  1.268658e-02
   1.438387e-02  0.000000e+00  0.000000e+00  0.000000e+00  1.972684e-03  1.402316e-02  1.307054e-02  0.000000e+00  0.000000e+00  0.000000e+00  1.446134e-03  1.578785e-02  1.085650e-02  0.000000e+00  0.000000e+00  0.000000e+00  1.033280e-03
   1.743817e-02  7.929057e-03  0.000000e+00  0.000000e+00  0.000000e+00  7.562048e-04  1.856233e-02  4.748222e-03  0.000000e+00  0.000000e+00  0.000000e+00  6.127555e-04  1.907249e-02  1.925708e-03  0.000000e+00  0.000000e+00  0.000000e+00
   5.748294e-04  8.480262e-02  3.059357e-14  0.000000e+00  0.000000e+00  0.000000e+00  5.951903e-04  1.916223e-02 -7.033065e-04  0.000000e+00  0.000000e+00  0.000000e+00  6.173124e-04  1.916287e-02 -7.976647e-05  0.000000e+00  0.000000e+00
   0.000000e+00  5.844609e-04  1.906336e-02  1.776327e-03  0.000000e+00  0.000000e+00  0.000000e+00  4.486694e-04  1.857813e-02  4.552681e-03  0.000000e+00  0.000000e+00  0.000000e+00  1.805473e-04  1.748682e-02  7.721548e-03  0.000000e+00]
 [-2.146313e-01  3.823448e-01 -2.680050e-05  1.929738e-05  2.940885e-05  2.650131e-01  0.000000e+00  0.000000e+00  1.124093e-02 -1.075766e-02  1.585501e-02  0.000000e+00  0.000000e+00  0.000000e+00  1.058666e-02 -1.300367e-02  1.408465e-02
   0.000000e+00  0.000000e+00  0.000000e+00  1.000288e-02 -1.435126e-02  1.272303e-02  0.000000e+00  0.000000e+00  0.000000e+00  9.461442e-03 -1.480152e-02  1.220251e-02  0.000000e+00  0.000000e+00  0.000000e+00  8.920826e-03 -1.438387e-02
   1.268658e-02  0.000000e+00  0.000000e+00  0.000000e+00  8.339247e-03 -1.307054e-02  1.402316e-02  0.000000e+00  0.000000e+00  0.000000e+00  7.687873e-03 -1.085650e-02  1.578785e-02  0.000000e+00  0.000000e+00  0.000000e+00  6.959827e-03
  -7.929057e-03  1.743817e-02  0.000000e+00  0.000000e+00  0.000000e+00  6.170080e-03 -4.748222e-03  1.856233e-02  0.000000e+00  0.000000e+00  0.000000e+00  5.344915e-03 -1.925708e-03  1.907249e-02  0.000000e+00  0.000000e+00  0.000000e+00
   4.507390e-03  3.059357e-14  4.542762e-02  0.000000e+00  0.000000e+00  0.000000e+00  3.668818e-03  7.033065e-04  1.916223e-02  0.000000e+00  0.000000e+00  0.000000e+00  2.830612e-03  7.976647e-05  1.916287e-02  0.000000e+00  0.000000e+00
   0.000000e+00  1.993697e-03 -1.776327e-03  1.906336e-02  0.000000e+00  0.000000e+00  0.000000e+00  1.168445e-03 -4.552681e-03  1.857813e-02  0.000000e+00  0.000000e+00  0.000000e+00  3.772775e-04 -7.721548e-03  1.748682e-02  0.000000e+00]
 [ 0.000000e+00  0.000000e+00  0.000000e+00  0.000000e+00  0.000000e+00  0.000000e+00  0.000000e+00  0.000000e+00  0.000000e+00  0.000000e+00  0.000000e+00  0.000000e+00  0.000000e+00  0.000000e+00  0.000000e+00  0.000000e+00  0.000000e+00
   0.000000e+00  0.000000e+00  0.000000e+00  0.000000e+00  0.000000e+00  0.000000e+00  0.000000e+00  0.000000e+00  0.000000e+00  0.000000e+00  0.000000e+00  0.000000e+00  0.000000e+00  0.000000e+00  0.000000e+00  0.000000e+00  0.000000e+00
   0.000000e+00  0.000000e+00  0.000000e+00  0.000000e+00  0.000000e+00  0.000000e+00  0.000000e+00  0.000000e+00  0.000000e+00  0.000000e+00  0.000000e+00  0.000000e+00  0.000000e+00  0.000000e+00  0.000000e+00  0.000000e+00  0.000000e+00
   0.000000e+00  0.000000e+00  0.000000e+00  0.000000e+00  0.000000e+00  0.000000e+00  0.000000e+00  0.000000e+00  0.000000e+00  0.000000e+00  0.000000e+00  0.000000e+00  0.000000e+00  0.000000e+00  0.000000e+00  0.000000e+00  0.000000e+00
   0.000000e+00  0.000000e+00  0.000000e+00  1.000000e+00  0.000000e+00  0.000000e+00  0.000000e+00  0.000000e+00  0.000000e+00  0.000000e+00  0.000000e+00  0.000000e+00  0.000000e+00  0.000000e+00  0.000000e+00  0.000000e+00  0.000000e+00
   0.000000e+00  0.000000e+00  0.000000e+00  0.000000e+00  0.000000e+00  0.000000e+00  0.000000e+00  0.000000e+00  0.000000e+00  0.000000e+00  0.000000e+00  0.000000e+00  0.000000e+00  0.000000e+00  0.000000e+00  0.000000e+00  0.000000e+00]
 [ 0.000000e+00  0.000000e+00  0.000000e+00  0.000000e+00  0.000000e+00  0.000000e+00  0.000000e+00  0.000000e+00  0.000000e+00  0.000000e+00  0.000000e+00  0.000000e+00  0.000000e+00  0.000000e+00  0.000000e+00  0.000000e+00  0.000000e+00
   0.000000e+00  0.000000e+00  0.000000e+00  0.000000e+00  0.000000e+00  0.000000e+00  0.000000e+00  0.000000e+00  0.000000e+00  0.000000e+00  0.000000e+00  0.000000e+00  0.000000e+00  0.000000e+00  0.000000e+00  0.000000e+00  0.000000e+00
   0.000000e+00  0.000000e+00  0.000000e+00  0.000000e+00  0.000000e+00  0.000000e+00  0.000000e+00  0.000000e+00  0.000000e+00  0.000000e+00  0.000000e+00  0.000000e+00  0.000000e+00  0.000000e+00  0.000000e+00  0.000000e+00  0.000000e+00
   0.000000e+00  0.000000e+00  0.000000e+00  0.000000e+00  0.000000e+00  0.000000e+00  0.000000e+00  0.000000e+00  0.000000e+00  0.000000e+00  0.000000e+00  0.000000e+00  0.000000e+00  0.000000e+00  0.000000e+00  0.000000e+00  0.000000e+00
   0.000000e+00  0.000000e+00  0.000000e+00  0.000000e+00  1.000000e+00  0.000000e+00  0.000000e+00  0.000000e+00  0.000000e+00  0.000000e+00  0.000000e+00  0.000000e+00  0.000000e+00  0.000000e+00  0.000000e+00  0.000000e+00  0.000000e+00
   0.000000e+00  0.000000e+00  0.000000e+00  0.000000e+00  0.000000e+00  0.000000e+00  0.000000e+00  0.000000e+00  0.000000e+00  0.000000e+00  0.000000e+00  0.000000e+00  0.000000e+00  0.000000e+00  0.000000e+00  0.000000e+00  0.000000e+00]
 [ 0.000000e+00  0.000000e+00  0.000000e+00  0.000000e+00  0.000000e+00  0.000000e+00  0.000000e+00  0.000000e+00  0.000000e+00  0.000000e+00  0.000000e+00  0.000000e+00  0.000000e+00  0.000000e+00  0.000000e+00  0.000000e+00  0.000000e+00
   0.000000e+00  0.000000e+00  0.000000e+00  0.000000e+00  0.000000e+00  0.000000e+00  0.000000e+00  0.000000e+00  0.000000e+00  0.000000e+00  0.000000e+00  0.000000e+00  0.000000e+00  0.000000e+00  0.000000e+00  0.000000e+00  0.000000e+00
   0.000000e+00  0.000000e+00  0.000000e+00  0.000000e+00  0.000000e+00  0.000000e+00  0.000000e+00  0.000000e+00  0.000000e+00  0.000000e+00  0.000000e+00  0.000000e+00  0.000000e+00  0.000000e+00  0.000000e+00  0.000000e+00  0.000000e+00
   0.000000e+00  0.000000e+00  0.000000e+00  0.000000e+00  0.000000e+00  0.000000e+00  0.000000e+00  0.000000e+00  0.000000e+00  0.000000e+00  0.000000e+00  0.000000e+00  0.000000e+00  0.000000e+00  0.000000e+00  0.000000e+00  0.000000e+00
   0.000000e+00  0.000000e+00  0.000000e+00  0.000000e+00  0.000000e+00  1.000000e+00  0.000000e+00  0.000000e+00  0.000000e+00  0.000000e+00  0.000000e+00  0.000000e+00  0.000000e+00  0.000000e+00  0.000000e+00  0.000000e+00  0.000000e+00
   0.000000e+00  0.000000e+00  0.000000e+00  0.000000e+00  0.000000e+00  0.000000e+00  0.000000e+00  0.000000e+00  0.000000e+00  0.000000e+00  0.000000e+00  0.000000e+00  0.000000e+00  0.000000e+00  0.000000e+00  0.000000e+00  0.000000e+00]
 [-2.919241e-02  7.980108e-02 -5.241120e-06  4.047093e-06  5.056728e-06  5.445265e-02  0.000000e+00  0.000000e+00  2.307702e-03 -1.565850e-03  3.366818e-03  0.000000e+00  0.000000e+00  0.000000e+00  2.166317e-03 -2.050438e-03  3.097859e-03
   0.000000e+00  0.000000e+00  0.000000e+00  2.035968e-03 -2.350480e-03  2.879209e-03  0.000000e+00  0.000000e+00  0.000000e+00  1.912505e-03 -2.452766e-03  2.793609e-03  0.000000e+00  0.000000e+00  0.000000e+00  1.789176e-03 -2.357848e-03
   2.873246e-03  0.000000e+00  0.000000e+00  0.000000e+00  1.659181e-03 -2.065137e-03  3.088171e-03  0.000000e+00  0.000000e+00  0.000000e+00  1.518237e-03 -1.586841e-03  3.357038e-03  0.000000e+00  0.000000e+00  0.000000e+00  1.366154e-03
  -9.756233e-04  3.581887e-03  0.000000e+00  0.000000e+00  0.000000e+00  1.206481e-03 -3.322613e-04  3.698221e-03  0.000000e+00  0.000000e+00  0.000000e+00  1.044180e-03  2.235014e-04  3.708220e-03  0.000000e+00  0.000000e+00  0.000000e+00
   8.827866e-04  5.951903e-04  3.668818e-03  0.000000e+00  0.000000e+00  0.000000e+00  7.231002e-04  7.295092e-04  3.645276e-03  0.000000e+00  0.000000e+00  0.000000e+00  5.632143e-04  6.104705e-04  3.666180e-03  0.000000e+00  0.000000e+00
   0.000000e+00  4.019465e-04  2.521913e-04  3.705786e-03  0.000000e+00  0.000000e+00  0.000000e+00  2.396755e-04 -2.944895e-04  3.699870e-03  0.000000e+00  0.000000e+00  0.000000e+00  7.979636e-05 -9.353604e-04  3.589694e-03  0.000000e+00]
 [ 3.741408e-01  2.284663e-01  6.497242e-06  1.286195e-05 -2.472281e-05  1.286932e-01  0.000000e+00  0.000000e+00  5.392039e-03  1.544669e-02  1.132975e-02  0.000000e+00  0.000000e+00  0.000000e+00  4.845599e-03  1.359551e-02  1.350888e-02
   0.000000e+00  0.000000e+00  0.000000e+00  4.222948e-03  1.218565e-02  1.480537e-02  0.000000e+00  0.000000e+00  0.000000e+00  3.562724e-03  1.164907e-02  1.523615e-02  0.000000e+00  0.000000e+00  0.000000e+00  2.901823e-03  1.214803e-02
   1.483660e-02  0.000000e+00  0.000000e+00  0.000000e+00  2.277082e-03  1.353162e-02  1.357343e-02  0.000000e+00  0.000000e+00  0.000000e+00  1.727103e-03  1.537597e-02  1.142604e-02  0.000000e+00  0.000000e+00  0.000000e+00  1.287909e-03
   1.713221e-02  8.561669e-03  0.000000e+00  0.000000e+00  0.000000e+00  9.821119e-04  1.837204e-02  5.424829e-03  0.000000e+00  0.000000e+00  0.000000e+00  8.085260e-04  1.898527e-02  2.623482e-03  0.000000e+00  0.000000e+00  0.000000e+00
   7.399181e-04  1.916223e-02  7.033065e-04  0.000000e+00  0.000000e+00  0.000000e+00  7.295092e-04  8.480287e-02  3.058883e-14  0.000000e+00  0.000000e+00  0.000000e+00  7.208708e-04  1.915694e-02  6.232769e-04  0.000000e+00  0.000000e+00
   0.000000e+00  6.573315e-04  1.898938e-02  2.474863e-03  0.000000e+00  0.000000e+00  0.000000e+00  4.913276e-04  1.840253e-02  5.232133e-03  0.000000e+00  0.000000e+00  0.000000e+00  1.943047e-04  1.719547e-02  8.359501e-03  0.000000e+00]
 [-2.284663e-01  3.741408e-01 -2.891283e-05  1.872583e-05  3.156213e-05  2.604537e-01  0.000000e+00  0.000000e+00  1.105003e-02 -1.132975e-02  1.544669e-02  0.000000e+00  0.000000e+00  0.000000e+00  1.041551e-02 -1.350888e-02  1.359551e-02
   0.000000e+00  0.000000e+00  0.000000e+00  9.854304e-03 -1.480537e-02  1.218565e-02  0.000000e+00  0.000000e+00  0.000000e+00  9.336845e-03 -1.523615e-02  1.164907e-02  0.000000e+00  0.000000e+00  0.000000e+00  8.820230e-03 -1.483660e-02
   1.214803e-02  0.000000e+00  0.000000e+00  0.000000e+00  8.261306e-03 -1.357343e-02  1.353162e-02  0.000000e+00  0.000000e+00  0.000000e+00  7.629810e-03 -1.142604e-02  1.537597e-02  0.000000e+00  0.000000e+00  0.000000e+00  6.917538e-03
  -8.561669e-03  1.713221e-02  0.000000e+00  0.000000e+00  0.000000e+00  6.138640e-03 -5.424829e-03  1.837204e-02  0.000000e+00  0.000000e+00  0.000000e+00  5.319454e-03 -2.623482e-03  1.898527e-02  0.000000e+00  0.000000e+00  0.000000e+00
   4.484036e-03 -7.033065e-04  1.916223e-02  0.000000e+00  0.000000e+00  0.000000e+00  3.645276e-03  3.058883e-14  4.542787e-02  0.000000e+00  0.000000e+00  0.000000e+00  2.806658e-03 -6.232769e-04  1.915694e-02  0.000000e+00  0.000000e+00
   0.000000e+00  1.971335e-03 -2.474863e-03  1.898938e-02  0.000000e+00  0.000000e+00  0.000000e+00  1.151445e-03 -5.232133e-03  1.840253e-02  0.000000e+00  0.000000e+00  0.000000e+00  3.704797e-04 -8.359501e-03  1.719547e-02  0.000000e+00]
 [ 0.000000e+00  0.000000e+00  0.000000e+00  0.000000e+00  0.000000e+00  0.000000e+00  0.000000e+00  0.000000e+00  0.000000e+00  0.000000e+00  0.000000e+00  0.000000e+00  0.000000e+00  0.000000e+00  0.000000e+00  0.000000e+00  0.000000e+00
   0.000000e+00  0.000000e+00  0.000000e+00  0.000000e+00  0.000000e+00  0.000000e+00  0.000000e+00  0.000000e+00  0.000000e+00  0.000000e+00  0.000000e+00  0.000000e+00  0.000000e+00  0.000000e+00  0.000000e+00  0.000000e+00  0.000000e+00
   0.000000e+00  0.000000e+00  0.000000e+00  0.000000e+00  0.000000e+00  0.000000e+00  0.000000e+00  0.000000e+00  0.000000e+00  0.000000e+00  0.000000e+00  0.000000e+00  0.000000e+00  0.000000e+00  0.000000e+00  0.000000e+00  0.000000e+00
   0.000000e+00  0.000000e+00  0.000000e+00  0.000000e+00  0.000000e+00  0.000000e+00  0.000000e+00  0.000000e+00  0.000000e+00  0.000000e+00  0.000000e+00  0.000000e+00  0.000000e+00  0.000000e+00  0.000000e+00  0.000000e+00  0.000000e+00
   0.000000e+00  0.000000e+00  0.000000e+00  0.000000e+00  0.000000e+00  0.000000e+00  0.000000e+00  0.000000e+00  0.000000e+00  1.000000e+00  0.000000e+00  0.000000e+00  0.000000e+00  0.000000e+00  0.000000e+00  0.000000e+00  0.000000e+00
   0.000000e+00  0.000000e+00  0.000000e+00  0.000000e+00  0.000000e+00  0.000000e+00  0.000000e+00  0.000000e+00  0.000000e+00  0.000000e+00  0.000000e+00  0.000000e+00  0.000000e+00  0.000000e+00  0.000000e+00  0.000000e+00  0.000000e+00]
 [ 0.000000e+00  0.000000e+00  0.000000e+00  0.000000e+00  0.000000e+00  0.000000e+00  0.000000e+00  0.000000e+00  0.000000e+00  0.000000e+00  0.000000e+00  0.000000e+00  0.000000e+00  0.000000e+00  0.000000e+00  0.000000e+00  0.000000e+00
   0.000000e+00  0.000000e+00  0.000000e+00  0.000000e+00  0.000000e+00  0.000000e+00  0.000000e+00  0.000000e+00  0.000000e+00  0.000000e+00  0.000000e+00  0.000000e+00  0.000000e+00  0.000000e+00  0.000000e+00  0.000000e+00  0.000000e+00
   0.000000e+00  0.000000e+00  0.000000e+00  0.000000e+00  0.000000e+00  0.000000e+00  0.000000e+00  0.000000e+00  0.000000e+00  0.000000e+00  0.000000e+00  0.000000e+00  0.000000e+00  0.000000e+00  0.000000e+00  0.000000e+00  0.000000e+00
   0.000000e+00  0.000000e+00  0.000000e+00  0.000000e+00  0.000000e+00  0.000000e+00  0.000000e+00  0.000000e+00  0.000000e+00  0.000000e+00  0.000000e+00  0.000000e+00  0.000000e+00  0.000000e+00  0.000000e+00  0.000000e+00  0.000000e+00
   0.000000e+00  0.000000e+00  0.000000e+00  0.000000e+00  0.000000e+00  0.000000e+00  0.000000e+00  0.000000e+00  0.000000e+00  0.000000e+00  1.000000e+00  0.000000e+00  0.000000e+00  0.000000e+00  0.000000e+00  0.000000e+00  0.000000e+00
   0.000000e+00  0.000000e+00  0.000000e+00  0.000000e+00  0.000000e+00  0.000000e+00  0.000000e+00  0.000000e+00  0.000000e+00  0.000000e+00  0.000000e+00  0.000000e+00  0.000000e+00  0.000000e+00  0.000000e+00  0.000000e+00  0.000000e+00]
 [ 0.000000e+00  0.000000e+00  0.000000e+00  0.000000e+00  0.000000e+00  0.000000e+00  0.000000e+00  0.000000e+00  0.000000e+00  0.000000e+00  0.000000e+00  0.000000e+00  0.000000e+00  0.000000e+00  0.000000e+00  0.000000e+00  0.000000e+00
   0.000000e+00  0.000000e+00  0.000000e+00  0.000000e+00  0.000000e+00  0.000000e+00  0.000000e+00  0.000000e+00  0.000000e+00  0.000000e+00  0.000000e+00  0.000000e+00  0.000000e+00  0.000000e+00  0.000000e+00  0.000000e+00  0.000000e+00
   0.000000e+00  0.000000e+00  0.000000e+00  0.000000e+00  0.000000e+00  0.000000e+00  0.000000e+00  0.000000e+00  0.000000e+00  0.000000e+00  0.000000e+00  0.000000e+00  0.000000e+00  0.000000e+00  0.000000e+00  0.000000e+00  0.000000e+00
   0.000000e+00  0.000000e+00  0.000000e+00  0.000000e+00  0.000000e+00  0.000000e+00  0.000000e+00  0.000000e+00  0.000000e+00  0.000000e+00  0.000000e+00  0.000000e+00  0.000000e+00  0.000000e+00  0.000000e+00  0.000000e+00  0.000000e+00
   0.000000e+00  0.000000e+00  0.000000e+00  0.000000e+00  0.000000e+00  0.000000e+00  0.000000e+00  0.000000e+00  0.000000e+00  0.000000e+00  0.000000e+00  1.000000e+00  0.000000e+00  0.000000e+00  0.000000e+00  0.000000e+00  0.000000e+00
   0.000000e+00  0.000000e+00  0.000000e+00  0.000000e+00  0.000000e+00  0.000000e+00  0.000000e+00  0.000000e+00  0.000000e+00  0.000000e+00  0.000000e+00  0.000000e+00  0.000000e+00  0.000000e+00  0.000000e+00  0.000000e+00  0.000000e+00]
 [-1.937099e-02  6.333847e-02 -4.192057e-06  3.209657e-06  3.827899e-06  4.300531e-02  0.000000e+00  0.000000e+00  1.822066e-03 -1.077401e-03  2.686292e-03  0.000000e+00  0.000000e+00  0.000000e+00  1.708672e-03 -1.465871e-03  2.497296e-03
   0.000000e+00  0.000000e+00  0.000000e+00  1.603143e-03 -1.708588e-03  2.339710e-03  0.000000e+00  0.000000e+00  0.000000e+00  1.502604e-03 -1.791796e-03  2.277379e-03  0.000000e+00  0.000000e+00  0.000000e+00  1.402162e-03 -1.714573e-03
   2.335378e-03  0.000000e+00  0.000000e+00  0.000000e+00  1.296888e-03 -1.477719e-03  2.490373e-03  0.000000e+00  0.000000e+00  0.000000e+00  1.183804e-03 -1.094150e-03  2.679561e-03  0.000000e+00  0.000000e+00  0.000000e+00  1.063064e-03
  -6.089715e-04  2.828906e-03  0.000000e+00  0.000000e+00  0.000000e+00  9.375869e-04 -1.033296e-04  2.892440e-03  0.000000e+00  0.000000e+00  0.000000e+00  8.111838e-04  3.296649e-04  2.876887e-03  0.000000e+00  0.000000e+00  0.000000e+00
   6.863510e-04  6.173124e-04  2.830612e-03  0.000000e+00  0.000000e+00  0.000000e+00  5.632143e-04  7.208708e-04  2.806658e-03  0.000000e+00  0.000000e+00  0.000000e+00  4.402695e-04  6.290980e-04  2.828069e-03  0.000000e+00  0.000000e+00
   0.000000e+00  3.154325e-04  3.518745e-04  2.874155e-03  0.000000e+00  0.000000e+00  0.000000e+00  1.890947e-04 -7.395054e-05  2.892664e-03  0.000000e+00  0.000000e+00  0.000000e+00  6.350560e-05 -5.774997e-04  2.833870e-03  0.000000e+00]
 [ 3.811316e-01  2.160428e-01  9.398624e-06  1.235606e-05 -2.702213e-05  1.200860e-01  0.000000e+00  0.000000e+00  5.026957e-03  1.579697e-02  1.081464e-02  0.000000e+00  0.000000e+00  0.000000e+00  4.501772e-03  1.401875e-02  1.305140e-02
   0.000000e+00  0.000000e+00  0.000000e+00  3.898081e-03  1.265266e-02  1.439220e-02  0.000000e+00  0.000000e+00  0.000000e+00  3.255438e-03  1.213070e-02  1.483991e-02  0.000000e+00  0.000000e+00  0.000000e+00  2.612091e-03  1.261610e-02
   1.442462e-02  0.000000e+00  0.000000e+00  0.000000e+00  2.006239e-03  1.395703e-02  1.311795e-02  0.000000e+00  0.000000e+00  0.000000e+00  1.477420e-03  1.572946e-02  1.091311e-02  0.000000e+00  0.000000e+00  0.000000e+00  1.061882e-03
   1.739058e-02  7.994988e-03  0.000000e+00  0.000000e+00  0.000000e+00  7.817517e-04  1.852703e-02  4.821494e-03  0.000000e+00  0.000000e+00  0.000000e+00  6.349885e-04  1.904851e-02  2.003466e-03  0.000000e+00  0.000000e+00  0.000000e+00
   5.936091e-04  1.916287e-02  7.976647e-05  0.000000e+00  0.000000e+00  0.000000e+00  6.104705e-04  1.915694e-02 -6.232769e-04  0.000000e+00  0.000000e+00  0.000000e+00  6.290980e-04  8.478717e-02  3.057022e-14  0.000000e+00  0.000000e+00
   0.000000e+00  5.927638e-04  1.905624e-02  1.855663e-03  0.000000e+00  0.000000e+00  0.000000e+00  4.535370e-04  1.855945e-02  4.630038e-03  0.000000e+00  0.000000e+00  0.000000e+00  1.821196e-04  1.745494e-02  7.794410e-03  0.000000e+00]
 [-2.160428e-01  3.811316e-01 -3.053084e-05  1.901304e-05  3.195476e-05  2.643668e-01  0.000000e+00  0.000000e+00  1.121389e-02 -1.081464e-02  1.579697e-02  0.000000e+00  0.000000e+00  0.000000e+00  1.056234e-02 -1.305140e-02  1.401875e-02
   0.000000e+00  0.000000e+00  0.000000e+00  9.981554e-03 -1.439220e-02  1.265266e-02  0.000000e+00  0.000000e+00  0.000000e+00  9.443239e-03 -1.483991e-02  1.213070e-02  0.000000e+00  0.000000e+00  0.000000e+00  8.905746e-03 -1.442462e-02
   1.261610e-02  0.000000e+00  0.000000e+00  0.000000e+00  8.327167e-03 -1.311795e-02  1.395703e-02  0.000000e+00  0.000000e+00  0.000000e+00  7.678530e-03 -1.091311e-02  1.572946e-02  0.000000e+00  0.000000e+00  0.000000e+00  6.952811e-03
  -7.994988e-03  1.739058e-02  0.000000e+00  0.000000e+00  0.000000e+00  6.164879e-03 -4.821494e-03  1.852703e-02  0.000000e+00  0.000000e+00  0.000000e+00  5.341001e-03 -2.003466e-03  1.904851e-02  0.000000e+00  0.000000e+00  0.000000e+00
   4.504322e-03 -7.976647e-05  1.916287e-02  0.000000e+00  0.000000e+00  0.000000e+00  3.666180e-03  6.232769e-04  1.915694e-02  0.000000e+00  0.000000e+00  0.000000e+00  2.828069e-03  3.057022e-14  4.541217e-02  0.000000e+00  0.000000e+00
   0.000000e+00  1.991294e-03 -1.855663e-03  1.905624e-02  0.000000e+00  0.000000e+00  0.000000e+00  1.166595e-03 -4.630038e-03  1.855945e-02  0.000000e+00  0.000000e+00  0.000000e+00  3.765318e-04 -7.794410e-03  1.745494e-02  0.000000e+00]
 [ 0.000000e+00  0.000000e+00  0.000000e+00  0.000000e+00  0.000000e+00  0.000000e+00  0.000000e+00  0.000000e+00  0.000000e+00  0.000000e+00  0.000000e+00  0.000000e+00  0.000000e+00  0.000000e+00  0.000000e+00  0.000000e+00  0.000000e+00
   0.000000e+00  0.000000e+00  0.000000e+00  0.000000e+00  0.000000e+00  0.000000e+00  0.000000e+00  0.000000e+00  0.000000e+00  0.000000e+00  0.000000e+00  0.000000e+00  0.000000e+00  0.000000e+00  0.000000e+00  0.000000e+00  0.000000e+00
   0.000000e+00  0.000000e+00  0.000000e+00  0.000000e+00  0.000000e+00  0.000000e+00  0.000000e+00  0.000000e+00  0.000000e+00  0.000000e+00  0.000000e+00  0.000000e+00  0.000000e+00  0.000000e+00  0.000000e+00  0.000000e+00  0.000000e+00
   0.000000e+00  0.000000e+00  0.000000e+00  0.000000e+00  0.000000e+00  0.000000e+00  0.000000e+00  0.000000e+00  0.000000e+00  0.000000e+00  0.000000e+00  0.000000e+00  0.000000e+00  0.000000e+00  0.000000e+00  0.000000e+00  0.000000e+00
   0.000000e+00  0.000000e+00  0.000000e+00  0.000000e+00  0.000000e+00  0.000000e+00  0.000000e+00  0.000000e+00  0.000000e+00  0.000000e+00  0.000000e+00  0.000000e+00  0.000000e+00  0.000000e+00  0.000000e+00  1.000000e+00  0.000000e+00
   0.000000e+00  0.000000e+00  0.000000e+00  0.000000e+00  0.000000e+00  0.000000e+00  0.000000e+00  0.000000e+00  0.000000e+00  0.000000e+00  0.000000e+00  0.000000e+00  0.000000e+00  0.000000e+00  0.000000e+00  0.000000e+00  0.000000e+00]
 [ 0.000000e+00  0.000000e+00  0.000000e+00  0.000000e+00  0.000000e+00  0.000000e+00  0.000000e+00  0.000000e+00  0.000000e+00  0.000000e+00  0.000000e+00  0.000000e+00  0.000000e+00  0.000000e+00  0.000000e+00  0.000000e+00  0.000000e+00
   0.000000e+00  0.000000e+00  0.000000e+00  0.000000e+00  0.000000e+00  0.000000e+00  0.000000e+00  0.000000e+00  0.000000e+00  0.000000e+00  0.000000e+00  0.000000e+00  0.000000e+00  0.000000e+00  0.000000e+00  0.000000e+00  0.000000e+00
   0.000000e+00  0.000000e+00  0.000000e+00  0.000000e+00  0.000000e+00  0.000000e+00  0.000000e+00  0.000000e+00  0.000000e+00  0.000000e+00  0.000000e+00  0.000000e+00  0.000000e+00  0.000000e+00  0.000000e+00  0.000000e+00  0.000000e+00
   0.000000e+00  0.000000e+00  0.000000e+00  0.000000e+00  0.000000e+00  0.000000e+00  0.000000e+00  0.000000e+00  0.000000e+00  0.000000e+00  0.000000e+00  0.000000e+00  0.000000e+00  0.000000e+00  0.000000e+00  0.000000e+00  0.000000e+00
   0.000000e+00  0.000000e+00  0.000000e+00  0.000000e+00  0.000000e+00  0.000000e+00  0.000000e+00  0.000000e+00  0.000000e+00  0.000000e+00  0.000000e+00  0.000000e+00  0.000000e+00  0.000000e+00  0.000000e+00  0.000000e+00  1.000000e+00
   0.000000e+00  0.000000e+00  0.000000e+00  0.000000e+00  0.000000e+00  0.000000e+00  0.000000e+00  0.000000e+00  0.000000e+00  0.000000e+00  0.000000e+00  0.000000e+00  0.000000e+00  0.000000e+00  0.000000e+00  0.000000e+00  0.000000e+00]
 [ 0.000000e+00  0.000000e+00  0.000000e+00  0.000000e+00  0.000000e+00  0.000000e+00  0.000000e+00  0.000000e+00  0.000000e+00  0.000000e+00  0.000000e+00  0.000000e+00  0.000000e+00  0.000000e+00  0.000000e+00  0.000000e+00  0.000000e+00
   0.000000e+00  0.000000e+00  0.000000e+00  0.000000e+00  0.000000e+00  0.000000e+00  0.000000e+00  0.000000e+00  0.000000e+00  0.000000e+00  0.000000e+00  0.000000e+00  0.000000e+00  0.000000e+00  0.000000e+00  0.000000e+00  0.000000e+00
   0.000000e+00  0.000000e+00  0.000000e+00  0.000000e+00  0.000000e+00  0.000000e+00  0.000000e+00  0.000000e+00  0.000000e+00  0.000000e+00  0.000000e+00  0.000000e+00  0.000000e+00  0.000000e+00  0.000000e+00  0.000000e+00  0.000000e+00
   0.000000e+00  0.000000e+00  0.000000e+00  0.000000e+00  0.000000e+00  0.000000e+00  0.000000e+00  0.000000e+00  0.000000e+00  0.000000e+00  0.000000e+00  0.000000e+00  0.000000e+00  0.000000e+00  0.000000e+00  0.000000e+00  0.000000e+00
   0.000000e+00  0.000000e+00  0.000000e+00  0.000000e+00  0.000000e+00  0.000000e+00  0.000000e+00  0.000000e+00  0.000000e+00  0.000000e+00  0.000000e+00  0.000000e+00  0.000000e+00  0.000000e+00  0.000000e+00  0.000000e+00  0.000000e+00
   1.000000e+00  0.000000e+00  0.000000e+00  0.000000e+00  0.000000e+00  0.000000e+00  0.000000e+00  0.000000e+00  0.000000e+00  0.000000e+00  0.000000e+00  0.000000e+00  0.000000e+00  0.000000e+00  0.000000e+00  0.000000e+00  0.000000e+00]
 [-1.065995e-02  4.628638e-02 -3.027113e-06  2.346841e-06  2.583129e-06  3.123327e-02  0.000000e+00  0.000000e+00  1.322847e-03 -6.351230e-04  1.975997e-03  0.000000e+00  0.000000e+00  0.000000e+00  1.238899e-03 -9.225509e-04  1.860408e-03
   0.000000e+00  0.000000e+00  0.000000e+00  1.159875e-03 -1.104131e-03  1.759931e-03  0.000000e+00  0.000000e+00  0.000000e+00  1.084060e-03 -1.166799e-03  1.719543e-03  0.000000e+00  0.000000e+00  0.000000e+00  1.008309e-03 -1.108631e-03
   1.757134e-03  0.000000e+00  0.000000e+00  0.000000e+00  9.294478e-04 -9.313757e-04  1.856054e-03  0.000000e+00  0.000000e+00  0.000000e+00  8.456898e-04 -6.474438e-04  1.972028e-03  0.000000e+00  0.000000e+00  0.000000e+00  7.574263e-04
  -2.928372e-04  2.054372e-03  0.000000e+00  0.000000e+00  0.000000e+00  6.668865e-04  7.207631e-05  2.074299e-03  0.000000e+00  0.000000e+00  0.000000e+00  5.767369e-04  3.810304e-04  2.041318e-03  0.000000e+00  0.000000e+00  0.000000e+00
   4.885170e-04  5.844609e-04  1.993697e-03  0.000000e+00  0.000000e+00  0.000000e+00  4.019465e-04  6.573315e-04  1.971335e-03  0.000000e+00  0.000000e+00  0.000000e+00  3.154325e-04  5.927638e-04  1.991294e-03  0.000000e+00  0.000000e+00
   0.000000e+00  2.274701e-04  3.967775e-04  2.038374e-03  0.000000e+00  0.000000e+00  0.000000e+00  1.372837e-04  9.306423e-05  2.073301e-03  0.000000e+00  0.000000e+00  0.000000e+00  4.671521e-05 -2.701866e-04  2.056745e-03  0.000000e+00]
 [ 3.999194e-01  1.779267e-01  1.432620e-05  1.056610e-05 -3.130303e-05  9.381741e-02  0.000000e+00  0.000000e+00  3.913077e-03  1.675582e-02  9.224410e-03  0.000000e+00  0.000000e+00  0.000000e+00  3.453923e-03  1.520414e-02  1.162085e-02
   0.000000e+00  0.000000e+00  0.000000e+00  2.909851e-03  1.397553e-02  1.308643e-02  0.000000e+00  0.000000e+00  0.000000e+00  2.322933e-03  1.349985e-02  1.358219e-02  0.000000e+00  0.000000e+00  0.000000e+00  1.735235e-03  1.394232e-02
   1.312221e-02  0.000000e+00  0.000000e+00  0.000000e+00  1.188800e-03  1.514921e-02  1.169301e-02  0.000000e+00  0.000000e+00  0.000000e+00  7.257508e-04  1.669821e-02  9.328870e-03  0.000000e+00  0.000000e+00  0.000000e+00  3.828137e-04
   1.806746e-02  6.266222e-03  0.000000e+00  0.000000e+00  0.000000e+00  1.805511e-04  1.889025e-02  3.000437e-03  0.000000e+00  0.000000e+00  0.000000e+00  1.143899e-04  1.913592e-02  1.476814e-04  0.000000e+00  0.000000e+00  0.000000e+00
   1.542624e-04  1.906336e-02 -1.776327e-03  0.000000e+00  0.000000e+00  0.000000e+00  2.521913e-04  1.898938e-02 -2.474863e-03  0.000000e+00  0.000000e+00  0.000000e+00  3.518745e-04  1.905624e-02 -1.855663e-03  0.000000e+00  0.000000e+00
   0.000000e+00  3.967775e-04  8.476082e-02  3.054612e-14  0.000000e+00  0.000000e+00  0.000000e+00  3.381671e-04  1.891169e-02  2.808023e-03  0.000000e+00  0.000000e+00  0.000000e+00  1.446972e-04  1.811947e-02  6.062977e-03  0.000000e+00]
 [-1.779267e-01  3.999194e-01 -3.124967e-05  1.999745e-05  3.034943e-05  2.745390e-01  0.000000e+00  0.000000e+00  1.163893e-02 -9.224410e-03  1.675582e-02  0.000000e+00  0.000000e+00  0.000000e+00  1.094017e-02 -1.162085e-02  1.520414e-02
   0.000000e+00  0.000000e+00  0.000000e+00  1.030418e-02 -1.308643e-02  1.397553e-02  0.000000e+00  0.000000e+00  0.000000e+00  9.706643e-03 -1.358219e-02  1.349985e-02  0.000000e+00  0.000000e+00  0.000000e+00  9.109859e-03 -1.312221e-02
   1.394232e-02  0.000000e+00  0.000000e+00  0.000000e+00  8.475850e-03 -1.169301e-02  1.514921e-02  0.000000e+00  0.000000e+00  0.000000e+00  7.779634e-03 -9.328870e-03  1.669821e-02  0.000000e+00  0.000000e+00  0.000000e+00  7.017738e-03
  -6.266222e-03  1.806746e-02  0.000000e+00  0.000000e+00  0.000000e+00  6.207088e-03 -3.000437e-03  1.889025e-02  0.000000e+00  0.000000e+00  0.000000e+00  5.373609e-03 -1.476814e-04  1.913592e-02  0.000000e+00  0.000000e+00  0.000000e+00
   4.537605e-03  1.776327e-03  1.906336e-02  0.000000e+00  0.000000e+00  0.000000e+00  3.705786e-03  2.474863e-03  1.898938e-02  0.000000e+00  0.000000e+00  0.000000e+00  2.874155e-03  1.855663e-03  1.905624e-02  0.000000e+00  0.000000e+00
   0.000000e+00  2.038374e-03  3.054612e-14  4.538582e-02  0.000000e+00  0.000000e+00  0.000000e+00  1.204479e-03 -2.808023e-03  1.891169e-02  0.000000e+00  0.000000e+00  0.000000e+00  3.922211e-04 -6.062977e-03  1.811947e-02  0.000000e+00]
 [ 0.000000e+00  0.000000e+00  0.000000e+00  0.000000e+00  0.000000e+00  0.000000e+00  0.000000e+00  0.000000e+00  0.000000e+00  0.000000e+00  0.000000e+00  0.000000e+00  0.000000e+00  0.000000e+00  0.000000e+00  0.000000e+00  0.000000e+00
   0.000000e+00  0.000000e+00  0.000000e+00  0.000000e+00  0.000000e+00  0.000000e+00  0.000000e+00  0.000000e+00  0.000000e+00  0.000000e+00  0.000000e+00  0.000000e+00  0.000000e+00  0.000000e+00  0.000000e+00  0.000000e+00  0.000000e+00
   0.000000e+00  0.000000e+00  0.000000e+00  0.000000e+00  0.000000e+00  0.000000e+00  0.000000e+00  0.000000e+00  0.000000e+00  0.000000e+00  0.000000e+00  0.000000e+00  0.000000e+00  0.000000e+00  0.000000e+00  0.000000e+00  0.000000e+00
   0.000000e+00  0.000000e+00  0.000000e+00  0.000000e+00  0.000000e+00  0.000000e+00  0.000000e+00  0.000000e+00  0.000000e+00  0.000000e+00  0.000000e+00  0.000000e+00  0.000000e+00  0.000000e+00  0.000000e+00  0.000000e+00  0.000000e+00
   0.000000e+00  0.000000e+00  0.000000e+00  0.000000e+00  0.000000e+00  0.000000e+00  0.000000e+00  0.000000e+00  0.000000e+00  0.000000e+00  0.000000e+00  0.000000e+00  0.000000e+00  0.000000e+00  0.000000e+00  0.000000e+00  0.000000e+00
   0.000000e+00  0.000000e+00  0.000000e+00  0.000000e+00  1.000000e+00  0.000000e+00  0.000000e+00  0.000000e+00  0.000000e+00  0.000000e+00  0.000000e+00  0.000000e+00  0.000000e+00  0.000000e+00  0.000000e+00  0.000000e+00  0.000000e+00]
 [ 0.000000e+00  0.000000e+00  0.000000e+00  0.000000e+00  0.000000e+00  0.000000e+00  0.000000e+00  0.000000e+00  0.000000e+00  0.000000e+00  0.000000e+00  0.000000e+00  0.000000e+00  0.000000e+00  0.000000e+00  0.000000e+00  0.000000e+00
   0.000000e+00  0.000000e+00  0.000000e+00  0.000000e+00  0.000000e+00  0.000000e+00  0.000000e+00  0.000000e+00  0.000000e+00  0.000000e+00  0.000000e+00  0.000000e+00  0.000000e+00  0.000000e+00  0.000000e+00  0.000000e+00  0.000000e+00
   0.000000e+00  0.000000e+00  0.000000e+00  0.000000e+00  0.000000e+00  0.000000e+00  0.000000e+00  0.000000e+00  0.000000e+00  0.000000e+00  0.000000e+00  0.000000e+00  0.000000e+00  0.000000e+00  0.000000e+00  0.000000e+00  0.000000e+00
   0.000000e+00  0.000000e+00  0.000000e+00  0.000000e+00  0.000000e+00  0.000000e+00  0.000000e+00  0.000000e+00  0.000000e+00  0.000000e+00  0.000000e+00  0.000000e+00  0.000000e+00  0.000000e+00  0.000000e+00  0.000000e+00  0.000000e+00
   0.000000e+00  0.000000e+00  0.000000e+00  0.000000e+00  0.000000e+00  0.000000e+00  0.000000e+00  0.000000e+00  0.000000e+00  0.000000e+00  0.000000e+00  0.000000e+00  0.000000e+00  0.000000e+00  0.000000e+00  0.000000e+00  0.000000e+00
   0.000000e+00  0.000000e+00  0.000000e+00  0.000000e+00  0.000000e+00  1.000000e+00  0.000000e+00  0.000000e+00  0.000000e+00  0.000000e+00  0.000000e+00  0.000000e+00  0.000000e+00  0.000000e+00  0.000000e+00  0.000000e+00  0.000000e+00]
 [ 0.000000e+00  0.000000e+00  0.000000e+00  0.000000e+00  0.000000e+00  0.000000e+00  0.000000e+00  0.000000e+00  0.000000e+00  0.000000e+00  0.000000e+00  0.000000e+00  0.000000e+00  0.000000e+00  0.000000e+00  0.000000e+00  0.000000e+00
   0.000000e+00  0.000000e+00  0.000000e+00  0.000000e+00  0.000000e+00  0.000000e+00  0.000000e+00  0.000000e+00  0.000000e+00  0.000000e+00  0.000000e+00  0.000000e+00  0.000000e+00  0.000000e+00  0.000000e+00  0.000000e+00  0.000000e+00
   0.000000e+00  0.000000e+00  0.000000e+00  0.000000e+00  0.000000e+00  0.000000e+00  0.000000e+00  0.000000e+00  0.000000e+00  0.000000e+00  0.000000e+00  0.000000e+00  0.000000e+00  0.000000e+00  0.000000e+00  0.000000e+00  0.000000e+00
   0.000000e+00  0.000000e+00  0.000000e+00  0.000000e+00  0.000000e+00  0.000000e+00  0.000000e+00  0.000000e+00  0.000000e+00  0.000000e+00  0.000000e+00  0.000000e+00  0.000000e+00  0.000000e+00  0.000000e+00  0.000000e+00  0.000000e+00
   0.000000e+00  0.000000e+00  0.000000e+00  0.000000e+00  0.000000e+00  0.000000e+00  0.000000e+00  0.000000e+00  0.000000e+00  0.000000e+00  0.000000e+00  0.000000e+00  0.000000e+00  0.000000e+00  0.000000e+00  0.000000e+00  0.000000e+00
   0.000000e+00  0.000000e+00  0.000000e+00  0.000000e+00  0.000000e+00  0.000000e+00  1.000000e+00  0.000000e+00  0.000000e+00  0.000000e+00  0.000000e+00  0.000000e+00  0.000000e+00  0.000000e+00  0.000000e+00  0.000000e+00  0.000000e+00]
 [-4.131603e-03  2.831479e-02 -1.805472e-06  1.437137e-06  1.420110e-06  1.898238e-02  0.000000e+00  0.000000e+00  8.036734e-04 -2.844857e-04  1.217604e-03  0.000000e+00  0.000000e+00  0.000000e+00  7.515806e-04 -4.627355e-04  1.162290e-03
   0.000000e+00  0.000000e+00  0.000000e+00  7.019370e-04 -5.766889e-04  1.110861e-03  0.000000e+00  0.000000e+00  0.000000e+00  6.539572e-04 -6.162973e-04  1.089682e-03  0.000000e+00  0.000000e+00  0.000000e+00  6.060109e-04 -5.795280e-04
   1.109402e-03  0.000000e+00  0.000000e+00  0.000000e+00  5.564508e-04 -4.682477e-04  1.160108e-03  0.000000e+00  0.000000e+00  0.000000e+00  5.044489e-04 -2.920782e-04  1.215824e-03  0.000000e+00  0.000000e+00  0.000000e+00  4.504356e-04
  -7.512141e-05  1.247883e-03  0.000000e+00  0.000000e+00  0.000000e+00  3.958397e-04  1.449643e-04  1.241959e-03  0.000000e+00  0.000000e+00  0.000000e+00  3.422120e-04  3.288560e-04  1.207011e-03  0.000000e+00  0.000000e+00  0.000000e+00
   2.902991e-04  4.486694e-04  1.168445e-03  0.000000e+00  0.000000e+00  0.000000e+00  2.396755e-04  4.913276e-04  1.151445e-03  0.000000e+00  0.000000e+00  0.000000e+00  1.890947e-04  4.535370e-04  1.166595e-03  0.000000e+00  0.000000e+00
   0.000000e+00  1.372837e-04  3.381671e-04  1.204479e-03  0.000000e+00  0.000000e+00  0.000000e+00  8.388176e-05  1.575120e-04  1.240445e-03  0.000000e+00  0.000000e+00  0.000000e+00  2.917693e-05 -6.144531e-05  1.248432e-03  0.000000e+00]
 [ 4.213163e-01  1.171480e-01  2.080376e-05  7.629493e-06 -3.674969e-05  5.242884e-02  0.000000e+00  0.000000e+00  2.159191e-03  1.791197e-02  6.657060e-03  0.000000e+00  0.000000e+00  0.000000e+00  1.807979e-03  1.673022e-02  9.252952e-03
   0.000000e+00  0.000000e+00  0.000000e+00  1.363640e-03  1.573114e-02  1.088155e-02  0.000000e+00  0.000000e+00  0.000000e+00  8.713156e-04  1.533381e-02  1.144127e-02  0.000000e+00  0.000000e+00  0.000000e+00  3.781109e-04  1.570357e-02
   1.092178e-02  0.000000e+00  0.000000e+00  0.000000e+00 -6.885498e-05  1.668653e-02  9.332320e-03  0.000000e+00  0.000000e+00  0.000000e+00 -4.242890e-04  1.787038e-02  6.768741e-03  0.000000e+00  0.000000e+00  0.000000e+00 -6.513885e-04
   1.877409e-02  3.541255e-03  0.000000e+00  0.000000e+00  0.000000e+00 -7.323167e-04  1.910798e-02  1.932109e-04  0.000000e+00  0.000000e+00  0.000000e+00 -6.753971e-04  1.893216e-02 -2.661987e-03  0.000000e+00  0.000000e+00  0.000000e+00
  -5.133225e-04  1.857813e-02 -4.552681e-03  0.000000e+00  0.000000e+00  0.000000e+00 -2.944895e-04  1.840253e-02 -5.232133e-03  0.000000e+00  0.000000e+00  0.000000e+00 -7.395054e-05  1.855945e-02 -4.630038e-03  0.000000e+00  0.000000e+00
   0.000000e+00  9.306423e-05  1.891169e-02 -2.808023e-03  0.000000e+00  0.000000e+00  0.000000e+00  1.575120e-04  8.473311e-02  3.051939e-14  0.000000e+00  0.000000e+00  0.000000e+00  8.547689e-05  1.880401e-02  3.334225e-03  0.000000e+00]
 [-1.171480e-01  4.213163e-01 -3.053247e-05  2.120915e-05  2.655735e-05  2.850880e-01  0.000000e+00  0.000000e+00  1.207674e-02 -6.657059e-03  1.791197e-02  0.000000e+00  0.000000e+00  0.000000e+00  1.131884e-02 -9.252952e-03  1.673022e-02
   0.000000e+00  0.000000e+00  0.000000e+00  1.061050e-02 -1.088155e-02  1.573114e-02  0.000000e+00  0.000000e+00  0.000000e+00  9.933885e-03 -1.144127e-02  1.533381e-02  0.000000e+00  0.000000e+00  0.000000e+00  9.257895e-03 -1.092178e-02
   1.570357e-02  0.000000e+00  0.000000e+00  0.000000e+00  8.551174e-03 -9.332320e-03  1.668653e-02  0.000000e+00  0.000000e+00  0.000000e+00  7.795214e-03 -6.768741e-03  1.787038e-02  0.000000e+00  0.000000e+00  0.000000e+00  6.991972e-03
  -3.541255e-03  1.877409e-02  0.000000e+00  0.000000e+00  0.000000e+00  6.161193e-03 -1.932109e-04  1.910798e-02  0.000000e+00  0.000000e+00  0.000000e+00  5.327824e-03  2.661987e-03  1.893216e-02  0.000000e+00  0.000000e+00  0.000000e+00
   4.507520e-03  4.552681e-03  1.857813e-02  0.000000e+00  0.000000e+00  0.000000e+00  3.699870e-03  5.232133e-03  1.840253e-02  0.000000e+00  0.000000e+00  0.000000e+00  2.892664e-03  4.630038e-03  1.855945e-02  0.000000e+00  0.000000e+00
   0.000000e+00  2.073301e-03  2.808023e-03  1.891169e-02  0.000000e+00  0.000000e+00  0.000000e+00  1.240445e-03  3.051939e-14  4.535811e-02  0.000000e+00  0.000000e+00  0.000000e+00  4.090142e-04 -3.334225e-03  1.880401e-02  0.000000e+00]
 [ 0.000000e+00  0.000000e+00  0.000000e+00  0.000000e+00  0.000000e+00  0.000000e+00  0.000000e+00  0.000000e+00  0.000000e+00  0.000000e+00  0.000000e+00  0.000000e+00  0.000000e+00  0.000000e+00  0.000000e+00  0.000000e+00  0.000000e+00
   0.000000e+00  0.000000e+00  0.000000e+00  0.000000e+00  0.000000e+00  0.000000e+00  0.000000e+00  0.000000e+00  0.000000e+00  0.000000e+00  0.000000e+00  0.000000e+00  0.000000e+00  0.000000e+00  0.000000e+00  0.000000e+00  0.000000e+00
   0.000000e+00  0.000000e+00  0.000000e+00  0.000000e+00  0.000000e+00  0.000000e+00  0.000000e+00  0.000000e+00  0.000000e+00  0.000000e+00  0.000000e+00  0.000000e+00  0.000000e+00  0.000000e+00  0.000000e+00  0.000000e+00  0.000000e+00
   0.000000e+00  0.000000e+00  0.000000e+00  0.000000e+00  0.000000e+00  0.000000e+00  0.000000e+00  0.000000e+00  0.000000e+00  0.000000e+00  0.000000e+00  0.000000e+00  0.000000e+00  0.000000e+00  0.000000e+00  0.000000e+00  0.000000e+00
   0.000000e+00  0.000000e+00  0.000000e+00  0.000000e+00  0.000000e+00  0.000000e+00  0.000000e+00  0.000000e+00  0.000000e+00  0.000000e+00  0.000000e+00  0.000000e+00  0.000000e+00  0.000000e+00  0.000000e+00  0.000000e+00  0.000000e+00
   0.000000e+00  0.000000e+00  0.000000e+00  0.000000e+00  0.000000e+00  0.000000e+00  0.000000e+00  0.000000e+00  0.000000e+00  0.000000e+00  1.000000e+00  0.000000e+00  0.000000e+00  0.000000e+00  0.000000e+00  0.000000e+00  0.000000e+00]
 [ 0.000000e+00  0.000000e+00  0.000000e+00  0.000000e+00  0.000000e+00  0.000000e+00  0.000000e+00  0.000000e+00  0.000000e+00  0.000000e+00  0.000000e+00  0.000000e+00  0.000000e+00  0.000000e+00  0.000000e+00  0.000000e+00  0.000000e+00
   0.000000e+00  0.000000e+00  0.000000e+00  0.000000e+00  0.000000e+00  0.000000e+00  0.000000e+00  0.000000e+00  0.000000e+00  0.000000e+00  0.000000e+00  0.000000e+00  0.000000e+00  0.000000e+00  0.000000e+00  0.000000e+00  0.000000e+00
   0.000000e+00  0.000000e+00  0.000000e+00  0.000000e+00  0.000000e+00  0.000000e+00  0.000000e+00  0.000000e+00  0.000000e+00  0.000000e+00  0.000000e+00  0.000000e+00  0.000000e+00  0.000000e+00  0.000000e+00  0.000000e+00  0.000000e+00
   0.000000e+00  0.000000e+00  0.000000e+00  0.000000e+00  0.000000e+00  0.000000e+00  0.000000e+00  0.000000e+00  0.000000e+00  0.000000e+00  0.000000e+00  0.000000e+00  0.000000e+00  0.000000e+00  0.000000e+00  0.000000e+00  0.000000e+00
   0.000000e+00  0.000000e+00  0.000000e+00  0.000000e+00  0.000000e+00  0.000000e+00  0.000000e+00  0.000000e+00  0.000000e+00  0.000000e+00  0.000000e+00  0.000000e+00  0.000000e+00  0.000000e+00  0.000000e+00  0.000000e+00  0.000000e+00
   0.000000e+00  0.000000e+00  0.000000e+00  0.000000e+00  0.000000e+00  0.000000e+00  0.000000e+00  0.000000e+00  0.000000e+00  0.000000e+00  0.000000e+00  1.000000e+00  0.000000e+00  0.000000e+00  0.000000e+00  0.000000e+00  0.000000e+00]
 [ 0.000000e+00  0.000000e+00  0.000000e+00  0.000000e+00  0.000000e+00  0.000000e+00  0.000000e+00  0.000000e+00  0.000000e+00  0.000000e+00  0.000000e+00  0.000000e+00  0.000000e+00  0.000000e+00  0.000000e+00  0.000000e+00  0.000000e+00
   0.000000e+00  0.000000e+00  0.000000e+00  0.000000e+00  0.000000e+00  0.000000e+00  0.000000e+00  0.000000e+00  0.000000e+00  0.000000e+00  0.000000e+00  0.000000e+00  0.000000e+00  0.000000e+00  0.000000e+00  0.000000e+00  0.000000e+00
   0.000000e+00  0.000000e+00  0.000000e+00  0.000000e+00  0.000000e+00  0.000000e+00  0.000000e+00  0.000000e+00  0.000000e+00  0.000000e+00  0.000000e+00  0.000000e+00  0.000000e+00  0.000000e+00  0.000000e+00  0.000000e+00  0.000000e+00
   0.000000e+00  0.000000e+00  0.000000e+00  0.000000e+00  0.000000e+00  0.000000e+00  0.000000e+00  0.000000e+00  0.000000e+00  0.000000e+00  0.000000e+00  0.000000e+00  0.000000e+00  0.000000e+00  0.000000e+00  0.000000e+00  0.000000e+00
   0.000000e+00  0.000000e+00  0.000000e+00  0.000000e+00  0.000000e+00  0.000000e+00  0.000000e+00  0.000000e+00  0.000000e+00  0.000000e+00  0.000000e+00  0.000000e+00  0.000000e+00  0.000000e+00  0.000000e+00  0.000000e+00  0.000000e+00
   0.000000e+00  0.000000e+00  0.000000e+00  0.000000e+00  0.000000e+00  0.000000e+00  0.000000e+00  0.000000e+00  0.000000e+00  0.000000e+00  0.000000e+00  0.000000e+00  1.000000e+00  0.000000e+00  0.000000e+00  0.000000e+00  0.000000e+00]
 [-6.228013e-04  9.541787e-03 -5.906272e-07  4.832608e-07  4.265168e-07  6.380426e-03  0.000000e+00  0.000000e+00  2.700688e-04 -6.236337e-05  4.131621e-04  0.000000e+00  0.000000e+00  0.000000e+00  2.522759e-04 -1.232115e-04  3.994799e-04
   0.000000e+00  0.000000e+00  0.000000e+00  2.351271e-04 -1.625387e-04  3.853809e-04  0.000000e+00  0.000000e+00  0.000000e+00  2.184427e-04 -1.762960e-04  3.793801e-04  0.000000e+00  0.000000e+00  0.000000e+00  2.017678e-04 -1.635232e-04
   3.849706e-04  0.000000e+00  0.000000e+00  0.000000e+00  1.846419e-04 -1.251057e-04  3.988998e-04  0.000000e+00  0.000000e+00  0.000000e+00  1.668716e-04 -6.493983e-05  4.127714e-04  0.000000e+00  0.000000e+00  0.000000e+00  1.486634e-04
   8.183027e-06  4.176773e-04  0.000000e+00  0.000000e+00  0.000000e+00  1.305195e-04  8.133739e-05  4.098474e-04  0.000000e+00  0.000000e+00  0.000000e+00  1.129369e-04  1.416630e-04  3.933125e-04  0.000000e+00  0.000000e+00  0.000000e+00
   9.610425e-05  1.805473e-04  3.772775e-04  0.000000e+00  0.000000e+00  0.000000e+00  7.979636e-05  1.943047e-04  3.704797e-04  0.000000e+00  0.000000e+00  0.000000e+00  6.350560e-05  1.821196e-04  3.765318e-04  0.000000e+00  0.000000e+00
   0.000000e+00  4.671521e-05  1.446972e-04  3.922211e-04  0.000000e+00  0.000000e+00  0.000000e+00  2.917693e-05  8.547689e-05  4.090142e-04  0.000000e+00  0.000000e+00  0.000000e+00  1.118620e-05  1.274925e-05  4.175501e-04  0.000000e+00]
 [ 4.350233e-01  4.176172e-02  2.787535e-05  3.929726e-06 -4.216800e-05  1.846895e-03  0.000000e+00  0.000000e+00  1.745392e-05  1.878726e-02  3.425265e-03  0.000000e+00  0.000000e+00  0.000000e+00 -1.959024e-04  1.807734e-02  6.185868e-03
   0.000000e+00  0.000000e+00  0.000000e+00 -5.095436e-04  1.737840e-02  7.962762e-03  0.000000e+00  0.000000e+00  0.000000e+00 -8.759392e-04  1.708508e-02  8.582862e-03  0.000000e+00  0.000000e+00  0.000000e+00 -1.243310e-03  1.735828e-02
   8.007165e-03  0.000000e+00  0.000000e+00  0.000000e+00 -1.559819e-03  1.804820e-02  6.271592e-03  0.000000e+00  0.000000e+00  0.000000e+00 -1.777667e-03  1.876582e-02  3.542419e-03  0.000000e+00  0.000000e+00  0.000000e+00 -1.860982e-03
   1.909193e-02  2.088321e-04  0.000000e+00  0.000000e+00  0.000000e+00 -1.795657e-03  1.883629e-02 -3.143960e-03  0.000000e+00  0.000000e+00  0.000000e+00 -1.594236e-03  1.816509e-02 -5.922846e-03  0.000000e+00  0.000000e+00  0.000000e+00
  -1.291620e-03  1.748682e-02 -7.721548e-03  0.000000e+00  0.000000e+00  0.000000e+00 -9.353604e-04  1.719547e-02 -8.359501e-03  0.000000e+00  0.000000e+00  0.000000e+00 -5.774997e-04  1.745494e-02 -7.794410e-03  0.000000e+00  0.000000e+00
   0.000000e+00 -2.701866e-04  1.811947e-02 -6.062977e-03  0.000000e+00  0.000000e+00  0.000000e+00 -6.144531e-05  1.880401e-02 -3.334225e-03  0.000000e+00  0.000000e+00  0.000000e+00  1.274925e-05  8.471676e-02  3.050197e-14  0.000000e+00]
 [-4.176171e-02  4.350233e-01 -2.814630e-05  2.209924e-05  2.086447e-05  2.896874e-01  0.000000e+00  0.000000e+00  1.226081e-02 -3.425265e-03  1.878726e-02  0.000000e+00  0.000000e+00  0.000000e+00  1.145375e-02 -6.185868e-03  1.807734e-02
   0.000000e+00  0.000000e+00  0.000000e+00  1.067920e-02 -7.962762e-03  1.737840e-02  0.000000e+00  0.000000e+00  0.000000e+00  9.927490e-03 -8.582862e-03  1.708508e-02  0.000000e+00  0.000000e+00  0.000000e+00  9.176247e-03 -8.007165e-03
   1.735828e-02  0.000000e+00  0.000000e+00  0.000000e+00  8.402831e-03 -6.271592e-03  1.804820e-02  0.000000e+00  0.000000e+00  0.000000e+00  7.596935e-03 -3.542419e-03  1.876582e-02  0.000000e+00  0.000000e+00  0.000000e+00  6.766905e-03
  -2.088321e-04  1.909193e-02  0.000000e+00  0.000000e+00  0.000000e+00  5.935283e-03  3.143960e-03  1.883629e-02  0.000000e+00  0.000000e+00  0.000000e+00  5.125166e-03  5.922846e-03  1.816509e-02  0.000000e+00  0.000000e+00  0.000000e+00
   4.346252e-03  7.721548e-03  1.748682e-02  0.000000e+00  0.000000e+00  0.000000e+00  3.589694e-03  8.359501e-03  1.719547e-02  0.000000e+00  0.000000e+00  0.000000e+00  2.833870e-03  7.794410e-03  1.745494e-02  0.000000e+00  0.000000e+00
   0.000000e+00  2.056745e-03  6.062977e-03  1.811947e-02  0.000000e+00  0.000000e+00  0.000000e+00  1.248432e-03  3.334225e-03  1.880401e-02  0.000000e+00  0.000000e+00  0.000000e+00  4.175501e-04  3.050197e-14  4.534176e-02  0.000000e+00]
 [ 0.000000e+00  0.000000e+00  0.000000e+00  0.000000e+00  0.000000e+00  0.000000e+00  0.000000e+00  0.000000e+00  0.000000e+00  0.000000e+00  0.000000e+00  0.000000e+00  0.000000e+00  0.000000e+00  0.000000e+00  0.000000e+00  0.000000e+00
   0.000000e+00  0.000000e+00  0.000000e+00  0.000000e+00  0.000000e+00  0.000000e+00  0.000000e+00  0.000000e+00  0.000000e+00  0.000000e+00  0.000000e+00  0.000000e+00  0.000000e+00  0.000000e+00  0.000000e+00  0.000000e+00  0.000000e+00
   0.000000e+00  0.000000e+00  0.000000e+00  0.000000e+00  0.000000e+00  0.000000e+00  0.000000e+00  0.000000e+00  0.000000e+00  0.000000e+00  0.000000e+00  0.000000e+00  0.000000e+00  0.000000e+00  0.000000e+00  0.000000e+00  0.000000e+00
   0.000000e+00  0.000000e+00  0.000000e+00  0.000000e+00  0.000000e+00  0.000000e+00  0.000000e+00  0.000000e+00  0.000000e+00  0.000000e+00  0.000000e+00  0.000000e+00  0.000000e+00  0.000000e+00  0.000000e+00  0.000000e+00  0.000000e+00
   0.000000e+00  0.000000e+00  0.000000e+00  0.000000e+00  0.000000e+00  0.000000e+00  0.000000e+00  0.000000e+00  0.000000e+00  0.000000e+00  0.000000e+00  0.000000e+00  0.000000e+00  0.000000e+00  0.000000e+00  0.000000e+00  0.000000e+00
   0.000000e+00  0.000000e+00  0.000000e+00  0.000000e+00  0.000000e+00  0.000000e+00  0.000000e+00  0.000000e+00  0.000000e+00  0.000000e+00  0.000000e+00  0.000000e+00  0.000000e+00  0.000000e+00  0.000000e+00  0.000000e+00  1.000000e+00]]

=== b ===
[-7.893615e-11  1.042070e-09  9.657544e-08  3.713495e-03 -4.167724e-02  1.240274e-03  0.000000e+00  0.000000e+00  1.599801e-11 -3.446516e-11  3.404859e-11  0.000000e+00  0.000000e+00  0.000000e+00  1.381164e-11 -3.796737e-11  2.709508e-11
  0.000000e+00  0.000000e+00  0.000000e+00  1.193065e-11 -3.901146e-11  2.012449e-11  0.000000e+00  0.000000e+00  0.000000e+00  1.034948e-11 -3.814276e-11  1.493969e-11  0.000000e+00  0.000000e+00  0.000000e+00  8.993690e-12 -3.616633e-11
  1.213655e-11  0.000000e+00  0.000000e+00  0.000000e+00  7.755334e-12 -3.365664e-11  1.224507e-11  0.000000e+00  0.000000e+00  0.000000e+00  6.539476e-12 -3.061404e-11  1.427883e-11  0.000000e+00  0.000000e+00  0.000000e+00  5.295423e-12
 -2.695308e-11  1.724121e-11  0.000000e+00  0.000000e+00  0.000000e+00  4.031611e-12 -2.301925e-11  1.942693e-11  0.000000e+00  0.000000e+00  0.000000e+00  2.806640e-12 -1.954116e-11  1.989379e-11  0.000000e+00  0.000000e+00  0.000000e+00
  1.704337e-12 -1.745163e-11  1.780664e-11  0.000000e+00  0.000000e+00  0.000000e+00  8.101798e-13 -1.684362e-11  1.365859e-11  0.000000e+00  0.000000e+00  0.000000e+00  1.970453e-13 -1.727509e-11  7.360116e-12  0.000000e+00  0.000000e+00
  0.000000e+00 -8.627638e-14 -1.739258e-11  4.616055e-13  0.000000e+00  0.000000e+00  0.000000e+00 -3.391533e-14 -1.628925e-11 -6.194307e-12  0.000000e+00  0.000000e+00  0.000000e+00  3.026446e-13 -1.375230e-11 -1.078053e-11  0.000000e+00]

=== dv ===
[ 2.797278e-13  1.002082e-13 -2.769657e-09  3.711857e-07 -4.165890e-06  1.240274e-07  0.000000e+00  0.000000e+00 -6.416714e-06  1.343373e-09  1.733548e-09  0.000000e+00  0.000000e+00  0.000000e+00 -2.036535e-07  1.157888e-09  2.340244e-09
  0.000000e+00  0.000000e+00  0.000000e+00  2.141611e-06  1.000006e-09  2.641931e-09  0.000000e+00  0.000000e+00  0.000000e+00  2.152819e-06  9.075621e-10  2.704105e-09  0.000000e+00  0.000000e+00  0.000000e+00  1.123410e-06  8.889721e-10
  2.581436e-09  0.000000e+00  0.000000e+00  0.000000e+00 -9.439272e-08  9.258214e-10  2.359462e-09  0.000000e+00  0.000000e+00  0.000000e+00 -1.011256e-06  9.892812e-10  2.042205e-09  0.000000e+00  0.000000e+00  0.000000e+00 -1.412497e-06
  1.047614e-09  1.674298e-09  0.000000e+00  0.000000e+00  0.000000e+00 -1.259092e-06  1.073558e-09  1.277471e-09  0.000000e+00  0.000000e+00  0.000000e+00 -6.152358e-07  1.056468e-09  9.178632e-10  0.000000e+00  0.000000e+00  0.000000e+00
  3.864541e-07  9.949096e-10  6.172932e-10  0.000000e+00  0.000000e+00  0.000000e+00  1.537118e-06  9.060907e-10  4.327836e-10  0.000000e+00  0.000000e+00  0.000000e+00  2.481191e-06  8.012549e-10  3.372010e-10  0.000000e+00  0.000000e+00
  0.000000e+00  2.587190e-06  6.974436e-10  3.890361e-10  0.000000e+00  0.000000e+00  0.000000e+00  8.148370e-07  5.913391e-10  5.643657e-10  0.000000e+00  0.000000e+00  0.000000e+00 -4.200106e-06  4.733707e-10  8.856347e-10  0.000000e+00]

=== residual ===
[-1.099728e-18 -5.221032e-18  6.608382e-17  5.551115e-17 -2.220446e-15  8.326673e-17  1.041110e-02 -5.804185e-02 -2.111213e-20  3.141025e-18  1.629554e-19  8.328443e-02  1.866840e-02 -5.186015e-02  2.037180e-20  5.869058e-18 -8.217723e-19
  8.328431e-02  2.360080e-02 -4.574092e-02  4.750291e-20 -3.571336e-18  8.581681e-19  8.328421e-02  2.520658e-02 -4.084805e-02  3.692741e-21  1.564223e-18 -2.459750e-18  8.328413e-02  2.394089e-02 -3.763369e-02  2.105878e-20 -2.245806e-18
  5.716388e-19  8.328404e-02  2.038048e-02 -3.575515e-02 -2.442406e-20  3.071154e-18  5.945657e-19  8.328394e-02  1.520753e-02 -3.434019e-02  7.109390e-20  1.117964e-18 -3.475598e-19  8.328380e-02  9.333865e-03 -3.245726e-02 -1.430040e-19
 -3.140956e-18  1.573546e-20  8.328364e-02  3.841392e-03 -2.959164e-02  8.844277e-20 -1.861809e-18  6.720129e-19  8.328344e-02 -3.439889e-04 -2.583447e-02  4.648073e-20 -2.022769e-18  6.697853e-19  8.328321e-02 -2.776543e-03 -2.166000e-02
 -8.345787e-20 -1.228867e-18  3.570566e-19  8.328297e-02 -3.543012e-03 -1.752219e-02  1.831274e-21  2.513818e-19  9.673409e-19  8.328273e-02 -3.083386e-03 -1.360113e-02  3.110707e-20  2.884527e-18 -2.244366e-19  8.328247e-02 -1.985498e-03
 -9.812892e-03  1.296152e-20  9.867965e-19 -3.420449e-19  8.328222e-02 -8.462528e-04 -5.984922e-03 -1.638046e-19 -2.087226e-18 -3.017098e-19  8.328198e-02 -1.509755e-04 -2.035525e-03 -1.488763e-19  1.326670e-18  2.206215e-20  8.328176e-02]
