[
[ 10010 3.5759554274780966e-16 4.2603110268931142e-19 -8.6351569254887927e-21 -0.00054626371681873052 -0.59136315186325294 1.8514716470958131e-06 -2.279379251491098e-05 -0.026411936686434628 0.43541389286640642 0.036938299627832342 -8.8259750464578996e-07 4.663169741014679e-06 -2.0374701201718473e-05 -0.029506901438354244 0.42528017449404998 0.10136986112037989 -2.4585174411018073e-06 5.9172618019588937e-06 -1.8008088658801835e-05 -0.034957188860333444 0.41324548357563523 0.14337112570367458 -3.7468541168405642e-06 5.711963660525542e-06 -1.6021656051519941e-05 -0.041659034741305799 0.407920329760731 0.15813673423528121 -4.8695817461771921e-06 4.3542230448995108e-06 -1.4424487294598672e-05 -0.048384105768424661 0.41288439516824915 0.1444264928990131 -5.9891474592945526e-06 2.2535278215479216e-06 -1.29642745958866e-05 -0.053902193324555731 0.42480376602094755 0.10338614272059231 -7.2687482864861135e-06 -9.8985293623813508e-08 -1.1330963180211675e-05 -0.05710203177700663 0.43518164854688224 0.03965364290332158 -8.8325037278661964e-06 -2.1771895425626548e-06 -9.3846021571694506e-06 -0.057184786398689069 0.43532050431149338 -0.036989765064382875 -1.073342660277288e-05 -3.5636151017750145e-06 -7.2617972369640711e-06 -0.053878432902382457 0.42216653369585139 -0.11279855798534978 -1.2944310756597309e-05 -4.0989181465839185e-06 -5.2753470472483867e-06 -0.047519183698879912 0.40080196401275336 -0.17462658698015363 -1.5381704525348794e-05 -3.8918316771145284e-06 -3.6964392602885333e-06 -0.038923210566128089 0.38141961373890443 -0.21411316256970001 -1.7949564472178344e-05 -3.1907591896479142e-06 -2.6047894775823825e-06 -0.029154272858829558 0.37338852425870839 -0.22800698518923326 -2.057207505628184e-05 -2.252119275167384e-06 -1.8904253202004655e-06 -0.01935046512372229 0.38053434621357929 -0.2157030857526879 -2.3196050704094673e-05 -1.295594549181473e-06 -1.3553125534008349e-06 -0.010651421546531179 0.39945641933423326 -0.17771865315812868 -2.5769116417265568e-05 -5.1641774864199978e-07 -8.3438955801623766e-07 -0.0041293886448251571 0.42101509594956266 -0.11706168573597064 -2.8217076869669414e-05 -7.8435961458204543e-08 -2.7768451895224546e-07 -0.00062261752586746839 0.43488992702028306 -0.04174616513974775 -3.0444410799343617e-05 ]
[ 3.5759554274780966e-16 10010 6.1505014446380276e-20 0.00054626371681872998 -2.1675723319958717e-20 6.6023841671330858 2.3473852402862508e-05 1.3411391326937289e-06 0.27930843059197219 -0.036938299625078844 0.43541389286636129 1.0102927473258821e-06 2.2415468533368442e-05 3.3797696463662105e-06 0.26045908239678978 -0.10136986110104031 0.42528017449363203 3.2049198594442609e-06 2.1302181053110323e-05 4.1222819927197758e-06 0.24213105479265029 -0.14337112565138993 0.41324548357282259 5.5829262515949322e-06 2.0381587442257721e-05 3.4879755374529949e-06 0.22420801966823595 -0.15813673413418794 0.40792032974914449 8.0455863665953223e-06 1.9598240368842883e-05 1.6225274572694836e-06 0.20629338715598999 -0.14442649273454972 0.41288439513466108 1.0509728749980614e-05 1.8631301376645755e-05 -1.1418520620935334e-06 0.18798494208691666 -0.10338614248157046 0.42480376594464309 1.2892556624757223e-05 1.7108292925444673e-05 -4.2707620944050704e-06 0.16915239890952308 -0.039653642584335277 0.43518164840259704 1.5095989332176065e-05 1.4883421542648955e-05 -7.0874082481335961e-06 0.1500643371958435 0.036989765463138674 0.43532050407626516 1.7013319552368122e-05 1.2188532186121702e-05 -8.9889439390211393e-06 0.13126501819302569 0.1127985584634858 0.42216653335725485 1.8562953213839329e-05 9.5116640570987711e-06 -9.6883695721539732e-06 0.11325311314391695 0.17462658754640659 0.4008019635747152 1.9728657019912283e-05 7.2945829794639892e-06 -9.266429022886018e-06 0.096173205511109722 0.21411316324963853 0.38141961322418816 2.0577572557894006e-05 5.699735726707442e-06 -8.0140014997278422e-06 0.079719809377186951 0.2280069860256804 0.37338852371086023 2.1246586846561864e-05 4.5812502994125337e-06 -6.249647593703668e-06 0.063286635263465396 0.21570308679635328 0.38053434569994637 2.1910093339950066e-05 3.6085224164414616e-06 -4.2558517374370918e-06 0.046257742605949149 0.17771865444989399 0.39945641894574646 2.2743604392433141e-05 2.4440873956839704e-06 -2.3064087874469071e-06 0.028302943067081671 0.1170616872879537 0.42101509578881913 2.3887325198106406e-05 9.0081948798386867e-07 -6.663418216549108e-07 0.0095395094210107279 0.041746166928644329 0.4348899271745848 2.541333471383502e-05 ]
[ 4.2603110268931142e-19 6.1505014446380276e-20 10010 0.59136315186325361 -6.602384167133085 -3.7026158568186759e-20 0.049598436626408608 -0.27574662983287723 -6.9130285100053291e-07 9.9066128771686237e-07 -9.0398456032297276e-07 0.43749999999724609 0.088825428637072629 -0.24634734082666387 -2.0668417847595313e-06 3.1530743966772996e-06 -2.5251206043425007e-06 0.43749999998065592 0.11225453499651523 -0.2172518971315367 -3.382234910242878e-06 5.3799223489687263e-06 -4.0343161173783632e-06 0.43749999994763589 0.11988153022709644 -0.19399128135160976 -4.5798744114179206e-06 7.4486773044609928e-06 -5.7412715744016249e-06 0.43749999989822314 0.11387131725029118 -0.1787140160572826 -5.6110068999758962e-06 9.110777579814474e-06 -7.9521257963796127e-06 0.43749999983207466 0.096964187135857888 -0.16979196259413615 -6.4282457267139393e-06 1.0084132596820167e-05 -1.0821060790309708e-05 0.4374999997489562 0.072398863322679113 -0.16308051465171877 -6.9824623929482877e-06 1.0127151541658447e-05 -1.4242245212943328e-05 0.43749999964970077 0.044503918555191056 -0.15415162316902695 -7.2316162908292596e-06 9.2123427260612194e-06 -1.786522473949122e-05 0.43749999953683505 0.018416820760084534 -0.14055565471801201 -7.1566531492841099e-06 7.6776210625089969e-06 -2.1276750712196174e-05 0.43749999941400186 -0.0014640904700461239 -0.12272039122590624 -6.7707580457433999e-06 6.1961133349531689e-06 -2.4234077267607245e-05 0.43749999928408356 -0.013019869375972215 -0.10289442326537829 -6.113401660301345e-06 5.5666696625294048e-06 -2.6735763720214406e-05 0.43749999914716087 -0.016661251420622757 -0.083231633445509809 -5.2353933970281905e-06 6.484242236015067e-06 -2.885476361664198e-05 0.43749999899972719 -0.014478841396956835 -0.064586746499620429 -4.1883836063957817e-06 9.3840197664112542e-06 -3.0483001988795917e-05 0.4374999988357498 -0.0092676781234581861 -0.046562104132763522 -3.0251296087080563e-06 1.430978291418524e-05 -3.121343466809423e-05 0.43749999864922334 -0.0038666875191079287 -0.028341413477611786 -1.8046879818760207e-06 2.0789094240532069e-05 -3.0510535255941587e-05 0.43749999843723753 -0.00058306279513924944 -0.0095420087580035083 -5.9048423352013824e-07 2.78670232403014e-05 -2.813754604426923e-05 0.43749999820193131 ]
[ -8.6351569254887866e-21 0.00054626371681872998 0.59136315186325361 10000.035971067578 -0.39044067108878638 0.00036066429150032563 0.0029766114526663104 -0.016302945710139672 1.5216636780361267e-05 -1.9592212264626349e-06 2.3731622831286261e-05 0.025872137949043118 0.0052953377863674987 -0.014557936821702122 1.4105463383958711e-05 -5.3510065085174308e-06 2.3082186552879078e-05 0.025872138067946554 0.0066796452746667396 -0.012833139325842015 1.3026353399729275e-05 -7.5136956145747772e-06 2.2335526792025802e-05 0.02587213819589573 0.0071301451028768104 -0.01145611569344894 1.1976346761571739e-05 -8.1979486865738526e-06 2.1943689904074868e-05 0.025872138327499832 0.0067752196176928559 -0.010554045643854787 1.0936646055000091e-05 -7.3507174582744321e-06 2.2084117012775311e-05 0.02587213845819521 0.0057765861266144171 -0.010030532464174778 9.888065676816532e-06 -5.0512714023270975e-06 2.2565570748805326e-05 0.025872138583445135 0.0043249211000002995 -0.0096400155841980997 8.8263814664932182e-06 -1.567252192844854e-06 2.29301605728969e-05 0.025872138697941065 0.0026753306181647985 -0.0091196583378730673 7.7687457769127482e-06 2.5654006796675289e-06 2.2723496095341293e-05 0.025872138796003395 0.0011313202363832937 -0.0083232238454566069 6.7460191452491138e-06 6.6158021988395587e-06 2.1803197326563944e-05 0.025872138873390359 -4.6500199508971401e-05 -0.007274694923262842 5.7846708004328616e-06 9.905632187953126e-06 2.0461243001509942e-05 0.025872138929385637 -0.0007318047392517867 -0.0061062088675849467 4.8902742661956358e-06 1.2025417569357802e-05 1.9254515008635038e-05 0.025872138967661711 -0.00094794585162680549 -0.0049448132452011156 4.0431448558895863e-06 1.2838648557315915e-05 1.8690495882114656e-05 0.02587213899548885 -0.00081817164350481532 -0.0038409928478316917 3.207114082257724e-06 1.2338013342886113e-05 1.8984558192488813e-05 0.025872139022036784 -0.00050811049550032565 -0.0027712833635311581 2.3454207110952199e-06 1.0554353105443416e-05 1.9975007301460141e-05 0.025872139056537981 -0.00018656000875041419 -0.0016877130548023612 1.4365427826771339e-06 7.6240456689452729e-06 2.1194246476840556e-05 0.025872139106479237 9.0088566837539643e-06 -0.00056845389033778333 4.8314528446892435e-07 3.9283947005807556e-06 2.2092508011097915e-05 0.025872139175924458 ]
[ -0.00054626371681873052 -2.1675723319958717e-20 -6.602384167133085 -0.39044067108878638 10004.360147698881 3.2304023332646024e-05 -0.032750487200777077 0.18210206092931844 1.8993139993599979e-06 -2.4439153787272909e-05 -1.420959949925444e-06 -0.28885430726204114 -0.058656097608063951 0.16269050739937571 2.9767838047044198e-06 -2.5313293728285282e-05 -3.8702860810804747e-06 -0.28885430716500088 -0.074129093890791586 0.14347937412216219 4.1432241063544041e-06 -2.6126132795381666e-05 -5.1682339152785944e-06 -0.28885430707282261 -0.079166205695744063 0.12812128936395265 5.3002955044636553e-06 -2.7201110460207586e-05 -4.8478279666899943e-06 -0.28885430697886788 -0.075196661097519962 0.11803514823360793 6.348701429883556e-06 -2.8569661796429937e-05 -2.6391963365041518e-06 -0.28885430687403629 -0.06402982012982196 0.1121456576385835 7.1899452835275351e-06 -2.9863420154171317e-05 1.496870184342299e-06 -0.28885430674925838 -0.047804476250860102 0.10771553957425198 7.7308763256545036e-06 -3.0458728982332546e-05 7.2371427940592903e-06 -0.28885430659830386 -0.0293794976289391 0.10182035617795931 7.9000896184538244e-06 -2.9862322244935068e-05 1.3815924351061255e-05 -0.28885430641994503 -0.012148212529017292 0.092842459981144085 7.670136940933439e-06 -2.8130486355753241e-05 2.0209504156711186e-05 -0.28885430621807329 0.00098411165653196331 0.081064797285960666 7.0680880285267252e-06 -2.5985269115031061e-05 2.5539485651587793e-05 -0.28885430599915024 0.0086176294715275947 0.067972993268607854 6.1645941576227819e-06 -2.4510898751212261e-05 2.9348203508769211e-05 -0.28885430576847576 0.011023199131316497 0.054990060881187137 5.0513246513110254e-06 -2.4678006135394418e-05 3.1506217763898859e-05 -0.28885430552787617 0.0095810577514746278 0.042680704787410283 3.824568470274298e-06 -2.6982900986963294e-05 3.1909125905004517e-05 -0.2888543052762737 0.0061366490670592177 0.030782035627386371 2.5814296559863246e-06 -3.1268723248034778e-05 3.0316433887664647e-05 -0.28885430501256454 0.0025646418424797534 0.018754191517034186 1.4194865872662958e-06 -3.67242857812929e-05 2.6538882645178204e-05 -0.28885430473888013 0.00038913507768471064 0.0063434897625351157 4.2641304528857565e-07 -4.2155338096802188e-05 2.0857930383682846e-05 -0.28885430446185079 ]
[ -0.59136315186325294 6.6023841671330858 -3.7026158568186807e-20 0.00036066429150032557 3.2304023332646024e-05 10004.39511870678 1.5388948999875413e-05 2.2333220775594151e-06 0.18601581060129285 -0.050136857665596557 0.28529258431182625 7.192276481287748e-07 1.4524106086225864e-05 3.4360860002041185e-06 0.17375377160388616 -0.092077779037174456 0.27479166900962654 2.2613988759805922e-06 1.3715131224320057e-05 3.7862175113375477e-06 0.16197521359189021 -0.11909694016853273 0.26436210370981533 3.9076375349908681e-06 1.3119667407348865e-05 3.2497830212948584e-06 0.15053805972899229 -0.12853085216061005 0.25997304890047229 5.5999743251785864e-06 1.2682929562874921e-05 1.92347077393637e-06 0.13910782704300975 -0.11977238062270018 0.26406128872400925 7.2931027818237619e-06 1.2168844003948554e-05 1.1682724987928857e-08 0.12734620762305898 -0.093380832421881388 0.27435789031931884 8.9420081629960937e-06 1.1302418574439809e-05 -2.1510740179008679e-06 0.11510146578819114 -0.051915897328570042 0.28497867219900175 1.0489273819732414e-05 9.9562788758772614e-06 -4.1261949317578793e-06 0.10250368794760507 -0.0013211863660552506 0.28960275877966835 1.1867582462903974e-05 8.2588440205917639e-06 -5.507537859070936e-06 0.089896129771408942 0.049508568449719181 0.28540105465072491 1.3021453680200385e-05 6.5229805441406115e-06 -6.087092608875766e-06 0.077627915534535241 0.091593230406531098 0.27495162673372592 1.3935234601620743e-05 5.046869168621379e-06 -5.90213220586501e-06 0.065842770184915744 0.11880998540510927 0.26448974500580336 1.4647575027511176e-05 3.9525226572318873e-06 -5.1399994865397217e-06 0.054401906992588553 0.12845814999564895 0.26000894065461244 1.5244369574700841e-05 3.1588378815216412e-06 -4.0175129449103449e-06 0.042972333069905069 0.11991206546968927 0.26399927957570146 1.5837614302324765e-05 2.4605327928112932e-06 -2.7328499660249639e-06 0.031214774560506642 0.093714302317467496 0.27424609987835619 1.6540091944938436e-05 1.6462983446108983e-06 -1.4764880157521756e-06 0.018974637147207863 0.052391341660512708 0.28489293699993695 1.7439983719715238e-05 6.0218074855372807e-07 -4.2633698468860407e-07 0.0063789199024202386 0.001844635361188153 0.28959975134183857 1.8579230147559752e-05 ]
[ 1.8514716470958131e-06 2.3473852402862511e-05 0.049598436626408608 0.0029766114526663104 -0.032750487200777077 1.5388948999875413e-05 0.00024794504398416902 -0.001367660175543204 6.473257562086479e-07 -1.1792464920987544e-09 1.024439544882719e-06 0.0021699316045998536 0.00044244946605446317 -0.0012215600058528818 5.9567592002196396e-07 -1.4357594117948524e-07 1.0045405435393041e-06 0.0021699316093774274 0.00055861728220830606 -0.0010770638268973955 5.451132410281065e-07 -2.3335246085619727e-07 9.7658152895118604e-07 0.002169931614557218 0.00059642825167389481 -0.00096162855172120937 4.9585424228586051e-07 -2.5873826824747959e-07 9.5834891981214165e-07 0.0021699316198850807 0.00056663508273997027 -0.00088591723828876281 4.4743652961265115e-07 -2.1739220979218681e-07 9.5649759001712448e-07 0.0021699316251340018 0.00048281509691883883 -0.00084184835237983188 3.9937806906774363e-07 -1.1402017092107067e-07 9.6264897160757925e-07 0.0021699316300782478 0.00036099657231320793 -0.0008088419604496698 3.5182194342030526e-07 3.7719361430539854e-08 9.582414281964599e-07 0.0021699316344687366 0.00022261429550663519 -0.00076488982820344131 3.057548378114697e-07 2.1311936629097019e-07 9.2640765423183203e-07 0.0021699316380577025 9.3141085553607555e-05 -0.00069778117747812472 2.6259936238962838e-07 3.8102440818285441e-07 8.6457379896984148e-07 0.0021699316406767174 -5.5809949286330197e-06 -0.00060958237626846789 2.2339881532910488e-07 5.1485497487235465e-07 7.8830776155505733e-07 0.0021699316423174223 -6.2994835983578939e-05 -0.0005114134439662474 1.8814610280835647e-07 6.0083465045929562e-07 7.2309111720779992e-07 0.0021699316431556073 -8.109562587613508e-05 -0.0004139466064323368 1.5567545251214677e-07 6.36512888041758e-07 6.9115674614837874e-07 0.0021699316435092428 -7.0235557049958807e-05 -0.00032141994445687326 1.2409694398431254e-07 6.2333636847453383e-07 7.0213296753942453e-07 0.0021699316437676242 -4.429258388051348e-05 -0.00023186213145844338 9.149222255371553e-08 5.6210665594467667e-07 7.4996024109481221e-07 0.0021699316443226581 -1.7388242323219996e-05 -0.00014123420425650148 5.659504546131726e-08 4.5584928557868766e-07 8.1528349764927522e-07 0.0021699316455027619 -1.0137473723680303e-06 -4.766928283019595e-05 1.9211305956498139e-08 3.1672905165046223e-07 8.7356718265572701e-07 0.0021699316475054277 ]
[ -2.279379251491098e-05 1.3411391326937289e-06 -0.27574662983287723 -0.016302945710139669 0.18210206092931844 2.2333220775594155e-06 -0.001367660175543204 0.0076055736855153572 1.167245282523161e-07 -1.0247444842622722e-06 -8.7426309988151257e-10 -0.012063915052965172 -0.0024496155538295877 0.0067948341202857246 1.5919016295501524e-07 -1.0699148784216938e-06 -1.0439502007020479e-07 -0.012063915048621253 -0.0030958525934499212 0.0059925001745852842 2.0543679192111752e-07 -1.1095207893947208e-06 -1.6013029294427783e-07 -0.012063915044455205 -0.0033062306746958442 0.0053510787967623232 2.5134392565885152e-07 -1.1564082385061669e-06 -1.4743217043001642e-07 -0.012063915040203268 -0.0031404395444757701 0.0049298299009745729 2.9271375808471526e-07 -1.211716347010437e-06 -5.4552020484392828e-08 -0.012063915035496855 -0.0026740480266974832 0.0046838440188992723 3.25381142878963e-07 -1.2602209682055572e-06 1.1970297122784688e-07 -0.012063915029968626 -0.0019963861627435675 0.0044987997446549622 3.4544043641186018e-07 -1.2765149162517385e-06 3.6070333484267546e-07 -0.012063915023371787 -0.0012268586900664577 0.0042525608602163876 3.4994707184494416e-07 -1.2413269290367608e-06 6.3532379064551321e-07 -0.012063915015669488 -0.00050719053419188726 0.0038775713304595215 3.3782823534206314e-07 -1.1588575948056354e-06 9.0042832877806492e-07 -0.012063915007035133 4.1280209760341391e-05 0.0033856540832973318 3.1028069545843888e-07 -1.0610155627284145e-06 1.1200398522675453e-06 -0.012063914997740597 0.00036009168835708438 0.0028388607158102001 2.7027292638626849e-07 -9.9418343934585446e-07 1.276428451345424e-06 -0.012063914987998024 0.00046055909830653021 0.0022966258102744904 2.2159034543909483e-07 -9.9931594015163618e-07 1.3654513695114486e-06 -0.012063914977865169 0.00040032894178156206 0.0017825349937413621 1.6817080984483074e-07 -1.0972144906517208e-06 1.3832625949424387e-06 -0.012063914967273527 0.00025647446844966922 0.001285607974267925 1.1398492080021971e-07 -1.2812655711188024e-06 1.3193608156605331e-06 -0.012063914956153344 0.00010728782537309191 0.00078329484432990062 6.3061555032054029e-08 -1.517205740706343e-06 1.1646096867751688e-06 -0.012063914944574688 1.6420169928244861e-05 0.00026499582706739566 1.9076418755330129e-08 -1.7541041087204713e-06 9.2936348197114289e-07 -0.012063914932804599 ]
[ -0.026411936686434628 0.27930843059197219 -6.9130285100053291e-07 1.5216636780361266e-05 1.8993139993599977e-06 0.18601581060129285 6.473257562086479e-07 1.1672452825231608e-07 0.0078730367924756631 -0.0021817302668483219 0.012063915904399461 3.0493937955243171e-10 6.0763508915821753e-07 1.652357637726117e-07 0.0073546892576703618 -0.0039545929858370247 0.011610696374761796 6.5765034581193653e-08 5.7161749479577273e-07 1.7770560618779699e-07 0.0068571672597965505 -0.0050959377649768076 0.011163623837398638 1.3558750458744695e-07 5.459284635530735e-07 1.5312667385763608e-07 0.0063742626515837153 -0.0054942888957859272 0.010975888970034054 2.0733701887729832e-07 5.2805782942845414e-07 9.5739081251687433e-08 0.0058916540775100119 -0.0051244613531888934 0.011150750904018273 2.7911958294083787e-07 5.0777211369408991e-07 1.4042073157050602e-08 0.0053948581096002332 -0.0040096511380760926 0.011592064492724746 3.4905364795721908e-07 4.7314559474750957e-07 -7.8143178314889988e-08 0.004877300694806107 -0.0022569586833005115 0.012050257374185356 4.1472756207757822e-07 4.1841715752550217e-07 -1.6258762589252594e-07 0.0043443736097766557 -0.00011661042650760771 0.012256565814332475 4.7330091702000414e-07 3.4860602034356023e-07 -2.2226014216963772e-07 0.0038105600611627413 0.002035535257305909 0.012089390026700725 5.2242286485548221e-07 2.76621380426741e-07 -2.4828785473018481e-07 0.003290676359278094 0.0038188722005631586 0.011655959380007564 5.6141958391541352e-07 2.1494615179818711e-07 -2.4205426772523527e-07 0.0027909165098605059 0.0049729580903454746 0.01121888568786508 5.9191272602028993e-07 1.6880501067228822e-07 -2.1132469302898456e-07 0.0023055576281699052 0.0053822359364193708 0.011031266863556405 6.1752541748230913e-07 1.3494726846455931e-07 -1.6522766136181853e-07 0.0018206714660434554 0.0050197041581239365 0.011198358714883665 6.4298814109690692e-07 1.0491254182707541e-07 -1.1220198704998031e-07 0.001322064278853921 0.0039087900794978871 0.01162654393024147 6.7306477237544319e-07 6.9985105054795459e-08 -6.0385104384121237e-08 0.00080334563868253276 0.002157649208622197 0.012068489151346175 7.114753963648751e-07 2.5526621263128908e-08 -1.7336768117155937e-08 0.00027000505650075885 1.7377113077769475e-05 0.012257102012941442 7.5998094894480962e-07 ]
[ 0.43541389286640642 -0.036938299625078851 9.9066128771686237e-07 -1.9592212264626349e-06 -2.4439153787272909e-05 -0.050136857665596564 -1.1792464920987544e-09 -1.0247444842622722e-06 -0.0021817302668483219 0.040969969608125198 3.0502274624393469e-14 1.1800601831623985e-09 1.2904155106255456e-07 -9.2403176839802746e-07 -0.0022468630449392459 0.018891732664078537 0.0028428719337198439 -7.5544262639565623e-08 1.9007978720848449e-07 -8.2084651175696973e-07 -0.0024164755139161917 0.018522871031535351 0.0047161194472355684 -1.4042418263579594e-07 1.8529691406722556e-07 -7.2970711696359268e-07 -0.002642078550315681 0.018345548083502729 0.005378704768944159 -1.9840595113276592e-07 1.2847714373008656e-07 -6.5176006281901217e-07 -0.0028687238796488699 0.018511047087545279 0.0047634054000320267 -2.5625552065377163e-07 3.8906739529767352e-08 -5.7708535206943941e-07 -0.0030413607951660275 0.018878436978554614 0.0029324234071369869 -3.2077287940960978e-07 -6.0332807101848039e-08 -4.9374616509977158e-07 -0.0031111219946745781 0.019094887383885682 0.00011908768887294994 -3.9700006959670899e-07 -1.453658549359626e-07 -3.9771013943330818e-07 -0.0030442171916130155 0.018817825639622209 -0.0032185856833104589 -4.8685118432344938e-07 -1.9836263466524195e-07 -2.9690941455192701e-07 -0.0028308124790963054 0.017965058693223231 -0.006470817316402741 -5.8884023519460585e-07 -2.1375210213694571e-07 -2.0606618367299731e-07 -0.0024873890193653678 0.01680643342121383 -0.0090839785079853356 -6.9927365778379852e-07 -1.9769053532105794e-07 -1.3691283982155211e-07 -0.0020500181322586639 0.015816642266138357 -0.010731683761105367 -8.1421759702567618e-07 -1.616345082808073e-07 -9.2059229510672472e-08 -0.00156388896491676 0.015415636053912276 -0.011306974621596003 -9.308765763158948e-07 -1.1641712446802399e-07 -6.5624968193108342e-08 -0.001076316204806979 0.015772223581338573 -0.010797641198017042 -1.047579001657819e-06 -7.0659367840186055e-08 -4.7904526232857238e-08 -0.00063464592794914654 0.016736424967993428 -0.0092136411527656437 -1.1626927056533222e-06 -3.1896647245004976e-08 -3.0618672794574793e-08 -0.00028434557780729027 0.017899176222385793 -0.006652186607695715 -1.2735050148714793e-06 -6.8004465213946971e-09 -1.057470622083318e-08 -6.2346957855933177e-05 0.01878150836976868 -0.0034240954737519763 -1.3761230482703484e-06 ]
[ 0.036938299627832342 0.43541389286636129 -9.0398456032297276e-07 2.3731622831286261e-05 -1.420959949925444e-06 0.28529258431182625 1.024439544882719e-06 -8.7426309988151257e-10 0.012063915904399461 3.0502491464827979e-14 0.027844969608125193 1.1800601831617367e-09 9.8519591595944397e-07 9.416860334831717e-08 0.01123175682342362 -0.0028428719332938605 0.018891732664073679 9.0915993332185205e-08 9.3923628018328114e-07 1.326103036047413e-07 0.010413596603789389 -0.0047161194457202025 0.01852287103147536 1.8969879876691532e-07 8.9770455037921759e-07 1.1022653983990573e-07 0.0096084472752263877 -0.0053787047656287026 0.018345548083194458 2.9277927656199802e-07 8.591245815149562e-07 3.3520967401561458e-08 0.008803578018315052 -0.0047634053942440446 0.01851104708654451 3.9593597396423842e-07 8.1079148193886375e-07 -8.225671982619462e-08 0.0079860200072513141 -0.002932423398313946 0.018878436976120884 4.9496098219456606e-07 7.3800846199026352e-07 -2.130673394718923e-07 0.0071542052544054085 -0.00011908767665727789 0.019094887379074773 5.8512525678033402e-07 6.3597959781383225e-07 -3.293256574729009e-07 0.0063227788471241445 0.0032185856990588099 0.0188178256315432 6.6158679242668066e-07 5.1587738434812082e-07 -4.0550893736910524e-07 0.0055164434877042322 0.0064708173357860494 0.017965058681376257 7.2089336481193838e-07 3.9914271232697876e-07 -4.3023757219066135e-07 0.0047556701033808803 0.0090839785314074922 0.016806433405759699 7.6264640990270346e-07 3.0441748882280724e-07 -4.0782571448020165e-07 0.0040437392592186467 0.010731683789564343 0.01581664224804321 7.9012413381398738e-07 2.378944416127595e-07 -3.5103839730585196e-07 0.0033634203277926925 0.011306974656696825 0.0154156360350495 8.095668372352466e-07 1.9246392195528598e-07 -2.7326270630818576e-07 0.0026841106951587274 0.010797641241592632 0.015772223564594279 8.2876431190339202e-07 1.5317215711181042e-07 -1.8610284904142657e-07 0.0019747818385453019 0.0092136412061693176 0.016736424957203035 8.5555207390361222e-07 1.048609439744763e-07 -1.0094431599822901e-07 0.0012170962027002118 0.0066521866710785079 0.017899176221784045 8.9630891709102253e-07 3.8985910875150319e-08 -2.9176585191779423e-08 0.00041306365008473672 0.0034240955458859973 0.018781508382864534 9.5452609868519009e-07 ]
[ -8.8259750464578996e-07 1.0102927473258821e-06 0.43749999999724609 0.025872137949043115 -0.28885430726204109 7.192276481287749e-07 0.0021699316045998536 -0.012063915052965172 3.0493937955243833e-10 1.1800601831623919e-09 1.1800601831617433e-09 0.027890624999938999 0.0038861125047005142 -0.010777696158958979 -6.1506064132665108e-08 9.0170559228603997e-08 -7.6455157499162835e-08 0.019140624999573991 0.0049111359076965157 -0.0095047704974390405 -1.2042513970050024e-07 1.8441397866274491e-07 -1.4740533842074485e-07 0.019140624998483322 0.0052448169489574554 -0.0084871185573130482 -1.7404111587109809e-07 2.7390024599584835e-07 -2.2392584501814541e-07 0.019140624996669405 0.0049818701312645724 -0.007818738201019873 -2.2036951148432852e-07 3.4756414161296213e-07 -3.1893913882430146e-07 0.019140624994123171 0.0042421831888504909 -0.0074283983624178337 -2.5748637404995693e-07 3.9324269973036913e-07 -4.3962862835402533e-07 0.019140624990840412 0.0031674502720844475 -0.0071347725153991888 -2.8335357443279895e-07 4.006476774864547e-07 -5.8263196237496057e-07 0.019140624986858614 0.0019470464384731721 -0.0067441335134902297 -2.961752065937473e-07 3.6835576435726286e-07 -7.3435876011044528e-07 0.019140624982282223 0.00080573590979454886 -0.0061493098941415398 -2.9508666865002062e-07 3.1003156511660874e-07 -8.782510923907172e-07 0.019140624977259959 -6.4053956741388701e-05 -0.0053690171166128099 -2.8058475332172775e-07 2.5334767456185549e-07 -1.0043356497684426e-06 0.019140624971908927 -0.00056961928411474025 -0.0045016310184418972 -2.5430966058315787e-07 2.3150949539704707e-07 -1.1122575415596096e-06 0.019140624966230962 -0.00072892974879020141 -0.0036413839637978833 -2.1842127774784758e-07 2.7376580027859957e-07 -1.2045488968591773e-06 0.019140624960079792 -0.00063344931045126226 -0.0028256701598051558 -1.7514011269453494e-07 3.9875732475451115e-07 -1.2761483275215487e-06 0.019140624953204406 -0.00040546091741982816 -0.0020370920561059271 -1.267359423861087e-07 6.0875186536527331e-07 -1.309545570446523e-06 0.019140624945355181 -0.00016916757866740375 -0.0012399368397970824 -7.5731214584350375e-08 8.8419084307289795e-07 -1.2819692324880068e-06 0.019140624936412408 -2.5508997189249713e-05 -0.00041746288320283737 -2.4814963430766089e-08 1.1850165752848084e-06 -1.1833965193799861e-06 0.019140624926468515 ]
[ 4.663169741014679e-06 2.2415468533368439e-05 0.088825428637072629 0.0052953377863674969 -0.058656097608063944 1.4524106086225864e-05 0.00044244946605446317 -0.0024496155538295877 6.0763508915821753e-07 1.2904155106255459e-07 9.8519591595944376e-07 0.0038861125047005142 0.00079094212043147902 -0.0021881908161782981 5.517129471204662e-07 -9.0261057787640914e-10 9.78126431821384e-07 0.003886112508737632 0.00099900855548597082 -0.0019295584650490497 4.9639632753596374e-07 -8.0882321233015213e-08 9.5733051703162353e-07 0.0038861125131739701 0.0010667479864370504 -0.0017228768555364344 4.424504647208607e-07 -9.8087529512159064e-08 9.3711728411240075e-07 0.0038861125177316797 0.0010133692227949375 -0.0015872392341605827 3.8999162409585721e-07 -5.0276876144628911e-08 9.2221314361080665e-07 0.0038861125221455314 0.00086319999987932369 -0.0015081753364800368 3.3911219250345667e-07 5.5921064434159822e-08 9.0430972177563725e-07 0.0038861125261517486 0.00064497698316729726 -0.0014488421804375057 2.9047428836692395e-07 2.0400194943264998e-07 8.674638677981608e-07 0.0038861125294799999 0.00039712183184281095 -0.0013698570145001887 2.4542576579085866e-07 3.6774066185382742e-07 7.9985372626931997e-07 0.0038861125318888187 0.00016526927230341726 -0.0012493993108379949 2.0548291019741596e-07 5.1790347252375122e-07 7.0471453198684493e-07 0.0038861125332403509 -1.1477314384201371e-05 -0.0010912181041403072 1.7148998933140783e-07 6.3337167918206085e-07 6.0172480853196453e-07 0.0038861125335627276 -0.00011424447749276672 -0.00091526137295037924 1.4304023942917922e-07 7.0725330936741814e-07 5.1764376450008335e-07 0.0038861125330519534 -0.00014663745161568791 -0.00074065674280776334 1.1850171740709812e-07 7.4280230846127997e-07 4.7434066834176407e-07 0.0038861125320190735 -0.00012720924089399581 -0.00057499764869880577 9.5525947140040815e-08 7.4431215814043083e-07 4.8163298315781375e-07 0.0038861125308262134 -8.0801884889688069e-05 -0.00041475062657165743 7.1732263894750096e-08 7.1174525951636067e-07 5.3527238298808242e-07 0.0038861125298378743 -3.2674183925766265e-05 -0.00025266844815209193 4.535612911812751e-08 6.4338576307002927e-07 6.1812607489157035e-07 0.0038861125293770792 -3.3718956774672816e-06 -8.5375688901919073e-05 1.5706477884729846e-08 5.4390257236898736e-07 7.0542624358001477e-07 0.0038861125296689399 ]
[ -2.0374701201718473e-05 3.3797696463662109e-06 -0.24634734082666387 -0.01455793682170212 0.16269050739937568 3.4360860002041189e-06 -0.0012215600058528816 0.0067948341202857246 1.652357637726117e-07 -9.2403176839802746e-07 9.416860334831717e-08 -0.010777696158958979 -0.0021881908161782986 0.0060706564166476519 1.9906478814891524e-07 -9.7843147549867028e-07 -5.9748600861394595e-10 -0.010777696154597663 -0.0027655514466698107 0.0053538455390991172 2.3638830184520859e-07 -1.0229644193977531e-06 -5.3062625771872266e-08 -0.010777696150355565 -0.002953508639224394 0.0047808187715532979 2.734984053054027e-07 -1.0680682413613458e-06 -4.2896497512000783e-08 -0.010777696146018447 -0.0028053852992542868 0.0044044746127659259 3.0655682272656609e-07 -1.1144940288331173e-06 4.1179255156213071e-08 -0.010777696141274993 -0.0023886960217080577 0.0041846912824956162 3.3175322629469985e-07 -1.1488870398025762e-06 1.9950166580879482e-07 -0.010777696135814903 -0.001783254235905498 0.0040193360722693425 3.4556860153407317e-07 -1.1495513087624581e-06 4.1714218358217625e-07 -0.010777696129438956 -0.001095743595848039 0.0037992980972321581 3.454299535266595e-07 -1.1013944449138591e-06 6.6259890446707563e-07 -0.010777696122137453 -0.00045278581115763974 0.0034642322363796153 3.3049727235398148e-07 -1.0111645369993304e-06 8.9665335094700698e-07 -0.010777696114083139 3.7216435619059546e-05 0.0030247117244068772 3.0194894658427471e-07 -9.1024186613102543e-07 1.0882583334553278e-06 -0.010777696105522537 0.00032203825562989314 0.0025361818159132712 2.6246950031499793e-07 -8.4189917609910467e-07 1.2237886439461274e-06 -0.010777696096630632 0.00041179367859528948 0.0020517459767964031 2.15375399408933e-07 -8.4344443555110026e-07 1.3015835681016453e-06 -0.010777696087429244 0.0003579855033780671 0.0015924770062338922 1.6405375384537099e-07 -9.3359751714314152e-07 1.3190410831849959e-06 -0.010777696077819183 0.00022946752061537613 0.0011485637107674952 1.1191882257174854e-07 -1.1063334041856922e-06 1.2660381764419505e-06 -0.010777696067699901 9.6179443257718157e-05 0.00069985501393492427 6.2499194346247996e-08 -1.3303753328286918e-06 1.1324220137948272e-06 -0.010777696057103488 1.4981982861920609e-05 0.00023687203132068447 1.9105290130932475e-08 -1.5584626962840938e-06 9.2520030618085699e-07 -0.010777696046252901 ]
[ -0.029506901438354244 0.26045908239678978 -2.0668417847595313e-06 1.4105463383958711e-05 2.9767838047044198e-06 0.17375377160388619 5.9567592002196396e-07 1.5919016295501521e-07 0.0073546892576703627 -0.0022468630449392459 0.011231756823423622 -6.1506064132665121e-08 5.517129471204662e-07 1.9906478814891524e-07 0.0068729168964742288 -0.0038951401204065936 0.010777697351447841 3.0504367728532007e-10 5.1418219310915976e-07 2.0539946736570295e-07 0.0064115851309314463 -0.0049535905594186641 0.010340310178908917 6.6043862298480548e-08 4.892425968507069e-07 1.7820142964487174e-07 0.0059645384735383198 -0.0053224613646161798 0.010158042975846078 1.3349890303960614e-07 4.7409568768925232e-07 1.2173464466249113e-07 0.0055177791999860403 -0.0049800130943922034 0.010327791241810491 2.0098322097550659e-07 4.586091011126752e-07 4.357002625302342e-08 0.005057201286439105 -0.003946250267875772 0.010759339437565973 2.6682184271890467e-07 4.3096173941931746e-07 -4.4144891543591286e-08 0.004576132326818653 -0.0023169013393590835 0.011217695671547935 3.2882640661740697e-07 3.8490897473249785e-07 -1.2510952948874897e-07 0.0040792106062484913 -0.00032106388632527892 0.01144746324291193 3.8437404801219877e-07 3.2419687504208038e-07 -1.837240479612528e-07 0.0035798092438431304 0.0016922582716876599 0.011328544387370227 4.3125929827123499e-07 2.6016002180121052e-07 -2.1150099256923495e-07 0.0030919086436850358 0.003365665669319025 0.010954520119612954 4.6881310643580858e-07 2.041904683741442e-07 -2.0927834456849932e-07 0.0026216828834028875 0.0044513207068320503 0.010566201850836761 4.9850084170547781e-07 1.6133984866170658e-07 -1.839520264707659e-07 0.0021643141290769471 0.0048368951963390265 0.010398021196209592 5.2366414264224527e-07 1.2899929120316395e-07 -1.4396649397014873e-07 0.0017073691849512178 0.0044953438590105369 0.010547835625572785 5.4868831100102267e-07 9.9784104580420455e-08 -9.7344153475518884e-08 0.0012381680269850414 0.0034501716439022385 0.010928597918312402 5.7799018306860139e-07 6.6065801223068771e-08 -5.1869877247968205e-08 0.00075127446727995737 0.0018066928671629618 0.011311133321063177 6.1500260304820005e-07 2.3927176110912671e-08 -1.4672072282302513e-08 0.0002522164010438105 -0.00019590859388993762 0.01145028314138628 6.6132107918969858e-07 ]
[ 0.42528017449404998 -0.10136986110104032 3.1530743966772996e-06 -5.35100650851743e-06 -2.5313293728285282e-05 -0.092077779037174456 -1.4357594117948524e-07 -1.0699148784216938e-06 -0.0039545929858370247 0.01889173266407854 -0.00284287193329386 9.0170559228603984e-08 -9.0261057787643231e-10 -9.7843147549867028e-07 -0.003895140120406594 0.040988907556727572 3.0518313359674806e-14 9.0290411450449532e-10 7.1104189736947433e-08 -8.761369634615905e-07 -0.0039411390781587865 0.019027862247406872 0.0019082260073537323 -7.7993318289403171e-08 7.4110159780515332e-08 -7.7789372194378686e-07 -0.0040444697389985318 0.01895107278179551 0.0025901590744435588 -1.507046498960068e-07 2.2413856724428209e-08 -6.8624224449677532e-07 -0.0041488732963691991 0.019023204115956194 0.001956769029099466 -2.2329653721376987e-07 -6.2453643165440741e-08 -5.9330662674122318e-07 -0.0041979541671385671 0.019114085867404335 9.0577803335330939e-05 -3.0187011661643277e-07 -1.5480827581816409e-07 -4.9001124335059359e-07 -0.004143131724247252 0.018909381170348249 -0.0027250395123950559 -3.9070970209499672e-07 -2.2943217569060392e-07 -3.7586871894990954e-07 -0.0039531556978603622 0.018138353267631854 -0.0059859392830050916 -4.9098813313515817e-07 -2.6930150610384096e-07 -2.6202728337324545e-07 -0.0036219746030409189 0.016810468293608688 -0.009076595333770662 -6.0072126794843008e-07 -2.7120010750994196e-07 -1.6483383584702955e-07 -0.0031689419105282437 0.015275125628831062 -0.011489446483522509 -7.1619551600858516e-07 -2.4356223349404768e-07 -9.5711948222849948e-08 -0.0026302334285010615 0.014050557828536632 -0.012972253643716326 -8.3400695369532564e-07 -1.9872822091418978e-07 -5.5782263706622576e-08 -0.0020479920268724624 0.013568170026777456 -0.013481719332341303 -9.5231891817550257e-07 -1.4678352489474424e-07 -3.7408131829127159e-08 -0.001464472662377362 0.013996792124066678 -0.013030895981170215 -1.0706373564716438e-06 -9.4600777069182051e-08 -2.9178623811010239e-08 -0.0009218979366269665 0.015186558044570142 -0.011607306162880412 -1.1885140300402938e-06 -4.7957098349003245e-08 -2.1041158360534906e-08 -0.00046252125365760292 0.016718284655497545 -0.0092462256014117037 -1.3042148168633655e-06 -1.2651164612059754e-08 -8.0633406275066044e-09 -0.00012318056368857349 0.018071826099369991 -0.006183854799573835 -1.4144080504292231e-06 ]
[ 0.10136986112037989 0.42528017449363209 -2.5251206043425007e-06 2.3082186552879075e-05 -3.8702860810804747e-06 0.27479166900962654 1.0045405435393041e-06 -1.0439502007020479e-07 0.011610696374761796 0.0028428719337198439 0.018891732664073683 -7.6455157499162835e-08 9.78126431821384e-07 -5.9748600861397242e-10 0.010777697351447841 3.0518313359674806e-14 0.027863907556727553 9.0290411450400563e-10 9.3757710431886183e-07 4.7623460056893638e-08 0.0099429931861155195 -0.0019082260069270165 0.019027862247399656 8.8974950473329996e-08 8.9441907048361664e-07 3.4910517794021459e-08 0.0091128255172808603 -0.0025901590729224518 0.018951072781717447 1.8232592844220802e-07 8.4885912597459367e-07 -3.2090506940683399e-08 0.0082827797618571369 -0.0019567690257680961 0.019023204115592305 2.7577199665185186e-07 7.9071166359845044e-07 -1.3710485763263395e-07 0.0074482211137737288 -9.0577797529165711e-05 0.019114085866317264 3.6413764629597588e-07 7.0829678136466042e-07 -2.553090644953739e-07 0.0066148736710963333 0.0027250395212188912 0.018909381167907323 4.4199350375875147e-07 5.9965449474400192e-07 -3.5761985939591973e-07 0.0058022573670746596 0.005985939295228968 0.018138353263186986 5.0426412806478636e-07 4.7757932334138969e-07 -4.2040270445104906e-07 0.0050362760599412968 0.0090765953497015123 0.016810468286771751 5.4775527352832815e-07 3.6333123916772936e-07 -4.3451489112883043e-07 0.0043347290684779783 0.01148944650360657 0.015275125619753516 5.7262251858319201e-07 2.7406038261788456e-07 -4.0557152579818458e-07 0.0036954917187366071 0.012972253668743499 0.014050557818105169 5.8269485281141925e-07 2.1426094577548913e-07 -3.4620731912405008e-07 0.0030947889864983954 0.013481719363444391 0.013568170016742704 5.8456235082125825e-07 1.7565787293213819e-07 -2.6863940469875375e-07 0.0024952997336331116 0.013030896019507753 0.013996792117107925 5.8618076189103915e-07 1.4267008083935197e-07 -1.8297422863020415e-07 0.0018592767731871909 0.011607306209064597 0.015186558044152577 5.9554520312260212e-07 9.9683657097928081e-08 -9.9388639806696065e-08 0.0011618085017370888 0.0092462256549835555 0.016718284665299215 6.1937044044816775e-07 3.7662193039481412e-08 -2.8743608438562254e-08 0.00039938495805138348 0.0061838548590184804 0.018071826122285646 6.6169014670840774e-07 ]
[ -2.4585174411018073e-06 3.2049198594442613e-06 0.43749999998065592 0.025872138067946551 -0.28885430716500088 2.2613988759805922e-06 0.0021699316093774274 -0.012063915048621254 6.5765034581193653e-08 -7.5544262639565596e-08 9.0915993332185205e-08 0.019140624999573991 0.0038861125087376325 -0.010777696154597663 3.0504367728532007e-10 9.0290411450449532e-10 9.029041145039924e-10 0.027890624999938975 0.0049111359112528046 -0.0095047704933359997 -6.1777428856766165e-08 8.7825183087147285e-08 -7.9307505723969425e-08 0.019140624999573221 0.0052448169523314084 -0.0084871185537008492 -1.182706856534381e-07 1.7491015155265156e-07 -1.5932362670018901e-07 0.019140624998476699 0.0049818701346905506 -0.0078187381980941162 -1.6747085773588715e-07 2.5080063695178331e-07 -2.5108686898899406e-07 0.01914062499664769 0.0042421831924233638 -0.0074283983603436743 -2.077361348740099e-07 3.036076241874997e-07 -3.6269287047552949e-07 0.019140624994089524 0.0031674502757345689 -0.0071347725142802401 -2.3723210731959168e-07 3.2336403796618744e-07 -4.9337491456370695e-07 0.019140624990837733 0.0019470464420088031 -0.0067441335133109738 -2.5422981578977536e-07 3.0787061240835285e-07 -6.3299285118914703e-07 0.019140624986981696 0.00080573591300052059 -0.0061493098947366931 -2.5778808220264772e-07 2.6825657686947277e-07 -7.6782513072867256e-07 0.019140624982647941 -6.4053954005547498e-05 -0.0053690171177040984 -2.4824127515123188e-07 2.2850851833833929e-07 -8.8885481215737306e-07 0.019140624977936848 -0.00056961928187892964 -0.0045016310197223009 -2.2706924179341058e-07 2.1839067335607115e-07 -9.9480763893257963e-07 0.019140624972849865 -0.00072892974700884271 -0.0036413839650080815 -1.963312722528428e-07 2.6496178965395861e-07 -1.0866719637012412e-06 0.019140624967258803 -0.00063344930906691216 -0.0028256701607716544 -1.5820157775237445e-07 3.8612694271360948e-07 -1.1586421489351697e-06 0.01914062496094255 -0.00040546091640834147 -0.0020370920567490945 -1.1490551401757144e-07 5.8480334958261136e-07 -1.1938727448227334e-06 0.019140624953681743 -0.00016916757804321951 -0.0012399368401247411 -6.8869015371504833e-08 8.4353290998406933e-07 -1.1711241336198169e-06 0.019140624945375752 -2.550899697822524e-05 -0.00041746288328948334 -2.2623277291440438e-08 1.1256431315999222e-06 -1.0813755354454212e-06 0.019140624936117772 ]
[ 5.9172618019588937e-06 2.1302181053110323e-05 0.11225453499651523 0.0066796452746667387 -0.074129093890791586 1.3715131224320057e-05 0.00055861728220830606 -0.0030958525934499212 5.7161749479577273e-07 1.9007978720848449e-07 9.3923628018328114e-07 0.0049111359076965157 0.00099900855548597082 -0.0027655514466698107 5.1418219310915965e-07 7.1104189736947407e-08 9.3757710431886183e-07 0.0049111359112528046 0.0012620563827020282 -0.0024387510708356358 4.5713980138346923e-07 -4.9152800191589303e-10 9.1985243162933415e-07 0.0049111359151854687 0.0013476370245840048 -0.0021775714572573259 4.0154195290136902e-07 -1.1873814898703126e-08 8.9808454056645313e-07 0.0049111359192124445 0.001280170513066528 -0.0020061410031123896 3.4781738855765706e-07 3.8927186373562866e-08 8.7572853252783249e-07 0.0049111359230565822 0.0010903707231012148 -0.0019061735981949312 2.9636862989241396e-07 1.4433143879782083e-07 8.4462964601830809e-07 0.0049111359264423105 0.00081456533042443353 -0.0018311128076649286 2.4812682261160342e-07 2.8671933592612389e-07 7.9062026380381682e-07 0.0049111359290965996 0.00050132260839073103 -0.0017311988808719168 2.046086500068754e-07 4.3979953217222785e-07 7.0489455743451209e-07 0.0049111359307891364 0.00020832005248038469 -0.001578872389454081 1.6734859337776145e-07 5.7627730010742752e-07 5.9371975722230731e-07 0.0049111359314030975 -1.5029129743857301e-05 -0.0013788883396972857 1.3706234520930681e-07 6.7871191576040157e-07 4.7842596870217286e-07 0.0049111359309856398 -0.00014488470214013064 -0.001156468244234194 1.1313217395222446e-07 7.4429209947395479e-07 3.8568952957493017e-07 0.0049111359297375253 -0.00018581397778397028 -0.00093579040945508522 9.3707632159812071e-08 7.7943693465875303e-07 3.3657348389817556e-07 0.0049111359279558542 -0.00016126826734786222 -0.00072645249359336295 7.6243921818335864e-08 7.9000663351103052e-07 3.4079846855879572e-07 0.004911135925975872 -0.00010263794452717076 -0.00052398786412979122 5.8162343760475294e-08 7.7558211922134673e-07 3.9538355670701816e-07 0.0049111359241350372 -4.183332283103727e-05 -0.00031923259072714957 3.7462217201216e-08 7.3185959092706389e-07 4.850909207457131e-07 0.0049111359227432538 -4.8078313876891007e-06 -0.0001079093979174571 1.3185654911965688e-08 6.5908416949782734e-07 5.8585138313447951e-07 0.0049111359220345959 ]
[ -1.8008088658801835e-05 4.1222819927197758e-06 -0.2172518971315367 -0.012833139325842013 0.14347937412216219 3.7862175113375477e-06 -0.0010770638268973955 0.0059925001745852842 1.7770560618779699e-07 -8.2084651175696973e-07 1.326103036047413e-07 -0.0095047704974390405 -0.0019295584650490499 0.0053538455390991181 2.0539946736570295e-07 -8.761369634615905e-07 4.7623460056893671e-08 -0.0095047704933359997 -0.0024387510708356358 0.0047217957359475798 2.3624420856106181e-07 -9.2015758523619713e-07 -1.8626971501843754e-10 -0.0095047704893183021 -0.0026045176421143532 0.0042164098551067935 2.6695208408191045e-07 -9.6159889510825711e-07 8.1124440953004538e-09 -0.0095047704852078054 -0.0024738808488649279 0.0038845092218929276 2.940878616665409e-07 -1.0009959237855072e-06 8.2879523382547398e-08 -0.0095047704807388056 -0.0021063835499095488 0.0036906663302556666 3.142403062203366e-07 -1.0266887652131822e-06 2.240270076259655e-07 -0.0095047704756464537 -0.0015724189755301954 0.0035448103583538468 3.2428662414166995e-07 -1.0200396091450808e-06 4.1740099476491382e-07 -0.0095047704697657706 -0.00096607908109195791 0.0033507191815962453 3.2198512569552177e-07 -9.6882069268147828e-07 6.3418828110986732e-07 -0.009504770463100165 -0.00039903751362435738 0.003055181136947699 3.0665605113562897e-07 -8.8054026425022881e-07 8.393990388192118e-07 -0.0095047704558114069 3.3103925294867078e-05 0.0026675297184713142 2.7939692197142072e-07 -7.8439346421314945e-07 1.0061809039233274e-06 -0.0095047704481190914 0.00028429080081946541 0.0022366700915773061 2.4259503212842125e-07 -7.1953729280369675e-07 1.1236483407312911e-06 -0.0095047704401702484 0.00036344641596931776 0.0018094391431567269 1.9914459729375766e-07 -7.1928184835567353e-07 1.1913934928692839e-06 -0.0095047704319687985 0.00031599254175929706 0.0014044226065436881 1.5196808918595042e-07 -8.0022033908313307e-07 1.2075560185432149e-06 -0.0095047704234075634 0.0002026491887307243 0.0010129664847919569 1.0401082626082153e-07 -9.5696676913363994e-07 1.1628223162725559e-06 -0.0095047704143780432 8.5091888068912857e-05 0.00061729457830498637 5.8351307735039806e-08 -1.1615586052411053e-06 1.0472071830167545e-06 -0.0095047704048928285 1.3463171083887237e-05 0.00020903926177437022 1.7925772777559283e-08 -1.371361055677019e-06 8.657442817352023e-07 -0.0095047703951406902 ]
[ -0.034957188860333444 0.24213105479265032 -3.382234910242878e-06 1.3026353399729275e-05 4.1432241063544041e-06 0.16197521359189024 5.4511324102810661e-07 2.0543679192111752e-07 0.0068571672597965514 -0.0024164755139161917 0.010413596603789391 -1.2042513970050024e-07 4.9639632753596384e-07 2.3638830184520859e-07 0.0064115851309314471 -0.0039411390781587856 0.0099429931861155212 -6.1777428856766125e-08 4.5713980138346923e-07 2.3624420856106181e-07 0.0059869030884457915 -0.0049160502314010129 0.0095047713321089484 3.0515360686207637e-10 4.3299583279336308e-07 2.0606606432459373e-07 0.0055763147680922085 -0.005254956226998439 0.0093242164048525367 6.385854292540157e-08 4.2081549333016994e-07 1.501385085597458e-07 0.0051660548395989847 -0.00494034168360154 0.0094923389939570481 1.2743676940010992e-07 4.1047082913591182e-07 7.5071806075900078e-08 0.0047420402111411622 -0.003988294124148797 0.009924409504804086 1.89605556877319e-07 3.9012971646798289e-07 -8.6803898155805895e-09 0.0042972315926418023 -0.0024814105416372887 0.010398481171832414 2.4842395490165418e-07 3.52958485895449e-07 -8.6717003135646681e-08 0.0038353396279516335 -0.00062612101870282682 0.010669767108853374 3.0149356579462484e-07 3.0137467975109454e-07 -1.4479111191371333e-07 0.0033685916516113909 0.0012554278664968542 0.010616274858657888 3.4674363862694786e-07 2.4515262026968584e-07 -1.7471456953545565e-07 0.0029102373471022081 0.0028271609864909432 0.010315105686637727 3.8348939131503894e-07 1.9465489900025667e-07 -1.7673365185294937e-07 0.0024666306361661571 0.0038510088571291822 0.0099838327620436363 4.130207893383087e-07 1.5482463383342023e-07 -1.5688420872116436e-07 0.0020340933597459941 0.0042154958843767 0.0098379440433910004 4.3838726270449738e-07 1.2373499645757257e-07 -1.2297426212697307e-07 0.001601923825361967 0.0038926004887861075 0.0099679556118673178 4.636254966990952e-07 9.5094674828772982e-08 -8.2668796484763929e-08 0.0011591920399331172 0.002906733171774499 0.010293334869105246 4.9280210220262507e-07 6.2373714674168049e-08 -4.3448388604360269e-08 0.00070165139083608113 0.0013626765526365753 0.010603297678675067 5.290525163666514e-07 2.2390987079442877e-08 -1.2033424294311258e-08 0.00023507170636950512 -0.0005094485974574775 0.010675968545963376 5.7378807909640143e-07 ]
[ 0.41324548357563523 -0.14337112565138993 5.3799223489687263e-06 -7.5136956145747755e-06 -2.6126132795381659e-05 -0.11909694016853273 -2.3335246085619727e-07 -1.1095207893947208e-06 -0.0050959377649768076 0.018522871031535351 -0.0047161194457202025 1.8441397866274494e-07 -8.0882321233015199e-08 -1.0229644193977531e-06 -0.0049535905594186641 0.019027862247406872 -0.0019082260069270157 8.7825183087147285e-08 -4.9152800191584009e-10 -9.2015758523619713e-07 -0.004916050231401012 0.04100771093951508 3.0531758261004383e-14 4.9150648710965265e-10 8.3265374598933826e-09 -8.1646100117906099e-07 -0.0049360364141508451 0.019124347555203227 0.00068652943270218719 -8.121214102880691e-08 -3.9783993010049538e-08 -7.1549453443965758e-07 -0.0049571028346826395 0.019132920042838675 4.8789536205425198e-05 -1.6280637524270752e-07 -1.2182706589314888e-07 -6.1071868833502224e-07 -0.0049226450733289469 0.019037082539266705 -0.0018180737619058749 -2.4984817301310373e-07 -2.1042401773955515e-07 -4.9475258953762492e-07 -0.0047848726610696772 0.018552203822497584 -0.004600579403381125 -3.4606052317918972e-07 -2.7941390194140925e-07 -3.6913385207354307e-07 -0.0045146247691299048 0.017459096805212307 -0.0077698244136038203 -4.5210428169942671e-07 -3.1210503599687884e-07 -2.4683284079540912e-07 -0.0041084632514528981 0.015828635710913273 -0.010713998585553218 -5.6568534313243977e-07 -3.0654340873468495e-07 -1.451207065713505e-07 -0.0035874314398156829 0.01405931910446599 -0.012962707719314811 -6.8312236655080827e-07 -2.724160322563837e-07 -7.5256247715567496e-08 -0.0029873301737235766 0.012692228752283331 -0.014316585684333027 -8.0140901679901958e-07 -2.2253805902325384e-07 -3.7522079620301939e-08 -0.0023477390421130576 0.012161150306088492 -0.014775598995812052 -9.1937481549366229e-07 -1.6653921736727587e-07 -2.3266239611655526e-08 -0.0017069968476411245 0.012632850560818143 -0.014369596363663889 -1.0373221914123987e-06 -1.1026159054373821e-07 -2.0041104196334022e-08 -0.0011033676491546372 0.013959383771442077 -0.013071194736559221 -1.1556031117876053e-06 -5.8462134197471611e-08 -1.6660989609392678e-08 -0.00057642760238862945 0.015719932115303828 -0.010873662129375532 -1.2731616259284465e-06 -1.6470164338589348e-08 -7.0552962447864256e-09 -0.00016249840875888743 0.017373110339940146 -0.0079602072745452446 -1.3870837649427775e-06 ]
[ 0.14337112570367458 0.41324548357282259 -4.0343161173783632e-06 2.2335526792025799e-05 -5.1682339152785944e-06 0.26436210370981533 9.7658152895118604e-07 -1.6013029294427777e-07 0.011163623837398638 0.0047161194472355684 0.01852287103147536 -1.4740533842074487e-07 9.5733051703162353e-07 -5.3062625771872253e-08 0.010340310178908916 0.0019082260073537314 0.019027862247399656 -7.9307505723969452e-08 9.1985243162933415e-07 -1.8626971501849048e-10 0.0095047713321089466 3.0531758261004383e-14 0.027882710939515061 4.9150648710912326e-10 8.757889628974433e-07 -7.3030573090882956e-09 0.0086680248820592276 -0.000686529432274957 0.019124347555194772 8.6163151109266662e-08 8.2637612874210616e-07 -6.7656400205414028e-08 0.0078312926845604501 -4.8789534681883658e-05 0.019132920042754211 1.7194138255849999e-07 7.631207784592163e-07 -1.6455733990174505e-07 0.0069955910188211901 0.0018180737652375711 0.019037082538901788 2.5206488722573808e-07 6.7636532489233724e-07 -2.7314877446909524e-07 0.0061714682337201902 0.0046005794091703743 0.018552203821490781 3.2070101093993729e-07 5.6588177411089579e-07 -3.6524240464616553e-07 0.0053814762421601874 0.0077698244223924663 0.017459096803144013 3.7268007114155251e-07 4.4516370917574012e-07 -4.1887265861676116e-07 0.0046520064371880013 0.010713998597797902 0.015828635707520734 4.0502028737722416e-07 3.34889230779567e-07 -4.2649145612648943e-07 0.0039988458675172837 0.012962707735504168 0.014059319099900274 4.1824728189306502e-07 2.5090034510831946e-07 -3.9441639702307287e-07 0.0034162678327983461 0.014316585705115337 0.012692228747325745 4.1651263602624473e-07 1.9651440648932569e-07 -3.3494188044454825e-07 0.0028763970278687626 0.014775599021980949 0.012161150302296465 4.0656011994821994e-07 1.628704342857888e-07 -2.5931076958632208e-07 0.002337861824236712 0.014369596395900417 0.012632850560570102 3.9635899194116968e-07 1.3428434852181725e-07 -1.7651779485509701e-07 0.0017588696926916401 0.013071194774983573 0.013959383777760615 3.9391312703040253e-07 9.5156812354670552e-08 -9.5840216371127055e-08 0.0011104028303094364 0.010873662173182056 0.015719932131306211 4.060801882832774e-07 3.6336639246567754e-08 -2.7667921066266691e-08 0.00038528938105488207 0.0079602073221401899 0.017373110367982961 4.3720830512306941e-07 ]
[ -3.7468541168405642e-06 5.5829262515949322e-06 0.43749999994763589 0.02587213819589573 -0.28885430707282261 3.9076375349908681e-06 0.002169931614557218 -0.012063915044455207 1.3558750458744693e-07 -1.4042418263579591e-07 1.896987987669153e-07 0.019140624998483322 0.0038861125131739705 -0.010777696150355565 6.6043862298480562e-08 -7.7993318289403197e-08 8.8974950473329996e-08 0.019140624999573221 0.0049111359151854687 -0.0095047704893183021 3.0515360686207637e-10 4.9150648710962618e-10 4.9150648710909679e-10 0.027890624999938936 0.0052448169560464202 -0.0084871185501667161 -5.9586789010754531e-08 8.4751262906543192e-08 -8.269324696775026e-08 0.019140624999572687 0.0049818701384140513 -0.0078187381952598035 -1.1218065658739537e-07 1.6326251371628632e-07 -1.7150969065279947e-07 0.019140624998473885 0.0042421831962433923 -0.0074283983583843189 -1.5608877820542903e-07 2.2429330621043118e-07 -2.749938793002044e-07 0.019140624996647218 0.0031674502795766232 -0.0071347725132975279 -1.8965089453133717e-07 2.5786832853584653e-07 -3.9499716459977457e-07 0.019140624994120867 0.0019470464456816335 -0.0067441335132783021 -2.1117709469616779e-07 2.6058286510892461e-07 -5.2470782990145434e-07 0.019140624990965673 0.00080573591629726259 -0.0061493098954745898 -2.1963182083219057e-07 2.4069088328628956e-07 -6.5290140724855541e-07 0.019140624987285255 -6.4053951210754618e-05 -0.0053690171189231329 -2.151875417141116e-07 2.1839804546578548e-07 -7.7104606528406926e-07 0.019140624983165388 -0.00056961927959988258 -0.0045016310211098793 -1.9918457205633566e-07 2.2016723270021997e-07 -8.7652082700072638e-07 0.019140624978611104 -0.00072892974518734912 -0.0036413839663034003 -1.7361779870970466e-07 2.7107698364470889e-07 -9.6850495785755861e-07 0.019140624973517005 -0.00063344930763952986 -0.0028256701618010081 -1.40658984027972e-07 3.8839563914293694e-07 -1.0403610185392589e-06 0.019140624967696588 -0.00040546091535271443 -0.0020370920574327806 -1.0253313154452667e-07 5.7560152362522949e-07 -1.075985607073155e-06 0.01914062496096549 -0.00016916757738271414 -0.0012399368404721258 -6.1606553128575337e-08 8.171293350649439e-07 -1.0559249883155515e-06 0.019140624953246858 -2.5508996751979318e-05 -0.00041746288338065699 -2.027456175202287e-08 1.0795419323993575e-06 -9.7258012112010208e-07 0.01914062494463872 ]
[ 5.711963660525542e-06 2.0381587442257721e-05 0.11988153022709644 0.0071301451028768104 -0.079166205695744063 1.3119667407348867e-05 0.00059642825167389492 -0.0033062306746958446 5.4592846355307361e-07 1.8529691406722556e-07 8.977045503792177e-07 0.0052448169489574563 0.0010667479864370506 -0.0029535086392243944 4.892425968507069e-07 7.4110159780515305e-08 8.9441907048361674e-07 0.0052448169523314084 0.001347637024584005 -0.0026045176421143536 4.3299583279336308e-07 8.3265374598933296e-09 8.757889628974434e-07 0.0052448169560464202 0.0014391072359842896 -0.0023255971679570784 3.7827181220775825e-07 -9.274117949706769e-12 8.5290627278143089e-07 0.0052448169598320474 0.0013670194492512631 -0.0021425147536026511 3.2554777346123355e-07 5.0695342837816052e-08 8.2868852730087425e-07 0.0052448169634218712 0.0011643179047612826 -0.0020357420770455558 2.7527417250176606e-07 1.5281912177799458e-07 7.9514676654002971e-07 0.005244816966551112 0.00086976658838730796 -0.0019555606066202456 2.2840882633732038e-07 2.8915960021464361e-07 7.3888108374574339e-07 0.0052448169689589576 0.00053523708127133291 -0.0018488325574562042 1.8645937599782143e-07 4.3448347835411459e-07 6.5195282457577905e-07 0.0052448169704279292 0.00022232741543080749 -0.0016861304480552185 1.5091915711461705e-07 5.6308185433222537e-07 5.4094334170051612e-07 0.0052448169708509363 -1.6192919637735735e-05 -0.0014725370042694595 1.2245479889579804e-07 6.5913328653829749e-07 4.266301282151967e-07 0.005244816970277115 -0.00015486687718749195 -0.0012349906879271632 1.0042189608859096e-07 7.2099620098119994e-07 3.3458063287131991e-07 0.0052448169688991365 -0.00019857505688721891 -0.00099931412716154199 8.298118630876984e-08 7.5572668865676961e-07 2.8487300154973478e-07 0.0052448169669972681 -0.00017236338706360873 -0.00077575747542150996 6.7627628754024325e-08 7.6949403315372913e-07 2.8694569300507336e-07 0.0052448169648850089 -0.00010975391142656247 -0.00055955027670470539 5.1822357142295993e-08 7.6193475199617768e-07 3.3845191318224572e-07 0.0052448169628780024 -4.4822148343516336e-05 -0.00034090450476636575 3.357203356071384e-08 7.2829543737845342e-07 4.2546542398365521e-07 0.0052448169612695026 -5.2818558173014458e-06 -0.00011524907447621329 1.1876793529499833e-08 6.675670000025103e-07 5.2521224235989774e-07 0.0052448169602866204 ]
[ -1.6021656051519941e-05 3.4879755374529953e-06 -0.19399128135160976 -0.011456115693448938 0.12812128936395265 3.2497830212948584e-06 -0.00096162855172120937 0.0053510787967623232 1.5312667385763608e-07 -7.2970711696359258e-07 1.1022653983990575e-07 -0.0084871185573130482 -0.0017228768555364344 0.0047808187715532979 1.7820142964487174e-07 -7.7789372194378675e-07 3.4910517794021485e-08 -0.0084871185537008492 -0.0021775714572573259 0.0042164098551067926 2.0606606432459373e-07 -8.1646100117906099e-07 -7.3030573090882559e-09 -0.0084871185501667161 -0.0023255971679570779 0.0037652195631515868 2.3379345286851246e-07 -8.5321147347488198e-07 2.9603956722293268e-10 -0.0084871185465503866 -0.002208940497525578 0.0034688087514466058 2.5833090292679592e-07 -8.8862592588614954e-07 6.68822148779373e-08 -0.0084871185426139487 -0.0018807706501736178 0.0032957124114499463 2.7664726939976284e-07 -9.1229019682419985e-07 1.9244793729659866e-07 -0.0084871185381202655 -0.0014039483935339024 0.0031654577181330192 2.8596303102035191e-07 -9.0752207322648943e-07 3.6454573143726238e-07 -0.0084871185329208482 -0.00086249791948770347 0.002992124369092864 2.8427593191018424e-07 -8.6326501648601925e-07 5.5767224013061721e-07 -0.0084871185270169996 -0.00035614252718572421 0.0027282008916557593 2.7097005504216899e-07 -7.859759934404957e-07 7.4072303738878535e-07 -0.0084871185205514302 2.9748241002717525e-05 0.0023820274031722292 2.4701384844189854e-07 -7.0144099118826039e-07 8.8969942598756319e-07 -0.0084871185137194265 0.00025405069874937902 0.0019972794005914331 2.1453150736282748e-07 -6.4440377676621061e-07 9.9473347892239313e-07 -0.0084871185066530078 0.00032473430956811899 0.0016157836883848515 1.7610713413674888e-07 -6.4449061795904605e-07 1.0552992097805251e-06 -0.0084871184993578763 0.00028235856604458151 0.001254137743172293 1.3435543967414272e-07 -7.1648413394401449e-07 1.0696651753393359e-06 -0.0084871184917413856 0.00018114151662345892 0.00090461265047012097 9.1911712899189302e-08 -8.556048162260676e-07 1.0295775539048599e-06 -0.0084871184837097303 7.615366626465441e-05 0.0005513310007580533 5.1525036795842377e-08 -1.0369953788028385e-06 9.2627902497062433e-07 -0.0084871184752764259 1.2168922141923552e-05 0.00018681463918018788 1.5810177541672846e-08 -1.2228006767801193e-06 7.6441667380263642e-07 -0.0084871184666108646 ]
[ -0.041659034741305799 0.22420801966823597 -4.5798744114179206e-06 1.1976346761571739e-05 5.3002955044636553e-06 0.15053805972899229 4.9585424228586051e-07 2.5134392565885152e-07 0.0063742626515837153 -0.002642078550315681 0.0096084472752263877 -1.7404111587109812e-07 4.4245046472086081e-07 2.734984053054027e-07 0.0059645384735383189 -0.0040444697389985318 0.009112825517280862 -1.182706856534381e-07 4.0154195290136902e-07 2.6695208408191045e-07 0.0055763147680922085 -0.0049360364141508451 0.0086680248820592293 -5.9586789010754531e-08 3.782718122077582e-07 2.3379345286851246e-07 0.0052024289405104623 -0.0052449091220329843 0.0084871185636379593 3.0520069345050753e-10 3.6912549404179513e-07 1.7830955890266083e-07 0.0048287407598728337 -0.0049581943327825619 0.008655532433623464 6.0217251813477154e-08 3.6394747311246979e-07 1.0615106543410687e-07 0.004441238559153491 -0.0040876917160019271 0.0090937444248249642 1.1897285728443557e-07 3.5085616508947396e-07 2.6109387443068959e-08 0.0040323280564208601 -0.0027019912138440227 0.0095919283162203758 1.7489003993608905e-07 3.2240805445094533e-07 -4.9251857640756172e-08 0.003604703152687772 -0.00098416299924238069 0.0099143306129628045 2.2579718236834055e-07 2.7970977748347962e-07 -1.0696828816076271e-07 0.0031694333946628455 0.00077032910855152393 0.0099352201557560173 2.6975154184688373e-07 2.3102700894364915e-07 -1.3910530464929392e-07 0.0027391000199847239 0.0022455658403633355 0.00971377896969783 3.0604150326338501e-07 1.8574933947640139e-07 -1.4531326239270138e-07 0.0023203447986991834 0.0032116315351844085 0.0094437083944128204 3.3577232716331962e-07 1.4874421528869526e-07 -1.3079509153753001e-07 0.001910750010362819 0.0035565989273545527 0.0093215252517468046 3.6169729006330076e-07 1.1876842399179708e-07 -1.0275910596696569e-07 0.0015014633506892909 0.0032509668334786785 0.0094304834547919332 3.8750486709761628e-07 9.0605220465654418e-08 -6.854441481491604e-08 0.0010834225443076095 0.002320497865609482 0.0096964920324637254 4.1691199682158975e-07 5.88005092161546e-08 -3.5349446926503052e-08 0.00065369137940937173 0.0008707086481865951 0.0099271637849928911 4.5275310156121624e-07 2.0894987059908869e-08 -9.4990704044784242e-09 0.00021839127886884522 -0.00087572692901984354 0.0099244914418216545 4.9624631697630192e-07 ]
[ 0.407920329760731 -0.15813673413418791 7.4486773044609928e-06 -8.1979486865738543e-06 -2.7201110460207586e-05 -0.12853085216061005 -2.5873826824747954e-07 -1.1564082385061666e-06 -0.0054942888957859254 0.018345548083502732 -0.0053787047656287017 2.739002459958484e-07 -9.8087529512159051e-08 -1.0680682413613458e-06 -0.0053224613646161798 0.01895107278179551 -0.0025901590729224509 1.7491015155265148e-07 -1.1873814898703073e-08 -9.6159889510825711e-07 -0.005254956226998439 0.019124347555203227 -0.00068652943227495613 8.4751262906543192e-08 -9.2741179496405946e-12 -8.5321147347488219e-07 -0.0052449091220329843 0.041015622217021319 3.0535560360233048e-14 9.2176038205952087e-12 -4.7483492994711474e-08 -7.4718058423727659e-07 -0.0052359422940356356 0.019126307258145212 -0.00063776872712464395 -8.4627286828833901e-08 -1.304778400217379e-07 -6.3725479505536996e-07 -0.005171512533169084 0.018963523932074618 -0.0025003770843718427 -1.7450606784186284e-07 -2.2065519133569302e-07 -5.1614999953914179e-07 -0.0050042287619009749 0.018379013919130782 -0.0052642677650267845 -2.7313919667065191e-07 -2.9102402235490659e-07 -3.8556161097352285e-07 -0.0047057521173078428 0.017172664303224155 -0.0083929040112176358 -3.8100173928068252e-07 -3.2439447664431387e-07 -2.5877062010375524e-07 -0.0042735929452948733 0.015437271604588467 -0.011277286197427048 -4.956935993142066e-07 -3.1870810696438066e-07 -1.533938776809371e-07 -0.0037293518577949745 0.013588039112739725 -0.013461524868072231 -6.1355390568758113e-07 -2.8380795958729374e-07 -8.0891725456438635e-08 -0.0031086085565761078 0.01217296582836108 -0.014765756405068938 -7.3172660649179842e-07 -2.3270174193984386e-07 -4.1520413719802596e-08 -0.00244992509382132 0.011625648986290354 -0.015205512650389323 -8.4928371829837189e-07 -1.7509974152955493e-07 -2.639298928670218e-08 -0.0017901389960396194 0.012111711437398739 -0.014816613275258133 -9.6681349456863083e-07 -1.1681712494276255e-07 -2.2667913729617985e-08 -0.0011659979756339449 0.013484254679702174 -0.013566378535441395 -1.0849549476992811e-06 -6.2595900457935639e-08 -1.8674255377667908e-08 -0.00061601965741639876 0.015322886400888807 -0.011432979394426354 -1.2028986586528125e-06 -1.787913217465605e-08 -7.8975385121625419e-09 -0.000176252521594595 0.01707988401465901 -0.0085801182450883032 -1.3178879540435826e-06 ]
[ 0.15813673423528121 0.40792032974914455 -5.7412715744016249e-06 2.1943689904074864e-05 -4.8478279666899943e-06 0.25997304890047229 9.5834891981214165e-07 -1.4743217043001642e-07 0.010975888970034056 0.005378704768944159 0.018345548083194458 -2.2392584501814541e-07 9.3711728411240075e-07 -4.2896497512000757e-08 0.010158042975846078 0.0025901590744435588 0.018951072781717447 -1.5932362670018901e-07 8.9808454056645313e-07 8.1124440953004009e-09 0.0093242164048525367 0.00068652943270218632 0.019124347555194772 -8.269324696775026e-08 8.5290627278143068e-07 2.9603956722291944e-10 0.0084871185636379593 3.053469299849506e-14 0.027890622217021304 9.2176038201187527e-12 8.029317129345031e-07 -5.9313367805289818e-08 0.0076499962070840618 0.0006377687275518826 0.019126307258136736 8.282214843631753e-08 7.3997544000869031e-07 -1.5410909476132829e-07 0.0068158962780411197 0.0025003770858931145 0.018963523931996108 1.5978735213178722e-07 6.5475057445078726e-07 -2.5976826717800531e-07 0.0059970773557704643 0.0052642677683430372 0.018379013918819562 2.2494113398355717e-07 5.4714474968504174e-07 -3.4901219146294102e-07 0.0052171278585003171 0.0083929040169651702 0.017172664302451127 2.7309235806714234e-07 4.3026756447338745e-07 -4.008161690380432e-07 0.0045025510122017314 0.011277286206166474 0.01543727160320481 3.0134286556960222e-07 3.240217350034334e-07 -4.0817379708694792e-07 0.0038683718773989276 0.013461524880338801 0.013588039110894215 3.1035014467692466e-07 2.4349177487038315e-07 -3.7737627880758494e-07 0.0033075816335343153 0.014765756421441798 0.012172965826713915 3.0437183677728276e-07 1.9161186083145271e-07 -3.2031316245427015e-07 0.0027908969459839268 0.015205512671467962 0.011625648986168599 2.9019076385919782e-07 1.5957693060590475e-07 -2.4774939419303818e-07 0.002275588578883415 0.01481661330145739 0.012111711440840545 2.7576184874490037e-07 1.3203168200923063e-07 -1.6830474602599327e-07 0.0017185092616306178 0.01356637856664534 0.013484254689284707 2.6907283830447355e-07 9.3752802325229909e-08 -9.1006292131899893e-08 0.0010892337844475525 0.011432979429735491 0.015322886419234891 2.7701628809727338e-07 3.584064976430547e-08 -2.6094323494490316e-08 0.00037929011298355666 0.0085801182830110637 0.017079884043713699 3.0404298734899255e-07 ]
[ -4.8695817461771921e-06 8.0455863665953223e-06 0.43749999989822314 0.025872138327499829 -0.28885430697886788 5.5999743251785864e-06 0.0021699316198850807 -0.012063915040203268 2.0733701887729829e-07 -1.9840595113276592e-07 2.9277927656199802e-07 0.019140624996669405 0.0038861125177316802 -0.010777696146018447 1.3349890303960611e-07 -1.5070464989600683e-07 1.8232592844220797e-07 0.019140624998476699 0.0049111359192124445 -0.0095047704852078054 6.3858542925401543e-08 -8.1212141028806937e-08 8.6163151109266688e-08 0.019140624999572687 0.0052448169598320474 -0.0084871185465503866 3.0520069345050753e-10 9.2176038205422692e-12 9.2176038200658131e-12 0.027890624999938954 0.0049818701421889015 -0.0078187381923576788 -5.5945389669235197e-08 8.1339505532857009e-08 -8.6045458811677945e-08 0.019140624999572683 0.0042421832000995117 -0.0074283983563709945 -1.0374272809112219e-07 1.5113892069149458e-07 -1.8198659802964605e-07 0.019140624998476491 0.0031674502834431843 -0.0071347725122712872 -1.415834050049928e-07 1.9924393802472846e-07 -2.9227873974842052e-07 0.019140624996668337 0.0019470464493714472 -0.0067441335132083485 -1.6780105490406489e-07 2.2081755128960604e-07 -4.1335024242608368e-07 0.019140624994198739 0.00080573591960797811 -0.0061493098961784348 -1.8125662779246467e-07 2.2107153118794846e-07 -5.3627193302478354e-07 0.019140624991148165 -6.4053948400923704e-05 -0.0053690171201103759 -1.8196203917051478e-07 2.1640349476313441e-07 -6.5273635479145537e-07 0.019140624987589023 -0.0005696192773021933 -0.0045016310224684471 -1.7113036389922518e-07 2.3007299352430148e-07 -7.5855106366984463e-07 0.019140624983532098 -0.00072892974334313478 -0.0036413839675732591 -1.5071228842578921e-07 2.8530599338910965e-07 -8.5095308104544802e-07 0.019140624978897191 -0.00063344930618692804 -0.0028256701628086999 -1.229011065761929e-07 3.9879233550959899e-07 -9.2243076142356024e-07 0.019140624973534776 -0.00040546091427280385 -0.0020370920580986113 -8.994555723081596e-08 5.7451951188480777e-07 -9.5766010364215089e-07 0.019140624967297827 -0.00016916757670373247 -0.0012399368408063938 -5.417288234443356e-08 7.9868912173104989e-07 -9.3910044085232144e-07 0.019140624960135695 -2.55089965184508e-05 -0.00041746288346642822 -1.7855401822445704e-08 1.0409963006080047e-06 -8.6079455587211489e-07 0.019140624952153427 ]
[ 4.3542230448995108e-06 1.9598240368842883e-05 0.11387131725029118 0.0067752196176928559 -0.075196661097519962 1.2682929562874923e-05 0.00056663508273997038 -0.0031404395444757705 5.2805782942845414e-07 1.2847714373008656e-07 8.591245815149563e-07 0.0049818701312645732 0.0010133692227949375 -0.0028053852992542868 4.7409568768925232e-07 2.2413856724428182e-08 8.4885912597459367e-07 0.0049818701346905515 0.001280170513066528 -0.0024738808488649284 4.2081549333016988e-07 -3.9783993010049591e-08 8.2637612874210616e-07 0.0049818701384140513 0.0013670194492512631 -0.002208940497525578 3.6912549404179513e-07 -4.7483492994711501e-08 8.029317129345031e-07 0.0049818701421889015 0.0012986160548932753 -0.0020350400450541181 3.1933789784814388e-07 4.7418722682319245e-10 7.8151537446945237e-07 0.0049818701457774615 0.0011060472744621622 -0.0019336301157244929 2.7173913784598518e-07 9.7179733853376216e-08 7.5433641934920193e-07 0.0049818701489437378 0.00082626949436750443 -0.0018574841093178054 2.2711680899290502e-07 2.2709284299941692e-07 7.0796721322477195e-07 0.0049818701514509492 0.00050851595849999852 -0.001756126299734678 1.8682376761913376e-07 3.6694384877018229e-07 6.3361175148453855e-07 0.0049818701530956579 0.00021129493502514279 -0.0016016012237138719 1.5226231910924757e-07 4.9231213355666709e-07 5.3597594854015178e-07 0.0049818701537712815 -1.5269132473621817e-05 -0.0013987331516694713 1.2411360475934898e-07 5.8731145729537863e-07 4.3350838123525734e-07 0.0049818701535151635 -0.00014699336909177786 -0.0011731072820725145 1.0185644506296363e-07 6.4909113185877767e-07 3.4984201621680642e-07 0.0049818701525016287 -0.00018851149439181119 -0.00094925026778701317 8.3850498778959033e-08 6.8327218397199813e-07 3.0392348273710122e-07 0.0049818701509920325 -0.00016361283168348442 -0.00073689799994647548 6.7823811843550863e-08 6.9529030548992653e-07 3.0474446385801812e-07 0.0049818701492826186 -0.00010413964466637523 -0.0005315195155700781 5.1472235196800255e-08 6.851769084438495e-07 3.5005013387245261e-07 0.0049818701476717821 -4.2461238009400063e-05 -0.00032381880019918347 3.3009396563980677e-08 6.4946782640956272e-07 4.2671675168688254e-07 0.0049818701464334663 -4.904110998301296e-06 -0.00010945657174867104 1.1578192399147616e-08 5.8850138003893904e-07 5.1372457802167648e-07 0.0049818701457748837 ]
[ -1.4424487294598672e-05 1.6225274572694838e-06 -0.1787140160572826 -0.010554045643854787 0.11803514823360794 1.92347077393637e-06 -0.00088591723828876292 0.0049298299009745737 9.5739081251687433e-08 -6.5176006281901217e-07 3.3520967401561471e-08 -0.0078187382010198748 -0.0015872392341605829 0.0044044746127659268 1.2173464466249113e-07 -6.8624224449677521e-07 -3.2090506940683392e-08 -0.0078187381980941162 -0.00200614100311239 0.0038845092218929276 1.501385085597458e-07 -7.1549453443965758e-07 -6.7656400205414028e-08 -0.0078187381952598035 -0.0021425147536026511 0.0034688087514466062 1.7830955890266083e-07 -7.4718058423727659e-07 -5.9313367805289778e-08 -0.0078187381923576788 -0.0020350400450541181 0.00319582704995871 2.035397706690732e-07 -7.8182053129546967e-07 7.7944932225497924e-10 -0.0078187381891607829 -0.0017326992659743975 0.0030363236369000957 2.2314192709331098e-07 -8.0974992153762313e-07 1.1318389039221563e-07 -0.00781873818544296 -0.0012934043654295819 0.0029163314545447377 2.3461336593550671e-07 -8.1514752074113206e-07 2.6793995448672048e-07 -0.0078187381810559762 -0.00079456595286717189 0.0027566495256265808 2.360935451024734e-07 -7.8656329392880144e-07 4.4326439277379102e-07 -0.0078187381759858322 -0.0003280589450221971 0.0025135067111760226 2.2693756726153062e-07 -7.2786155371001079e-07 6.1144917268473757e-07 -0.0078187381703501112 2.7465226382423169e-05 0.0021945880445573903 2.0794700167134932e-07 -6.6053587025243981e-07 7.5001804499584429e-07 -0.0078187381643233349 0.00023411823207935219 0.0018401331509273627 1.8102840564476115e-07 -6.1492197774070631e-07 8.4853920950884407e-07 -0.0078187381580345893 0.00029924059813433957 0.0014886783105200986 1.4857534153087947e-07 -6.174815399929265e-07 9.05146768120568e-07 -0.0078187381515083566 0.00026019739017751838 0.0011555153213470191 1.1305494124380587e-07 -6.8160845203875972e-07 9.1765735510774663e-07 -0.0078187381446852451 0.00016693709363869806 0.00083352268423249104 7.695477818436558e-08 -8.0309594224205119e-07 8.7899077266913639e-07 -0.0078187381375050009 7.0194513454796366e-05 0.00050807002070860541 4.2824048879500847e-08 -9.5982936224585142e-07 7.824323639071745e-07 -0.007818738129999888 1.122060930875797e-05 0.00017226437105740964 1.3024853682962409e-08 -1.1185557563611424e-06 6.3363617319552611e-07 -0.0078187381223342213 ]
[ -0.048384105768424661 0.20629338715598999 -5.6110068999758962e-06 1.0936646055000089e-05 6.348701429883556e-06 0.13910782704300975 4.4743652961265115e-07 2.9271375808471526e-07 0.0058916540775100119 -0.0028687238796488699 0.008803578018315052 -2.2036951148432852e-07 3.8999162409585721e-07 3.0655682272656609e-07 0.0055177791999860394 -0.0041488732963691991 0.0082827797618571369 -1.6747085773588715e-07 3.4781738855765706e-07 2.940878616665409e-07 0.0051660548395989847 -0.0049571028346826404 0.0078312926845604501 -1.1218065658739537e-07 3.255477734612335e-07 2.5833090292679592e-07 0.0048287407598728337 -0.0052359422940356356 0.0076499962070840618 -5.5945389669235197e-08 3.1933789784814388e-07 2.0353977066907317e-07 0.0044917561431784651 -0.0049771272678343498 0.0078187373712612362 3.0515682601661576e-10 3.1904907201025451e-07 1.344323293754509e-07 0.0041407200521466564 -0.0041881627920079753 0.0082631961749675322 5.5652554378812138e-08 3.1280272405796472e-07 5.8206495246854532e-08 0.0037676992725874481 -0.0029236159210388811 0.0087856490304674597 1.0867400496004535e-07 2.9261622128846288e-07 -1.4337598887840672e-08 0.003374325583048148 -0.0013431849367965243 0.0091593458089811904 1.5742470490908066e-07 2.5837006131610059e-07 -7.1476499364877357e-08 0.0029705105679468085 0.00028434464304369844 0.0092547821589643326 2.000897879396234e-07 2.1689454682574614e-07 -1.0553530860732737e-07 0.0025681682189517066 0.0016631865578688417 0.0091131946035004126 2.3593059846071961e-07 1.7664217342211831e-07 -1.1560533953887509e-07 0.0021742301714704226 0.0025715482716921934 0.0089044017993944267 2.6586752543809725e-07 1.4239859026155324e-07 -1.0609252528570783e-07 0.0017875413575812247 0.0028970263555633639 0.0088059497530727851 2.9235763083533488e-07 1.1356986391966125e-07 -8.362022640425234e-08 0.0014011009949900081 0.0026086306286852291 0.0088938320190304378 3.1874120264720191e-07 8.5967509166166568e-08 -5.5195752823339709e-08 0.0010077166553009564 0.0017334841464037567 0.0091003975972083918 3.4838553293824749e-07 5.5166188806315266e-08 -2.7722407222521179e-08 0.00060576474038339799 0.00037786129276524229 0.0092516555309353245 3.8382397469810748e-07 1.9390232097942818e-08 -7.1235075004862242e-09 0.00020172031307637685 -0.0012429802206444507 0.0091734767144294599 4.260812980568265e-07 ]
[ 0.41288439516824915 -0.14442649273454972 9.110777579814474e-06 -7.3507174582744304e-06 -2.8569661796429934e-05 -0.11977238062270018 -2.1739220979218675e-07 -1.211716347010437e-06 -0.0051244613531888925 0.018511047087545279 -0.0047634053942440437 3.4756414161296213e-07 -5.0276876144628898e-08 -1.1144940288331171e-06 -0.0049800130943922025 0.019023204115956191 -0.0019567690257680961 2.5080063695178326e-07 3.8927186373562826e-08 -1.0009959237855072e-06 -0.00494034168360154 0.019132920042838675 -4.8789534681882791e-05 1.6326251371628635e-07 5.0695342837816066e-08 -8.8862592588614954e-07 -0.004958194332782561 0.019126307258145212 0.0006377687275518826 8.1339505532857009e-08 4.7418722682323215e-10 -7.8182053129546967e-07 -0.0049771272678343498 0.041008253566006014 3.0529399903290883e-14 -4.74359961655656e-10 -8.7698789911239182e-08 -6.7347697928032028e-07 -0.0049405380420138372 0.019032654404659528 -0.0018666393108431622 -8.7721428670971682e-08 -1.8521502862213885e-07 -5.5473569853302954e-07 -0.0048006625628881083 0.018540674836347221 -0.0046479388944629342 -1.8410985651283809e-07 -2.6430226573557258e-07 -4.2555874219620771e-07 -0.0045283971916664422 0.017439474111800503 -0.0078144310557960693 -2.9028732367403125e-07 -3.0639164634601076e-07 -2.980612421239067e-07 -0.004120371044307152 0.015801487381084261 -0.01075447963461712 -4.0395209592479697e-07 -3.0794546222618316e-07 -1.8969294262504756e-07 -0.0035976679404732892 0.014026417097257311 -0.012998701484660454 -5.2142413247078724e-07 -2.7790287377899112e-07 -1.1253324488854805e-07 -0.0029960745075308694 0.012655859335816606 -0.014349108086687316 -6.3970765207574e-07 -2.2924044745621394e-07 -6.7634769854379309e-08 -0.0023550996833400428 0.01212360457497339 -0.014806772134377266 -7.5764936057421387e-07 -1.7234323214385832e-07 -4.663479141180751e-08 -0.0017129771895064796 0.012596345316462103 -0.014401967928912733 -8.7557201212661739e-07 -1.1405327624468552e-07 -3.6914663824032792e-08 -0.0011078649296877652 0.013926204026756105 -0.01310693484923256 -9.9384798816419133e-07 -6.0144033025479346e-08 -2.6961221050521121e-08 -0.00057926549507196295 0.015692375450865458 -0.010913867726352626 -1.1114388138990748e-06 -1.6779933918413255e-08 -1.0534931185002599e-08 -0.00016348269540534871 0.017353001226180869 -0.0080045967308082569 -1.2254415765762054e-06 ]
[ 0.1444264928990131 0.41288439513466113 -7.9521257963796127e-06 2.2084117012775311e-05 -2.6391963365041518e-06 0.26406128872400925 9.5649759001712469e-07 -5.4552020484392828e-08 0.011150750904018274 0.0047634054000320267 0.01851104708654451 -3.1893913882430146e-07 9.2221314361080686e-07 4.1179255156213071e-08 0.010327791241810489 0.001956769029099466 0.019023204115592305 -2.51086868988994e-07 8.757285325278327e-07 8.2879523382547424e-08 0.0094923389939570481 4.8789536205425198e-05 0.019132920042754215 -1.7150969065279947e-07 8.2868852730087425e-07 6.6882214877937274e-08 0.008655532433623464 -0.00063776872712464482 0.01912630725813674 -8.6045458811677892e-08 7.8151537446945237e-07 7.7944932225497924e-10 0.007818737371261238 3.0530267265028871e-14 0.027883253566006003 -4.7435996165629128e-10 7.2469713055364465e-07 -9.9363056509167233e-08 0.006983114441766896 0.0018666393112698977 0.019032654404652263 7.9428058704960336e-08 6.4737262088453229e-07 -2.1029855299494998e-07 0.0061593339777899717 0.0046479388959785404 0.018540674836286384 1.4781958543111784e-07 5.4767878923793568e-07 -3.0558323452593371e-07 0.0053700225005154575 0.0078144310590901999 0.017439474111590386 1.9952879593518241e-07 4.3713214326013164e-07 -3.642474340530456e-07 0.0046415804588892436 0.010754479640322953 0.015801487380661231 2.3157972727825946e-07 3.3468679199431736e-07 -3.7861884946897704e-07 0.0039897414124332254 0.012998701493365421 0.014026417096757523 2.4450739508576398e-07 2.5532715202868105e-07 -3.5415983031980402e-07 0.0034086873039794866 0.014349108098963533 0.012655859335771352 2.4247109239900272e-07 2.0249941457247766e-07 -3.0231883514140228e-07 0.0028704415934561202 0.014806772150755005 0.012123604576468118 2.3221764788229026e-07 1.6813986385051666e-07 -2.3398075326713144e-07 0.0023335344340386509 0.014401967949721487 0.012596345321193534 2.2171563570513555e-07 1.3764821605630361e-07 -1.5826500998563366e-07 0.0017560752641853892 0.0131069348743338 0.013926204036892089 2.1896812083251964e-07 9.6528952728329487e-08 -8.4741366949294873e-08 0.0011089450423344769 0.010913867754954896 0.015692375468625903 2.3083553401680987e-07 3.6524266728530029e-08 -2.3934788719773861e-08 0.00038487921161925231 0.0080045967616569069 0.017353001253227186 2.6167348299328088e-07 ]
[ -5.9891474592945526e-06 1.0509728749980614e-05 0.43749999983207466 0.025872138458195207 -0.28885430687403629 7.2931027818237619e-06 0.0021699316251340018 -0.012063915035496855 2.7911958294083787e-07 -2.5625552065377163e-07 3.9593597396423842e-07 0.019140624994123175 0.0038861125221455314 -0.010777696141274993 2.0098322097550661e-07 -2.2329653721376989e-07 2.7577199665185181e-07 0.019140624996647686 0.0049111359230565822 -0.0095047704807388039 1.2743676940010987e-07 -1.6280637524270754e-07 1.7194138255850001e-07 0.019140624998473885 0.0052448169634218703 -0.0084871185426139487 6.0217251813477102e-08 -8.4627286828833901e-08 8.282214843631753e-08 0.019140624999572683 0.0049818701457774615 -0.0078187381891607812 3.0515682601661576e-10 -4.74359961655656e-10 -4.7435996165634422e-10 0.027890624999938961 0.0042421832037968293 -0.0074283983540777794 -5.1385856974340637e-08 7.8103529946416469e-08 -8.8883659589621723e-08 0.01914062499957319 0.0031674502871910865 -0.0071347725109763352 -9.3508897725692239e-08 1.4075127055387377e-07 -1.8948327112365451e-07 0.019140624998483069 0.0019470464529882982 -0.0067441335128844296 -1.2442085288794765e-07 1.811953650271774e-07 -3.0193982459257553e-07 0.019140624996698743 0.00080573592288855152 -0.0061493098966506786 -1.4287901365119675e-07 2.0160238437147808e-07 -4.1961554831384799e-07 0.019140624994277548 -6.4053945588528693e-05 -0.0053690171210953415 -1.4873477463244259e-07 2.1456155862017468e-07 -5.3442245011413159e-07 0.019140624991278537 -0.00056961927498286357 -0.0045016310236573555 -1.4307420747476251e-07 2.4013109334263718e-07 -6.4059246445896082e-07 0.019140624987718284 -0.00072892974147120064 -0.0036413839687058354 -1.2780417985462423e-07 2.9968686220044522e-07 -7.3341795188310622e-07 0.019140624983541837 -0.00063344930471012791 -0.0028256701637098254 -1.0513996679449299e-07 4.0934132661929271e-07 -8.0451230236238466e-07 0.019140624978636691 -0.000405460913177258 -0.0020370920586875764 -7.7354494163354907e-08 5.7359014756784585e-07 -8.393315831460025e-07 0.019140624972893202 -0.00016916757601808063 -0.0012399368410938364 -4.673632197959391e-08 7.8039938149222287e-07 -8.222505015257028e-07 0.019140624966286959 -2.5508996283837761e-05 -0.00041746288353641678 -1.5435024747003442e-08 1.0025943652237416e-06 -7.4895772800570595e-07 0.01914062495893009 ]
[ 2.2535278215479216e-06 1.8631301376645755e-05 0.096964187135857888 0.0057765861266144171 -0.06402982012982196 1.2168844003948556e-05 0.00048281509691883889 -0.0026740480266974837 5.0777211369409002e-07 3.8906739529767339e-08 8.1079148193886375e-07 0.0042421831888504909 0.0008631999998793238 -0.0023886960217080581 4.586091011126752e-07 -6.2453643165440794e-08 7.9071166359845055e-07 0.0042421831924233638 0.001090370723101215 -0.0021063835499095488 4.1047082913591182e-07 -1.2182706589314894e-07 7.6312077845921641e-07 0.0042421831962433923 0.0011643179047612826 -0.001880770650173618 3.6394747311246974e-07 -1.3047784002173792e-07 7.3997544000869041e-07 0.0042421832000995125 0.0011060472744621622 -0.0017326992659743975 3.1904907201025456e-07 -8.7698789911239221e-08 7.2469713055364465e-07 0.0042421832037968293 0.00094215186325398957 -0.0016463739685631915 2.7576235068595399e-07 8.888446904433349e-10 7.0983751747520264e-07 0.0042421832071420354 0.00070389938942153692 -0.0015815784319526667 2.3457094163562632e-07 1.2238660039955031e-07 6.8163733024200267e-07 0.0042421832099324977 0.00043333967155144822 -0.0014953258939388208 1.965627916393339e-07 2.5634416600008587e-07 6.2949430473289542e-07 0.0042421832119819624 0.00018025398862501411 -0.001363802133310244 1.6299818977967589e-07 3.7974022520577745e-07 5.5482343877619332e-07 0.004242183213179861 -1.2674335288947003e-05 -0.0011911045112704937 1.3460298233307346e-07 4.7575400507114873e-07 4.7240987003290743e-07 0.0042421832135427027 -0.00012484717080785956 -0.00099901132517721627 1.1108023486515026e-07 5.3885141833366544e-07 4.0314221995461301e-07 0.0042421832132180084 -0.00016020401928022691 -0.00080840339787539644 9.1128577515020115e-08 5.7182475778960273e-07 3.645015332121661e-07 0.0042421832124439002 -0.00013899938351053635 -0.00062756988409407184 7.28611635211123e-08 5.7862878029393765e-07 3.6479976646586524e-07 0.0042421832114987864 -8.8350111703527199e-05 -0.00045265360420861556 5.4362079688882423e-08 5.5988524341381082e-07 4.0153136786040427e-07 0.0042421832106632395 -3.5825554360194024e-05 -0.00027574277021841107 3.4202041364214526e-08 5.1455784318584695e-07 4.6218281179432538e-07 0.0042421832101869816 -3.8493502980990629e-06 -9.315026879463034e-05 1.1795971747040348e-08 4.4599252236103718e-07 5.280154874091523e-07 0.0042421832102465728 ]
[ -1.29642745958866e-05 -1.1418520620935334e-06 -0.16979196259413615 -0.010030532464174777 0.11214565763858349 1.1682724987928963e-08 -0.00084184835237983188 0.0046838440188992723 1.4042073157050602e-08 -5.7708535206943941e-07 -8.225671982619462e-08 -0.0074283983624178346 -0.0015081753364800368 0.0041846912824956162 4.357002625302342e-08 -5.9330662674122318e-07 -1.3710485763263395e-07 -0.0074283983603436743 -0.0019061735981949312 0.0036906663302556666 7.5071806075900078e-08 -6.1071868833502224e-07 -1.6455733990174505e-07 -0.0074283983583843189 -0.0020357420770455558 0.0032957124114499463 1.0615106543410685e-07 -6.3725479505536996e-07 -1.5410909476132829e-07 -0.0074283983563709945 -0.0019336301157244927 0.0030363236369000952 1.344323293754509e-07 -6.7347697928032049e-07 -9.9363056509167233e-08 -0.0074283983540777785 -0.0016463739685631913 0.0028848862924363218 1.5756154102583611e-07 -7.1014256567514446e-07 1.1939749168869758e-09 -0.0074283983512796687 -0.0012289930437872853 0.0027708657439396416 1.732781943929288e-07 -7.3160447330443692e-07 1.4072249885129293e-07 -0.007428398347818695 -0.00075503357134486238 0.0026191816920756892 1.7980166655087486e-07 -7.2500331466322235e-07 3.0158454269844419e-07 -0.0074283983436568479 -0.0003117871767132012 0.0023881988185247153 1.7639330646588973e-07 -6.905480482866817e-07 4.5929210141312246e-07 -0.0074283983388819339 2.6015277670417415e-05 0.0020852156977474801 1.6365593759607464e-07 -6.4475546927156097e-07 5.9210020176792346e-07 -0.0074283983336492273 0.00022237081742559501 0.0017484635340163695 1.4330172309301856e-07 -6.1344899328602299e-07 6.8798148557726469e-07 -0.0074283983280922792 0.00028424927553909478 0.0014145566844412168 1.1760799449453363e-07 -6.2020338217967019e-07 7.4288976546716784e-07 -0.0074283983222654705 0.0002471488267016823 0.0010980245648729229 8.8997215365767883e-08 -6.7729839050985088e-07 7.5376888409816358e-07 -0.0074283983161552349 0.00015852566511401542 0.00079210027601843685 5.9913746686437216e-08 -7.8112772466902708e-07 7.1476636162629772e-07 -0.0074283983097475472 6.6585800372979807e-05 0.00048288188547456574 3.278878644016911e-08 -9.1216435535799626e-07 6.2173265441434415e-07 -0.0074283983031051912 1.0526892835919447e-05 0.00016381990888879392 9.7729946561634055e-09 -1.0417296947295182e-06 4.8221579535082573e-07 -0.0074283982963965515 ]
[ -0.053902193324555731 0.18798494208691668 -6.4282457267139393e-06 9.888065676816532e-06 7.1899452835275343e-06 0.12734620762305898 3.9937806906774358e-07 3.2538114287896295e-07 0.0053948581096002332 -0.0030413607951660275 0.0079860200072513141 -2.5748637404995693e-07 3.3911219250345662e-07 3.3175322629469991e-07 0.005057201286439105 -0.0041979541671385671 0.0074482211137737288 -2.077361348740099e-07 2.9636862989241396e-07 3.1424030622033655e-07 0.0047420402111411613 -0.0049226450733289469 0.0069955910188211901 -1.5608877820542903e-07 2.7527417250176601e-07 2.7664726939976278e-07 0.004441238559153491 -0.005171512533169084 0.0068158962780411197 -1.0374272809112216e-07 2.7173913784598513e-07 2.2314192709331098e-07 0.0041407200521466564 -0.0049405380420138381 0.0069831144417668951 -5.1385856974340637e-08 2.7576235068595399e-07 1.5756154102583611e-07 0.0038263363062941494 -0.0042332892792871484 0.0074283971556962829 3.0504819994124427e-10 2.7561149120662e-07 8.5615556327148617e-08 0.0034895169338823428 -0.0030911533121124293 0.0079670178738006081 5.0155250064759476e-08 2.6292666098446467e-07 1.6425564635248609e-08 0.0031311361820242846 -0.001651121112236366 0.0083827529330396441 9.6444562407571304e-08 2.3651337978067916e-07 -3.9513760725930597e-08 0.0027599153220383777 -0.00015512716835389145 0.0085441041140227568 1.374924924050558e-07 2.0186067140063606e-07 -7.4845455907280034e-08 0.0023870408810402768 0.0011223063957839937 0.0084757490117709552 1.7254405574921375e-07 1.6649872861570177e-07 -8.8179461173844423e-08 0.0020196301553356655 0.0019690696800214137 0.0083242313156791248 2.0234371799008779e-07 1.3508622656105487e-07 -8.3168961989758501e-08 0.0016576743659466003 0.0022735419602004196 0.0082481496786210081 2.2905608656592056e-07 1.0760858375714341e-07 -6.5844832883518949e-08 0.0012959107628804469 0.0020037296322821091 0.0083161596563384021 2.5567281390945001e-07 8.0832300059534698e-08 -4.2839048330610564e-08 0.00092890346926575626 0.0011876853732852646 0.0084671217182320062 2.8521095527314978e-07 5.1289811441776043e-08 -2.071160756239775e-08 0.00055622508549731705 -6.8780272264437994e-05 0.0085454380211146767 3.199062281068624e-07 1.7827333376577e-08 -4.959603620812002e-09 0.00018459852050538858 -0.0015593870327853341 0.0084002967818894332 3.6059872770951993e-07 ]
[ 0.42480376602094755 -0.10338614248157048 1.0084132596820167e-05 -5.0512714023270975e-06 -2.9863420154171317e-05 -0.093380832421881388 -1.1402017092107065e-07 -1.2602209682055572e-06 -0.0040096511380760935 0.018878436978554614 -0.0029324233983139469 3.9324269973036913e-07 5.5921064434159822e-08 -1.1488870398025762e-06 -0.003946250267875772 0.019114085867404335 -9.0577797529165711e-05 3.036076241874997e-07 1.4433143879782081e-07 -1.0266887652131822e-06 -0.003988294124148797 0.019037082539266705 0.0018180737652375711 2.2429330621043113e-07 1.5281912177799458e-07 -9.1229019682420006e-07 -0.0040876917160019271 0.018963523932074618 0.0025003770858931136 1.5113892069149453e-07 9.717973385337623e-08 -8.0974992153762313e-07 -0.0041881627920079753 0.019032654404659531 0.0018666393112698977 7.8103529946416469e-08 8.8884469044336137e-10 -7.1014256567514446e-07 -0.0042332892792871484 0.040989693418448929 3.0517154453432301e-14 -8.8953339392199285e-10 -1.0807299979135979e-07 -6.0164237469071616e-07 -0.0041745172231491719 0.018896644045018091 -0.0028146735208955491 -9.0098894341189058e-08 -2.0148344414549898e-07 -4.8083599480588137e-07 -0.0039806885640923063 0.018110156058802711 -0.0060719499343313069 -1.906733516054766e-07 -2.588244778562173e-07 -3.5728884349136623e-07 -0.0036458745150157739 0.016767612564240739 -0.0091563421817090242 -3.0061360785931868e-07 -2.7393742031581834e-07 -2.4768728331934593e-07 -0.003189513075378105 0.015220821454254914 -0.011561940095396222 -4.1620677519308872e-07 -2.5387176375969572e-07 -1.6498419750642114e-07 -0.0026477703223646855 0.013989215440376988 -0.013038958056193239 -5.3406704321037756e-07 -2.1127344787315721e-07 -1.1173065067848015e-07 -0.0020626768529700985 0.013504408861544677 -0.013546142539179823 -6.5238896127178976e-07 -1.5763531023135147e-07 -8.0823415451964358e-08 -0.0014763111591578266 0.013935171340123495 -0.013097346156114171 -7.707161728372496e-07 -1.0169011514842613e-07 -6.0528421477476552e-08 -0.00093071735848833923 0.015131694530813715 -0.011679381171280692 -8.8863832278598034e-07 -5.1105316184392807e-08 -4.0179969054366234e-08 -0.00046803119704656612 0.016674624223959933 -0.0093255371945188195 -1.0044530931423467e-06 -1.3233182629225162e-08 -1.4529380045731172e-08 -0.00012507433559385661 0.018042690392166182 -0.0062695520426711438 -1.1148479012529515e-06 ]
[ 0.10338614272059231 0.42480376594464309 -1.0821060790309708e-05 2.2565570748805322e-05 1.4968701843422998e-06 0.27435789031931884 9.6264897160757925e-07 1.1970297122784691e-07 0.011592064492724746 0.0029324234071369873 0.018878436976120884 -4.3962862835402539e-07 9.0430972177563746e-07 1.9950166580879482e-07 0.010759339437565973 9.0577803335330939e-05 0.019114085866317264 -3.6269287047552949e-07 8.4462964601830809e-07 2.2402700762596547e-07 0.0099244095048040843 -0.0018180737619058749 0.019037082538901788 -2.749938793002044e-07 7.9514676654002971e-07 1.9244793729659863e-07 0.0090937444248249642 -0.0025003770843718427 0.018963523931996108 -1.819865980296461e-07 7.5433641934920193e-07 1.131838903922156e-07 0.0082631961749675322 -0.0018666393108431622 0.019032654404652259 -8.8883659589621723e-08 7.0983751747520264e-07 1.1939749168870023e-09 0.0074283971556962829 3.0517154453432301e-14 0.027864693418448924 -8.89533393922734e-10 6.4740010547551296e-07 -1.2209962349068036e-07 0.0065953017343960219 0.0028146735213215581 0.018896644045013129 7.6546053600932404e-08 5.6158626845890287e-07 -2.3129114473544212e-07 0.0057835781164973432 0.0060719499358411356 0.018110156058769106 1.3834205516817675e-07 4.610016417479512e-07 -3.0483451585848343e-07 0.0050191590789024432 0.0091563421849872803 0.016767612564164334 1.8131359835725192e-07 3.632662387331994e-07 -3.3330888491758538e-07 0.0043197523933899045 0.011561940101084316 0.015220821454244509 2.0563386117317451e-07 2.837293653456601e-07 -3.2051477335643957e-07 0.0036830619347507638 0.013038958064897294 0.013989215440830535 2.1514799957675401e-07 2.2716813310917616e-07 -2.7730225888661989e-07 0.0030851127485772571 0.013546142551447248 0.013504408863305725 2.1645485331254238e-07 1.8699708780489395e-07 -2.1514205054683465e-07 0.0024883831090216917 0.013097346172315448 0.013935171344557686 2.1751258711997296e-07 1.4992534973892646e-07 -1.4441710230968733e-07 0.0018549253907653423 0.011679381191402848 0.015131694539715902 2.2631851682180872e-07 1.0267087516212362e-07 -7.5935129852036294e-08 0.001159627525795908 0.0093255372180162215 0.016674624239217926 2.4959568872446541e-07 3.8087167737689768e-08 -2.0851858972109215e-08 0.00039880495093097502 0.0062695520686158026 0.0180426904152458 2.9139360154000797e-07 ]
[ -7.2687482864861135e-06 1.2892556624757225e-05 0.4374999997489562 0.025872138583445132 -0.28885430674925838 8.9420081629960954e-06 0.0021699316300782478 -0.012063915029968626 3.4905364795721914e-07 -3.2077287940960978e-07 4.9496098219456616e-07 0.019140624990840415 0.0038861125261517491 -0.010777696135814903 2.6682184271890467e-07 -3.0187011661643277e-07 3.6413764629597588e-07 0.019140624994089524 0.0049111359264423105 -0.0095047704756464537 1.8960555687731894e-07 -2.4984817301310378e-07 2.5206488722573819e-07 0.019140624996647218 0.005244816966551112 -0.0084871185381202655 1.1897285728443554e-07 -1.7450606784186273e-07 1.5978735213178722e-07 0.019140624998476491 0.0049818701489437378 -0.00781873818544296 5.5652554378812032e-08 -8.7721428670971682e-08 7.9428058704960336e-08 0.01914062499957319 0.0042421832071420345 -0.0074283983512796687 3.0504819994124427e-10 -8.8953339392199285e-10 -8.8953339392262812e-10 0.02789062499993894 0.0031674502906785958 -0.0071347725091885734 -4.5896011837342933e-08 7.5616610235142457e-08 -9.0861058190805746e-08 0.019140624999573957 0.0019470464564434451 -0.0067441335120910981 -8.1345734261972739e-08 1.3430574163226398e-07 -1.9347722788920884e-07 0.019140624998489744 0.00080573592609579177 -0.0061493098966950918 -1.047065304274043e-07 1.7445987466882371e-07 -3.0458681697844433e-07 0.019140624996720701 -6.4053942785395669e-05 -0.0053690171217088472 -1.1566794840885415e-07 2.0488541614787101e-07 -4.1657300829065436e-07 0.019140624994311347 -0.00056961927263847174 -0.0045016310245371473 -1.1517717069036283e-07 2.4234408934641254e-07 -5.2230879760534766e-07 0.019140624991281961 -0.00072892973956627607 -0.0036413839695903167 -1.0507773824889188e-07 3.0623817589060048e-07 -6.1527010071591777e-07 0.019140624987600503 -0.00063344930320996745 -0.0028256701644202744 -8.7583763781133558e-08 4.1204645291169558e-07 -6.862361327889523e-07 0.019140624983189226 -0.00040546091207459333 -0.0020370920591412296 -6.4969113505470025e-08 5.6482296735729879e-07 -7.2140710034547331e-07 0.019140624977973596 -0.00016916757533747651 -0.0012399368413010758 -3.9463820884176478e-08 7.5442003996951961e-07 -7.0695062768735105e-07 0.019140624971953128 -2.5508996054304981e-05 -0.00041746288358035039 -1.3082253655975184e-08 9.5689320697913729e-07 -6.3998910093422416e-07 0.019140624965244889 ]
[ -9.8985293623813508e-08 1.7108292925444673e-05 0.072398863322679113 0.0043249211000002995 -0.047804476250860102 1.1302418574439809e-05 0.00036099657231320788 -0.0019963861627435675 4.7314559474750957e-07 -6.0332807101848039e-08 7.3800846199026363e-07 0.0031674502720844479 0.00064497698316729726 -0.001783254235905498 4.3096173941931752e-07 -1.5480827581816409e-07 7.0829678136466042e-07 0.0031674502757345689 0.00081456533042443353 -0.0015724189755301954 3.9012971646798289e-07 -2.1042401773955517e-07 6.7636532489233734e-07 0.0031674502795766232 0.00086976658838730785 -0.0014039483935339024 3.5085616508947396e-07 -2.2065519133569307e-07 6.5475057445078736e-07 0.0031674502834431843 0.00082626949436750432 -0.0012934043654295817 3.1280272405796472e-07 -1.8521502862213885e-07 6.4737262088453229e-07 0.0031674502871910865 0.00070389938942153681 -0.0012289930437872853 2.7561149120662e-07 -1.0807299979135981e-07 6.4740010547551307e-07 0.0031674502906785958 0.00052610412509899313 -0.0011806843962805776 2.3940375379546844e-07 1.1711544157783848e-09 6.4101676245835019e-07 0.0031674502937451741 0.00032408310432330533 -0.0011163738348187965 2.0493527916817295e-07 1.2567045567529153e-07 6.1578301788015841e-07 0.0031674502962270802 0.00013512817233705135 -0.0010182652618571509 1.732726142766814e-07 2.443853539413091e-07 5.6933015476149459e-07 0.0031674502980108253 -8.9248614777402837e-06 -0.00088940057509052039 1.4517713964056801e-07 3.3964808746910331e-07 5.1198032140676503e-07 0.0031674502990886779 -9.2687397329672299e-05 -0.00074602697244579924 1.2061891988514967e-07 4.0283763396685154e-07 4.6109936214076664e-07 0.0031674502995751408 -0.0001190910513950827 -0.00060372788578979804 9.8718271752208259e-08 4.3333021006619986e-07 4.3215574897325045e-07 0.0031674502996782662 -0.00010325467656586466 -0.00046869030987860863 7.8075422538199479e-08 4.3320366543264605e-07 4.3247097930541166e-07 0.0031674502996522085 -6.5429040879199927e-05 -0.00033803614656844889 5.7266085113365866e-08 4.0369345050682577e-07 4.5917917689715405e-07 0.0031674502997532427 -2.6208612720002794e-05 -0.00020586499480953024 3.5308681638125131e-08 3.4661581260990657e-07 5.0055088982272465e-07 0.0031674503001994313 -2.3452995386910167e-06 -6.9437181276565623e-05 1.195333690623777e-08 2.6886987519941185e-07 5.4072301705474895e-07 0.0031674503011286308 ]
[ -1.1330963180211675e-05 -4.2707620944050704e-06 -0.16308051465171877 -0.0096400155841980979 0.10771553957425198 -2.1510740179008679e-06 -0.0008088419604496698 0.0044987997446549622 -7.8143178314889962e-08 -4.9374616509977158e-07 -2.1306733947189227e-07 -0.0071347725153991888 -0.0014488421804375057 0.0040193360722693434 -4.414489154359126e-08 -4.9001124335059349e-07 -2.5530906449537385e-07 -0.0071347725142802392 -0.0018311128076649286 0.0035448103583538468 -8.6803898155805829e-09 -4.9475258953762492e-07 -2.7314877446909524e-07 -0.0071347725132975279 -0.0019555606066202456 0.0031654577181330192 2.6109387443068965e-08 -5.1614999953914179e-07 -2.5976826717800521e-07 -0.0071347725122712872 -0.0018574841093178052 0.0029163314545447377 5.8206495246854545e-08 -5.5473569853302954e-07 -2.1029855299494993e-07 -0.0071347725109763352 -0.0015815784319526665 0.0027708657439396416 8.561555632714863e-08 -6.0164237469071626e-07 -1.2209962349068031e-07 -0.0071347725091885734 -0.0011806843962805776 0.0026614787453570067 1.0633137541480809e-07 -6.4132170481038772e-07 1.476142324545086e-09 -0.0071347725067390589 -0.00072543860498122789 0.0025157923848994628 1.1864800608767645e-07 -6.5929286870796935e-07 1.4734494031478274e-07 -0.0071347725035633561 -0.00029968417891308599 0.0022939813254740631 1.2171369526963442e-07 -6.5173596511895134e-07 2.9449669353856871e-07 -0.007134772499716854 2.4795338758353805e-05 0.0020030054368454049 1.1591141874987864e-07 -6.2977262590580729e-07 4.2190633868710434e-07 -0.007134772495334181 0.00021341172911172661 0.0016795825227319339 1.0274824976265123e-07 -6.1440933344672091e-07 5.1572380423547563e-07 -0.0071347724905541582 0.0002728528535342876 0.0013588802733946008 8.4389224030975526e-08 -6.2620687744427682e-07 5.6945349012157227e-07 -0.0071347724854639643 0.00023721128723116938 0.00105485447220627 6.3225940699715264e-08 -6.7633880054962668e-07 5.7901357157493852e-07 -0.0071347724800999634 0.0001520695697169161 0.00076100508299004001 4.1673922290752114e-08 -7.6188668346683706e-07 5.3980431726918855e-07 -0.0071347724744985222 6.3734517402833031e-05 0.00046397899273444948 2.2052880249114101e-08 -8.6607453551833229e-07 4.5040401304589479e-07 -0.0071347724687561278 9.8627391268139964e-06 0.00015748757778843631 6.2972474006963946e-09 -9.6505781896570879e-07 3.2043983338335791e-07 -0.0071347724630466802 ]
[ -0.05710203177700663 0.16915239890952308 -6.9824623929482877e-06 8.8263814664932182e-06 7.7308763256545036e-06 0.11510146578819115 3.5182194342030526e-07 3.4544043641186018e-07 0.0048773006948061078 -0.0031111219946745781 0.0071542052544054085 -2.8335357443279895e-07 2.90474288366924e-07 3.4556860153407317e-07 0.004576132326818653 -0.004143131724247252 0.0066148736710963333 -2.3723210731959168e-07 2.4812682261160342e-07 3.2428662414166995e-07 0.0042972315926418023 -0.0047848726610696772 0.0061714682337201902 -1.8965089453133717e-07 2.2840882633732038e-07 2.8596303102035191e-07 0.0040323280564208593 -0.0050042287619009749 0.0059970773557704643 -1.415834050049928e-07 2.2711680899290504e-07 2.3461336593550671e-07 0.0037676992725874481 -0.0048006625628881083 0.0061593339777899717 -9.3508897725692213e-08 2.3457094163562635e-07 1.732781943929288e-07 0.0034895169338823428 -0.0041745172231491719 0.0065953017343960219 -4.5896011837342933e-08 2.3940375379546844e-07 1.0633137541480809e-07 0.0031892754263663429 -0.0031557265163447796 0.0071347716311006334 3.0494235203727213e-10 2.3312158494209817e-07 4.1329388197059929e-08 0.0028668250793037853 -0.0018600777771511751 0.0075747698423876764 4.3591698896422433e-08 2.1367476606525143e-07 -1.2460740750672595e-08 0.0025299501382909212 -0.00050264201182632321 0.0077851508847740971 8.2428721829766813e-08 1.8533809913686303e-07 -4.8098835500728466e-08 0.0021889618382129341 0.00066518996682514919 0.0077768146714374872 1.1606489508563447e-07 1.5472683321814376e-07 -6.3831284903855367e-08 0.0018509663497313826 0.0014437920258821132 0.0076744339367625786 1.4508750718163424e-07 1.2629574545741072e-07 -6.2618439832071145e-08 0.0015168705873528573 0.0017246685231707608 0.0076179226826109748 1.7137911273877229e-07 1.0050280990255523e-07 -4.9878988485419384e-08 0.0011829177702354372 0.0014757410188538432 0.0076685382112506506 1.9758591844048495e-07 7.4962403520621177e-08 -3.1798388797018758e-08 0.00084519665876613972 0.00072517634809019709 0.0077717107922429425 2.2637768598701871e-07 4.7062512633519108e-08 -1.451922636353231e-08 0.00050424478351913905 -0.0004239552307516694 0.0077900173741605469 2.5970234948547558e-07 1.6182392972503992e-08 -3.07678860479324e-09 0.00016683242578252629 -0.0017771634345535156 0.0075946465488016248 2.9823369596722894e-07 ]
[ 0.43518164854688224 -0.039653642584335277 1.0127151541658447e-05 -1.5672521928448542e-06 -3.0458728982332539e-05 -0.051915897328570042 3.7719361430539854e-08 -1.2765149162517385e-06 -0.0022569586833005115 0.019094887383885682 -0.00011908767665727789 4.006476774864547e-07 2.0400194943265001e-07 -1.1495513087624581e-06 -0.0023169013393590831 0.018909381170348245 0.0027250395212188904 3.2336403796618744e-07 2.8671933592612389e-07 -1.0200396091450808e-06 -0.0024814105416372883 0.01855220382249758 0.0046005794091703734 2.5786832853584658e-07 2.8915960021464361e-07 -9.0752207322648943e-07 -0.0027019912138440227 0.018379013919130778 0.0052642677683430363 1.9924393802472851e-07 2.2709284299941692e-07 -8.1514752074113196e-07 -0.0029236159210388811 0.018540674836347221 0.0046479388959785395 1.4075127055387383e-07 1.2238660039955031e-07 -7.3160447330443692e-07 -0.0030911533121124293 0.018896644045018091 0.0028146735213215573 7.5616610235142457e-08 1.171154415778398e-09 -6.4132170481038772e-07 -0.0031557265163447788 0.040970547870474758 3.0502911754454588e-14 -1.1725702596313299e-09 -1.0869568852096024e-07 -5.3640819324182296e-07 -0.0030836367281837666 0.018797671586687693 -0.0033359310799276746 -9.1500158146933147e-08 -1.847629658960216e-07 -4.2271849381929723e-07 -0.0028652041439310404 0.01792462544514966 -0.0065828303458064941 -1.9385864128694105e-07 -2.1757731492524391e-07 -3.1543630796356988e-07 -0.0025170375238421352 0.016749707921435979 -0.0091887544058252488 -3.0455198547134965e-07 -2.1147647016061869e-07 -2.2832022837391788e-07 -0.0020752284920343761 0.01574964495032834 -0.010830279635087314 -4.1966679743263439e-07 -1.7833061456094353e-07 -1.6586715927937821e-07 -0.0015848585405845007 0.015345052607046527 -0.011403067105139469 -5.3644653086278826e-07 -1.3083736618284548e-07 -1.2289368847251629e-07 -0.0010930512970209459 0.015704815110080841 -0.010895959769865977 -6.5326818077917697e-07 -8.0076521071585341e-08 -8.9258861224798326e-08 -0.00064695912106776531 0.016678891122929855 -0.0093179798839882338 -7.6854845379231762e-07 -3.6081102569647124e-08 -5.586713028695961e-08 -0.0002919348964688984 0.017857612142095303 -0.00676378798202611 -8.7961447013691026e-07 -7.5759430306935552e-09 -1.9105369500282087e-08 -6.4922802431176816e-05 0.018760072807667918 -0.00354121349866876 -9.8259513910491071e-07 ]
[ 0.03965364290332158 0.43518164840259704 -1.4242245212943328e-05 2.2930160572896897e-05 7.2371427940592903e-06 0.28497867219900175 9.5824142819645969e-07 3.6070333484267551e-07 0.012050257374185356 0.00011908768887295038 0.019094887379074773 -5.8263196237496067e-07 8.674638677981608e-07 4.1714218358217625e-07 0.011217695671547935 -0.0027250395123950551 0.018909381167907323 -4.9337491456370695e-07 7.9062026380381682e-07 4.1740099476491382e-07 0.010398481171832412 -0.004600579403381125 0.018552203821490781 -3.9499716459977446e-07 7.3888108374574329e-07 3.6454573143726238e-07 0.0095919283162203758 -0.0052642677650267854 0.018379013918819562 -2.9227873974842047e-07 7.0796721322477185e-07 2.6793995448672043e-07 0.0087856490304674597 -0.0046479388944629342 0.018540674836286384 -1.8948327112365451e-07 6.8163733024200267e-07 1.4072249885129293e-07 0.0079670178738006081 -0.0028146735208955487 0.018896644045013129 -9.0861058190805852e-08 6.4101676245835008e-07 1.4761423245450595e-09 0.0071347716311006334 3.0503128594889085e-14 0.027845547870474739 -1.1725702596319122e-09 5.7568227031471838e-07 -1.2609784499085627e-07 0.0063037660630968478 0.003335931080353152 0.018797671586685875 7.4728270789812966e-08 4.9006183303659332e-07 -2.1979520546929325e-07 0.0054987650958263001 0.0065828303473138292 0.017924625445148827 1.3339852301303764e-07 3.9976165424337262e-07 -2.6775734642785155e-07 0.00474013678196737 0.0091887544091030782 0.016749707921505316 1.7446265937358626e-07 3.2055755141416207e-07 -2.7137095322366063e-07 0.0040309367101115006 0.010830279640791559 0.01574964495073209 2.012234057502091e-07 2.5911887917979398e-07 -2.4054304417300641e-07 0.0033536525004618776 0.011403067113876644 0.015345052608390423 2.1993847023370254e-07 2.1105825331048377e-07 -1.8748339111921105e-07 0.0026773865881431539 0.010895959782111823 0.015704815113407121 2.3840803608655549e-07 1.6509802342729087e-07 -1.2426627497804562e-07 0.0019708153055305751 0.0093179798999312169 0.016678891129676614 2.6447776483466191e-07 1.0982144485091367e-07 -6.3314800315765277e-08 0.0012153176141549342 0.0067637880014369302 0.017857612153845921 3.0454334072699376e-07 3.9721396139047866e-08 -1.650913065461477e-08 0.00041267303901612769 0.0035412135209922329 0.018760072825722847 3.6212028428803015e-07 ]
[ -8.8325037278661964e-06 1.5095989332176065e-05 0.43749999964970077 0.025872138697941062 -0.28885430659830386 1.0489273819732412e-05 0.0021699316344687366 -0.012063915023371787 4.1472756207757817e-07 -3.9700006959670894e-07 5.8512525678033402e-07 0.019140624986858614 0.0038861125294800004 -0.010777696129438956 3.2882640661740692e-07 -3.9070970209499661e-07 4.4199350375875147e-07 0.019140624990837733 0.0049111359290965996 -0.0095047704697657706 2.4842395490165418e-07 -3.4606052317918972e-07 3.2070101093993734e-07 0.019140624994120867 0.0052448169689589567 -0.0084871185329208482 1.7489003993608899e-07 -2.7313919667065185e-07 2.2494113398355722e-07 0.019140624996668337 0.0049818701514509484 -0.0078187381810559762 1.0867400496004535e-07 -1.8410985651283814e-07 1.4781958543111789e-07 0.019140624998483066 0.0042421832099324977 -0.007428398347818695 5.0155250064759529e-08 -9.0098894341189111e-08 7.6546053600932404e-08 0.019140624999573953 0.0031674502937451736 -0.007134772506739058 3.0494235203727213e-10 -1.1725702596313828e-09 -1.1725702596319122e-09 0.027890624999939016 0.0019470464596216405 -0.0067441335106551998 -3.9337765221239049e-08 7.4382706710807686e-08 -9.1772989383236745e-08 0.019140624999574533 0.00080573592915591814 -0.0061493098961450865 -6.7357897651313157e-08 1.3329775647588759e-07 -1.9392632612661899e-07 0.019140624998492669 -6.4053940034062044e-05 -0.0053690171218006115 -8.3282548761913012e-08 1.806875843307636e-07 -3.0095166491631067e-07 0.019140624996721319 -0.00056961927029334288 -0.0045016310249796259 -8.7899413737758128e-08 2.298777843471465e-07 -4.0478348993311167e-07 0.019140624994280535 -0.00072892973764604907 -0.0036413839701227029 -8.2952999373591384e-08 2.9808914722329495e-07 -4.9734173548135069e-07 0.019140624991156589 -0.00063344930170463297 -0.0028256701648606674 -7.0613040018315299e-08 4.0006891102003342e-07 -5.6865726271841886e-07 0.019140624987301832 -0.0004054609109848936 -0.0020370920594048859 -5.3110909332330815e-08 5.4151686187579151e-07 -6.0559871507524032e-07 0.01914062498267223 -0.00016916757467980422 -0.0012399368413974954 -3.2581722422950011e-08 7.143773300993392e-07 -5.9587719934202636e-07 0.019140624977286573 -2.5508995837762787e-05 -0.00041746288358904157 -1.08829247886184e-08 8.9808554468660046e-07 -5.3763595239919267e-07 0.019140624971262881 ]
[ -2.1771895425626548e-06 1.4883421542648955e-05 0.044503918555191056 0.0026753306181647985 -0.0293794976289391 9.9562788758772614e-06 0.00022261429550663519 -0.0012268586900664577 4.1841715752550217e-07 -1.4536585493596257e-07 6.3597959781383225e-07 0.0019470464384731723 0.000397121831842811 -0.001095743595848039 3.8490897473249785e-07 -2.2943217569060392e-07 5.9965449474400192e-07 0.0019470464420088031 0.00050132260839073103 -0.00096607908109195791 3.5295848589544894e-07 -2.7941390194140931e-07 5.6588177411089579e-07 0.0019470464456816338 0.00053523708127133291 -0.00086249791948770358 3.2240805445094533e-07 -2.9102402235490659e-07 5.4714474968504174e-07 0.0019470464493714474 0.00050851595849999852 -0.00079456595286717189 2.9261622128846288e-07 -2.6430226573557264e-07 5.4767878923793568e-07 0.0019470464529882984 0.00043333967155144822 -0.00075503357134486249 2.6292666098446462e-07 -2.0148344414549893e-07 5.6158626845890287e-07 0.0019470464564434453 0.00032408310432330533 -0.00072543860498122789 2.3312158494209817e-07 -1.0869568852096022e-07 5.7568227031471838e-07 0.0019470464596216407 0.00020000362114542598 -0.00068603513677176751 2.0361363693110689e-07 1.2744372884660557e-09 5.7645197912290129e-07 0.0019470464623868543 8.384158943825607e-05 -0.00062586262964467476 1.7523852629051668e-07 1.1013761550961796e-07 5.5819675372019673e-07 0.0019470464646279349 -4.7063941578424702e-06 -0.00054676577252399567 1.4875332478299783e-07 2.0021705935378105e-07 5.2669883570527201e-07 0.0019470464663153806 -5.6203911183092781e-05 -0.0004587115085466038 1.2437570107579052e-07 2.6040522853986152e-07 4.9531475756062327e-07 0.0019470464675285697 -7.2439312390437888e-05 -0.00037126784058917514 1.0165684709147823e-07 2.8691606857238538e-07 4.7695631714370219e-07 0.0019470464684391243 -6.2700178419789976e-05 -0.00028823458048796152 7.9712613132171504e-08 2.7995302210832706e-07 4.776666543280557e-07 0.0019470464692681747 -3.9440140173485437e-05 -0.00020784550279493314 5.7639891027219272e-08 2.4122107246414876e-07 4.9430853099640869e-07 0.0019470464702388134 -1.5332205008397745e-05 -0.00012648425999274129 3.4918245881189562e-08 1.7508449311547957e-07 5.1631722483571293e-07 0.0019470464715306088 -6.8624972163076419e-07 -4.2486543848322719e-05 1.1622896984801922e-08 9.146797315763973e-08 5.3113083674785103e-07 0.0019470464732395613 ]
[ -9.3846021571694506e-06 -7.087408248133597e-06 -0.15415162316902695 -0.0091196583378730673 0.1018203561779593 -4.1261949317578793e-06 -0.00076488982820344131 0.0042525608602163876 -1.6258762589252594e-07 -3.9771013943330823e-07 -3.293256574729009e-07 -0.0067441335134902297 -0.001369857014500189 0.0037992980972321581 -1.2510952948874897e-07 -3.7586871894990954e-07 -3.5761985939591973e-07 -0.0067441335133109738 -0.0017311988808719168 0.0033507191815962448 -8.6717003135646668e-08 -3.6913385207354307e-07 -3.6524240464616559e-07 -0.0067441335132783021 -0.0018488325574562039 0.002992124369092864 -4.9251857640756172e-08 -3.8556161097352285e-07 -3.4901219146294102e-07 -0.0067441335132083493 -0.001756126299734678 0.0027566495256265804 -1.4337598887840672e-08 -4.2555874219620782e-07 -3.0558323452593371e-07 -0.0067441335128844305 -0.0014953258939388208 0.0026191816920756892 1.6425564635248582e-08 -4.8083599480588137e-07 -2.3129114473544218e-07 -0.0067441335120910981 -0.0011163738348187965 0.0025157923848994628 4.1329388197059956e-08 -5.3640819324182307e-07 -1.2609784499085627e-07 -0.0067441335106552007 -0.00068603513677176751 0.0023782247782378587 5.8785336176446374e-08 -5.7675688970734242e-07 1.5793489716629487e-09 -0.0067441335084903065 -0.00028356340982927785 0.0021685677466288726 6.7858294496291869e-08 -5.9448321453009955e-07 1.3463486780405307e-07 -0.0067441335056202742 2.318111898294784e-05 0.0018935641292551666 6.8713505033498902e-08 -5.9541578209139456e-07 2.5338762491707832e-07 -0.006744133502156348 0.0002014943905393687 0.0015878738439198692 6.2623144023594735e-08 -5.9550898932550105e-07 3.4274517086995734e-07 -0.0067441334982374888 0.00025769033962822759 0.0012847389236447101 5.1585820705381773e-08 -6.119637809313963e-07 3.9414065900137459e-07 -0.0067441334939778103 0.0002239919301638048 0.00099735151911775209 3.789623167138959e-08 -6.5465011617039005e-07 4.0262896190884252e-07 -0.0067441334894578304 0.00014348864898105893 0.00071956705072565312 2.3874427812522499e-08 -7.2141804953926747e-07 3.6483097561581318e-07 -0.0067441334847585183 5.9959475516794255e-05 0.00043876355735073674 1.1671637413323878e-08 -7.9853957670661336e-07 2.8179200194564668e-07 -0.0067441334800040099 9.0088719202143155e-06 0.00014900022140337943 2.9694027224523033e-09 -8.6728879404453048e-07 1.6469770892539915e-07 -0.0067441334753680074 ]
[ -0.057184786398689069 0.1500643371958435 -7.2316162908292596e-06 7.7687457769127465e-06 7.9000896184538244e-06 0.10250368794760506 3.0575483781146965e-07 3.4994707184494421e-07 0.0043443736097766557 -0.0030442171916130159 0.0063227788471241445 -2.961752065937473e-07 2.4542576579085855e-07 3.454299535266595e-07 0.0040792106062484904 -0.0039531556978603622 0.0058022573670746588 -2.5422981578977536e-07 2.046086500068754e-07 3.2198512569552171e-07 0.0038353396279516331 -0.0045146247691299048 0.0053814762421601874 -2.1117709469616779e-07 1.8645937599782138e-07 2.8427593191018424e-07 0.0036047031526877716 -0.0047057521173078428 0.0052171278585003171 -1.6780105490406489e-07 1.8682376761913371e-07 2.360935451024734e-07 0.003374325583048148 -0.0045283971916664422 0.0053700225005154567 -1.2442085288794765e-07 1.9656279163933392e-07 1.7980166655087486e-07 0.0031311361820242846 -0.0039806885640923063 0.0057835781164973432 -8.1345734261972739e-08 2.0493527916817295e-07 1.1864800608767645e-07 0.0028668250793037848 -0.0030836367281837666 0.0063037660630968478 -3.9337765221239049e-08 2.0361363693110686e-07 5.8785336176446387e-08 0.0025808983270787728 -0.0019342865483386875 0.0067441334855304121 3.049105844413445e-10 1.8997398656315865e-07 8.2697431068789032e-09 0.0022798365305909335 -0.00072144621971242419 0.0069802502612861103 3.6202279312643648e-08 1.6724830414360465e-07 -2.6493329339716626e-08 0.0019731768402930306 0.00032854483718711722 0.0070132065261876006 6.7633520512651539e-08 1.4115634479938001e-07 -4.3537840392867537e-08 0.0016677124492406037 0.0010319350747776696 0.0069481497112021673 9.50569676220365e-08 1.1585485512653929e-07 -4.5214466557291418e-08 0.0013649421884462381 0.0012863574183618169 0.0069070832281326704 1.2009325706702997e-07 9.2134376439424914e-08 -3.6313378032938958e-08 0.0010622759844262134 0.001060856537774231 0.0069439569472463407 1.4505527209470983e-07 6.8311877214153938e-08 -2.2492426731385154e-08 0.00075698773971820421 0.00038264019686643305 0.0070106966193352526 1.7227732191297375e-07 4.2492078438361605e-08 -9.3933992111356179e-09 0.00045025412376979083 -0.00065088739689442017 0.0069873499013916162 2.0343910208863443e-07 1.4470612994934817e-08 -1.5556985496468006e-09 0.00014862850379094322 -0.0018604476914505933 0.0067648714414563545 2.3907602441273255e-07 ]
[ 0.43532050431149338 0.036989765463138681 9.2123427260612194e-06 2.5654006796675289e-06 -2.9862322244935068e-05 -0.0013211863660552506 2.1311936629097024e-07 -1.2413269290367608e-06 -0.00011661042650760771 0.018817825639622209 0.0032185856990588103 3.6835576435726292e-07 3.6774066185382742e-07 -1.1013944449138591e-06 -0.00032106388632527881 0.018138353267631854 0.0059859392952289689 3.0787061240835285e-07 4.3979953217222785e-07 -9.6882069268147849e-07 -0.00062612101870282671 0.017459096805212307 0.0077698244223924672 2.6058286510892461e-07 4.3448347835411459e-07 -8.6326501648601935e-07 -0.00098416299924238048 0.017172664303224155 0.008392904016965172 2.2081755128960612e-07 3.6694384877018229e-07 -7.8656329392880144e-07 -0.0013431849367965243 0.017439474111800506 0.0078144310590901999 1.811953650271774e-07 2.5634416600008587e-07 -7.2500331466322235e-07 -0.001651121112236366 0.018110156058802711 0.0060719499358411356 1.3430574163226398e-07 1.2567045567529153e-07 -6.5929286870796946e-07 -0.0018600777771511756 0.018797671586687697 0.003335931080353152 7.4382706710807633e-08 1.2744372884660491e-09 -5.7675688970734231e-07 -0.0019342865483386875 0.040962218430789822 3.049669390419712e-14 -1.2762043333019754e-09 -9.3080171160585676e-08 -4.78855502681695e-07 -0.0018598924412032984 0.018795014064478647 -0.0033487684288529252 -9.1788466359013695e-08 -1.4459965952582185e-07 -3.7853795586698623e-07 -0.0016496868981477647 0.018093670967711938 -0.0061192963503853793 -1.9358130390194491e-07 -1.5443127137551701e-07 -2.8997975309040532e-07 -0.0013386647393693893 0.017395977434957185 -0.0079099228119665823 -3.0222539406879956e-07 -1.3316601701731325e-07 -2.1971126378525431e-07 -0.00097426357603425378 0.017097760568120738 -0.0085444562126247882 -4.1391398904510551e-07 -9.4431837375734643e-08 -1.6491091467869877e-07 -0.0006082696479558791 0.017363321017826071 -0.007982410015411532 -5.2568673446949316e-07 -5.1589750182836913e-08 -1.1763643631774068e-07 -0.00029257191772904943 0.01804653413933946 -0.0062588774756356389 -6.3461442319551611e-07 -1.7002226587708346e-08 -7.0963121759442554e-08 -7.5068833802092807e-05 0.018760658844053237 -0.0035386102701540521 -7.3694856482259157e-07 -6.1950550126324705e-10 -2.3343384750488757e-08 8.1826035323044862e-06 0.019086068353085434 -0.00020864855124492406 -8.2826430458481916e-07 ]
[ -0.036989765064382875 0.43532050407626516 -1.786522473949122e-05 2.2723496095341289e-05 1.3815924351061255e-05 0.28960275877966835 9.2640765423183181e-07 6.3532379064551321e-07 0.012256565814332475 -0.0032185856833104585 0.0188178256315432 -7.3435876011044528e-07 7.9985372626931997e-07 6.6259890446707563e-07 0.011447463242911928 -0.0059859392830050916 0.018138353263186986 -6.3299285118914693e-07 7.0489455743451209e-07 6.3418828110986732e-07 0.010669767108853374 -0.0077698244136038212 0.017459096803144013 -5.2470782990145434e-07 6.5195282457577894e-07 5.5767224013061721e-07 0.0099143306129628045 -0.0083929040112176376 0.017172664302451124 -4.1335024242608368e-07 6.3361175148453855e-07 4.4326439277379102e-07 0.0091593458089811904 -0.0078144310557960693 0.017439474111590383 -3.0193982459257553e-07 6.2949430473289531e-07 3.0158454269844414e-07 0.0083827529330396441 -0.0060719499343313069 0.018110156058769106 -1.9347722788920895e-07 6.157830178801583e-07 1.4734494031478269e-07 0.0075747698423876764 -0.003335931079927675 0.018797671586685875 -9.1772989383236851e-08 5.7645197912290118e-07 1.5793489716629487e-09 0.006744133485530413 3.0496693904200351e-14 0.027837218430789817 -1.2762043333025577e-09 5.1087146187409912e-07 -1.133401072963872e-07 0.0059135304590319541 0.0033487684292783878 0.018795014064480288 7.4360535094114539e-08 4.3183967164869283e-07 -1.8299847085473133e-07 0.0051059125864050172 0.0061192963518949843 0.018093670967744009 1.3412187446009724e-07 3.5520423715335613e-07 -2.0589041373405248e-07 0.0043305928825336428 0.0079099228152596807 0.017395977435161341 1.8057536231109689e-07 2.8968942635244721e-07 -1.9053567847725349e-07 0.0035782077400143305 0.0085444562183700484 0.017097760568878906 2.1939953135068663e-07 2.3362853080492985e-07 -1.4968166109158569e-07 0.0028265739197821942 0.0079824100241978474 0.017363321019867255 2.5798935403432435e-07 1.7843566877775646e-07 -9.7068437600044509e-08 0.0020530937463304434 0.0062588774878603072 0.018046534143747496 3.0379150914210626e-07 1.1521427698191867e-07 -4.6683744102174078e-08 0.0012473596590876603 0.003538610285907537 0.018760658852099762 3.626349694877755e-07 4.0546306925019763e-08 -1.0933064164392677e-08 0.00041757745363506108 0.00020864857034318414 0.019086068365887238 4.3730414894722873e-07 ]
[ -1.073342660277288e-05 1.7013319552368126e-05 0.43749999953683505 0.025872138796003395 -0.28885430641994503 1.1867582462903977e-05 0.0021699316380577025 -0.012063915015669488 4.7330091702000414e-07 -4.8685118432344938e-07 6.6158679242668077e-07 0.019140624982282223 0.0038861125318888192 -0.010777696122137453 3.8437404801219882e-07 -4.9098813313515817e-07 5.0426412806478646e-07 0.019140624986981696 0.0049111359307891372 -0.0095047704631001633 3.0149356579462484e-07 -4.5210428169942681e-07 3.7268007114155272e-07 0.019140624990965673 0.0052448169704279292 -0.0084871185270169996 2.2579718236834055e-07 -3.8100173928068252e-07 2.7309235806714234e-07 0.019140624994198739 0.0049818701530956579 -0.0078187381759858305 1.5742470490908071e-07 -2.9028732367403125e-07 1.9952879593518241e-07 0.019140624996698743 0.0042421832119819616 -0.0074283983436568488 9.6444562407571357e-08 -1.906733516054766e-07 1.3834205516817685e-07 0.019140624998489744 0.0031674502962270802 -0.0071347725035633561 4.3591698896422486e-08 -9.1500158146933147e-08 7.4728270789813072e-08 0.019140624999574533 0.0019470464623868543 -0.0067441335084903065 3.0491058444129156e-10 -1.2762043333019754e-09 -1.2762043333024519e-09 0.027890624999939016 0.00080573593196241514 -0.0061493098949017616 -3.1948184390157876e-08 7.4674362790597114e-08 -9.1540924737435038e-08 0.01914062499957454 -6.4053937414664669e-05 -0.0053690171212702979 -5.2535156720318748e-08 1.3797990544606798e-07 -1.909095255596338e-07 0.019140624998490022 -0.00056961926800797361 -0.0045016310248923172 -6.2060832205843288e-08 1.9842542125882714e-07 -2.9095149367575077e-07 0.019140624996700134 -0.00072892973575863448 -0.0036413839702247016 -6.2126076929956647e-08 2.7082733692320182e-07 -3.8240845573883402e-07 0.019140624994202982 -0.00063344930023472913 -0.0028256701649706133 -5.4800527959174571e-08 3.6908967126395066e-07 -4.5469276930169407e-07 0.019140624990974239 -0.00040546090994213793 -0.0020370920594377125 -4.2217019429754755e-08 4.9965781189707228e-07 -4.9522678304492038e-07 0.019140624986993569 -0.00016916757406938327 -0.0012399368413612219 -2.6370148662859369e-08 6.567901982739326e-07 -4.9290217874730682e-07 0.019140624982292537 -2.5508995643555097e-05 -0.00041746288355631905 -8.9355310223588549e-09 8.2342044208108928e-07 -4.4631756807334284e-07 0.019140624976984832 ]
[ -3.5636151017750145e-06 1.2188532186121702e-05 0.018416820760084534 0.0011313202363832937 -0.012148212529017292 8.2588440205917639e-06 9.3141085553607555e-05 -0.00050719053419188726 3.4860602034356017e-07 -1.9836263466524195e-07 5.1587738434812072e-07 0.00080573590979454897 0.00016526927230341726 -0.00045278581115763985 3.2419687504208033e-07 -2.6930150610384091e-07 4.7757932334138959e-07 0.0008057359130005207 0.00020832005248038471 -0.00039903751362435738 3.0137467975109449e-07 -3.1210503599687884e-07 4.4516370917574012e-07 0.00080573591629726259 0.00022232741543080749 -0.00035614252718572427 2.7970977748347957e-07 -3.2439447664431382e-07 4.3026756447338745e-07 0.00080573591960797811 0.00021129493502514279 -0.0003280589450221971 2.5837006131610059e-07 -3.0639164634601076e-07 4.3713214326013164e-07 0.00080573592288855163 0.00018025398862501411 -0.00031178717671320126 2.3651337978067908e-07 -2.5882447785621724e-07 4.610016417479512e-07 0.00080573592609579187 0.00013512817233705138 -0.00029968417891308605 2.1367476606525143e-07 -1.847629658960216e-07 4.9006183303659332e-07 0.00080573592915591824 8.384158943825607e-05 -0.0002835634098292779 1.8997398656315865e-07 -9.3080171160585663e-08 5.1087146187409901e-07 0.00080573593196241525 3.5862425787106585e-05 -0.00025885883834417093 1.6601259158930368e-07 1.1807196409858736e-09 5.1557109201998441e-07 0.00080573593441284562 -8.0734808994015389e-07 -0.00022629707098408686 1.4249425262880901e-07 8.1425055978404439e-08 5.0611749185015388e-07 0.00080573593646299246 -2.2126707259563247e-05 -0.00018997250331946841 1.1981383666170018e-07 1.3530128435128023e-07 4.9195743635041423e-07 0.00080573593816061432 -2.8851210037014388e-05 -0.00015382760862910517 9.7884983790055513e-08 1.5678766309824471e-07 4.8321741653065286e-07 0.00080573593963908043 -2.4815617663584266e-05 -0.00011942964930591043 7.6279586943082022e-08 1.4458498831994491e-07 4.8454379105193562e-07 0.00080573594108088718 -1.5181276425661675e-05 -8.6052284904731489e-05 5.4556283615292637e-08 1.0061613184425971e-07 4.9272560639456699e-07 0.00080573594267023389 -5.2117772001749844e-06 -5.2215172028628004e-05 3.2586438013256766e-08 3.0934341166220399e-08 4.9868117778901659e-07 0.00080573594454621015 8.0923363386568805e-07 -1.725903598367342e-05 1.0695383807970951e-08 -5.2773384014858297e-08 4.9312329971948187e-07 0.00080573594676656849 ]
[ -7.2617972369640711e-06 -8.9889439390211393e-06 -0.14055565471801201 -0.0083232238454566069 0.092842459981144085 -5.507537859070936e-06 -0.00069778117747812472 0.0038775713304595215 -2.2226014216963772e-07 -2.9690941455192706e-07 -4.0550893736910529e-07 -0.0061493098941415398 -0.0012493993108379951 0.0034642322363796153 -1.837240479612528e-07 -2.6202728337324545e-07 -4.2040270445104906e-07 -0.0061493098947366931 -0.0015788723894540812 0.0030551811369476985 -1.4479111191371333e-07 -2.4683284079540907e-07 -4.1887265861676116e-07 -0.0061493098954745898 -0.0016861304480552185 0.0027282008916557593 -1.0696828816076271e-07 -2.5877062010375519e-07 -4.0081616903804309e-07 -0.0061493098961784357 -0.0016016012237138719 0.0025135067111760226 -7.1476499364877357e-08 -2.980612421239067e-07 -3.642474340530456e-07 -0.0061493098966506786 -0.001363802133310244 0.0023881988185247157 -3.9513760725930597e-08 -3.5728884349136623e-07 -3.0483451585848354e-07 -0.0061493098966950918 -0.0010182652618571509 0.0022939813254740631 -1.2460740750672595e-08 -4.2271849381929723e-07 -2.1979520546929325e-07 -0.0061493098961450873 -0.00062586262964467476 0.0021685677466288726 8.2697431068789032e-09 -4.78855502681695e-07 -1.1334010729638726e-07 -0.0061493098949017616 -0.00025885883834417088 0.0019775424516446137 2.1722725235517717e-08 -5.1587607414796536e-07 1.485658205694243e-09 -0.0061493098929627284 2.0863730058806299e-05 0.0017267935341728339 2.7879264541477249e-08 -5.351149967056146e-07 1.0715530824456638e-07 -0.0061493098904145125 0.00018347530101078379 0.0014480910564277868 2.7757040998960801e-08 -5.476870017246275e-07 1.8841496259117394e-07 -0.0061493098873883446 0.00023472469969459879 0.0011717011922976507 2.311778193866637e-08 -5.6724106816992799e-07 2.355072179815478e-07 -0.0061493098840130394 0.00020398968971484374 0.00090965304965882367 1.6059589878493691e-08 -6.0212832607446274e-07 2.4303484740602549e-07 -0.0061493098803991888 0.00013056214193178683 0.00065634354335345553 8.7059254223295385e-09 -6.5095954503531894e-07 2.0870902142470943e-07 -0.0061493098766581839 5.4367774067411761e-05 0.00040026402411185368 2.9628185011168488e-09 -7.031611956897772e-07 1.3540253912003744e-07 -0.0061493098729290289 7.8809653117687219e-06 0.00013600137843898999 2.2525215464606566e-10 -7.4502041211926171e-07 3.4884221805880663e-08 -0.0061493098693759431 ]
[ -0.053878432902382457 0.13126501819302569 -7.1566531492841099e-06 6.7460191452491138e-06 7.670136940933439e-06 0.089896129771408942 2.6259936238962838e-07 3.378282353420632e-07 0.0038105600611627413 -0.0028308124790963059 0.0055164434877042322 -2.9508666865002067e-07 2.0548291019741602e-07 3.3049727235398148e-07 0.0035798092438431304 -0.0036219746030409189 0.0050362760599412977 -2.5778808220264772e-07 1.6734859337776151e-07 3.0665605113562897e-07 0.0033685916516113909 -0.0041084632514528981 0.0046520064371880013 -2.1963182083219063e-07 1.5091915711461705e-07 2.7097005504216904e-07 0.0031694333946628455 -0.0042735929452948733 0.0045025510122017323 -1.8125662779246469e-07 1.5226231910924757e-07 2.2693756726153062e-07 0.0029705105679468089 -0.0041203710443071528 0.0046415804588892436 -1.4287901365119672e-07 1.6299818977967589e-07 1.7639330646588978e-07 0.0027599153220383781 -0.0036458745150157739 0.0050191590789024441 -1.047065304274043e-07 1.7327261427668138e-07 1.2171369526963442e-07 0.0025299501382909212 -0.0028652041439310408 0.005498765095826301 -6.7357897651313157e-08 1.7523852629051668e-07 6.7858294496291869e-08 0.0022798365305909335 -0.0018598924412032984 0.005913530459031955 -3.1948184390157876e-08 1.6601259158930371e-07 2.172272523551773e-08 0.0020152968709449531 -0.0007939166485452844 0.0061493107371796167 3.049821279808973e-10 1.4799464574654806e-07 -1.0933949386776384e-08 0.0017445571781204694 0.00013277804217173893 0.0062019884063452589 2.8738891014779645e-08 1.2605353262251842e-07 -2.8100442879072785e-08 0.001474043982867984 0.00075552771630071761 0.0061603134323416986 5.3717409451318959e-08 1.0395514244089636e-07 -3.1623028315990618e-08 0.0012054349424747753 0.00098117525716000091 0.0061297510617269249 7.6628902888310986e-08 8.2663699104793935e-08 -2.5663004300996381e-08 0.00093690347210014663 0.00078116753059366431 0.0061572592262093941 9.9475991786060132e-08 6.1024180496557166e-08 -1.5278754422824181e-08 0.00066650459724886327 0.00018061564206697995 0.0062009856853300072 1.2428035110442842e-07 3.7690134580124202e-08 -5.5367302888361863e-09 0.00039568119635471048 -0.00073175292352294281 0.0061571654606976424 1.5248263179083635e-07 1.273786117979172e-08 -4.5870135586547578e-10 0.00013048901635009827 -0.0017951376590941363 0.0059335052361319859 1.8451432481183668e-07 ]
[ 0.42216653369585139 0.1127985584634858 7.6776210625089969e-06 6.6158021988395587e-06 -2.8130486355753241e-05 0.049508568449719181 3.8102440818285441e-07 -1.1588575948056352e-06 0.002035535257305909 0.017965058693223231 0.0064708173357860494 3.1003156511660879e-07 5.1790347252375133e-07 -1.0111645369993304e-06 0.0016922582716876597 0.016810468293608688 0.0090765953497015123 2.6825657686947277e-07 5.7627730010742752e-07 -8.8054026425022891e-07 0.0012554278664968538 0.015828635710913277 0.010713998597797902 2.4069088328628956e-07 5.6308185433222537e-07 -7.859759934404958e-07 0.0007703291085515235 0.015437271604588467 0.011277286206166474 2.2107153118794846e-07 4.923121335566672e-07 -7.2786155371001089e-07 0.00028434464304369844 0.015801487381084264 0.010754479640322952 2.0160238437147808e-07 3.797402252057774e-07 -6.905480482866817e-07 -0.00015512716835389145 0.016767612564240739 0.0091563421849872803 1.7445987466882366e-07 2.4438535394130905e-07 -6.5173596511895134e-07 -0.00050264201182632321 0.017924625445149663 0.0065828303473138292 1.3329775647588764e-07 1.1013761550961795e-07 -5.9448321453009945e-07 -0.00072144621971242397 0.018795014064478643 0.0033487684292783878 7.4674362790597114e-08 1.1807196409858736e-09 -5.1587607414796536e-07 -0.00079391664854528462 0.040969809702315674 3.0501147802002367e-14 -1.1821229499795146e-09 -6.6876480344690876e-08 -4.2621097590553237e-07 -0.00072862212140599578 0.018890280323795725 -0.0028511617382046173 -9.093176001825119e-08 -9.2014426753141492e-08 -3.3957371766959998e-07 -0.00055838779874866652 0.018517425242111883 -0.0047367829324584882 -1.897625685061605e-07 -8.3202854819114616e-08 -2.6426437034601691e-07 -0.00033156787766999121 0.01833509984011927 -0.0054139231595921739 -2.9292980417119928e-07 -5.4517401580288412e-08 -1.9988981093988811e-07 -0.00010304775911178205 0.018497986321200359 -0.0048138898612948445 -3.9622101707250662e-07 -2.1107425390662655e-08 -1.4097077351653712e-07 7.211329472678629e-05 0.018868354005677324 -0.0029968759790440897 -4.9544535600746738e-07 2.7988282569875038e-09 -8.3000556696824407e-08 0.00014492414739163668 0.019094287342764849 -0.00019296304336509406 -5.8588904823534371e-07 6.4021566517757718e-09 -2.6565143517276942e-08 8.1319462389158211e-05 0.018830488069427422 0.0031431122827412197 -6.6270646550579966e-07 ]
[ -0.11279855798534978 0.4221665333572549 -2.1276750712196174e-05 2.1803197326563944e-05 2.0209504156711186e-05 0.28540105465072491 8.6457379896984148e-07 9.0042832877806514e-07 0.012089390026700725 -0.006470817316402741 0.017965058681376257 -8.7825109239071741e-07 7.0471453198684504e-07 8.9665335094700708e-07 0.011328544387370227 -0.009076595333770662 0.016810468286771751 -7.6782513072867256e-07 5.9371975722230731e-07 8.393990388192118e-07 0.010616274858657886 -0.010713998585553219 0.01582863570752073 -6.5290140724855541e-07 5.4094334170051612e-07 7.4072303738878535e-07 0.0099352201557560173 -0.01127728619742705 0.01543727160320481 -5.3627193302478354e-07 5.3597594854015167e-07 6.1144917268473757e-07 0.0092547821589643326 -0.010754479634617122 0.015801487380661231 -4.1961554831384809e-07 5.5482343877619322e-07 4.5929210141312246e-07 0.0085441041140227568 -0.0091563421817090242 0.016767612564164334 -3.0458681697844444e-07 5.6933015476149448e-07 2.9449669353856876e-07 0.0077851508847740971 -0.0065828303458064941 0.017924625445148827 -1.9392632612661899e-07 5.5819675372019673e-07 1.3463486780405307e-07 0.0069802502612861103 -0.0033487684288529252 0.018795014064480288 -9.154092473743525e-08 5.1557109201998441e-07 1.4856582056943488e-09 0.0061493107371796158 3.0501147802002367e-14 0.027844809702315676 -1.1821229499794617e-09 4.5090093856301143e-07 -8.8396268494147043e-08 0.0053171769709818729 0.0028511617386305873 0.018890280323800534 7.5523441035326534e-08 3.7955423248452919e-07 -1.3057642054592142e-07 0.0044991590926572751 0.0047367829339737743 0.018517425242171568 1.4032690421601006e-07 3.120648001297178e-07 -1.3185280183442388e-07 0.0036943595613647762 0.0054139231629073874 0.018335099840426521 1.9815199004985792e-07 2.496149062999245e-07 -1.0509587046565499e-07 0.0028900204068439072 0.0048138898670824501 0.018497986322199036 2.5576108094231739e-07 1.86672467308608e-07 -6.5311059056508252e-08 0.0020729935892193478 0.0029968759878669245 0.018868354008108504 3.1997293869808103e-07 1.1723336268489417e-07 -2.765574739644832e-08 0.0012414344481332877 0.00019296305558077394 0.019094287347575518 3.9586964481871493e-07 4.0154898551122138e-08 -4.6961861928709879e-09 0.00040974919938548165 -0.0031431122669942592 0.018830488077514095 4.8541666557381245e-07 ]
[ -1.2944310756597309e-05 1.8562953213839329e-05 0.43749999941400186 0.025872138873390356 -0.28885430621807329 1.3021453680200386e-05 0.0021699316406767174 -0.012063915007035133 5.2242286485548231e-07 -5.8884023519460585e-07 7.2089336481193849e-07 0.019140624977259962 0.0038861125332403513 -0.010777696114083139 4.3125929827123499e-07 -6.0072126794842987e-07 5.4775527352832805e-07 0.019140624982647937 0.0049111359314030975 -0.0095047704558114069 3.4674363862694786e-07 -5.6568534313243977e-07 4.0502028737722426e-07 0.019140624987285255 0.0052448169708509363 -0.0084871185205514302 2.6975154184688373e-07 -4.956935993142066e-07 3.0134286556960243e-07 0.019140624991148165 0.0049818701537712815 -0.0078187381703501112 2.0008978793962345e-07 -4.0395209592479697e-07 2.3157972727825946e-07 0.019140624994277548 0.0042421832131798601 -0.0074283983388819339 1.374924924050558e-07 -3.0061360785931858e-07 1.8131359835725203e-07 0.019140624996720701 0.0031674502980108248 -0.0071347724997168531 8.2428721829766813e-08 -1.9385864128694105e-07 1.3339852301303775e-07 0.019140624998492672 0.0019470464646279349 -0.0067441335056202742 3.6202279312643701e-08 -9.1788466359013642e-08 7.4360535094114645e-08 0.01914062499957454 0.00080573593441284552 -0.0061493098929627284 3.049821279808973e-10 -1.1821229499795146e-09 -1.1821229499793558e-09 0.027890624999939006 -6.4053935016497975e-05 -0.0053690171200979075 -2.4479131973476744e-08 7.6427958089184583e-08 -9.019198842895882e-08 0.019140624999574009 -0.00056961926585721433 -0.0045016310242471484 -3.8552037525927643e-08 1.4727765970670416e-07 -1.845074863425354e-07 0.019140624998483395 -0.00072892973396528873 -0.0036413839698683291 -4.3326754867966979e-08 2.2360818975280601e-07 -2.7413720981784719e-07 0.019140624996669721 -0.00063344929884903744 -0.0028256701647277884 -4.071525420405868e-08 3.1838401196401705e-07 -3.4803443236084076e-07 0.019140624994123927 -0.00040546090898267029 -0.0020370920592256321 -3.269385797671819e-08 4.3888250587704291e-07 -3.9403413594197582e-07 0.019140624990841293 -0.00016916757352896953 -0.0012399368411860302 -2.1071269319163868e-08 5.8184891071200049e-07 -4.0177927932898508e-07 0.019140624986858711 -2.5508995479457845e-05 -0.0004174628834809773 -7.3196030016503787e-09 7.3374044345909135e-07 -3.6969596721022999e-07 0.019140624982279919 ]
[ -4.0989181465839185e-06 9.5116640570987711e-06 -0.0014640904700461239 -4.6500199508971401e-05 0.00098411165653196331 6.5229805441406115e-06 -5.5809949286330197e-06 4.1280209760341398e-05 2.7662138042674105e-07 -2.1375210213694569e-07 3.9914271232697876e-07 -6.4053956741388714e-05 -1.1477314384201374e-05 3.7216435619059553e-05 2.6016002180121052e-07 -2.712001075099419e-07 3.6333123916772942e-07 -6.4053954005547498e-05 -1.5029129743857301e-05 3.3103925294867085e-05 2.4515262026968584e-07 -3.065434087346849e-07 3.3488923077956705e-07 -6.4053951210754618e-05 -1.6192919637735735e-05 2.9748241002717529e-05 2.3102700894364918e-07 -3.1870810696438072e-07 3.240217350034334e-07 -6.4053948400923704e-05 -1.5269132473621817e-05 2.7465226382423169e-05 2.1689454682574617e-07 -3.0794546222618321e-07 3.3468679199431736e-07 -6.4053945588528707e-05 -1.2674335288947003e-05 2.6015277670417418e-05 2.0186067140063611e-07 -2.7393742031581834e-07 3.6326623873319946e-07 -6.4053942785395669e-05 -8.9248614777402854e-06 2.4795338758353809e-05 1.8533809913686306e-07 -2.1757731492524391e-07 3.9976165424337267e-07 -6.4053940034062057e-05 -4.7063941578424694e-06 2.3181118982947844e-05 1.6724830414360468e-07 -1.4459965952582185e-07 4.3183967164869288e-07 -6.4053937414664669e-05 -8.0734808994015389e-07 2.0863730058806299e-05 1.4799464574654806e-07 -6.6876480344690876e-08 4.5090093856301148e-07 -6.4053935016497975e-05 2.1607334124660498e-06 1.7967368474491092e-05 1.2819149053743149e-07 9.0633222155880716e-10 4.5635545987750637e-07 -6.4053932889630716e-05 3.8088710148636667e-06 1.487255744595781e-05 1.0831718463553079e-07 4.65014594813081e-08 4.5447111301286149e-07 -6.405393100957929e-05 4.3340740297538088e-06 1.1924036739160791e-05 8.8525168218775118e-08 6.2874333867445715e-08 4.5283741538803613e-07 -6.4053929276704122e-05 4.021702724969315e-06 9.2560507708691533e-06 6.8713334526671635e-08 4.7817710668211612e-08 4.5482940236618129e-07 -6.4053927546045116e-05 3.2682490820124229e-06 6.8023670590469751e-06 4.8771188871512015e-08 3.2110155035402451e-09 4.5736487671149187e-07 -6.4053925671249672e-05 2.4579781756257927e-06 4.415456243656288e-06 2.8833360899064196e-08 -6.4269208809171995e-08 4.5290506059476136e-07 -6.4053923548945265e-05 1.9013138344161912e-06 1.9891498766720946e-06 9.3647835881408012e-09 -1.4263025412878416e-07 4.3488369159563022e-07 -6.4053921150039375e-05 ]
[ -5.2753470472483867e-06 -9.6883695721539732e-06 -0.12272039122590624 -0.0072746949232628411 0.081064797285960666 -6.0870926088757668e-06 -0.00060958237626846789 0.0033856540832973318 -2.4828785473018481e-07 -2.0606618367299731e-07 -4.3023757219066135e-07 -0.0053690171166128099 -0.0010912181041403074 0.0030247117244068772 -2.1150099256923495e-07 -1.6483383584702957e-07 -4.3451489112883043e-07 -0.0053690171177040984 -0.0013788883396972859 0.0026675297184713142 -1.7471456953545562e-07 -1.451207065713505e-07 -4.2649145612648943e-07 -0.0053690171189231329 -0.0014725370042694595 0.0023820274031722292 -1.3910530464929392e-07 -1.5339387768093707e-07 -4.0817379708694792e-07 -0.0053690171201103759 -0.0013987331516694711 0.0021945880445573903 -1.0553530860732739e-07 -1.8969294262504756e-07 -3.7861884946897709e-07 -0.0053690171210953423 -0.0011911045112704935 0.0020852156977474801 -7.4845455907280034e-08 -2.4768728331934599e-07 -3.3330888491758548e-07 -0.0053690171217088472 -0.00088940057509052039 0.0020030054368454049 -4.8098835500728466e-08 -3.1543630796356993e-07 -2.6775734642785155e-07 -0.0053690171218006115 -0.00054676577252399557 0.0018935641292551666 -2.6493329339716652e-08 -3.7853795586698623e-07 -1.8299847085473133e-07 -0.0053690171212702979 -0.00022629707098408683 0.0017267935341728339 -1.0933949386776397e-08 -4.2621097590553237e-07 -8.8396268494147043e-08 -0.0053690171200979075 1.7967368474491088e-05 0.0015079845710280575 -1.5648660627290109e-09 -4.566605827205226e-07 1.2113744919581157e-09 -0.0053690171183471119 0.00015997245104644762 0.0012646270345505917 2.3888888860835263e-09 -4.7696721677365748e-07 7.1521044842321932e-08 -0.0053690171161346169 0.00020472934626574119 0.0010233165803768972 2.4084027297593025e-09 -4.9745187385816605e-07 1.126357844123585e-07 -0.0053690171135900057 0.00017788493288684233 0.00079451295097002911 3.1591671060354288e-10 -5.2488725394175026e-07 1.1920371902740363e-07 -0.0053690171108362597 0.00011374804843570672 0.00057332334158237451 -2.0425747108106767e-09 -5.5851774040023599e-07 8.9797107143592054e-08 -0.0053690171079973552 4.7186119657309294e-05 0.00034969879526619622 -3.0563486052029566e-09 -5.9063834108804639e-07 2.8285599785624032e-08 -0.0053690171052125516 6.5632546148442591e-06 0.00011891585285608813 -1.6183342206446348e-09 -6.1184995801612621e-07 -5.4009816998092392e-08 -0.0053690171026283236 ]
[ -0.047519183698879912 0.11325311314391696 -6.7707580457433999e-06 5.7846708004328616e-06 7.0680880285267252e-06 0.077627915534535241 2.2339881532910488e-07 3.1028069545843893e-07 0.003290676359278094 -0.0024873890193653674 0.0047556701033808803 -2.8058475332172775e-07 1.714899893314078e-07 3.0194894658427471e-07 0.0030919086436850358 -0.0031689419105282437 0.0043347290684779783 -2.4824127515123188e-07 1.3706234520930681e-07 2.7939692197142072e-07 0.0029102373471022076 -0.0035874314398156829 0.0039988458675172846 -2.151875417141116e-07 1.2245479889579804e-07 2.4701384844189859e-07 0.0027391000199847235 -0.0037293518577949745 0.0038683718773989276 -1.8196203917051478e-07 1.2411360475934898e-07 2.0794700167134932e-07 0.0025681682189517066 -0.0035976679404732892 0.0039897414124332254 -1.4873477463244257e-07 1.3460298233307344e-07 1.6365593759607464e-07 0.0023870408810402768 -0.003189513075378105 0.0043197523933899045 -1.1566794840885415e-07 1.4517713964056801e-07 1.1591141874987864e-07 0.0021889618382129341 -0.0025170375238421352 0.0047401367819673709 -8.3282548761913038e-08 1.4875332478299783e-07 6.8713505033498889e-08 0.001973176840293031 -0.0016496868981477643 0.0051059125864050181 -5.2535156720318801e-08 1.4249425262880901e-07 2.7879264541477262e-08 0.0017445571781204692 -0.00072862212140599578 0.0053171769709818729 -2.4479131973476744e-08 1.2819149053743149e-07 -1.564866062729024e-09 0.0015103918627039858 7.3122248058304619e-05 0.0053690183158532747 3.0512284301596722e-10 1.0993045511663302e-07 -1.7721477158908205e-08 0.0012760654784596853 0.00061242335738078942 0.0053371441497307151 2.2121616535629306e-08 9.1010356689190303e-08 -2.2046693397712657e-08 0.0010433044499238099 0.00080793830667634113 0.0053122118731669778 4.2160367948219989e-08 7.2414323732826896e-08 -1.809104445317571e-08 0.00081060674242191633 0.00063463645294463801 0.0053346734071392709 6.214370373896741e-08 5.3335343509133619e-08 -1.0262852328055991e-08 0.00057641208597340829 0.000114534781327022 0.0053684728548403799 8.3810474247962734e-08 3.2801353872921676e-08 -2.998978019240562e-09 0.00034207622282695006 -0.00067486933099462963 0.0053243946233835779 1.0839597681502707e-07 1.1032820837721947e-08 2.0278630185921368e-10 0.00011291060453660331 -0.0015937731153055578 0.0051236382007965051 1.3626261882499151e-07 ]
[ 0.40080196401275336 0.17462658754640659 6.1961133349531689e-06 9.905632187953126e-06 -2.5985269115031061e-05 0.091593230406531112 5.1485497487235465e-07 -1.0610155627284145e-06 0.0038188722005631595 0.01680643342121383 0.0090839785314074939 2.5334767456185549e-07 6.3337167918206085e-07 -9.1024186613102543e-07 0.003365665669319025 0.015275125628831059 0.01148944650360657 2.2850851833833929e-07 6.7871191576040168e-07 -7.8439346421314935e-07 0.0028271609864909436 0.01405931910446599 0.012962707735504168 2.1839804546578548e-07 6.5913328653829749e-07 -7.0144099118826049e-07 0.0022455658403633355 0.013588039112739725 0.013461524880338801 2.1640349476313444e-07 5.8731145729537873e-07 -6.6053587025243971e-07 0.0016631865578688421 0.014026417097257314 0.012998701493365421 2.1456155862017468e-07 4.7575400507114873e-07 -6.4475546927156097e-07 0.0011223063957839941 0.015220821454254914 0.011561940101084318 2.0488541614787101e-07 3.3964808746910331e-07 -6.2977262590580729e-07 0.00066518996682514919 0.016749707921435982 0.0091887544091030782 1.8068758433076365e-07 2.0021705935378105e-07 -5.9541578209139456e-07 0.00032854483718711722 0.018093670967711938 0.0061192963518949851 1.3797990544606787e-07 8.1425055978404466e-08 -5.351149967056146e-07 0.00013277804217173893 0.018890280323795725 0.0028511617386305873 7.6427958089184477e-08 9.0633222155878079e-10 -4.566605827205226e-07 7.3122248058304619e-05 0.040988665947297512 3.051314895053665e-14 -9.0697517568062677e-10 -3.6669823277646432e-08 -3.7372505024719856e-07 0.0001193899413338939 0.019026358138108147 -0.0019210970763965268 -8.9002983909129393e-08 -3.8677215213569447e-08 -2.9591751068256868e-07 0.00022361084177664983 0.018947093580929684 -0.0026182083926640787 -1.8243095505078698e-07 -1.9235826445005771e-08 -2.249227615059405e-07 0.00032958247012531653 0.019018640736532966 -0.0020002806368378551 -2.7601382699336483e-07 5.3443531786920738e-09 -1.5749008735867728e-07 0.00038087210447554219 0.019113731966525174 -0.00014742741068777754 -3.6458748716848237e-07 1.9586295956747645e-08 -9.1279187962359166e-08 0.00032873792751247644 0.018918576044793405 0.0026601875740457528 -4.4272981687467726e-07 1.2225702262016987e-08 -2.8678086673475527e-08 0.00014163056462027511 0.018159472772565147 0.0059211398788447988 -5.0535361494353895e-07 ]
[ -0.17462658698015363 0.4008019635747152 -2.4234077267607245e-05 2.0461243001509939e-05 2.5539485651587793e-05 0.27495162673372592 7.8830776155505733e-07 1.1200398522675453e-06 0.011655959380007564 -0.0090839785079853356 0.016806433405759699 -1.0043356497684428e-06 6.0172480853196453e-07 1.0882583334553278e-06 0.010954520119612954 -0.011489446483522509 0.015275125619753516 -8.8885481215737306e-07 4.7842596870217286e-07 1.0061809039233274e-06 0.010315105686637726 -0.012962707719314811 0.014059319099900274 -7.7104606528406926e-07 4.266301282151966e-07 8.8969942598756319e-07 0.0097137789696978283 -0.013461524868072231 0.013588039110894215 -6.5273635479145537e-07 4.3350838123525739e-07 7.5001804499584439e-07 0.0091131946035004126 -0.012998701484660457 0.01402641709675752 -5.344224501141318e-07 4.7240987003290737e-07 5.9210020176792357e-07 0.0084757490117709552 -0.011561940095396222 0.015220821454244509 -4.1657300829065436e-07 5.1198032140676503e-07 4.2190633868710439e-07 0.0077768146714374872 -0.0091887544058252488 0.016749707921505316 -3.0095166491631088e-07 5.2669883570527201e-07 2.5338762491707832e-07 0.0070132065261876014 -0.0061192963503853811 0.018093670967744009 -1.909095255596339e-07 5.0611749185015388e-07 1.0715530824456638e-07 0.0062019884063452581 -0.0028511617382046173 0.018890280323800534 -9.019198842895882e-08 4.5635545987750632e-07 1.2113744919581157e-09 0.0053690183158532747 3.0512281588798661e-14 0.027863665947297507 -9.0697517568126204e-10 3.9188249849750861e-07 -5.7495497187575502e-08 0.0045343437175752862 0.0019210970768232217 0.019026358138115314 7.795938844514249e-08 3.2454267125874789e-07 -7.4012020488195599e-08 0.0037042967426278999 0.002618208394185122 0.018947093581007577 1.5056962012032887e-07 2.5803353792857761e-07 -6.0955230046379123e-08 0.002874451346416949 0.0020002806401691101 0.019018640736896478 2.2298468222682859e-07 1.8971417520819652e-07 -3.4069049826013962e-08 0.0020400215531467024 0.00014742741649392433 0.019113731967612183 3.0132453768517125e-07 1.1634809003474292e-07 -9.1878565996795104e-09 0.0012064976245325079 -0.0026601875652217406 0.018918576047236617 3.8991299055497723e-07 3.8887721268552912e-08 1.2661766800257402e-09 0.00039321796953267004 -0.0059211398666213239 0.018159472777019004 4.8997092437940295e-07 ]
[ -1.5381704525348794e-05 1.9728657019912283e-05 0.43749999928408356 0.025872138929385634 -0.28885430599915024 1.3935234601620744e-05 0.0021699316423174219 -0.012063914997740599 5.6141958391541352e-07 -6.9927365778379852e-07 7.6264640990270346e-07 0.01914062497190893 0.003886112533562728 -0.010777696105522538 4.6881310643580858e-07 -7.1619551600858516e-07 5.7262251858319201e-07 0.019140624977936845 0.0049111359309856398 -0.0095047704481190914 3.8348939131503894e-07 -6.8312236655080827e-07 4.1824728189306502e-07 0.019140624983165388 0.0052448169702771141 -0.0084871185137194265 3.0604150326338501e-07 -6.1355390568758113e-07 3.1035014467692466e-07 0.019140624987589023 0.0049818701535151626 -0.0078187381643233331 2.3593059846071972e-07 -5.2142413247078734e-07 2.4450739508576408e-07 0.019140624991278537 0.0042421832135427018 -0.0074283983336492273 1.7254405574921375e-07 -4.1620677519308872e-07 2.0563386117317451e-07 0.019140624994311347 0.0031674502990886779 -0.007134772495334181 1.1606489508563447e-07 -3.0455198547134981e-07 1.7446265937358626e-07 0.019140624996721322 0.0019470464663153804 -0.006744133502156348 6.7633520512651539e-08 -1.9358130390194485e-07 1.3412187446009724e-07 0.019140624998490022 0.00080573593646299235 -0.0061493098904145125 2.8738891014779698e-08 -9.0931760018251243e-08 7.552344103532664e-08 0.019140624999574009 -6.4053932889630703e-05 -0.0053690171183471119 3.0512284301602016e-10 -9.0697517568062677e-10 -9.0697517568126204e-10 0.027890624999938985 -0.00056961926388913748 -0.0045016310230895857 -1.785397118648142e-08 7.9269933586744927e-08 -8.7857447685052028e-08 0.019140624999573221 -0.00072892973230669457 -0.0036413839690863032 -2.6927741979050736e-08 1.5917756457555103e-07 -1.7503688662639504e-07 0.019140624998476741 -0.0006334492975779625 -0.0028256701641564412 -2.8621436678126288e-08 2.5077739834243108e-07 -2.5110006274101325e-07 0.01914062499664786 -0.00040546090812583192 -0.0020370920587864686 -2.4705404425220378e-08 3.622359781440692e-07 -3.0415231496407025e-07 0.019140624994089545 -0.00016916757306795465 -0.0012399368408833086 -1.6765489834916345e-08 4.92876878741824e-07 -3.241688466378379e-07 0.019140624990836953 -2.5508995347755989e-05 -0.00041746288336700217 -6.0558223421783259e-09 6.3260700984361295e-07 -3.0882549823356221e-07 0.019140624986978938 ]
[ -3.8918316771145284e-06 7.2945829794639892e-06 -0.013019869375972215 -0.00073180473925178659 0.0086176294715275929 5.046869168621379e-06 -6.2994835983578939e-05 0.00036009168835708438 2.1494615179818711e-07 -1.9769053532105794e-07 3.0441748882280724e-07 -0.00056961928411474025 -0.00011424447749276672 0.00032203825562989314 2.041904683741442e-07 -2.4356223349404763e-07 2.7406038261788456e-07 -0.00056961928187892964 -0.00014488470214013064 0.00028429080081946535 1.9465489900025667e-07 -2.7241603225638375e-07 2.5090034510831946e-07 -0.00056961927959988258 -0.00015486687718749195 0.00025405069874937902 1.8574933947640136e-07 -2.8380795958729374e-07 2.4349177487038315e-07 -0.00056961927730219319 -0.00014699336909177786 0.00023411823207935217 1.7664217342211831e-07 -2.7790287377899117e-07 2.5532715202868105e-07 -0.00056961927498286357 -0.00012484717080785953 0.00022237081742559501 1.6649872861570177e-07 -2.5387176375969572e-07 2.837293653456601e-07 -0.00056961927263847174 -9.2687397329672285e-05 0.00021341172911172658 1.5472683321814376e-07 -2.1147647016061875e-07 3.2055755141416212e-07 -0.00056961927029334288 -5.6203911183092774e-05 0.00020149439053936867 1.4115634479938001e-07 -1.5443127137551699e-07 3.5520423715335618e-07 -0.00056961926800797361 -2.2126707259563243e-05 0.00018347530101078376 1.2605353262251842e-07 -9.2014426753141465e-08 3.7955423248452919e-07 -0.00056961926585721433 3.8088710148636663e-06 0.00015997245104644759 1.0993045511663302e-07 -3.6669823277646432e-08 3.9188249849750861e-07 -0.00056961926388913737 1.8899960376992267e-05 0.00013396718972224364 9.3262120603578701e-08 4.9679894328322959e-10 3.9636855585388819e-07 -0.00056961926209224965 2.3605107150726932e-05 0.00010829630532430982 7.6306422530210852e-08 1.2562660596564673e-08 3.9867636305145038e-07 -0.00056961926039163777 2.0764547925058528e-05 8.4083136707905061e-05 5.9131849587387555e-08 -2.9690268841767879e-09 4.0122041673095821e-07 -0.00056961925867293393 1.3970523160292131e-05 6.0800683763151372e-05 4.180189016756114e-08 -4.4454517884948483e-08 4.0119139208082449e-07 -0.0005696192568206735 6.8908572610058541e-06 3.7355101291276857e-05 2.4570460030612524e-08 -1.0552749867783809e-07 3.9239571121855536e-07 -0.00056961925475766911 2.507280350634261e-06 1.3195498899694821e-05 7.9324358458247664e-09 -1.750822517785918e-07 3.7011568826537755e-07 -0.00056961925247130227 ]
[ -3.6964392602885333e-06 -9.266429022886018e-06 -0.10289442326537829 -0.0061062088675849458 0.067972993268607854 -5.90213220586501e-06 -0.0005114134439662474 0.0028388607158102001 -2.4205426772523532e-07 -1.3691283982155211e-07 -4.0782571448020165e-07 -0.004501631018441898 -0.00091526137295037935 0.0025361818159132712 -2.0927834456849932e-07 -9.5711948222849922e-08 -4.0557152579818458e-07 -0.0045016310197223009 -0.001156468244234194 0.0022366700915773061 -1.7673365185294937e-07 -7.5256247715567457e-08 -3.9441639702307293e-07 -0.0045016310211098793 -0.0012349906879271632 0.0019972794005914331 -1.4531326239270136e-07 -8.0891725456438595e-08 -3.7737627880758494e-07 -0.004501631022468448 -0.0011731072820725145 0.0018401331509273625 -1.1560533953887514e-07 -1.1253324488854802e-07 -3.5415983031980402e-07 -0.0045016310236573563 -0.00099901132517721627 0.0017484635340163698 -8.8179461173844423e-08 -1.6498419750642111e-07 -3.2051477335643946e-07 -0.0045016310245371473 -0.00074602697244579924 0.0016795825227319341 -6.3831284903855354e-08 -2.2832022837391788e-07 -2.7137095322366063e-07 -0.0045016310249796267 -0.0004587115085466038 0.0015878738439198692 -4.3537840392867564e-08 -2.8997975309040532e-07 -2.0589041373405248e-07 -0.0045016310248923172 -0.00018997250331946841 0.0014480910564277868 -2.8100442879072785e-08 -3.3957371766959998e-07 -1.3057642054592148e-07 -0.0045016310242471493 1.487255744595781e-05 0.0012646270345505917 -1.7721477158908205e-08 -3.7372505024719856e-07 -5.7495497187575555e-08 -0.0045016310230895857 0.00013396718972224364 0.001060683247549044 -1.1827045795498105e-08 -3.966738129421796e-07 8.01951493948736e-10 -0.004501631021518176 0.00017150517086279645 0.00085831947050761699 -9.2177000317837026e-09 -4.1602109183279943e-07 3.5182997953982444e-08 -0.0045016310196517072 0.00014898715984989547 0.00066647489099290848 -8.3789316933113049e-09 -4.3709827428237283e-07 4.0766975857722873e-08 -0.0045016310176093678 9.5181801715416299e-05 0.00048100221368619717 -7.7753242722249121e-09 -4.5957805487119411e-07 1.6708001122744388e-08 -0.0045016310155113638 3.9331103641194944e-05 0.00029347382051170989 -6.0965265161157592e-09 -4.7800824084843516e-07 -3.2923116298255157e-08 -0.0045016310134850948 5.2274616821351501e-06 9.9930089035036614e-05 -2.4886704761176091e-09 -4.8617433773973269e-07 -9.8036790681420006e-08 -0.004501631011654671 ]
[ -0.038923210566128089 0.096173205511109736 -6.113401660301345e-06 4.8902742661956358e-06 6.1645941576227802e-06 0.065842770184915744 1.8814610280835647e-07 2.7027292638626849e-07 0.0027909165098605063 -0.0020500181322586643 0.0040437392592186476 -2.5430966058315787e-07 1.4304023942917922e-07 2.6246950031499793e-07 0.0026216828834028875 -0.0026302334285010615 0.0036954917187366071 -2.2706924179341053e-07 1.1313217395222446e-07 2.4259503212842125e-07 0.0024666306361661571 -0.0029873301737235766 0.0034162678327983461 -1.9918457205633566e-07 1.0042189608859096e-07 2.1453150736282751e-07 0.0023203447986991834 -0.0031086085565761082 0.0033075816335343153 -1.7113036389922518e-07 1.0185644506296363e-07 1.8102840564476112e-07 0.0021742301714704226 -0.0029960745075308694 0.0034086873039794866 -1.4307420747476251e-07 1.1108023486515026e-07 1.4330172309301856e-07 0.0020196301553356659 -0.0026477703223646855 0.0036830619347507638 -1.1517717069036283e-07 1.2061891988514964e-07 1.0274824976265123e-07 0.0018509663497313826 -0.0020752284920343765 0.0040309367101115006 -8.7899413737758101e-08 1.2437570107579052e-07 6.2623144023594722e-08 0.0016677124492406039 -0.0013386647393693893 0.0043305928825336437 -6.2060832205843315e-08 1.1981383666170021e-07 2.7757040998960808e-08 0.0014740439828679838 -0.00055838779874866652 0.0044991590926572751 -3.8552037525927643e-08 1.0831718463553077e-07 2.388888886083513e-09 0.0012760654784596853 0.0001193899413338939 0.0045343437175752871 -1.785397118648142e-08 9.3262120603578701e-08 -1.1827045795498116e-08 0.0010783879941430915 0.00057458732781993742 0.004501631872370437 3.0525708829130738e-10 7.7429602179385906e-08 -1.6060182814171793e-08 0.00088208281689309078 0.00073946825326781868 0.0044784735297803777 1.6947035213511695e-08 6.1693958522381408e-08 -1.3278590269834374e-08 0.00068588014584668091 0.00059332387531631171 0.004499306464590693 3.3541545614436761e-08 4.5440365419776918e-08 -7.2117549335385797e-09 0.00048824835532966716 0.00015436462683481852 0.0045334385021224034 5.1572886558515014e-08 2.7918967370867817e-08 -1.6333530056752672e-09 0.00029018544599184967 -0.00051290616492338955 0.0045046788160227934 7.210066431189208e-08 9.3776651513894149e-09 4.7970890455961832e-10 9.6082010168436466e-05 -0.001291244968153126 0.0043449653288951777 9.5446285887130952e-08 ]
[ 0.38141961373890443 0.21411316324963856 5.5666696625294048e-06 1.2025417569357802e-05 -2.4510898751212258e-05 0.11880998540510927 6.0083465045929562e-07 -9.9418343934585425e-07 0.0049729580903454746 0.015816642266138353 0.010731683789564343 2.3150949539704713e-07 7.0725330936741825e-07 -8.4189917609910467e-07 0.0044513207068320503 0.014050557828536632 0.012972253668743499 2.1839067335607115e-07 7.442920994739549e-07 -7.1953729280369675e-07 0.0038510088571291827 0.012692228752283331 0.014316585705115339 2.2016723270021997e-07 7.2099620098119994e-07 -6.4440377676621061e-07 0.0032116315351844085 0.012172965828361079 0.014765756421441798 2.3007299352430151e-07 6.4909113185877756e-07 -6.1492197774070631e-07 0.0025715482716921942 0.012655859335816606 0.014349108098963533 2.4013109334263723e-07 5.3885141833366544e-07 -6.1344899328602289e-07 0.0019690696800214137 0.013989215440376988 0.013038958064897294 2.4234408934641254e-07 4.0283763396685154e-07 -6.1440933344672091e-07 0.0014437920258821132 0.01574964495032834 0.010830279640791559 2.298777843471465e-07 2.6040522853986152e-07 -5.9550898932550095e-07 0.0010319350747776696 0.017395977434957181 0.0079099228152596807 1.9842542125882719e-07 1.3530128435128023e-07 -5.476870017246275e-07 0.00075552771630071718 0.018517425242111883 0.0047367829339737743 1.4727765970670411e-07 4.6501459481308074e-08 -4.7696721677365748e-07 0.00061242335738078942 0.019026358138108143 0.0019210970768232226 7.9269933586744927e-08 4.9679894328322876e-10 -3.966738129421796e-07 0.00057458732781993742 0.041007536845248931 3.0523793790601446e-14 -4.9688227810506019e-10 -8.9377374340014504e-09 -3.1727440166685968e-07 0.00059490490376105996 0.019123700375436634 -0.00070189384484294277 -8.6200103201082783e-08 4.1304602064272172e-09 -2.4187101932574042e-07 0.00061698547112130572 0.019132813363608624 -7.9597533682174615e-05 -1.7207713368366742e-07 2.268768740785418e-08 -1.6873725209371498e-07 0.00058417304852592905 0.01904124165203832 0.001774349722532002 -2.5237233802667792e-07 3.0481485322642082e-08 -9.6985231075237221e-08 0.00044850028374341538 0.018564786355161976 0.0045495250808312666 -3.2125378320736939e-07 1.5971457799346674e-08 -3.0170408787286627e-08 0.00018050559984718627 0.017481395199278268 0.0077192851633439809 -3.7353479559457548e-07 ]
[ -0.21411316256970001 0.38141961322418821 -2.6735763720214406e-05 1.9254515008635038e-05 2.9348203508769211e-05 0.26448974500580341 7.2309111720780003e-07 1.276428451345424e-06 0.011218885687865082 -0.010731683761105367 0.015816642248043206 -1.1122575415596096e-06 5.1764376450008345e-07 1.2237886439461274e-06 0.010566201850836761 -0.012972253643716326 0.014050557818105172 -9.9480763893257963e-07 3.8568952957493017e-07 1.1236483407312911e-06 0.0099838327620436363 -0.014316585684333027 0.012692228747325745 -8.7652082700072638e-07 3.3458063287131996e-07 9.9473347892239313e-07 0.0094437083944128222 -0.014765756405068938 0.012172965826713915 -7.5855106366984452e-07 3.4984201621680642e-07 8.4853920950884397e-07 0.0089044017993944284 -0.01434910808668732 0.012655859335771352 -6.4059246445896103e-07 4.0314221995461301e-07 6.879814855772648e-07 0.0083242313156791266 -0.013038958056193239 0.013989215440830535 -5.2230879760534766e-07 4.6109936214076664e-07 5.1572380423547563e-07 0.0076744339367625786 -0.010830279635087314 0.01574964495073209 -4.0478348993311156e-07 4.9531475756062327e-07 3.4274517086995734e-07 0.0069481497112021682 -0.0079099228119665823 0.017395977435161344 -2.9095149367575077e-07 4.9195743635041434e-07 1.8841496259117392e-07 0.0061603134323416986 -0.0047367829324584873 0.018517425242171568 -1.8450748634253561e-07 4.5447111301286149e-07 7.1521044842321826e-08 0.0053371441497307151 -0.0019210970763965268 0.019026358138115318 -8.7857447685051817e-08 3.9636855585388824e-07 8.01951493948736e-10 0.004501631872370437 3.0523793790601446e-14 0.027882536845248926 -4.9688227810564252e-10 3.3026258187195455e-07 -2.7371635368417418e-08 0.0036649012563148881 0.00070189384527015637 0.019123700375445064 8.1172038742075784e-08 2.6166899803068923e-07 -2.5219723019673701e-08 0.0028281953341265749 7.9597535205706079e-05 0.019132813363693071 1.6266225063437644e-07 1.901543523267004e-07 -8.8201652144093559e-09 0.0019924219927455167 -0.0017743497192002182 0.019041241652403555 2.4954672119335568e-07 1.1461735504075285e-07 5.6673573671450728e-09 0.001167945410822515 -0.0045495250750416695 0.018564786356170752 3.4558453192472559e-07 3.7597302158352061e-08 6.0412962228992175e-09 0.00037718666170322656 -0.0077192851545549064 0.017481395201353275 4.5147967965853245e-07 ]
[ -1.7949564472178344e-05 2.0577572557894006e-05 0.43749999914716087 0.025872138967661707 -0.28885430576847576 1.4647575027511176e-05 0.0021699316431556073 -0.012063914987998024 5.9191272602028993e-07 -8.1421759702567607e-07 7.9012413381398738e-07 0.019140624966230965 0.0038861125330519539 -0.010777696096630632 4.9850084170547781e-07 -8.3400695369532564e-07 5.8269485281141914e-07 0.019140624972849862 0.0049111359297375253 -0.0095047704401702467 4.1302078933830859e-07 -8.0140901679901958e-07 4.1651263602624478e-07 0.019140624978611104 0.0052448169688991365 -0.0084871185066530078 3.3577232716331962e-07 -7.3172660649179842e-07 3.0437183677728276e-07 0.019140624983532098 0.0049818701525016279 -0.0078187381580345893 2.6586752543809725e-07 -6.3970765207574e-07 2.4247109239900272e-07 0.019140624987718284 0.0042421832132180084 -0.0074283983280922792 2.0234371799008779e-07 -5.3406704321037756e-07 2.1514799957675401e-07 0.019140624991281961 0.0031674502995751408 -0.0071347724905541582 1.4508750718163424e-07 -4.1966679743263444e-07 2.012234057502091e-07 0.019140624994280538 0.0019470464675285695 -0.0067441334982374888 9.5056967622036553e-08 -3.0222539406879945e-07 1.8057536231109689e-07 0.019140624996700134 0.00080573593816061421 -0.0061493098873883446 5.3717409451318959e-08 -1.8976256850616044e-07 1.4032690421600995e-07 0.019140624998483395 -6.4053931009579277e-05 -0.0053690171161346169 2.2121616535629306e-08 -8.9002983909129446e-08 7.795938844514249e-08 0.019140624999573221 -0.00056961926209224965 -0.0045016310215181751 3.0525708829130738e-10 -4.9688227810506019e-10 -4.9688227810585428e-10 0.027890624999938912 -0.00072892973077536255 -0.0036413839679581205 -1.2673794465529988e-08 8.2652488202351871e-08 -8.4790353796607875e-08 0.019140624999572652 -0.00063344929641249222 -0.0028256701633172098 -1.8280007384231193e-08 1.7137287780766496e-07 -1.6340637901240559e-07 0.019140624998473896 -0.00040546090735991275 -0.0020370920581621885 -1.8043376862171079e-08 2.74747976692075e-07 -2.2460617733280412e-07 0.019140624996647065 -0.00016916757267491968 -0.0012399368404767855 -1.3302439825586377e-08 3.9470364679133587e-07 -2.5836841915510554e-07 0.01914062499412017 -2.5508995243159316e-05 -0.00041746288322161169 -5.0861190961844341e-09 5.2447726395023948e-07 -2.6118718565966177e-07 0.019140624990963646 ]
[ -3.1907591896479142e-06 5.699735726707442e-06 -0.016661251420622757 -0.00094794585162680549 0.011023199131316497 3.9525226572318873e-06 -8.1095625876135093e-05 0.00046055909830653027 1.6880501067228822e-07 -1.616345082808073e-07 2.3789444161275955e-07 -0.00072892974879020152 -0.00014663745161568793 0.00041179367859528953 1.6133984866170658e-07 -1.9872822091418978e-07 2.1426094577548913e-07 -0.00072892974700884271 -0.0001858139777839703 0.00036344641596931782 1.5482463383342023e-07 -2.2253805902325387e-07 1.9651440648932572e-07 -0.00072892974518734923 -0.00019857505688721891 0.00032473430956811905 1.4874421528869523e-07 -2.3270174193984386e-07 1.9161186083145273e-07 -0.00072892974334313478 -0.00018851149439181119 0.00029924059813433957 1.4239859026155324e-07 -2.2924044745621394e-07 2.0249941457247766e-07 -0.00072892974147120064 -0.00016020401928022691 0.00028424927553909483 1.3508622656105487e-07 -2.1127344787315721e-07 2.2716813310917619e-07 -0.00072892973956627618 -0.00011909105139508272 0.0002728528535342876 1.2629574545741072e-07 -1.7833061456094353e-07 2.5911887917979398e-07 -0.00072892973764604907 -7.2439312390437888e-05 0.00025769033962822759 1.158548551265393e-07 -1.3316601701731322e-07 2.8968942635244726e-07 -0.00072892973575863448 -2.8851210037014388e-05 0.00023472469969459882 1.0395514244089636e-07 -8.3202854819114616e-08 3.120648001297178e-07 -0.00072892973396528884 4.3340740297538088e-06 0.00020472934626574119 9.1010356689190303e-08 -3.867721521356942e-08 3.2454267125874789e-07 -0.00072892973230669468 2.3605107150726936e-05 0.00017150517086279645 7.7429602179385893e-08 -8.9377374340014255e-09 3.302625818719545e-07 -0.00072892973077536265 2.9708795914580103e-05 0.00013867431336183486 6.3463430029460602e-08 1.5110893544078079e-11 3.3364877631333113e-07 -0.00072892972931161925 2.6036254696392106e-05 0.00010767183354984944 4.9216061988149588e-08 -1.4109238464765874e-08 3.3650867687166991e-07 -0.00072892972782298375 1.7337849377942902e-05 7.7825497852584456e-05 3.47885540771817e-08 -5.0003876769189153e-08 3.3639083307701373e-07 -0.00072892972621612479 8.281317729922363e-06 4.7743189436074127e-05 2.0433828076827831e-08 -1.022509431066286e-07 3.2815341313454317e-07 -0.00072892972442995408 2.6904693803059638e-06 1.6733884429998924e-05 6.5923879549014099e-09 -1.6139863925799908e-07 3.0807663441573082e-07 -0.0007289297224574307 ]
[ -2.6047894775823825e-06 -8.0140014997278422e-06 -0.083231633445509809 -0.0049448132452011148 0.054990060881187137 -5.1399994865397217e-06 -0.0004139466064323368 0.0022966258102744908 -2.1132469302898456e-07 -9.2059229510672472e-08 -3.5103839730585196e-07 -0.0036413839637978837 -0.00074065674280776345 0.0020517459767964031 -1.8395202647076587e-07 -5.5782263706622589e-08 -3.4620731912405008e-07 -0.0036413839650080815 -0.00093579040945508533 0.0018094391431567269 -1.5688420872116436e-07 -3.752207962030192e-08 -3.3494188044454825e-07 -0.0036413839663034008 -0.00099931412716154199 0.0016157836883848517 -1.3079509153752998e-07 -4.1520413719802596e-08 -3.2031316245427015e-07 -0.0036413839675732596 -0.00094925026778701317 0.0014886783105200986 -1.0609252528570783e-07 -6.7634769854379336e-08 -3.0231883514140228e-07 -0.0036413839687058358 -0.00080840339787539633 0.0014145566844412168 -8.3168961989758501e-08 -1.1173065067848016e-07 -2.7730225888661984e-07 -0.0036413839695903167 -0.00060372788578979815 0.0013588802733946008 -6.2618439832071145e-08 -1.6586715927937823e-07 -2.4054304417300636e-07 -0.0036413839701227033 -0.00037126784058917514 0.0012847389236447101 -4.5214466557291405e-08 -2.1971126378525431e-07 -1.9053567847725349e-07 -0.003641383970224702 -0.00015382760862910517 0.0011717011922976507 -3.1623028315990611e-08 -2.6426437034601691e-07 -1.3185280183442388e-07 -0.0036413839698683291 1.1924036739160791e-05 0.0010233165803768972 -2.2046693397712657e-08 -2.9591751068256868e-07 -7.4012020488195599e-08 -0.0036413839690863032 0.00010829630532430983 0.00085831947050761699 -1.6060182814171793e-08 -3.1727440166685968e-07 -2.7371635368417339e-08 -0.003641383967958121 0.00013867431336183486 0.00069470829945935222 -1.2718359962747833e-08 -3.3395408999572244e-07 3.2031153333748031e-10 -0.0036413839665840456 0.00012044752458020221 0.00053947873619753406 -1.0808470492210585e-08 -3.5009040154010818e-07 4.9408358763534706e-09 -0.0036413839650674788 7.688918880908027e-05 0.00038944073750441486 -9.1004051098260807e-09 -3.6557640473238947e-07 -1.4037950992053366e-08 -0.0036413839635127351 3.1660221072226543e-05 0.00023772914673534658 -6.55836130362097e-09 -3.7650985008112136e-07 -5.2965287517771316e-08 -0.0036413839620272784 4.0172221594576518e-06 8.1138711393867339e-05 -2.5300225264689784e-09 -3.7867684137373156e-07 -1.0345346384954536e-07 -0.003641383960711557 ]
[ -0.029154272858829558 0.079719809377186951 -5.2353933970281905e-06 4.0431448558895854e-06 5.0513246513110254e-06 0.054401906992588553 1.5567545251214677e-07 2.2159034543909483e-07 0.0023055576281699052 -0.00156388896491676 0.0033634203277926925 -2.1842127774784758e-07 1.1850171740709812e-07 2.1537539940893303e-07 0.0021643141290769471 -0.0020479920268724619 0.0030947889864983945 -1.963312722528428e-07 9.3707632159812071e-08 1.9914459729375766e-07 0.0020340933597459937 -0.0023477390421130576 0.0028763970278687621 -1.7361779870970466e-07 8.2981186308769827e-08 1.7610713413674888e-07 0.001910750010362819 -0.00244992509382132 0.0027908969459839264 -1.5071228842578919e-07 8.385049877895902e-08 1.4857534153087947e-07 0.0017875413575812247 -0.0023550996833400432 0.0028704415934561198 -1.2780417985462423e-07 9.1128577515020102e-08 1.1760799449453363e-07 0.0016576743659466003 -0.0020626768529700985 0.0030851127485772571 -1.0507773824889188e-07 9.8718271752208232e-08 8.4389224030975526e-08 0.0015168705873528571 -0.0015848585405845007 0.0033536525004618776 -8.295299937359141e-08 1.0165684709147823e-07 5.1585820705381773e-08 0.0013649421884462383 -0.00097426357603425378 0.0035782077400143305 -6.2126076929956673e-08 9.7884983790055513e-08 2.311778193866637e-08 0.0012054349424747753 -0.00033156787766999132 0.0036943595613647762 -4.3326754867967005e-08 8.8525168218775105e-08 2.4084027297593025e-09 0.0010433044499238099 0.00022361084177664983 0.0037042967426278999 -2.6927741979050763e-08 7.6306422530210839e-08 -9.2177000317836893e-09 0.00088208281689309078 0.00059490490376105996 0.0036649012563148872 -1.2673794465529988e-08 6.3463430029460602e-08 -1.2718359962747833e-08 0.00072247977854713956 0.00072908025100925321 0.0036413839944851095 3.0531368239110236e-10 5.0676373927078447e-08 -1.0505109280520249e-08 0.00056284878864166945 0.00061016067506800616 0.0036624792278788184 1.3244785086708987e-08 3.7414465676624483e-08 -5.614287979358601e-09 0.00040173335137034524 0.00025218357361170908 0.0037025847842539037 2.7391105394684154e-08 2.3043371913018226e-08 -1.1361501409277292e-09 0.0002395835183857431 -0.00029422536978714032 0.003697609166819848 4.3645676664267174e-08 7.7565684193454708e-09 4.7100724261417055e-10 7.9778046191629902e-05 -0.00093509032720208842 0.0035886421331021716 6.2304625670970178e-08 ]
[ 0.37338852425870839 0.22800698602568042 6.484242236015067e-06 1.2838648557315913e-05 -2.4678006135394418e-05 0.12845814999564895 6.365128880417579e-07 -9.9931594015163618e-07 0.0053822359364193717 0.015415636053912277 0.011306974656696825 2.7376580027859957e-07 7.4280230846128008e-07 -8.4344443555110016e-07 0.0048368951963390257 0.013568170026777451 0.013481719363444389 2.6496178965395855e-07 7.7943693465875313e-07 -7.1928184835567353e-07 0.0042154958843767 0.012161150306088492 0.014775599021980949 2.7107698364470883e-07 7.5572668865676961e-07 -6.4449061795904616e-07 0.0035565989273545532 0.011625648986290352 0.01520551267146796 2.8530599338910976e-07 6.8327218397199813e-07 -6.174815399929265e-07 0.0028970263555633639 0.012123604574973391 0.014806772150755005 2.9968686220044522e-07 5.7182475778960273e-07 -6.2020338217967008e-07 0.0022735419602004196 0.013504408861544677 0.013546142551447248 3.0623817589060053e-07 4.333302100661998e-07 -6.2620687744427672e-07 0.0017246685231707608 0.015345052607046527 0.011403067113876644 2.980891472232949e-07 2.8691606857238538e-07 -6.119637809313963e-07 0.0012863574183618173 0.017097760568120735 0.0085444562183700501 2.7082733692320182e-07 1.5678766309824477e-07 -5.6724106816992799e-07 0.00098117525716000091 0.01833509984011927 0.0054139231629073874 2.2360818975280601e-07 6.2874333867445715e-08 -4.9745187385816605e-07 0.00080793830667634113 0.018947093580929684 0.0026182083941851246 1.5917756457555098e-07 1.2562660596564673e-08 -4.1602109183279943e-07 0.00073946825326781868 0.019123700375436634 0.0007018938452701581 8.2652488202351871e-08 1.5110893544079733e-11 -3.3395408999572239e-07 0.00072908025100925364 0.041015617576665636 3.0532370137728992e-14 -1.5054421645193693e-11 1.0975726547424586e-08 -2.5496225416336044e-07 0.00072045533187045283 0.019126896872016134 0.00062234321773942233 -8.2862882434143099e-08 2.7891431350450617e-08 -1.7783420440642227e-07 0.00065699698798018125 0.018967353777532499 0.0024720748294076826 -1.5993356921167163e-07 3.3937200108194416e-08 -1.021201392193369e-07 0.00049114024004977546 0.018389308799965427 0.0052284892780093354 -2.2525997005016112e-07 1.723253281082158e-08 -3.1748749936453783e-08 0.00019425965482581354 0.017190132594530255 0.008357040237056336 -2.736319800732003e-07 ]
[ -0.22800698518923326 0.37338852371086023 -2.885476361664198e-05 1.8690495882114656e-05 3.1506217763898852e-05 0.2600089406546125 6.9115674614837874e-07 1.3654513695114486e-06 0.011031266863556405 -0.011306974621596003 0.0154156360350495 -1.2045488968591773e-06 4.7434066834176402e-07 1.3015835681016453e-06 0.010398021196209592 -0.013481719332341303 0.013568170016742704 -1.0866719637012412e-06 3.3657348389817556e-07 1.1913934928692839e-06 0.0098379440433910004 -0.014775598995812054 0.012161150302296466 -9.6850495785755861e-07 2.8487300154973467e-07 1.0552992097805251e-06 0.0093215252517468046 -0.015205512650389321 0.011625648986168599 -8.5095308104544791e-07 3.0392348273710127e-07 9.0514676812056789e-07 0.0088059497530727851 -0.014806772134377266 0.012123604576468118 -7.3341795188310622e-07 3.6450153321216605e-07 7.4288976546716784e-07 0.0082481496786210081 -0.013546142539179823 0.013504408863305728 -6.1527010071591756e-07 4.3215574897325045e-07 5.6945349012157227e-07 0.0076179226826109748 -0.011403067105139473 0.015345052608390423 -4.9734173548135069e-07 4.7695631714370219e-07 3.9414065900137449e-07 0.0069070832281326704 -0.0085444562126247882 0.017097760568878906 -3.8240845573883412e-07 4.8321741653065286e-07 2.3550721798154775e-07 0.0061297510617269249 -0.0054139231595921739 0.018335099840426521 -2.7413720981784719e-07 4.5283741538803608e-07 1.1263578441235844e-07 0.0053122118731669778 -0.0026182083926640787 0.018947093581007577 -1.7503688662639504e-07 3.9867636305145038e-07 3.5182997953982444e-08 0.0044784735297803777 -0.00070189384484294277 0.019123700375445064 -8.4790353796607875e-08 3.3364877631333113e-07 3.2031153333748031e-10 0.0036413839944851091 3.0532370137728992e-14 0.027890617576665631 -1.5054421645987787e-11 2.6418687582170992e-07 -3.8881207727318789e-09 0.0028042544647377166 -0.00062234321731218737 0.019126896872024603 8.4587994722163e-08 1.9102021265666055e-07 6.347304016047001e-09 0.0019700708823925934 -0.0024720748278863639 0.018967353777611148 1.7437803699410256e-07 1.1419133928041118e-07 1.4684486183610184e-08 0.0011509523636145239 -0.0052284892746928529 0.018389308800277608 2.7289846818406377e-07 3.7106374497817557e-08 8.9842028065610127e-09 0.00037039045016743443 -0.0083570402313083159 0.017190132595306981 3.8066268231916769e-07 ]
[ -2.057207505628184e-05 2.1246586846561864e-05 0.43749999899972719 0.025872138995488847 -0.28885430552787617 1.5244369574700843e-05 0.0021699316435092428 -0.012063914977865169 6.1752541748230924e-07 -9.308765763158948e-07 8.095668372352467e-07 0.019140624960079795 0.0038861125320190735 -0.010777696087429244 5.2366414264224548e-07 -9.5231891817550278e-07 5.8456235082125825e-07 0.019140624967258803 0.0049111359279558542 -0.0095047704319687967 4.3838726270449738e-07 -9.193748154936625e-07 4.0656011994822e-07 0.019140624973517005 0.0052448169669972672 -0.0084871184993578781 3.6169729006330076e-07 -8.4928371829837189e-07 2.9019076385919792e-07 0.019140624978897191 0.0049818701509920325 -0.0078187381515083549 2.9235763083533488e-07 -7.5764936057421408e-07 2.3221764788229026e-07 0.019140624983541837 0.0042421832124439002 -0.0074283983222654714 2.2905608656592056e-07 -6.5238896127178976e-07 2.1645485331254249e-07 0.019140624987600503 0.0031674502996782662 -0.0071347724854639643 1.7137911273877229e-07 -5.3644653086278826e-07 2.1993847023370264e-07 0.019140624991156593 0.0019470464684391241 -0.0067441334939778103 1.2009325706703003e-07 -4.1391398904510551e-07 2.1939953135068653e-07 0.019140624994202982 0.00080573593963908043 -0.0061493098840130394 7.6628902888311039e-08 -2.9292980417119922e-07 1.9815199004985824e-07 0.019140624996669721 -6.4053929276704108e-05 -0.0053690171135900057 4.2160367948220042e-08 -1.8243095505078698e-07 1.5056962012032887e-07 0.019140624998476741 -0.00056961926039163788 -0.0045016310196517072 1.6947035213511748e-08 -8.6200103201082836e-08 8.1172038742075784e-08 0.019140624999572652 -0.00072892972931161914 -0.0036413839665840456 3.0531368239112883e-10 -1.5054421645140754e-11 -1.5054421645987787e-11 0.027890624999938902 -0.00063344929530191238 -0.0028256701622873279 -8.9713610357546047e-09 8.600818733096362e-08 -8.1379724561748766e-08 0.01914062499957268 -0.0004054609066420897 -0.0020370920574049965 -1.2155321166927872e-08 1.8187973964086999e-07 -1.5127506678515201e-07 0.019140624998476401 -0.00016916757231896768 -0.0012399368399944202 -1.0325995923963051e-08 2.9212358611044773e-07 -1.9950235623896073e-07 0.019140624996668 -2.5508995153726978e-05 -0.00041746288305268659 -4.2846301713813503e-09 4.1321979810355438e-07 -2.2114445172459527e-07 0.019140624994197691 ]
[ -2.252119275167384e-06 4.5812502994125337e-06 -0.014478841396956835 -0.00081817164350481511 0.0095810577514746278 3.1588378815216417e-06 -7.0235557049958807e-05 0.00040032894178156206 1.3494726846455934e-07 -1.1641712446802401e-07 1.9246392195528601e-07 -0.00063344931045126226 -0.00012720924089399581 0.0003579855033780671 1.2899929120316395e-07 -1.4678352489474424e-07 1.7565787293213819e-07 -0.00063344930906691205 -0.00016126826734786222 0.00031599254175929706 1.2373499645757257e-07 -1.6653921736727587e-07 1.628704342857888e-07 -0.00063344930763952975 -0.00017236338706360871 0.00028235856604458151 1.1876842399179708e-07 -1.7509974152955495e-07 1.5957693060590475e-07 -0.00063344930618692804 -0.00016361283168348439 0.00026019739017751832 1.1356986391966127e-07 -1.7234323214385832e-07 1.6813986385051666e-07 -0.0006334493047101278 -0.00013899938351053632 0.00024714882670168225 1.0760858375714343e-07 -1.5763531023135147e-07 1.8699708780489395e-07 -0.00063344930320996735 -0.00010325467656586466 0.00023721128723116938 1.0050280990255523e-07 -1.3083736618284548e-07 2.1105825331048379e-07 -0.00063344930170463297 -6.2700178419789962e-05 0.00022399193016380478 9.2134376439424927e-08 -9.4431837375734643e-08 2.3362853080492985e-07 -0.00063344930023472902 -2.4815617663584262e-05 0.00020398968971484374 8.2663699104793922e-08 -5.4517401580288399e-08 2.496149062999245e-07 -0.00063344929884903744 4.021702724969315e-06 0.00017788493288684233 7.2414323732826896e-08 -1.9235826445005771e-08 2.5803353792857766e-07 -0.0006334492975779625 2.0764547925058528e-05 0.00014898715984989547 6.1693958522381408e-08 4.1304602064272305e-09 2.6166899803068917e-07 -0.00063344929641249211 2.6036254696392103e-05 0.0001204475245802022 5.0676373927078454e-08 1.0975726547424585e-08 2.6418687582170992e-07 -0.00063344929530191238 2.2912029529709959e-05 9.3514123453975503e-05 3.9415488312605889e-08 -4.6886388645953187e-10 2.6704707134102406e-07 -0.00063344929416957272 1.5321939610223443e-05 6.7601889748455691e-05 2.7962747479016129e-08 -2.9263893990157298e-08 2.6821878132452794e-07 -0.00063344929293816647 7.4531294857956722e-06 4.1497764836232494e-05 1.6494458437407108e-08 -7.1288932108183368e-08 2.6341696133763294e-07 -0.00063344929155595864 2.5891611177160592e-06 1.4594935396678366e-05 5.3454826828369875e-09 -1.1916565571789728e-07 2.4937560187301537e-07 -0.00063344929001453714 ]
[ -1.8904253202004655e-06 -6.249647593703668e-06 -0.064586746499620429 -0.0038409928478316917 0.042680704787410283 -4.0175129449103449e-06 -0.00032141994445687331 0.0017825349937413625 -1.652276613618185e-07 -6.5624968193108355e-08 -2.7326270630818576e-07 -0.0028256701598051563 -0.00057499764869880588 0.0015924770062338924 -1.439664939701487e-07 -3.7408131829127172e-08 -2.6863940469875375e-07 -0.0028256701607716544 -0.00072645249359336306 0.0014044226065436883 -1.2297426212697304e-07 -2.3266239611655526e-08 -2.5931076958632208e-07 -0.0028256701618010085 -0.00077575747542151007 0.0012541377431722932 -1.0275910596696566e-07 -2.6392989286702173e-08 -2.4774939419303812e-07 -0.0028256701628087003 -0.00073689799994647548 0.0011555153213470191 -8.3620226404252327e-08 -4.6634791411807517e-08 -2.3398075326713144e-07 -0.0028256701637098254 -0.00062756988409407184 0.0010980245648729231 -6.5844832883518949e-08 -8.0823415451964371e-08 -2.1514205054683465e-07 -0.0028256701644202749 -0.00046869030987860868 0.00105485447220627 -4.9878988485419377e-08 -1.2289368847251632e-07 -1.8748339111921105e-07 -0.0028256701648606678 -0.00028823458048796158 0.00099735151911775209 -3.6313378032938951e-08 -1.6491091467869877e-07 -1.4968166109158561e-07 -0.0028256701649706137 -0.00011942964930591043 0.00090965304965882378 -2.5663004300996375e-08 -1.9988981093988811e-07 -1.0509587046565499e-07 -0.0028256701647277889 9.256050770869155e-06 0.00079451295097002922 -1.809104445317571e-08 -2.2492276150594047e-07 -6.0955230046379097e-08 -0.0028256701641564417 8.4083136707905075e-05 0.00066647489099290859 -1.3278590269834354e-08 -2.4187101932574036e-07 -2.5219723019673648e-08 -0.0028256701633172102 0.00010767183354984946 0.00053947873619753417 -1.0505109280520249e-08 -2.5496225416336044e-07 -3.8881207727318259e-09 -0.0028256701622873283 9.3514123453975517e-05 0.00041910187870770085 -8.8424019389639025e-09 -2.6735233464399933e-07 -1.6370609752302549e-10 -0.0028256701611468768 5.9671556441504783e-05 0.00030263289802566837 -7.3487904892045779e-09 -2.790043812108164e-07 -1.4452381336105302e-08 -0.0028256701599766593 2.4510992595144977e-05 0.00018490258308882828 -5.2334179497051925e-09 -2.8701918495136961e-07 -4.3932339942565411e-08 -0.0028256701588595286 2.9865998486208364e-06 6.3373683857823198e-05 -2.00139759865013e-09 -2.8828661269516056e-07 -8.2167822580854473e-08 -0.0028256701578724033 ]
[ -0.01935046512372229 0.063286635263465396 -4.1883836063957817e-06 3.207114082257724e-06 3.824568470274298e-06 0.042972333069905069 1.2409694398431254e-07 1.6817080984483074e-07 0.0018206714660434554 -0.0010763162048069788 0.0026841106951587274 -1.7514011269453494e-07 9.5525947140040815e-08 1.6405375384537099e-07 0.0017073691849512176 -0.0014644726623773618 0.0024952997336331116 -1.5820157775237442e-07 7.6243921818335877e-08 1.5196808918595039e-07 0.001601923825361967 -0.0017069968476411245 0.0023378618242367124 -1.40658984027972e-07 6.7627628754024298e-08 1.3435543967414272e-07 0.0015014633506892909 -0.0017901389960396194 0.002275588578883415 -1.2290110657619288e-07 6.7823811843550836e-08 1.1305494124380587e-07 0.0014011009949900081 -0.0017129771895064796 0.0023335344340386509 -1.0513996679449299e-07 7.2861163521112313e-08 8.8997215365767857e-08 0.0012959107628804469 -0.0014763111591578266 0.0024883831090216917 -8.7583763781133545e-08 7.8075422538199452e-08 6.3225940699715264e-08 0.0011829177702354372 -0.0010930512970209459 0.0026773865881431539 -7.0613040018315299e-08 7.9712613132171517e-08 3.789623167138959e-08 0.0010622759844262136 -0.0006082696479558791 0.0028265739197821946 -5.4800527959174597e-08 7.6279586943082049e-08 1.6059589878493684e-08 0.00093690347210014663 -0.00010304775911178194 0.0028900204068439072 -4.071525420405868e-08 6.8713334526671635e-08 3.1591671060354288e-10 0.00081060674242191633 0.00032958247012531653 0.002874451346416949 -2.8621436678126288e-08 5.9131849587387555e-08 -8.3789316933113115e-09 0.00068588014584668091 0.00061698547112130572 0.0028281953341265749 -1.8280007384231193e-08 4.9216061988149588e-08 -1.080847049221059e-08 0.00056284878864166945 0.00072045533187045283 0.0028042544647377166 -8.9713610357546047e-09 3.9415488312605889e-08 -8.8424019389639157e-09 0.00043992168460177926 0.000628760594519623 0.0028256693507145146 3.0526330297529717e-10 2.9234704536529464e-08 -4.8170792648969792e-09 0.0003152747483238161 0.00035175480929753596 0.0028719191419974608 1.0559276212131968e-08 1.8105557918196001e-08 -1.1255165095384386e-09 0.00018902442582802178 -7.3839771108673573e-05 0.0028909827002547824 2.2534417783957089e-08 6.1271572988691611e-09 2.9870506954897921e-10 6.3491201950948781e-05 -0.00057733480421210477 0.0028330528031289669 3.650201339806619e-08 ]
[ 0.38053434621357929 0.2157030867963533 9.3840197664112542e-06 1.2338013342886113e-05 -2.698290098696329e-05 0.11991206546968927 6.2333636847453383e-07 -1.0972144906517206e-06 0.0050197041581239365 0.015772223581338569 0.010797641241592633 3.9875732475451121e-07 7.4431215814043083e-07 -9.3359751714314152e-07 0.0044953438590105369 0.013996792124066675 0.013030896019507753 3.8612694271360948e-07 7.9000663351103052e-07 -8.0022033908313307e-07 0.0038926004887861075 0.012632850560818143 0.014369596395900417 3.8839563914293694e-07 7.6949403315372913e-07 -7.164841339440146e-07 0.003250966833478679 0.012111711437398736 0.01481661330145739 3.9879233550959909e-07 6.9529030548992653e-07 -6.8160845203875951e-07 0.0026086306286852291 0.012596345316462103 0.014401967949721487 4.0934132661929282e-07 5.7862878029393765e-07 -6.7729839050985088e-07 0.00200372963228211 0.013935171340123493 0.013097346172315449 4.1204645291169569e-07 4.33203665432646e-07 -6.7633880054962689e-07 0.0014757410188538436 0.015704815110080841 0.010895959782111825 4.0006891102003342e-07 2.7995302210832706e-07 -6.5465011617039005e-07 0.0010608565377742314 0.017363321017826071 0.0079824100241978491 3.6908967126395066e-07 1.4458498831994497e-07 -6.0212832607446285e-07 0.00078116753059366475 0.018497986321200355 0.0048138898670824527 3.1838401196401711e-07 4.7817710668211612e-08 -5.2488725394175026e-07 0.00063463645294463845 0.019018640736532966 0.0020002806401691127 2.5077739834243108e-07 -2.9690268841767614e-09 -4.3709827428237283e-07 0.00059332387531631193 0.019132813363608624 7.9597535205706079e-05 1.7137287780766501e-07 -1.4109238464765874e-08 -3.5009040154010818e-07 0.00061016067506800638 0.019126896872016134 -0.00062234321731218737 8.6008187330963726e-08 -4.6886388645952029e-10 -2.6735233464399933e-07 0.00062876059451962311 0.04100842103897312 3.0527437143210513e-14 4.6894128833200063e-10 1.9838312457034208e-08 -1.870683038683799e-07 0.00059247061054920743 0.019034134985258973 0.0018535930824821014 -7.9465956089363462e-08 2.9439743318667643e-08 -1.0809697640956216e-07 0.00045336579598354194 0.01854612717719005 0.0046268263415002149 -1.4794884849781741e-07 1.5899049409665398e-08 -3.3894288346196856e-08 0.00018207742699466987 0.017449533138346376 0.0077921249785777962 -1.9979005848909161e-07 ]
[ -0.2157030857526879 0.38053434569994637 -3.0483001988795917e-05 1.8984558192488813e-05 3.190912590500451e-05 0.26399927957570146 7.0213296753942432e-07 1.3832625949424387e-06 0.011198358714883663 -0.010797641198017042 0.015772223564594279 -1.2761483275215487e-06 4.8163298315781375e-07 1.3190410831849959e-06 0.010547835625572785 -0.013030895981170215 0.013996792117107925 -1.1586421489351697e-06 3.4079846855879561e-07 1.2075560185432149e-06 0.0099679556118673161 -0.014369596363663889 0.012632850560570102 -1.0403610185392589e-06 2.869456930050732e-07 1.0696651753393359e-06 0.0094304834547919332 -0.014816613275258133 0.012111711440840545 -9.2243076142356024e-07 3.0474446385801802e-07 9.1765735510774652e-07 0.0088938320190304378 -0.014401967928912733 0.012596345321193534 -8.0451230236238466e-07 3.6479976646586519e-07 7.5376888409816358e-07 0.0083161596563384021 -0.013097346156114173 0.013935171344557686 -6.862361327889523e-07 4.3247097930541156e-07 5.7901357157493852e-07 0.0076685382112506497 -0.010895959769865978 0.015704815113407121 -5.6865726271841876e-07 4.776666543280557e-07 4.0262896190884257e-07 0.0069439569472463407 -0.007982410015411532 0.017363321019867255 -4.5469276930169396e-07 4.8454379105193562e-07 2.4303484740602549e-07 0.0061572592262093932 -0.0048138898612948445 0.018497986322199032 -3.4803443236084097e-07 4.5482940236618124e-07 1.1920371902740358e-07 0.0053346734071392701 -0.002000280636837856 0.019018640736896478 -2.5110006274101325e-07 4.0122041673095821e-07 4.0766975857722873e-08 0.004499306464590693 -7.9597533682178084e-05 0.019132813363693067 -1.6340637901240559e-07 3.3650867687166991e-07 4.9408358763534706e-09 0.0036624792278788184 0.00062234321773942233 0.019126896872024603 -8.1379724561748766e-08 2.67047071341024e-07 -1.6370609752305196e-10 0.0028256693507145146 3.0525702419737768e-14 0.027883421038973122 4.6894128833163005e-10 1.9351371094958442e-07 9.2200056507862833e-09 0.0019900204403565875 -0.001853593082055362 0.019034134985266262 8.7688721573492636e-08 1.1593203432046408e-07 1.6624400693953512e-08 0.0011660963849387967 -0.0046268263399845437 0.018546127177251161 1.8401448940312394e-07 3.7748513771803865e-08 9.7200530435117093e-09 0.00037644115153958425 -0.0077921249752834426 0.017449533138557981 2.9012867354361444e-07 ]
[ -2.3196050704094673e-05 2.1910093339950063e-05 0.4374999988357498 0.025872139022036781 -0.2888543052762737 1.5837614302324765e-05 0.0021699316437676247 -0.012063914967273527 6.4298814109690692e-07 -1.047579001657819e-06 8.2876431190339181e-07 0.01914062495320441 0.0038861125308262139 -0.010777696077819183 5.4868831100102267e-07 -1.0706373564716438e-06 5.8618076189103904e-07 0.01914062496094255 0.0049111359259758729 -0.0095047704234075634 4.6362549669909499e-07 -1.0373221914123987e-06 3.9635899194116968e-07 0.019140624967696588 0.0052448169648850089 -0.0084871184917413873 3.8750486709761628e-07 -9.6681349456863083e-07 2.7576184874490037e-07 0.019140624973534779 0.0049818701492826186 -0.0078187381446852451 3.1874120264720181e-07 -8.7557201212661739e-07 2.2171563570513544e-07 0.019140624978636691 0.0042421832114987864 -0.0074283983161552358 2.5567281390945001e-07 -7.7071617283724939e-07 2.175125871199728e-07 0.019140624983189226 0.0031674502996522085 -0.0071347724800999643 1.975859184404849e-07 -6.5326818077917697e-07 2.3840803608655538e-07 0.019140624987301836 0.0019470464692681747 -0.0067441334894578304 1.4505527209470983e-07 -5.2568673446949316e-07 2.5798935403432435e-07 0.019140624990974239 0.00080573594108088718 -0.0061493098803991888 9.9475991786060132e-08 -3.9622101707250662e-07 2.5576108094231739e-07 0.019140624994123927 -6.4053927546045116e-05 -0.0053690171108362597 6.214370373896741e-08 -2.7601382699336472e-07 2.2298468222682859e-07 0.01914062499664786 -0.00056961925867293403 -0.0045016310176093678 3.3541545614436708e-08 -1.7207713368366747e-07 1.6266225063437644e-07 0.019140624998473896 -0.00072892972782298375 -0.0036413839650674788 1.3244785086708961e-08 -8.2862882434143099e-08 8.4587994722162789e-08 0.01914062499957268 -0.00063344929416957272 -0.0028256701611468768 3.052633029752707e-10 4.6894128833189475e-10 4.6894128833141829e-10 0.027890624999939006 -0.00040546090591073202 -0.0020370920565682313 -6.2911827832011912e-09 8.8855095859039703e-08 -7.8137931688810153e-08 0.0191406249995732 -0.00016916757195788919 -0.001239936839463775 -7.3645357192321471e-09 1.894173688204838e-07 -1.4085102948531274e-07 0.019140624998483024 -2.5508995063814706e-05 -0.00041746288286756769 -3.4883041946631222e-09 3.0187562513168822e-07 -1.8133513013263035e-07 0.019140624996698413 ]
[ -1.295594549181473e-06 3.6085224164414616e-06 -0.0092676781234581861 -0.00050811049550032565 0.0061366490670592177 2.4605327928112932e-06 -4.429258388051348e-05 0.00025647446844966927 1.0491254182707541e-07 -7.0659367840186055e-08 1.5317215711181042e-07 -0.00040546091741982816 -8.0801884889688082e-05 0.00022946752061537616 9.9784104580420442e-08 -9.4600777069182038e-08 1.4267008083935197e-07 -0.00040546091640834147 -0.00010263794452717078 0.0002026491887307243 9.5094674828772969e-08 -1.1026159054373822e-07 1.3428434852181725e-07 -0.00040546091535271448 -0.00010975391142656245 0.00018114151662345892 9.0605220465654418e-08 -1.1681712494276255e-07 1.3203168200923063e-07 -0.00040546091427280391 -0.00010413964466637523 0.00016693709363869806 8.5967509166166568e-08 -1.1405327624468554e-07 1.3764821605630361e-07 -0.00040546091317725805 -8.8350111703527199e-05 0.00015852566511401542 8.0832300059534698e-08 -1.0169011514842613e-07 1.4992534973892646e-07 -0.00040546091207459333 -6.5429040879199927e-05 0.0001520695697169161 7.4962403520621177e-08 -8.0076521071585341e-08 1.6509802342729087e-07 -0.00040546091098489365 -3.9440140173485437e-05 0.00014348864898105896 6.8311877214153951e-08 -5.1589750182836913e-08 1.7843566877775646e-07 -0.00040546090994213793 -1.5181276425661675e-05 0.00013056214193178683 6.1024180496557166e-08 -2.1107425390662651e-08 1.86672467308608e-07 -0.00040546090898267029 3.2682490820124229e-06 0.00011374804843570674 5.3335343509133619e-08 5.3443531786920795e-09 1.8971417520819654e-07 -0.00040546090812583198 1.3970523160292133e-05 9.5181801715416299e-05 4.5440365419776918e-08 2.268768740785418e-08 1.901543523267004e-07 -0.0004054609073599128 1.7337849377942899e-05 7.688918880908027e-05 3.7414465676624483e-08 2.7891431350450614e-08 1.9102021265666055e-07 -0.0004054609066420897 1.5321939610223447e-05 5.9671556441504783e-05 2.9234704536529464e-08 1.9838312457034208e-08 1.9351371094958442e-07 -0.00040546090591073207 1.0535480762918249e-05 4.3152258025202417e-05 2.0875883769973027e-08 -8.8502731879545737e-10 1.9609748261081911e-07 -0.00040546090510372603 5.473334767605832e-06 2.6546520983912481e-05 1.2413051133829544e-08 -3.1571177464981614e-08 1.9536687128982115e-07 -0.00040546090417739378 2.3517506269944797e-06 9.4493491639750502e-06 4.0564185105852784e-09 -6.7106164142892901e-08 1.8841658748206431e-07 -0.00040546090312008339 ]
[ -1.3553125534008349e-06 -4.2558517374370918e-06 -0.046562104132763522 -0.0027712833635311577 0.030782035627386371 -2.7328499660249639e-06 -0.00023186213145844338 0.0012856079742679253 -1.1220198704998032e-07 -4.7904526232857244e-08 -1.8610284904142657e-07 -0.0020370920561059275 -0.00041475062657165749 0.0011485637107674954 -9.7344153475518871e-08 -2.9178623811010239e-08 -1.8297422863020415e-07 -0.0020370920567490945 -0.00052398786412979122 0.0010129664847919569 -8.2668796484763929e-08 -2.0041104196334006e-08 -1.7651779485509701e-07 -0.0020370920574327806 -0.00055955027670470539 0.00090461265047012097 -6.854441481491604e-08 -2.2667913729617972e-08 -1.6830474602599327e-07 -0.0020370920580986118 -0.0005315195155700781 0.00083352268423249104 -5.5195752823339702e-08 -3.6914663824032798e-08 -1.5826500998563366e-07 -0.0020370920586875764 -0.0004526536042086155 0.00079210027601843685 -4.2839048330610564e-08 -6.0528421477476552e-08 -1.4441710230968736e-07 -0.00203709205914123 -0.00033803614656844895 0.00076100508299004001 -3.1798388797018758e-08 -8.9258861224798326e-08 -1.2426627497804562e-07 -0.0020370920594048863 -0.00020784550279493314 0.00071956705072565312 -2.2492426731385167e-08 -1.1763643631774068e-07 -9.7068437600044535e-08 -0.0020370920594377125 -8.6052284904731489e-05 0.00065634354335345553 -1.5278754422824181e-08 -1.4097077351653712e-07 -6.5311059056508252e-08 -0.0020370920592256325 6.8023670590469751e-06 0.00057332334158237451 -1.0262852328055991e-08 -1.5749008735867728e-07 -3.4069049826013962e-08 -0.0020370920587864686 6.0800683763151385e-05 0.00048100221368619717 -7.2117549335385764e-09 -1.6873725209371498e-07 -8.8201652144093294e-09 -0.0020370920581621885 7.7825497852584456e-05 0.00038944073750441486 -5.6142879793586076e-09 -1.7783420440642229e-07 6.347304016047001e-09 -0.0020370920574049969 6.7601889748455704e-05 0.00030263289802566837 -4.8170792648969792e-09 -1.870683038683799e-07 9.2200056507863098e-09 -0.0020370920565682313 4.3152258025202417e-05 0.00021875819963486178 -4.1572803669883737e-09 -1.9640261461433308e-07 -5.7997776449397243e-10 -0.0020370920557057238 1.7723497780574402e-05 0.00013385339794172259 -3.0736370553096831e-09 -2.0367882007969425e-07 -2.1248793496636087e-08 -0.0020370920548736489 2.1087398993177011e-06 4.6240987324471797e-05 -1.207008984995645e-09 -2.0646245124778266e-07 -4.8410460153591104e-08 -0.0020370920541255872 ]
[ -0.010651421546531179 0.046257742605949149 -3.0251296087080563e-06 2.3454207110952199e-06 2.5814296559863246e-06 0.031214774560506642 9.149222255371553e-08 1.139849208002197e-07 0.001322064278853921 -0.00063464592794914654 0.0019747818385453019 -1.2673594238610872e-07 7.1732263894750109e-08 1.1191882257174854e-07 0.0012381680269850411 -0.00092189793662696628 0.0018592767731871909 -1.1490551401757144e-07 5.8162343760475294e-08 1.0401082626082153e-07 0.0011591920399331172 -0.0011033676491546372 0.0017588696926916401 -1.0253313154452669e-07 5.1822357142295987e-08 9.1911712899189316e-08 0.0010834225443076095 -0.0011659979756339449 0.0017185092616306178 -8.994555723081596e-08 5.1472235196800255e-08 7.695477818436558e-08 0.0010077166553009564 -0.0011078649296877652 0.0017560752641853892 -7.7354494163354934e-08 5.4362079688882396e-08 5.9913746686437216e-08 0.00092890346926575626 -0.00093071735848833923 0.0018549253907653423 -6.4969113505470052e-08 5.7266085113365866e-08 4.1673922290752114e-08 0.00084519665876613972 -0.00064695912106776531 0.0019708153055305751 -5.3110909332330815e-08 5.7639891027219272e-08 2.3874427812522505e-08 0.00075698773971820421 -0.00029257191772904943 0.0020530937463304434 -4.2217019429754768e-08 5.4556283615292637e-08 8.7059254223295518e-09 0.00066650459724886327 7.211329472678629e-05 0.0020729935892193478 -3.269385797671819e-08 4.8771188871512008e-08 -2.0425747108106701e-09 0.00057641208597340829 0.00038087210447554224 0.0020400215531467024 -2.4705404425220378e-08 4.180189016756114e-08 -7.7753242722248989e-09 0.00048824835532966716 0.00058417304852592883 0.0019924219927455167 -1.8043376862171079e-08 3.47885540771817e-08 -9.1004051098260807e-09 0.00040173335137034524 0.00065699698798018125 0.0019700708823925934 -1.2155321166927898e-08 2.7962747479016126e-08 -7.3487904892045845e-09 0.0003152747483238161 0.00059247061054920733 0.0019900204403565875 -6.2911827832011912e-09 2.0875883769973027e-08 -4.1572803669883737e-09 0.00022728096661115007 0.00039660850187330236 0.0020370908595780217 3.0513200351397323e-10 1.3034662433120443e-08 -1.2141018267969268e-09 0.00013723547450323782 9.306000722825053e-05 0.002072208138823793 8.2031522026117695e-09 4.4462626202534701e-09 8.6573460410325862e-11 4.6704855989919495e-05 -0.00027011125787643561 0.0020561682401136205 1.7634555074060471e-08 ]
[ 0.39945641933423326 0.17771865444989399 1.430978291418524e-05 1.0554353105443415e-05 -3.1268723248034771e-05 0.09371430231746751 5.6210665594467667e-07 -1.2812655711188024e-06 0.0039087900794978871 0.016736424967993432 0.0092136412061693176 6.0875186536527331e-07 7.1174525951636077e-07 -1.1063334041856922e-06 0.0034501716439022381 0.015186558044570142 0.011607306209064598 5.8480334958261125e-07 7.7558211922134673e-07 -9.5696676913363994e-07 0.002906733171774499 0.013959383771442076 0.013071194774983573 5.7560152362522939e-07 7.6193475199617768e-07 -8.556048162260676e-07 0.0023204978656094825 0.013484254679702174 0.01356637856664534 5.7451951188480777e-07 6.851769084438495e-07 -8.0309594224205119e-07 0.0017334841464037572 0.013926204026756109 0.0131069348743338 5.7359014756784575e-07 5.5988524341381072e-07 -7.8112772466902708e-07 0.0011876853732852642 0.015131694530813715 0.011679381191402848 5.6482296735729858e-07 4.0369345050682572e-07 -7.6188668346683706e-07 0.00072517634809019709 0.016678891122929859 0.0093179798999312169 5.4151686187579151e-07 2.4122107246414871e-07 -7.2141804953926747e-07 0.00038264019686643305 0.01804653413933946 0.0062588774878603072 4.9965781189707218e-07 1.0061613184425971e-07 -6.5095954503531883e-07 0.00018061564206697952 0.018868354005677324 0.0029968759878669245 4.388825058770428e-07 3.2110155035402186e-09 -5.5851774040023599e-07 0.00011453478132702178 0.019113731966525174 0.00014742741649392433 3.622359781440692e-07 -4.4454517884948483e-08 -4.5957805487119406e-07 0.00015436462683481831 0.01904124165203832 -0.0017743497192002182 2.747479766920749e-07 -5.0003876769189179e-08 -3.6557640473238947e-07 0.00025218357361170908 0.018967353777532499 -0.0024720748278863657 1.8187973964086988e-07 -2.9263893990157311e-08 -2.790043812108164e-07 0.00035175480929753585 0.019034134985258973 -0.001853593082055362 8.8855095859039703e-08 -8.8502731879546233e-10 -1.9640261461433308e-07 0.00039660850187330236 0.040989935129157759 3.0514905637296095e-14 8.8538021427188618e-10 1.7274207957029777e-08 -1.1487536058373037e-07 0.00033804501309277191 0.018898122856360781 0.0028061194064762924 -7.6573919522919898e-08 1.2041717697182264e-08 -3.658883094856994e-08 0.00014466402024666548 0.018113864606581868 0.0060612278640978226 -1.3842616769926611e-07 ]
[ -0.17771865315812868 0.39945641894574646 -3.121343466809423e-05 1.9975007301460137e-05 3.0316433887664644e-05 0.27424609987835619 7.4996024109481221e-07 1.3193608156605331e-06 0.01162654393024147 -0.0092136411527656437 0.016736424957203035 -1.309545570446523e-06 5.3527238298808242e-07 1.2660381764419507e-06 0.010928597918312402 -0.01160730616288041 0.015186558044152573 -1.1938727448227334e-06 3.9538355670701816e-07 1.1628223162725559e-06 0.010293334869105244 -0.013071194736559221 0.013959383777760612 -1.0759856070731552e-06 3.3845191318224567e-07 1.0295775539048602e-06 0.0096964920324637254 -0.013566378535441395 0.013484254689284707 -9.5766010364215089e-07 3.5005013387245251e-07 8.7899077266913639e-07 0.0091003975972083918 -0.01310693484923256 0.013926204036892089 -8.393315831460025e-07 4.0153136786040416e-07 7.1476636162629772e-07 0.0084671217182320044 -0.011679381171280692 0.015131694539715898 -7.2140710034547331e-07 4.5917917689715394e-07 5.3980431726918855e-07 0.0077717107922429416 -0.0093179798839882338 0.016678891129676614 -6.0559871507524053e-07 4.9430853099640869e-07 3.6483097561581324e-07 0.0070106966193352526 -0.006258877475635638 0.018046534143747493 -4.9522678304492048e-07 4.9272560639456699e-07 2.0870902142470943e-07 0.0062009856853300063 -0.0029968759790440897 0.018868354008108504 -3.9403413594197603e-07 4.5736487671149181e-07 8.9797107143592054e-08 0.005368472854840379 -0.00014742741068777754 0.01911373196761218 -3.0415231496407068e-07 4.0119139208082444e-07 1.6708001122744441e-08 0.0045334385021224034 0.0017743497225320003 0.019041241652403552 -2.2460617733280433e-07 3.3639083307701373e-07 -1.4037950992053313e-08 0.0037025847842539037 0.0024720748294076809 0.018967353777611145 -1.5127506678515222e-07 2.6821878132452789e-07 -1.4452381336105329e-08 0.0028719191419974604 0.0018535930824820997 0.019034134985266262 -7.8137931688810153e-08 1.9609748261081911e-07 -5.7997776449397243e-10 0.0020370908595780213 3.0514905637296095e-14 0.027864935129157754 8.8538021427114503e-10 1.1887760636855747e-07 1.1160965158618932e-08 0.0012039661727857101 -0.0028061194060502812 0.018898122856365763 9.0076866065307865e-08 3.9197705267956755e-08 8.1014067809325289e-09 0.00039212690383770126 -0.006061227862587947 0.018113864606615848 1.9061817505429809e-07 ]
[ -2.5769116417265568e-05 2.2743604392433141e-05 0.43749999864922334 0.025872139056537978 -0.28885430501256448 1.6540091944938436e-05 0.0021699316443226581 -0.012063914956153344 6.7306477237544319e-07 -1.1626927056533225e-06 8.5555207390361222e-07 0.019140624945355181 0.0038861125298378743 -0.010777696067699901 5.7799018306860139e-07 -1.1885140300402938e-06 5.9554520312260212e-07 0.019140624953681743 0.0049111359241350372 -0.0095047704143780415 4.9280210220262486e-07 -1.1556031117876053e-06 3.9391312703040258e-07 0.01914062496096549 0.0052448169628780024 -0.0084871184837097321 4.1691199682158975e-07 -1.0849549476992811e-06 2.6907283830447355e-07 0.019140624967297827 0.0049818701476717821 -0.0078187381375050009 3.483855329382476e-07 -9.9384798816419133e-07 2.1896812083251964e-07 0.019140624972893202 0.0042421832106632395 -0.0074283983097475472 2.8521095527314978e-07 -8.8863832278598024e-07 2.2631851682180872e-07 0.019140624977973596 0.0031674502997532427 -0.0071347724744985222 2.2637768598701871e-07 -7.6854845379231783e-07 2.6447776483466191e-07 0.01914062498267223 0.0019470464702388134 -0.0067441334847585174 1.7227732191297375e-07 -6.3461442319551621e-07 3.0379150914210626e-07 0.019140624986993569 0.00080573594267023378 -0.0061493098766581839 1.2428035110442847e-07 -4.9544535600746738e-07 3.1997293869808113e-07 0.019140624990841293 -6.4053925671249672e-05 -0.0053690171079973552 8.3810474247962787e-08 -3.6458748716848258e-07 3.0132453768517146e-07 0.019140624994089545 -0.0005696192568206735 -0.0045016310155113638 5.1572886558515014e-08 -2.5237233802667819e-07 2.4954672119335546e-07 0.019140624996647065 -0.00072892972621612468 -0.0036413839635127351 2.7391105394684181e-08 -1.5993356921167163e-07 1.7437803699410256e-07 0.019140624998476401 -0.00063344929293816658 -0.0028256701599766588 1.0559276212131968e-08 -7.9465956089363674e-08 8.7688721573492636e-08 0.019140624999573197 -0.00040546090510372603 -0.0020370920557057238 3.051320035139997e-10 8.8538021427188618e-10 8.8538021427156854e-10 0.027890624999938933 -0.00016916757154917015 -0.0012399368389126805 -3.9429352653130597e-09 9.0844638638877434e-08 -7.5638214366668798e-08 0.019140624999573964 -2.5508994957672655e-05 -0.00041746288267367418 -2.532971949058252e-09 1.9345517774334898e-07 -1.3434501089868749e-07 0.019140624998489654 ]
[ -5.1641774864199978e-07 2.4440873956839704e-06 -0.0038666875191079287 -0.00018656000875041416 0.0025646418424797529 1.6462983446108985e-06 -1.7388242323219996e-05 0.00010728782537309191 6.9985105054795473e-08 -3.1896647245004982e-08 1.0486094397447631e-07 -0.00016916757866740375 -3.2674183925766272e-05 9.6179443257718157e-05 6.6065801223068771e-08 -4.7957098349003252e-08 9.9683657097928094e-08 -0.00016916757804321951 -4.183332283103727e-05 8.5091888068912857e-05 6.2373714674168049e-08 -5.8462134197471624e-08 9.5156812354670565e-08 -0.00016916757738271414 -4.482214834351633e-05 7.615366626465441e-05 5.88005092161546e-08 -6.2595900457935652e-08 9.3752802325229923e-08 -0.00016916757670373247 -4.2461238009400063e-05 7.0194513454796353e-05 5.5166188806315272e-08 -6.014403302547936e-08 9.65289527283295e-08 -0.00016916757601808063 -3.5825554360194024e-05 6.6585800372979807e-05 5.128981144177605e-08 -5.1105316184392814e-08 1.026708751621236e-07 -0.00016916757533747651 -2.6208612720002794e-05 6.3734517402833031e-05 4.7062512633519115e-08 -3.6081102569647124e-08 1.0982144485091368e-07 -0.00016916757467980422 -1.5332205008397745e-05 5.9959475516794255e-05 4.2492078438361612e-08 -1.7002226587708346e-08 1.1521427698191868e-07 -0.00016916757406938327 -5.2117772001749836e-06 5.4367774067411761e-05 3.7690134580124202e-08 2.7988282569875075e-09 1.1723336268489418e-07 -0.00016916757352896953 2.4579781756257927e-06 4.7186119657309294e-05 3.2801353872921676e-08 1.9586295956747651e-08 1.1634809003474294e-07 -0.00016916757306795465 6.8908572610058541e-06 3.9331103641194944e-05 2.791896737086782e-08 3.0481485322642082e-08 1.1461735504075285e-07 -0.00016916757267491968 8.2813177299223613e-06 3.1660221072226543e-05 2.3043371913018229e-08 3.3937200108194422e-08 1.141913392804112e-07 -0.00016916757231896765 7.4531294857956722e-06 2.4510992595144974e-05 1.8105557918196005e-08 2.9439743318667643e-08 1.1593203432046409e-07 -0.00016916757195788916 5.4733347676058312e-06 1.7723497780574399e-05 1.3034662433120443e-08 1.7274207957029783e-08 1.188776063685575e-07 -0.00016916757154917015 3.4396993618706376e-06 1.0958738456161818e-05 7.8286690890100971e-09 -1.1695604810006196e-09 1.2074251270855919e-07 -0.00016916757106124949 2.1052734041982862e-06 4.022928292187438e-06 2.5845403493882093e-09 -2.3030666756844349e-08 1.1932665482409292e-07 -0.00016916757048227038 ]
[ -8.3438955801623766e-07 -2.3064087874469071e-06 -0.028341413477611786 -0.0016877130548023608 0.018754191517034183 -1.4764880157521759e-06 -0.00014123420425650145 0.00078329484432990062 -6.0385104384121237e-08 -3.0618672794574793e-08 -1.0094431599822901e-07 -0.0012399368397970824 -0.00025266844815209193 0.00069985501393492427 -5.1869877247968211e-08 -2.1041158360534902e-08 -9.9388639806696065e-08 -0.0012399368401247411 -0.00031923259072714957 0.00061729457830498637 -4.3448388604360269e-08 -1.6660989609392675e-08 -9.5840216371127055e-08 -0.0012399368404721256 -0.0003409045047663657 0.0005513310007580533 -3.5349446926503052e-08 -1.8674255377667901e-08 -9.1006292131899893e-08 -0.0012399368408063938 -0.00032381880019918341 0.00050807002070860541 -2.7722407222521186e-08 -2.6961221050521111e-08 -8.4741366949294873e-08 -0.0012399368410938364 -0.00027574277021841101 0.00048288188547456569 -2.0711607562397753e-08 -4.0179969054366227e-08 -7.5935129852036294e-08 -0.0012399368413010758 -0.00020586499480953024 0.00046397899273444942 -1.4519226363532314e-08 -5.5867130286959597e-08 -6.3314800315765277e-08 -0.0012399368413974954 -0.00012648425999274129 0.00043876355735073674 -9.3933992111356311e-09 -7.0963121759442554e-08 -4.6683744102174078e-08 -0.0012399368413612219 -5.2215172028627997e-05 0.00040026402411185368 -5.5367302888361896e-09 -8.3000556696824407e-08 -2.7655747396448333e-08 -0.0012399368411860302 4.4154562436562872e-06 0.00034969879526619617 -2.9989780192405624e-09 -9.1279187962359153e-08 -9.1878565996795237e-09 -0.0012399368408833086 3.7355101291276857e-05 0.00029347382051170983 -1.6333530056752672e-09 -9.6985231075237221e-08 5.6673573671450728e-09 -0.0012399368404767855 4.774318943607412e-05 0.00023772914673534656 -1.1361501409277342e-09 -1.021201392193369e-07 1.4684486183610184e-08 -0.0012399368399944202 4.1497764836232494e-05 0.00018490258308882825 -1.1255165095384386e-09 -1.0809697640956215e-07 1.6624400693953512e-08 -0.0012399368394637748 2.6546520983912478e-05 0.00013385339794172256 -1.2141018267969284e-09 -1.1487536058373037e-07 1.1160965158618919e-08 -0.0012399368389126805 1.0958738456161816e-05 8.227689389327133e-05 -1.0684059145415649e-09 -1.2104750197577743e-07 -8.6461732413697169e-10 -0.001239936838371416 1.3191503513387071e-06 2.8923222755310031e-05 -4.6558537322597073e-10 -1.2489421682822169e-07 -1.7074355864180734e-08 -0.0012399368378706388 ]
[ -0.0041293886448251571 0.028302943067081671 -1.8046879818760207e-06 1.4365427826771339e-06 1.4194865872662958e-06 0.018974637147207863 5.659504546131726e-08 6.3061555032054029e-08 0.00080334563868253276 -0.00028434557780729022 0.0012170962027002118 -7.5731214584350375e-08 4.5356129118127523e-08 6.2499194346247996e-08 0.00075127446727995726 -0.00046252125365760292 0.0011618085017370888 -6.886901537150482e-08 3.7462217201216e-08 5.8351307735039806e-08 0.00070165139083608102 -0.00057642760238862945 0.0011104028303094364 -6.1606553128575337e-08 3.3572033560713833e-08 5.1525036795842377e-08 0.00065369137940937162 -0.00061601965741639887 0.0010892337844475525 -5.417288234443356e-08 3.3009396563980677e-08 4.2824048879500841e-08 0.00060576474038339799 -0.00057926549507196295 0.0011089450423344769 -4.673632197959391e-08 3.420204136421452e-08 3.278878644016911e-08 0.00055622508549731705 -0.00046803119704656607 0.001159627525795908 -3.9463820884176478e-08 3.5308681638125125e-08 2.2052880249114098e-08 0.00050424478351913905 -0.0002919348964688984 0.0012153176141549342 -3.2581722422950011e-08 3.4918245881189562e-08 1.1671637413323873e-08 0.00045025412376979089 -7.506883380209282e-05 0.0012473596590876603 -2.6370148662859362e-08 3.2586438013256766e-08 2.9628185011168521e-09 0.00039568119635471043 0.00014492414739163668 0.0012414344481332877 -2.1071269319163874e-08 2.8833360899064192e-08 -3.0563486052029566e-09 0.00034207622282695006 0.00032873792751247639 0.0012064976245325079 -1.6765489834916345e-08 2.4570460030612524e-08 -6.0965265161157568e-09 0.00029018544599184961 0.00044850028374341538 0.001167945410822515 -1.3302439825586377e-08 2.0433828076827831e-08 -6.55836130362097e-09 0.00023958351838574313 0.00049114024004977546 0.0011509523636145239 -1.0325995923963065e-08 1.6494458437407108e-08 -5.2334179497051941e-09 0.00018902442582802178 0.00045336579598354184 0.0011660963849387969 -7.3645357192321339e-09 1.2413051133829543e-08 -3.0736370553096831e-09 0.00013723547450323782 0.00033804501309277191 0.0012039661727857101 -3.9429352653130597e-09 7.8286690890100955e-09 -1.0684059145415632e-09 8.3768656509531541e-05 0.00015746552766155467 0.0012399359537377094 3.0498926721823674e-10 2.6963752108653907e-09 -5.6680526196795081e-11 2.9170784783735657e-05 -6.1429019082737192e-05 0.0012481051040342135 5.5437980977758934e-09 ]
[ 0.42101509594956266 0.11706168728795371 2.0789094240532069e-05 7.6240456689452729e-06 -3.67242857812929e-05 0.052391341660512708 4.5584928557868766e-07 -1.517205740706343e-06 0.002157649208622197 0.017899176222385793 0.0066521866710785096 8.8419084307289795e-07 6.4338576307002927e-07 -1.3303753328286918e-06 0.0018066928671629612 0.016718284655497545 0.0092462256549835573 8.4353290998406933e-07 7.3185959092706389e-07 -1.1615586052411053e-06 0.0013626765526365753 0.015719932115303828 0.010873662173182058 8.1712933506494401e-07 7.2829543737845342e-07 -1.0369953788028387e-06 0.00087070864818659531 0.015322886400888807 0.011432979429735491 7.9868912173105e-07 6.4946782640956272e-07 -9.5982936224585142e-07 0.00037786129276524272 0.015692375450865458 0.010913867754954896 7.8039938149222287e-07 5.1455784318584695e-07 -9.1216435535799626e-07 -6.878027226443756e-05 0.016674624223959933 0.0093255372180162215 7.5442003996951961e-07 3.4661581260990657e-07 -8.6607453551833229e-07 -0.0004239552307516694 0.017857612142095306 0.006763788001436931 7.143773300993392e-07 1.7508449311547954e-07 -7.9853957670661336e-07 -0.00065088739689441995 0.018760658844053233 0.003538610285907537 6.567901982739326e-07 3.0934341166220426e-08 -7.031611956897772e-07 -0.00073175292352294281 0.019094287342764849 0.00019296305558077394 5.8184891071200049e-07 -6.4269208809172022e-08 -5.9063834108804639e-07 -0.00067486933099462963 0.018918576044793405 -0.0026601875652217397 4.92876878741824e-07 -1.0552749867783809e-07 -4.7800824084843516e-07 -0.00051290616492338955 0.018564786355161976 -0.0045495250750416695 3.9470364679133587e-07 -1.0225094310662862e-07 -3.7650985008112136e-07 -0.00029422536978714021 0.018389308799965427 -0.0052284892746928546 2.9212358611044784e-07 -7.1288932108183368e-08 -2.8701918495136961e-07 -7.3839771108673573e-05 0.01854612717719005 -0.0046268263399845428 1.894173688204838e-07 -3.1571177464981601e-08 -2.0367882007969425e-07 9.306000722825053e-05 0.018898122856360777 -0.0028061194060502804 9.0844638638877434e-08 -1.1695604810006246e-09 -1.2104750197577746e-07 0.00015746552766155467 0.040970715008030859 3.050057618827186e-14 1.1703964530691988e-09 6.0307377969742167e-09 -3.9328219165795754e-08 8.5457967905424258e-05 0.018798210166974461 0.0033333182352800945 -7.4739999974594563e-08 ]
[ -0.11706168573597064 0.42101509578881918 -3.0510535255941587e-05 2.1194246476840552e-05 2.6538882645178201e-05 0.28489293699993695 8.1528349764927522e-07 1.164609686775169e-06 0.012068489151346175 -0.006652186607695715 0.017899176221784049 -1.281969232488007e-06 6.1812607489157035e-07 1.1324220137948272e-06 0.011311133321063177 -0.0092462256014117037 0.016718284665299218 -1.1711241336198169e-06 4.850909207457131e-07 1.0472071830167545e-06 0.010603297678675065 -0.010873662129375532 0.015719932131306211 -1.0559249883155515e-06 4.2546542398365521e-07 9.2627902497062444e-07 0.0099271637849928911 -0.011432979394426354 0.015322886419234891 -9.3910044085232166e-07 4.2671675168688249e-07 7.824323639071745e-07 0.0092516555309353245 -0.010913867726352628 0.015692375468625903 -8.2225050152570302e-07 4.6218281179432543e-07 6.2173265441434415e-07 0.0085454380211146784 -0.0093255371945188178 0.016674624239217929 -7.0695062768735105e-07 5.0055088982272455e-07 4.5040401304589479e-07 0.0077900173741605469 -0.00676378798202611 0.017857612153845921 -5.9587719934202636e-07 5.1631722483571293e-07 2.8179200194564668e-07 0.0069873499013916171 -0.0035386102701540521 0.018760658852099762 -4.9290217874730693e-07 4.9868117778901659e-07 1.3540253912003744e-07 0.0061571654606976424 -0.00019296304336509406 0.019094287347575518 -4.0177927932898518e-07 4.5290506059476131e-07 2.8285599785624085e-08 0.0053243946233835779 0.002660187574045752 0.018918576047236617 -3.241688466378379e-07 3.9239571121855536e-07 -3.2923116298255104e-08 0.0045046788160227934 0.0045495250808312666 0.018564786356170749 -2.5836841915510554e-07 3.2815341313454317e-07 -5.2965287517771316e-08 0.003697609166819848 0.0052284892780093354 0.018389308800277608 -1.9950235623896073e-07 2.6341696133763294e-07 -4.3932339942565437e-08 0.0028909827002547824 0.0046268263415002149 0.018546127177251161 -1.4085102948531252e-07 1.9536687128982115e-07 -2.1248793496636087e-08 0.002072208138823793 0.0028061194064762924 0.018898122856365763 -7.563821436666901e-08 1.2074251270855917e-07 -8.6461732413694522e-10 0.0012399359537377094 3.0501443550009848e-14 0.027845715008030854 1.1703964530690929e-09 4.0623000686010666e-08 4.3098046642762754e-09 0.00040891621478279712 -0.0033333182348546158 0.018798210166976314 9.1491247865372697e-08 ]
[ -2.8217076869669414e-05 2.3887325198106409e-05 0.43749999843723753 0.025872139106479237 -0.28885430473888013 1.7439983719715241e-05 0.0021699316455027619 -0.012063914944574688 7.1147539636487521e-07 -1.2735050148714793e-06 8.9630891709102274e-07 0.019140624936412411 0.0038861125293770797 -0.01077769605710349 6.1500260304820005e-07 -1.3042148168633653e-06 6.1937044044816775e-07 0.019140624945375752 0.0049111359227432538 -0.0095047704048928285 5.290525163666514e-07 -1.2731616259284465e-06 4.0608018828327772e-07 0.019140624953246858 0.0052448169612695026 -0.0084871184752764259 4.5275310156121624e-07 -1.2028986586528123e-06 2.7701628809727359e-07 0.019140624960135695 0.0049818701464334663 -0.007818738129999888 3.8382397469810742e-07 -1.1114388138990748e-06 2.3083553401681018e-07 0.019140624966286962 0.0042421832101869816 -0.0074283983031051921 3.1990622810686251e-07 -1.0044530931423463e-06 2.4959568872446563e-07 0.019140624971953131 0.0031674503001994318 -0.0071347724687561287 2.5970234948547564e-07 -8.7961447013691026e-07 3.0454334072699376e-07 0.019140624977286576 0.0019470464715306088 -0.0067441334800040107 2.0343910208863443e-07 -7.3694856482259136e-07 3.626349694877754e-07 0.019140624982292537 0.00080573594454621015 -0.0061493098729290289 1.524826317908363e-07 -5.858890482353435e-07 3.9586964481871493e-07 0.019140624986858715 -6.4053923548945265e-05 -0.0053690171052125524 1.0839597681502702e-07 -4.4272981687467721e-07 3.8991299055497702e-07 0.019140624990836956 -0.00056961925475766922 -0.0045016310134850948 7.210066431189208e-08 -3.2125378320736939e-07 3.4558453192472538e-07 0.019140624994120174 -0.00072892972442995408 -0.0036413839620272784 4.3645676664267227e-08 -2.2525997005016086e-07 2.7289846818406356e-07 0.019140624996668004 -0.00063344929155595864 -0.0028256701588595281 2.2534417783957063e-08 -1.4794884849781741e-07 1.8401448940312373e-07 0.019140624998483024 -0.00040546090417739378 -0.0020370920548736489 8.2031522026117695e-09 -7.6573919522919686e-08 9.0076866065308288e-08 0.019140624999573967 -0.00016916757106124949 -0.0012399368383714162 3.0498926721824997e-10 1.1703964530694105e-09 1.1703964530690929e-09 0.027890624999939061 -2.5508994823083138e-05 -0.00041746288247963202 -1.2895040884384993e-09 9.1770438870502994e-08 -7.438644838331846e-08 0.019140624999574526 ]
[ -7.8435961458204543e-08 9.0081948798386867e-07 -0.00058306279513924944 9.0088566837539711e-06 0.00038913507768471059 6.0218074855372807e-07 -1.0137473723680301e-06 1.6420169928244861e-05 2.5526621263128908e-08 -6.8004465213946971e-09 3.8985910875150325e-08 -2.5508997189249713e-05 -3.3718956774672816e-06 1.4981982861920609e-05 2.3927176110912671e-08 -1.2651164612059754e-08 3.7662193039481412e-08 -2.5508996978225237e-05 -4.8078313876890998e-06 1.3463171083887235e-05 2.2390987079442877e-08 -1.6470164338589348e-08 3.6336639246567754e-08 -2.5508996751979318e-05 -5.2818558173014458e-06 1.2168922141923552e-05 2.0894987059908869e-08 -1.787913217465605e-08 3.584064976430547e-08 -2.55089965184508e-05 -4.9041109983012952e-06 1.1220609308757968e-05 1.9390232097942821e-08 -1.6779933918413258e-08 3.6524266728530022e-08 -2.5508996283837757e-05 -3.849350298099062e-06 1.0526892835919445e-05 1.7827333376577e-08 -1.3233182629225162e-08 3.8087167737689768e-08 -2.5508996054304981e-05 -2.3452995386910167e-06 9.8627391268139964e-06 1.6182392972503992e-08 -7.5759430306935552e-09 3.9721396139047866e-08 -2.5508995837762784e-05 -6.8624972163076377e-07 9.0088719202143155e-06 1.4470612994934819e-08 -6.1950550126324653e-10 4.0546306925019763e-08 -2.5508995643555093e-05 8.0923363386568826e-07 7.8809653117687219e-06 1.273786117979172e-08 6.4021566517757735e-09 4.0154898551122138e-08 -2.5508995479457842e-05 1.9013138344161912e-06 6.5632546148442583e-06 1.1032820837721947e-08 1.2225702262016989e-08 3.8887721268552912e-08 -2.5508995347755989e-05 2.5072803506342606e-06 5.2274616821351492e-06 9.3776651513894149e-09 1.5971457799346674e-08 3.7597302158352061e-08 -2.5508995243159312e-05 2.6904693803059633e-06 4.0172221594576501e-06 7.7565684193454725e-09 1.7232532810821577e-08 3.7106374497817557e-08 -2.5508995153726975e-05 2.5891611177160592e-06 2.986599848620836e-06 6.1271572988691611e-09 1.5899049409665398e-08 3.7748513771803865e-08 -2.5508995063814706e-05 2.3517506269944793e-06 2.1087398993177007e-06 4.4462626202534701e-09 1.2041717697182264e-08 3.9197705267956762e-08 -2.5508994957672651e-05 2.1052734041982862e-06 1.3191503513387071e-06 2.6963752108653907e-09 6.0307377969742175e-09 4.0623000686010666e-08 -2.5508994823083134e-05 1.9777162226054781e-06 5.5635897192419724e-07 8.9877774181962554e-10 -1.2753473299074361e-09 4.1143767837161165e-08 -2.5508994654427084e-05 ]
[ -2.7768451895224546e-07 -6.663418216549108e-07 -0.0095420087580035083 -0.00056845389033778333 0.0063434897625351148 -4.2633698468860413e-07 -4.766928283019595e-05 0.00026499582706739571 -1.7336768117155937e-08 -1.0574706220833183e-08 -2.9176585191779423e-08 -0.00041746288320283737 -8.5375688901919073e-05 0.00023687203132068449 -1.4672072282302516e-08 -8.0633406275066027e-09 -2.8743608438562254e-08 -0.00041746288328948334 -0.00010790939791745711 0.00020903926177437022 -1.2033424294311256e-08 -7.055296244786424e-09 -2.7667921066266691e-08 -0.00041746288338065704 -0.00011524907447621328 0.00018681463918018788 -9.4990704044784242e-09 -7.8975385121625386e-09 -2.6094323494490313e-08 -0.00041746288346642822 -0.00010945657174867102 0.00017226437105740961 -7.123507500486225e-09 -1.0534931185002601e-08 -2.3934788719773858e-08 -0.00041746288353641678 -9.3150268794630326e-05 0.00016381990888879395 -4.9596036208120036e-09 -1.4529380045731174e-08 -2.0851858972109215e-08 -0.00041746288358035039 -6.9437181276565623e-05 0.00015748757778843631 -3.07678860479324e-09 -1.910536950028209e-08 -1.6509130654614773e-08 -0.00041746288358904162 -4.2486543848322719e-05 0.00014900022140337943 -1.5556985496468022e-09 -2.3343384750488757e-08 -1.093306416439268e-08 -0.0004174628835563191 -1.725903598367342e-05 0.00013600137843898999 -4.5870135586547578e-10 -2.6565143517276945e-08 -4.6961861928709912e-09 -0.0004174628834809773 1.9891498766720946e-06 0.00011891585285608813 2.0278630185921363e-10 -2.8678086673475527e-08 1.2661766800257369e-09 -0.00041746288336700217 1.3195498899694822e-05 9.9930089035036614e-05 4.7970890455961915e-10 -3.0170408787286627e-08 6.0412962228992175e-09 -0.00041746288322161174 1.6733884429998924e-05 8.1138711393867339e-05 4.7100724261417055e-10 -3.174874993645379e-08 8.9842028065610127e-09 -0.00041746288305268659 1.4594935396678366e-05 6.3373683857823198e-05 2.9870506954897921e-10 -3.3894288346196856e-08 9.720053043511706e-09 -0.00041746288286756769 9.4493491639750502e-06 4.6240987324471797e-05 8.6573460410325423e-11 -3.658883094856994e-08 8.1014067809325289e-09 -0.00041746288267367423 4.022928292187438e-06 2.8923222755310034e-05 -5.6680526196795081e-11 -3.9328219165795754e-08 4.3098046642762721e-09 -0.00041746288247963202 5.5635897192419724e-07 1.1057463084428699e-05 -5.4800067541655754e-11 -4.1448679691859042e-08 -9.7043717248086419e-10 -0.00041746288229493737 ]
[ -0.00062261752586746839 0.0095395094210107279 -5.9048423352013824e-07 4.8314528446892424e-07 4.2641304528857565e-07 0.0063789199024202378 1.9211305956498136e-08 1.9076418755330129e-08 0.00027000505650075885 -6.2346957855933177e-05 0.00041306365008473672 -2.4814963430766092e-08 1.5706477884729846e-08 1.9105290130932478e-08 0.0002522164010438105 -0.00012318056368857349 0.00039938495805138348 -2.2623277291440438e-08 1.3185654911965686e-08 1.7925772777559283e-08 0.0002350717063695051 -0.00016249840875888743 0.00038528938105488201 -2.0274561752022873e-08 1.187679352949983e-08 1.5810177541672849e-08 0.00021839127886884519 -0.000176252521594595 0.00037929011298355666 -1.7855401822445704e-08 1.1578192399147616e-08 1.3024853682962409e-08 0.00020172031307637685 -0.00016348269540534871 0.00038487921161925226 -1.5435024747003442e-08 1.1795971747040348e-08 9.7729946561634071e-09 0.00018459852050538858 -0.00012507433559385661 0.00039880495093097502 -1.3082253655975185e-08 1.1953336906237767e-08 6.2972474006963946e-09 0.00016683242578252629 -6.4922802431176816e-05 0.00041267303901612769 -1.0882924788618403e-08 1.1622896984801922e-08 2.9694027224523041e-09 0.00014862850379094322 8.1826035323044828e-06 0.00041757745363506108 -8.9355310223588582e-09 1.0695383807970953e-08 2.2525215464606897e-10 0.00013048901635009824 8.1319462389158211e-05 0.00040974919938548165 -7.319603001650382e-09 9.3647835881408012e-09 -1.6183342206446323e-09 0.00011291060453660331 0.00014163056462027508 0.00039321796953266998 -6.0558223421783325e-09 7.9324358458247664e-09 -2.4886704761176074e-09 9.6082010168436452e-05 0.00018050559984718627 0.0003771866617032265 -5.0861190961844341e-09 6.5923879549014099e-09 -2.5300225264689784e-09 7.9778046191629902e-05 0.00019425965482581351 0.00037039045016743443 -4.2846301713813503e-09 5.3454826828369867e-09 -2.0013975986501308e-09 6.3491201950948768e-05 0.00018207742699466985 0.00037644115153958425 -3.4883041946631222e-09 4.0564185105852776e-09 -1.2070089849956452e-09 4.6704855989919495e-05 0.00014466402024666548 0.00039212690383770126 -2.5329719490582553e-09 2.5845403493882089e-09 -4.6558537322597016e-10 2.9170784783735657e-05 8.5457967905424231e-05 0.00040891621478279707 -1.2895040884385026e-09 8.9877774181962554e-10 -5.480006754165565e-11 1.1096801792568037e-05 1.274678458657986e-05 0.00041746284680531641 3.0491185469791367e-10 ]
[ 0.43488992702028306 0.041746166928644329 2.78670232403014e-05 3.9283947005807556e-06 -4.2155338096802188e-05 0.0018446353611881565 3.1672905165046228e-07 -1.7541041087204713e-06 1.7377113077769475e-05 0.01878150836976868 0.0034240955458859977 1.1850165752848087e-06 5.4390257236898746e-07 -1.5584626962840938e-06 -0.00019590859388993762 0.018071826099369991 0.0061838548590184804 1.1256431315999222e-06 6.5908416949782755e-07 -1.3713610556770192e-06 -0.0005094485974574775 0.017373110339940146 0.0079602073221401899 1.0795419323993575e-06 6.675670000025103e-07 -1.2228006767801198e-06 -0.00087572692901984354 0.01707988401465901 0.0085801182830110637 1.0409963006080049e-06 5.8850138003893904e-07 -1.1185557563611424e-06 -0.0012429802206444505 0.017353001226180869 0.0080045967616569069 1.0025943652237418e-06 4.4599252236103718e-07 -1.0417296947295182e-06 -0.0015593870327853341 0.018042690392166182 0.0062695520686158026 9.5689320697913729e-07 2.6886987519941191e-07 -9.6505781896570879e-07 -0.0017771634345535156 0.018760072807667918 0.0035412135209922334 8.9808554468660067e-07 9.1467973157639717e-08 -8.6728879404453037e-07 -0.0018604476914505933 0.019086068353085434 0.00020864857034318435 8.2342044208108918e-07 -5.2773384014858323e-08 -7.4502041211926171e-07 -0.0017951376590941363 0.018830488069427422 -0.0031431122669942592 7.3374044345909135e-07 -1.4263025412878416e-07 -6.1184995801612621e-07 -0.0015937731153055582 0.018159472772565147 -0.0059211398666213231 6.3260700984361295e-07 -1.7508225177859177e-07 -4.861743377397328e-07 -0.001291244968153126 0.017481395199278271 -0.0077192851545549064 5.2447726395023948e-07 -1.6139863925799908e-07 -3.7867684137373156e-07 -0.00093509032720208842 0.017190132594530255 -0.0083570402313083159 4.1321979810355438e-07 -1.191656557178973e-07 -2.8828661269516056e-07 -0.00057733480421210488 0.017449533138346376 -0.0077921249752834426 3.0187562513168822e-07 -6.7106164142892901e-08 -2.0646245124778266e-07 -0.00027011125787643555 0.018113864606581868 -0.0060612278625879461 1.9345517774334898e-07 -2.3030666756844349e-08 -1.2489421682822172e-07 -6.1429019082737219e-05 0.018798210166974461 -0.0033333182348546158 9.1770438870502994e-08 -1.2753473299074363e-09 -4.1448679691859042e-08 1.2746784586579866e-05 0.040962199185351239 3.0496271721981977e-14 1.2764340000238794e-09 ]
[ -0.04174616513974775 0.43488992717458486 -2.813754604426923e-05 2.2092508011097911e-05 2.0857930383682846e-05 0.28959975134183863 8.7356718265572701e-07 9.2936348197114289e-07 0.012257102012941444 -0.0034240954737519758 0.018781508382864534 -1.1833965193799863e-06 7.0542624358001467e-07 9.252003061808571e-07 0.01145028314138628 -0.006183854799573835 0.018071826122285646 -1.081375535445421e-06 5.8585138313447962e-07 8.657442817352023e-07 0.010675968545963376 -0.0079602072745452446 0.017373110367982961 -9.7258012112010208e-07 5.2521224235989785e-07 7.6441667380263642e-07 0.0099244914418216545 -0.008580118245088305 0.017079884043713699 -8.6079455587211478e-07 5.1372457802167648e-07 6.336361731955259e-07 0.0091734767144294599 -0.0080045967308082586 0.017353001253227186 -7.4895772800570595e-07 5.280154874091522e-07 4.8221579535082562e-07 0.0084002967818894349 -0.0062695520426711438 0.018042690415245803 -6.3998910093422416e-07 5.4072301705474895e-07 3.2043983338335785e-07 0.0075946465488016248 -0.0035412134986687605 0.018760072825722847 -5.3763595239919257e-07 5.3113083674785103e-07 1.6469770892539915e-07 0.0067648714414563554 -0.00020864855124492406 0.019086068365887242 -4.4631756807334295e-07 4.9312329971948198e-07 3.4884221805880663e-08 0.0059335052361319859 0.0031431122827412197 0.018830488077514095 -3.6969596721022999e-07 4.3488369159563016e-07 -5.4009816998092445e-08 0.0051236382007965051 0.0059211398788447988 0.018159472777019008 -3.0882549823356221e-07 3.7011568826537755e-07 -9.8036790681420006e-08 0.0043449653288951786 0.0077192851633439809 0.017481395201353275 -2.6118718565966177e-07 3.0807663441573077e-07 -1.0345346384954536e-07 0.003588642133102172 0.0083570402370563342 0.017190132595306981 -2.2114445172459527e-07 2.4937560187301537e-07 -8.2167822580854499e-08 0.0028330528031289669 0.0077921249785777962 0.017449533138557981 -1.8133513013263014e-07 1.8841658748206431e-07 -4.8410460153591104e-08 0.0020561682401136205 0.0060612278640978234 0.018113864606615852 -1.3434501089868749e-07 1.1932665482409292e-07 -1.7074355864180734e-08 0.0012481051040342135 0.0033333182352800945 0.018798210166976314 -7.438644838331846e-08 4.1143767837161165e-08 -9.704371724808675e-10 0.00041746284680531647 3.0496271721981977e-14 0.027837199185351238 1.2764340000238794e-09 ]
[ -3.0444410799343617e-05 2.5413334713835023e-05 0.43749999820193131 0.025872139175924458 -0.28885430446185079 1.8579230147559752e-05 0.0021699316475054277 -0.012063914932804601 7.5998094894480972e-07 -1.3761230482703484e-06 9.545260986851903e-07 0.019140624926468518 0.0038861125296689404 -0.010777696046252902 6.6132107918969858e-07 -1.4144080504292229e-06 6.6169014670840774e-07 0.019140624936117772 0.0049111359220345967 -0.0095047703951406902 5.7378807909640143e-07 -1.3870837649427775e-06 4.3720830512306963e-07 0.01914062494463872 0.0052448169602866204 -0.0084871184666108664 4.9624631697630192e-07 -1.3178879540435822e-06 3.0404298734899255e-07 0.019140624952153427 0.0049818701457748837 -0.0078187381223342213 4.2608129805682645e-07 -1.2254415765762056e-06 2.6167348299328088e-07 0.019140624958930093 0.0042421832102465728 -0.0074283982963965524 3.6059872770951988e-07 -1.1148479012529511e-06 2.9139360154000791e-07 0.019140624965244893 0.0031674503011286308 -0.007134772463046681 2.9823369596722888e-07 -9.8259513910491093e-07 3.6212028428803005e-07 0.019140624971262885 0.0019470464732395613 -0.0067441334753680082 2.390760244127325e-07 -8.2826430458481894e-07 4.3730414894722884e-07 0.019140624976984832 0.00080573594676656849 -0.006149309869375944 1.8451432481183668e-07 -6.6270646550579966e-07 4.8541666557381245e-07 0.019140624982279923 -6.4053921150039375e-05 -0.0053690171026283236 1.3626261882499151e-07 -5.0535361494353884e-07 4.8997092437940295e-07 0.019140624986978941 -0.00056961925247130238 -0.004501631011654671 9.5446285887130952e-08 -3.7353479559457532e-07 4.5147967965853245e-07 0.01914062499096365 -0.0007289297224574307 -0.003641383960711557 6.2304625670970152e-08 -2.7363198007320051e-07 3.806626823191679e-07 0.019140624994197695 -0.00063344929001453725 -0.0028256701578724033 3.6502013398066163e-08 -1.9979005848909161e-07 2.9012867354361444e-07 0.019140624996698413 -0.00040546090312008345 -0.0020370920541255872 1.7634555074060471e-08 -1.3842616769926579e-07 1.9061817505429851e-07 0.019140624998489657 -0.00016916757048227041 -0.0012399368378706388 5.5437980977759066e-09 -7.4739999974594563e-08 9.1491247865372909e-08 0.019140624999574526 -2.5508994654427087e-05 -0.00041746288229493742 3.0491185469791698e-10 1.2764340000238794e-09 1.2764340000238794e-09 0.027890624999938964 ] ]