[
[ 0.070000000000000021 -2.3377030467089507e-19 8.1349541369676053e-22 8.4670784765798083e-24 -2.060843336578326e-06 0.0013093412421717465 7.0152370881282647e-09 -8.3508761999608969e-08 5.3666456173569185e-05 0.0029143092521012677 0.00024469920999790998 -5.8476263259789055e-09 1.6784573637280237e-08 -7.0150599656759402e-08 3.3787216371141104e-05 0.0026724475889650522 0.00063501774434835843 -1.5398078310162043e-08 2.0084934068655941e-08 -5.8077948942848933e-08 8.8406619523972146e-07 0.0024132967569608131 0.00083615386804122306 -2.1837769676361224e-08 1.8250041556902287e-08 -4.8235349175250644e-08 -3.6829261437632688e-05 0.0022147160443305547 0.00085854835830703074 -2.6400948305791715e-08 1.3122982109069008e-08 -4.0367555587131087e-08 -7.1891551495830984e-05 0.0020580457575724597 0.00072097794441249377 -2.981786981371767e-08 6.5566660827963777e-09 -3.3519939126101807e-08 -9.8398199213175933e-05 0.0019432811611198655 0.00047490404013410687 -3.3211126715023781e-08 2.6027109971653793e-10 -2.6827805500234244e-08 -0.00011252795503673321 0.0017978237703469512 0.00016633849205327836 -3.6433964513421327e-08 -4.3967376013228052e-09 -2.0096082283816127e-08 -0.00011309125363249647 0.0016204630923601982 -0.00013495018710914103 -3.9878908705768829e-08 -6.7295481604889476e-09 -1.382840943073751e-08 -0.00010175550111805796 0.0013845442016350092 -0.00036731587599547397 -4.2351966846014135e-08 -6.9046645265188705e-09 -8.7312419821811167e-09 -8.2404587551757307e-05 0.0011503883661724082 -0.0004990978628511332 -4.4033329830679127e-08 -5.6745481420866537e-09 -5.159829821745196e-09 -5.9779727104823892e-05 0.00092523202615718428 -0.00051816700699801376 -4.3427738777250501e-08 -3.8943049548766139e-09 -2.9561930317995024e-09 -3.8140573524595488e-05 0.00075225806555164311 -0.00045932315194434717 -4.1355363177471351e-08 -2.2006752617021006e-09 -1.6718824964738837e-09 -2.0527143484765138e-05 0.00059722346861761414 -0.00033968572111911028 -3.6345726397954573e-08 -9.4868852872705778e-10 -8.8112005472558179e-10 -8.5275707016633189e-06 0.00046298419852104785 -0.00020805705407953289 -2.9830983097902955e-08 -2.5382047005652889e-10 -3.5884090930610201e-10 -2.2141148479358336e-06 0.0003012353717182616 -8.6358631424349265e-05 -2.0153438610757559e-08 -2.1751282271593163e-11 -6.6993350325012951e-11 -1.8378061150843707e-07 0.00013337795107940518 -1.554921720732693e-05 -9.2846257738927967e-09 ]
[ -2.3377030467089536e-19 0.070000000000000034 -4.5771333065831507e-24 2.0608433365783248e-06 2.9538650437790645e-22 0.023336976996393203 8.5516902316206597e-08 4.9642199621866928e-09 0.00095645095855683034 -0.00024469920997977654 0.0029143092521009741 6.6907675046213891e-09 7.5925287527052602e-08 1.1772116031405295e-08 0.00083412827950391855 -0.00063501774422768673 0.002672447588962451 2.0057703059817822e-08 6.6927017494680393e-08 1.3453295415795136e-08 0.00072300474933435191 -0.00083615386773734429 0.0024132967569445406 3.2515625500038497e-08 5.9286871256330635e-08 1.0763354987885952e-08 0.0006220070849459788 -0.00085854835776008728 0.0022147160442681133 4.3597084536593311e-08 5.2676647699721443e-08 5.0614389330719092e-09 0.00052873549580329318 -0.00072097794359498029 0.0020580457574060755 5.2311633897940949e-08 4.6128253401516996e-08 -2.0352332299148115e-09 0.00044124951455229682 -0.00047490403904311066 0.0019432811607725986 5.8912256676129003e-08 3.8820035725716489e-08 -8.7775235180836848e-09 0.00035929170616859568 -0.0001663384907380699 0.0017978237697535875 6.2301437892513621e-08 3.0715571001017989e-08 -1.3576103267725267e-08 0.0002843367025734875 0.00013495018859061337 0.0016204630914881148 6.3262945584541223e-08 2.2621115346941328e-08 -1.5527514367400659e-08 0.00021849793737838569 0.00036731587756008027 0.0013845442005286886 6.0804297722411887e-08 1.5605922006882033e-08 -1.4739675139621992e-08 0.00016307758589690114 0.0004990978644720135 0.0011503883649191477 5.6553540614164886e-08 1.0301974674494116e-08 -1.2095968649232231e-08 0.0001178176183759923 0.00051816700864193866 0.00092523202491135901 4.986319673315587e-08 6.6573697899661785e-09 -8.6843726413040858e-09 8.1274039632831218e-05 0.00045932315362328497 0.00075225806444809736 4.2782376892810882e-08 4.1904984189648566e-09 -5.3769861762258594e-09 5.183694388825515e-05 0.00033968572275050425 0.00059722346780823098 3.4390132468144226e-08 2.4034670501783034e-09 -2.7225802781070385e-09 2.8637034396755603e-05 0.0002080570555703022 0.00046298419806399841 2.6371854247799534e-08 1.0592990405098155e-09 -9.8368629098170659e-10 1.184455736842228e-05 8.6358632528546144e-05 0.00030123537159341642 1.7083260104151186e-08 2.1656431253398182e-10 -1.6076999575439521e-10 2.2772888128451354e-06 1.5549217749668943e-05 0.00013337795111490871 7.7514465961302699e-09 ]
[ 8.1349541369676053e-22 -4.5771333065830919e-24 0.070000000000000048 -0.0013093412421717461 -0.023336976996393199 -1.2413955371457994e-23 2.5535856195334322e-05 -0.00095642196465110232 -2.0536882955218746e-09 6.5593617680023681e-09 -5.9906590418698653e-09 0.0029280487804696697 0.00015913137392972929 -0.00081865900991283163 -5.8768035417480616e-09 1.9734126031978575e-08 -1.5813514920231644e-08 0.0027487804876841762 0.00023544072520058113 -0.00068321187906368803 -9.1778826770645632e-09 3.1338355009788256e-08 -2.3504154247647247e-08 0.0025545731704273685 0.00025915560465837232 -0.00056664062995965441 -1.1810764829242989e-08 4.0375252044715051e-08 -3.1105879712170259e-08 0.0023753048774981661 0.00024293291704247796 -0.00047525412079611425 -1.365074400250062e-08 4.5373775850796061e-08 -3.9557676923562664e-08 0.0021810975601410021 0.00020074338931654788 -0.00040519236901471415 -1.4606031575182752e-08 4.6122539096102086e-08 -4.9403692311726453e-08 0.0020018292671471183 0.00014560612285165038 -0.00034718932653923903 -1.464034357156017e-08 4.1859285052694687e-08 -5.8721264900744661e-08 0.001807621949775831 8.9570891171761709e-05 -0.00029248262545165292 -1.3805833512842106e-08 3.4333796089067357e-08 -6.6370302905347104e-08 0.0016283536568167493 4.2742686527137959e-05 -0.00023707576632911622 -1.2258529606312079e-08 2.5225849569287395e-08 -6.9636557408723769e-08 0.0014341463395468167 1.0993372327769125e-05 -0.00018229024456656182 -1.0231093972841751e-08 1.7814290386566633e-08 -6.9417417290146765e-08 0.0012548780467315725 -5.2669493393677257e-06 -0.00013197167220213297 -7.9771385359006481e-09 1.3495548323455724e-08 -6.4739022343387337e-08 0.0010606707296445352 -9.798346112514051e-06 -8.9241395369969696e-05 -5.7264019406942779e-09 1.3000140302391348e-08 -5.806595890274399e-08 0.00088140243701447483 -7.8723130252352559e-06 -5.5208144852614486e-05 -3.6733214755225481e-09 1.4604392381063524e-08 -4.7836973951632604e-08 0.00068719512012846689 -4.0799795060184305e-06 -2.9611266428647981e-05 -1.9829356532060582e-09 1.6412603690959155e-08 -3.6234195515733465e-08 0.0005079268277068588 -1.2325477191753047e-06 -1.1991339318949113e-05 -7.8443742515673939e-10 1.4667109957993059e-08 -2.1932931691954595e-08 0.00031371951108219058 -1.2186947381083718e-07 -2.2819980679751028e-06 -1.4296826670287289e-10 8.3221757167457055e-09 -8.7552161946288871e-09 0.00013445121896797749 ]
[ 8.4670784765798083e-24 2.0608433365783252e-06 -0.0013093412421717461 0.00014769774460393265 0.00014097714072427062 9.1239669614279315e-07 5.9796347653686314e-06 5.4344120964590722e-06 3.7948892081797009e-08 -7.7249025219416011e-09 8.972220071580405e-08 -5.7221707503995948e-05 5.2749176709758218e-06 3.7831873929315737e-06 3.4069809501347706e-08 -2.1078858614790738e-08 8.7103988026186242e-08 -5.6474272950577195e-05 4.9696384071727904e-06 1.8755203227890105e-06 3.0332980832973462e-08 -2.9373178668844461e-08 8.3292395200959367e-08 -5.3716754792448499e-05 4.9135013176154584e-06 -1.9518665667828713e-07 2.6741867430556812e-08 -3.1720894107283098e-08 8.0331734621324973e-08 -4.864573255645482e-05 4.845372337632212e-06 -2.3109126196787338e-06 2.3245591242200912e-08 -2.8054588745648712e-08 7.8490513407069415e-08 -4.0123830314303073e-05 4.4987988373761537e-06 -4.3023528846178219e-06 1.980075514158268e-08 -1.9379898873154215e-08 7.7382634208978097e-08 -2.9700220444178371e-05 3.7237127678167395e-06 -5.9254895946465923e-06 1.6426033693202587e-08 -7.2011571523906222e-09 7.4686342697681009e-08 -1.6447703880600683e-05 2.5811191215751451e-06 -6.9168151452699534e-06 1.3215299850187052e-08 5.7577763385308563e-09 6.9691024253571138e-08 -3.5057915828484167e-06 1.3305920974050101e-06 -7.120629565791845e-06 1.0298564758883853e-08 1.6637503594208512e-08 6.1465959393850335e-08 9.7787520744738716e-06 2.9096077875081696e-07 -6.5831677878309978e-06 7.775601691198977e-09 2.3469899510511335e-08 5.2274034208602185e-08 2.0055095600669312e-05 -3.3337353399402348e-07 -5.5210944980902926e-06 5.6723747292667243e-09 2.5325518006011551e-08 4.2866567273245954e-08 2.7818083854255042e-05 -5.2885829372428754e-07 -4.2021310105238124e-06 3.9485452817016442e-09 2.329654316916993e-08 3.5338062700556395e-08 3.1187626164041067e-05 -4.3156010958540015e-07 -2.8518029986068771e-06 2.5427380706400742e-09 1.8049041593702494e-08 2.8477870139895224e-08 3.044939364435317e-05 -2.2897622059468368e-07 -1.6366776108786082e-06 1.4200114321610152e-09 1.1749489288744372e-08 2.2438886039184972e-08 2.5931330050742372e-05 -6.945574306967262e-08 -6.9219627508855661e-07 5.9429667434191132e-10 5.4469063324390613e-09 1.4900379267147972e-08 1.7632387359837724e-05 -6.1223746608021008e-09 -1.3447786248924893e-07 1.1550978230144374e-10 1.3309938412582479e-09 6.7306762538298704e-09 7.8786167052651291e-06 ]
[ -2.060843336578326e-06 2.9538650437790645e-22 -0.023336976996393199 0.00014097714072427062 0.010422324309432846 -1.3584517050063674e-08 -3.1103404602555964e-05 0.00043205446320536531 4.9216652358073033e-10 -9.191125585772108e-08 -5.4899394969403478e-09 -0.0010196879932382898 -9.2074935340727925e-05 0.00037849512409440599 3.0034981856657529e-09 -9.4066429301511632e-08 -1.4835269091085996e-08 -0.0010118976156010908 -0.00012768373737681436 0.00032370823231363423 5.8016481328647526e-09 -9.502798332906199e-08 -1.9542874940864965e-08 -0.00099520599010670982 -0.00013896971006246514 0.00027592233315053489 8.5501705356705329e-09 -9.6241410794064814e-08 -1.8143978268208456e-08 -0.00097237985844010838 -0.00013086211020952459 0.00023851468327765245 1.0911166358041127e-08 -9.732602500649782e-08 -1.0157499363345245e-08 -0.0009397148649408026 -0.00010929093111659482 0.00020981136368038048 1.2581429402741664e-08 -9.744491608991167e-08 3.592336131095245e-09 -0.00090215408457689514 -8.02719282626847e-05 0.00018525394325930221 1.3332696117468079e-08 -9.3914458090227164e-08 2.092195498893486e-08 -0.00085321442784226707 -4.9952271396364785e-05 0.00016039440844830186 1.3068731072113973e-08 -8.6421991799810594e-08 3.8474412322526962e-08 -0.00080025539929663931 -2.3967287934729126e-05 0.00013326702936497913 1.1869005001380707e-08 -7.4858429130235579e-08 5.2148151406023155e-08 -0.00073445300832578172 -5.9406396939379368e-06 0.00010485167348445076 9.9737575332489161e-09 -6.2840846557480555e-08 6.0050588721090703e-08 -0.00066615371835420918 3.4889174007074506e-06 7.7613843165394021e-05 7.7093707944697306e-09 -5.2004272413827695e-08 6.0648427458506361e-08 -0.00058438254154803552 6.1622634771916114e-06 5.3662017150076385e-05 5.4029050240587292e-09 -4.4806385676074102e-08 5.5914229196639457e-08 -0.00050204586260328232 4.977892030157883e-06 3.3951781727066814e-05 3.3309321998607459e-09 -3.9227871217939474e-08 4.5634105715221909e-08 -0.00040557441853242607 2.6137446241931398e-06 1.8626075649794416e-05 1.6990488417154585e-09 -3.4307381646109085e-08 3.3000811372293322e-08 -0.00030968961527074005 8.0166394771876099e-07 7.7118613842114223e-06 6.232184410459483e-10 -2.5400052394492886e-08 1.8465521643211099e-08 -0.00019804921445358049 8.0517913968175979e-08 1.4980532831818304e-06 1.0379907611656273e-10 -1.2661088987143522e-08 6.5371351046807861e-09 -8.746577026437136e-05 ]
[ 0.0013093412421717465 0.023336976996393203 -1.2413955371458035e-23 9.1239669614279305e-07 -1.3584517050063661e-08 0.010569461894143871 3.8558695371556296e-08 1.759891891404139e-09 0.00044007466007308337 -2.9081980910140746e-05 0.0010196595117977633 2.237608082435892e-09 3.544164630784312e-08 5.2144884936124904e-09 0.0003958768556106086 -0.00017944161961232623 0.0009967330297180688 7.0907947324016162e-09 3.2214444071955544e-08 6.3925494233367586e-09 0.00035310992267345776 -0.00027527958041953835 0.00095765260516092107 1.2231524130001214e-08 2.9327414756831454e-08 5.4254527427155466e-09 0.00031199164631628626 -0.00030611225618153609 0.0009242202540065788 1.7329552504297602e-08 2.6728636731044273e-08 2.8184322265069684e-09 0.00027212440919458484 -0.00027255104528842481 0.0009000745336583488 2.2010981453902217e-08 2.400473011690566e-08 -7.0578420770099206e-10 0.00023311487427040862 -0.00018480133069887321 0.0008830060324791153 2.6076883445199225e-08 2.074421560019135e-08 -4.2731366331701636e-09 0.00019512240662028298 -6.1678760596962597e-05 0.00085030308837720937 2.9092928047688691e-08 1.6890538444894017e-08 -7.0088856953400979e-09 0.00015900268991468112 7.0307246171309468e-05 0.0007962383102810128 3.1020248577460803e-08 1.2833647859670432e-08 -8.3291137423904532e-09 0.00012593801900844507 0.00017908015978497974 0.00071162857420646521 3.1440292690958851e-08 9.1539609804439461e-09 -8.1641488935078141e-09 9.6822775254006325e-05 0.00024684794511969715 0.00061867888996881739 3.073546431755551e-08 6.2489818169409967e-09 -6.8953725512264354e-09 7.1873914751374875e-05 0.00026135002875258379 0.00052334609038973611 2.8618958903032333e-08 4.1609882682802105e-09 -5.0808805821341637e-09 5.0743303180204146e-05 0.00023501532214240253 0.00044473774515378558 2.5838131074864423e-08 2.679413241944254e-09 -3.2192913026469911e-09 3.2980112688004584e-05 0.00017393861742534447 0.00036753683070023398 2.1911402331476735e-08 1.5604022759049364e-09 -1.6632638525525684e-09 1.8497579394509532e-05 0.00010310515644257017 0.00029292451472065587 1.7605613241359671e-08 6.9501044082574975e-10 -6.1166601078490148e-10 7.7471730078784572e-06 3.7502814916425933e-05 0.00019503040406169947 1.1919235995690071e-08 1.4330013439069389e-10 -1.015558310917155e-10 1.5058573110094763e-06 2.2593158948939911e-06 8.7680359721345404e-05 5.5876069722501731e-09 ]
[ 7.0152370881282656e-09 8.551690231620661e-08 2.5535856195334322e-05 5.9796347653686314e-06 -3.1103404602555964e-05 3.8558695371556296e-08 3.738666996103228e-07 -1.307817006077053e-06 1.6013449097858336e-09 -7.7383986424603071e-12 3.7455508666486162e-09 1.1177622553894731e-06 5.6121842675376493e-07 -1.1892930714012411e-06 1.4310042597186786e-09 -5.5667366670095578e-10 3.6822075029009152e-09 1.1308093025408575e-06 6.7535034786952084e-07 -1.0772748421894756e-06 1.2649839402277444e-09 -9.0217912267204504e-10 3.5530257176848344e-09 1.1996759776884401e-06 7.13317666529069e-07 -9.9719975601739078e-07 1.1046933086950422e-09 -9.9915931711263297e-10 3.4349721596810279e-09 1.345811663410567e-06 6.8127660489743637e-07 -9.5606434758458423e-07 9.4927035863068369e-10 -8.4405283481550482e-10 3.3399708943604731e-09 1.6066647249082386e-06 5.8877761891539295e-07 -9.4052151330756226e-07 7.9802529424385085e-10 -4.7976987752713216e-10 3.2535116388019163e-09 1.9314322259749457e-06 4.5080673928728067e-07 -9.2360721092632819e-07 6.5261190927701717e-10 2.1676786340268257e-11 3.0867264216359502e-09 2.3381469688661668e-06 2.9207802277202064e-07 -8.7788953186229143e-07 5.1740545322497183e-10 5.4455900455154335e-10 2.8198103995377311e-09 2.7156863461030953e-06 1.441655577787037e-07 -7.8954319110282249e-07 3.9771272309443706e-10 9.6694143653005589e-10 2.4282420981805701e-09 3.0615075204729561e-06 3.402064261217844e-08 -6.6412963352573328e-07 2.9700786092688821e-10 1.2169571722234477e-09 2.0136257219051038e-09 3.2663200130849956e-06 -2.7119431133525531e-08 -5.1998283119023034e-07 2.1532692088251204e-10 1.2599794156505099e-09 1.6140469231022821e-09 3.3127390146838274e-06 -4.5262014932276672e-08 -3.763800441100644e-07 1.4986856767755819e-10 1.1500090517231024e-09 1.3116491422049641e-09 3.1649680588393361e-06 -3.6754351682541692e-08 -2.4661105026466689e-07 9.7092794209554881e-11 9.0800155901566602e-10 1.0563975324625737e-09 2.7869318095849017e-06 -1.9404996352137672e-08 -1.384704403193932e-07 5.4820069370428047e-11 6.2257284924943289e-10 8.4364058664374913e-10 2.2456790669036673e-06 -5.9190469254220941e-09 -5.7979853148138224e-08 2.3264658330539049e-11 3.2233288503304555e-10 5.7292875787883714e-10 1.4824074457191754e-06 -5.574344791999016e-10 -1.1266039480631405e-08 4.5850706507038466e-12 1.0155885911405707e-10 2.6536603255406085e-10 6.5889046330219825e-07 ]
[ -8.3508761999608969e-08 4.9642199621866928e-09 -0.00095642196465110232 5.4344120964590731e-06 0.00043205446320536531 1.759891891404139e-09 -1.3078170060770527e-06 1.7919420951462977e-05 1.1726316653652108e-10 -3.7475519199845125e-09 -5.7370564895233163e-12 -4.1827467442954601e-05 -3.8376798713334439e-06 1.5712689820849793e-05 2.1173852793819814e-10 -3.8828863839986982e-09 -3.9117734798629117e-10 -4.1644061022096782e-05 -5.3164196724810552e-06 1.3449443055787009e-05 3.1828676388684305e-10 -3.9583491080255869e-09 -5.9310934336408202e-10 -4.1092488077593084e-05 -5.7853958474010773e-06 1.1472408163211776e-05 4.231692782973825e-10 -4.0268864268297955e-09 -5.4368464445921438e-10 -4.0251003796271706e-05 -5.4481174468354095e-06 9.9230491325087996e-06 5.1235942128886473e-10 -4.0746227542057268e-09 -2.2027994227297947e-10 -3.8982635562341268e-05 -4.5504324555912749e-06 8.7327913087250228e-06 5.7318729095377894e-10 -4.0677014343091915e-09 3.4429718856369551e-10 -3.7479812657330221e-05 -3.3424015755808159e-06 7.7129009565971201e-06 5.9616360916351825e-10 -3.9002983907549441e-09 1.0551778505691466e-09 -3.5485348890841066e-05 -2.0799531166799724e-06 6.6790432546293916e-06 5.7741755473385166e-10 -3.5643513641455751e-09 1.771729948629784e-09 -3.3302762686188267e-05 -9.9785206113551962e-07 5.5500177620461659e-06 5.2046056748283091e-10 -3.0631771763333139e-09 2.3213433569847358e-09 -3.0573953740795433e-05 -2.4709472430136014e-07 4.3670569924949645e-06 4.3544397412685526e-10 -2.5508901090305451e-09 2.6295948826450693e-09 -2.7733277398850794e-05 1.4565307854149642e-07 3.2330410177126857e-06 3.3597051769934961e-10 -2.0988979496200226e-09 2.6339687951702249e-09 -2.4329561019032663e-05 2.570065429453839e-07 2.2358073916708286e-06 2.3555605767549451e-10 -1.8068312725608444e-09 2.4204016063577174e-09 -2.0903189807779906e-05 2.0763535038807632e-07 1.4150722262030231e-06 1.4559910597915749e-10 -1.5898503886685508e-09 1.976651208829807e-09 -1.6890805431603024e-05 1.0906554284028534e-07 7.7669282190181683e-07 7.4630849262365067e-11 -1.4022842609392195e-09 1.4355098833660465e-09 -1.2903665539622616e-05 3.3472419782720655e-08 3.2178142541493756e-07 2.7579684113195759e-11 -1.0476612188261155e-09 8.0998294986601053e-10 -8.2587316895996827e-06 3.3669107640109545e-09 6.2552197853736568e-08 4.6382124348210307e-12 -5.2624039358461936e-10 2.90691172925375e-10 -3.6509323617322566e-06 ]
[ 5.3666456173569172e-05 0.00095645095855683023 -2.0536882955218746e-09 3.7948892081797015e-08 4.9216652358073022e-10 0.00044007466007308337 1.6013449097858338e-09 1.1726316653652108e-10 1.8337444383722692e-05 -1.1951866683532192e-06 4.1827473030181226e-05 2.0010533358936489e-12 1.4678651979828805e-09 2.5630217135306987e-10 1.6521540032145297e-05 -7.3886491420343468e-06 4.1021706353852368e-05 2.0233565667157672e-10 1.3317290894647753e-09 3.0059734740375603e-10 1.4758339976066281e-05 -1.1375568934573292e-05 3.9548462664904802e-05 4.1659864738379261e-10 1.2117447578984681e-09 2.560038574862121e-10 1.3057862271524169e-05 -1.2692401633262914e-05 3.8274151149762289e-05 6.3066342173430431e-10 1.1054148316296219e-09 1.4362764682484941e-10 1.1404599214670768e-05 -1.1346964635526904e-05 3.7374757442676856e-05 8.2934724156912796e-10 9.9494147827686952e-10 -6.68052543916752e-12 9.7828759264541639e-06 -7.7366187590649494e-06 3.6750846424388301e-05 1.0034868982888667e-09 8.6245638925569346e-10 -1.5885311583821763e-10 8.1997041026786007e-06 -2.6367074131572493e-06 3.5475600782769076e-05 1.1356099016607683e-09 7.0485336125384614e-10 -2.7659612910198645e-10 6.6910480258769256e-06 2.8596478320185542e-06 3.3295836584212623e-05 1.2229058483290991e-09 5.3782203893409992e-10 -3.3539958967454949e-10 5.3067056446554909e-06 7.4093842537774713e-06 2.9831908967343942e-05 1.2486964259210509e-09 3.8536612525496058e-10 -3.3197481518190833e-10 4.0847727545980428e-06 1.0261067105736856e-05 2.5995996131424852e-05 1.2275013018018742e-09 2.642323263219333e-10 -2.8188732716929576e-10 3.0352434272722434e-06 1.0889484006551235e-05 2.2041146966083269e-05 1.1482918232329023e-09 1.7654029195778203e-10 -2.0829584659963092e-10 2.1444951417631869e-06 9.802849324101551e-06 1.8763974287742328e-05 1.0407984193939119e-09 1.1386194233240557e-10 -1.3209328611404887e-10 1.394505075475436e-06 7.253316657769539e-06 1.552797038051754e-05 8.8601402658960866e-10 6.6297370501063222e-11 -6.8177746432729413e-11 7.8239285588046654e-07 4.287250062016257e-06 1.2384719408219222e-05 7.1452357060418441e-10 2.9492893992386381e-11 -2.4995271721900116e-11 3.2775166835575333e-07 1.5420506166949234e-06 8.249686235566107e-06 4.8555804223621918e-10 6.0721600968430833e-12 -4.1291384764833625e-12 6.3717305995392709e-08 7.6802252573323504e-08 3.7095341354233141e-06 2.28403036862451e-10 ]
[ 0.0029143092521012677 -0.00024469920997977654 6.5593617680023681e-09 -7.7249025219416011e-09 -9.1911255857721067e-08 -2.9081980910140746e-05 -7.7383986424603104e-12 -3.7475519199845125e-09 -1.195186668353219e-06 0.00012649537267315545 2.0015244471249342e-16 7.7437140769961402e-12 4.6613308195298913e-10 -3.1790401421612902e-09 -1.6099856910611095e-06 0.0001187077283915787 1.7777987831688284e-05 -4.7223242475236981e-10 6.5063311175753955e-10 -2.6461719255812267e-09 -2.6321631366738601e-06 0.0001081669037720377 2.7492993200359945e-05 -8.1788234769392054e-10 6.013100849994605e-10 -2.1961270125828426e-09 -3.9011856178311196e-06 9.9603145097721369e-05 2.9201603804606588e-05 -1.075261925991967e-09 4.0088071665750208e-10 -1.8234371330838274e-09 -5.0833170480925435e-06 9.2273341435035155e-05 2.3790310257908768e-05 -1.2754688661808735e-09 1.3498329625696789e-10 -1.4921277522748604e-09 -5.9142949762876073e-06 8.6367376303017726e-05 1.34998315031444e-05 -1.4653569798579195e-09 -1.1763741092009102e-10 -1.1700919461553543e-09 -6.2267859668604978e-06 7.8894170758606156e-05 6.0175372200260087e-07 -1.6374422412822041e-09 -2.9602471853048925e-10 -8.5383864626804946e-10 -5.9744417321010732e-06 7.0058731282428098e-05 -1.1861633758276104e-05 -1.8087509591489161e-09 -3.7233807734537941e-10 -5.6823833882102448e-10 -5.2376701152874186e-06 5.8928175676213738e-05 -2.1107714407110373e-05 -1.9265888863225104e-09 -3.5719523750574068e-10 -3.4378334127569243e-10 -4.1903910996091087e-06 4.8245925038089716e-05 -2.5980753356267297e-05 -2.0018556083808854e-09 -2.8565322868750989e-10 -1.9305963017192609e-10 -3.0380906189791038e-06 3.8371867010609542e-05 -2.597936114949683e-05 -1.9700137069708382e-09 -1.9512532426057993e-10 -1.0547895530149003e-10 -1.96090604278725e-06 3.1057699650159908e-05 -2.2778281550924554e-05 -1.8713836655097007e-09 -1.1207932645695424e-10 -5.8403671161971095e-11 -1.0852572022760671e-06 2.4749198239112195e-05 -1.6996430162802359e-05 -1.641496963462598e-09 -5.0589402920053311e-11 -3.1241916237580917e-11 -4.7708261147902051e-07 1.9390447837217436e-05 -1.076927809207465e-05 -1.3459772487362021e-09 -1.5086670161805523e-11 -1.3178797393848593e-11 -1.4015741749713823e-07 1.2797212483988586e-05 -4.8728870326408786e-06 -9.0953239656238017e-10 -1.7591059323048696e-12 -2.5491952331865873e-12 -1.6413980813360417e-08 5.750025124610051e-06 -1.1697099925602602e-06 -4.1957846911961753e-10 ]
[ 0.00024469920999790998 0.0029143092521009741 -5.9906590418698653e-09 8.972220071580405e-08 -5.489939496940347e-09 0.0010196595117977633 3.7455508666486162e-09 -5.7370564895233195e-12 4.1827473030181219e-05 2.0015223295425663e-16 0.00012649537267315551 7.7437140769945843e-12 3.3535066314195578e-09 3.2745541044456843e-10 3.6443908365594159e-05 -1.7777987829036298e-05 0.00011870772839154891 5.6797686203356533e-10 2.9670021757474566e-09 4.3300640391544571e-10 3.1483896837884545e-05 -2.7492993191561665e-05 0.00010816690377169135 1.1041810294165813e-09 2.6254180247502618e-09 3.4170168958246792e-10 2.6947011596340788e-05 -2.9201603786679082e-05 9.9603145096061497e-05 1.5860331221405482e-09 2.3201277277040431e-09 1.1423343532631362e-10 2.2756322886681487e-05 -2.3790310229149103e-05 9.2273341430080595e-05 1.9704112229334001e-09 2.014560555647741e-09 -1.7580507329248435e-10 1.8849150670443592e-05 -1.3499831462884592e-05 8.6367376291945948e-05 2.2614829717414515e-09 1.6780771161464849e-09 -4.4989754119593144e-10 1.5228400915104572e-05 -6.0175367165034435e-07 7.8894170738827516e-05 2.4147040572626354e-09 1.3130607627590099e-09 -6.3891393049301376e-10 1.196267519528229e-05 1.1861633816769604e-05 7.005873125248276e-05 2.4600499768045404e-09 9.5623310991913887e-10 -7.0573805757889418e-10 9.1378362319195888e-06 2.1107714470522641e-05 5.8928175637511075e-05 2.361418018494048e-09 6.5300508468249213e-10 -6.5755889980035842e-10 6.7962361178172181e-06 2.5980753423299208e-05 4.8245924993876047e-05 2.1863290563959019e-09 4.2807759785899859e-10 -5.3380477834651833e-10 4.9091266401077335e-06 2.5979361218296488e-05 3.837186696680543e-05 1.9148151810046161e-09 2.7637198468371147e-10 -3.8098203992625256e-10 3.3978998057853695e-06 2.2778281621381645e-05 3.1057699612143043e-05 1.6303670278215266e-09 1.7504284768803533e-10 -2.3530636689255561e-10 2.1812287759457185e-06 1.6996430230928921e-05 2.4749198212677991e-05 1.3010178343740248e-09 1.0151482420464329e-10 -1.1912282264582045e-10 1.215396866695623e-06 1.076927815372637e-05 1.9390447824413737e-05 9.9216079182547162e-10 4.5297202647135073e-11 -4.3072566474036595e-11 5.075499196109324e-07 4.8728870777641626e-06 1.2797212483135931e-05 6.4102574365714111e-10 9.3601823117210385e-12 -7.0413219134770934e-12 9.8477464401747162e-08 1.1697100144604394e-06 5.7500251281213744e-06 2.910587422934785e-10 ]
[ -5.8476263259789055e-09 6.6907675046213891e-09 0.0029280487804696697 -5.7221707503995948e-05 -0.0010196879932382898 2.237608082435892e-09 1.1177622553894731e-06 -4.1827467442954601e-05 2.0010533358936441e-12 7.7437140769961676e-12 7.7437140769945779e-12 0.00012679496951179488 6.9619976155711085e-06 -3.5816331676080146e-05 -1.7582083112344651e-10 5.6334307442025433e-10 -4.7789234373881736e-10 0.00012025914633881131 1.0300531732449478e-05 -2.9890519702363091e-05 -3.2856574912736708e-10 1.073580043280909e-09 -8.5829185900279371e-10 0.00011176257621070641 1.1338057708111385e-05 -2.4790527555234183e-05 -4.5062949518122447e-10 1.4842084736152888e-09 -1.2129063455738028e-09 0.00010391958839662531 1.0628315124705161e-05 -2.0792367780624935e-05 -5.3745715604372726e-10 1.7306202097122014e-09 -1.586358828622071e-09 9.5423018263484784e-05 8.7825232866253028e-06 -1.7727166141529318e-05 -5.8575016247017923e-10 1.7983683644466998e-09 -2.0069981644269291e-09 8.7580030446018196e-05 6.3702678786185928e-06 -1.5189533034515064e-05 -5.942843615282466e-10 1.655863186614369e-09 -2.4021035016374744e-09 7.9083460311704662e-05 3.9187264922311344e-06 -1.2796114863027178e-05 -5.652974795168544e-10 1.3727158303968027e-09 -2.7280758713872844e-09 7.124047249519541e-05 1.8699925384298577e-06 -1.0372064777181789e-05 -5.0525506699179468e-10 1.0185410496135472e-09 -2.8743006826408221e-09 6.2743902364659264e-05 4.8096004152293085e-07 -7.9751982004553977e-06 -4.2386174274624906e-10 7.2826570953984193e-10 -2.8767388514235673e-09 5.490091455376065e-05 -2.3042903205425229e-07 -5.7737606595736152e-06 -3.318206386110967e-10 5.6111952847044937e-10 -2.6931234163325842e-09 4.6404344430526883e-05 -4.2867764140349178e-07 -3.9043110480280608e-06 -2.3895275012324829e-10 5.4876711415393064e-10 -2.4238458685429144e-09 3.8561356627112816e-05 -3.4441369423428037e-07 -2.4153563376823529e-06 -1.5365904514599958e-10 6.2054957456222351e-10 -2.0025499795824514e-09 3.0064786512113463e-05 -1.7849910306063125e-07 -1.2954929064424875e-06 -8.3107614749424695e-11 6.9820839507169681e-10 -1.5201080323848508e-09 2.2221798717332392e-05 -5.3923962584157809e-08 -5.246210952684313e-07 -3.2927073085952344e-11 6.238238519304552e-10 -9.2151017914111307e-10 1.372522861326409e-05 -5.3317894553914665e-09 -9.9837415483611971e-08 -6.0085684001809728e-12 3.5389420911749552e-10 -3.681932608155066e-10 5.8822408314145707e-06 ]
[ 1.6784573637280237e-08 7.5925287527052602e-08 0.00015913137392972929 5.2749176709758235e-06 -9.2074935340727925e-05 3.544164630784312e-08 5.6121842675376493e-07 -3.837679871333443e-06 1.4678651979828805e-09 4.6613308195298903e-10 3.3535066314195578e-09 6.9619976155711085e-06 1.1059270998193056e-06 -3.4096468458268379e-06 1.3011823579920046e-09 -5.5679833899572501e-12 3.3576692891112908e-09 6.9622854403293933e-06 1.4291035568734373e-06 -2.9794592487407401e-06 1.1359385191077632e-09 -3.0656838829320077e-10 3.2931207020264077e-09 6.9730855019088113e-06 1.533408997763238e-06 -2.6210303702897927e-06 9.7510667832313331e-10 -3.8662381840042622e-10 3.200964803397215e-09 7.015662173529224e-06 1.4536011681227594e-06 -2.3615292684644583e-06 8.1995178028022161e-10 -2.3984113927448152e-10 3.0917008944202625e-09 7.1101202192132012e-06 1.2339168556411245e-06 -2.1780426588993445e-06 6.7170412636623099e-10 9.4292048909657794e-11 2.9532061827810225e-09 7.2309669028691391e-06 9.2472132547853558e-07 -2.0169978369893109e-06 5.3332202199514359e-10 5.3723779969220125e-10 2.7189623463676384e-09 7.3616325628073733e-06 5.8700376470774266e-07 -1.8249487242736408e-06 4.0955085532281166e-10 9.8135957212632997e-10 2.3861528159686818e-09 7.433485829062352e-06 2.8564208741912123e-07 -1.5766469348603295e-06 3.0503993532646429e-10 1.3129841147091858e-09 1.9564789691409775e-09 7.3945762358626935e-06 6.9018736088436724e-08 -1.2835618550035559e-06 2.2184459124638787e-10 1.4834264685797715e-09 1.5329974357521851e-09 7.1975641304005471e-06 -4.7831826846683882e-08 -9.7864983949916826e-07 1.5831227494657405e-10 1.4684304401361163e-09 1.1618335332079467e-09 6.7619583725903388e-06 -8.1771308878258873e-08 -6.9365499351913699e-07 1.1008844993352544e-10 1.3299845856761112e-09 9.0877288463247692e-10 6.1289168872809971e-06 -6.6253866414611705e-08 -4.4749464360946255e-07 7.2356055541805641e-11 1.0758224108995026e-09 7.3026033129504962e-10 5.1827546585609537e-06 -3.4906445497095831e-08 -2.48786302395412e-07 4.1932426700228224e-11 7.8249075257757036e-10 6.0404468105094597e-10 4.0769317831566821e-06 -1.067940371982991e-08 -1.0371276316012937e-07 1.8374519762729353e-11 4.5043546577974497e-10 4.33774067589531e-10 2.6554600358020371e-06 -1.0369452248022709e-09 -2.0162636454195305e-08 3.7342211640166466e-12 1.6927541109727476e-10 2.1288817584678266e-10 1.1779729995719145e-06 ]
[ -7.0150599656759389e-08 1.1772116031405293e-08 -0.00081865900991283163 3.7831873929315754e-06 0.00037849512409440593 5.2144884936124904e-09 -1.1892930714012411e-06 1.5712689820849793e-05 2.5630217135306987e-10 -3.1790401421612906e-09 3.2745541044456832e-10 -3.5816331676080139e-05 -3.4096468458268383e-06 1.3806469688995489e-05 3.2465115028757768e-10 -3.3595510271498349e-09 -3.6857463490686116e-12 -3.5803757532827526e-05 -4.7100637361011558e-06 1.1842331167144474e-05 4.037220020817458e-10 -3.4860446947651672e-09 -1.8744943053164224e-10 -3.5602351958177103e-05 -5.1231474582880997e-06 1.012067997547205e-05 4.8184522159934891e-10 -3.5806245994843664e-09 -1.5534584336444145e-10 -3.5090113569132456e-05 -4.8251822782570087e-06 8.7683024931171091e-06 5.4672731207538162e-10 -3.6330087560032133e-09 1.1813330023305194e-10 -3.4166959420512496e-05 -4.0313212861692941e-06 7.726705963287371e-06 5.8708785411361925e-10 -3.6133004776013677e-09 6.0696490408691717e-10 -3.2973826527434715e-05 -2.9618919139246811e-06 6.8308596054425764e-06 5.945187462369228e-10 -3.4374358588138522e-09 1.2219729001526667e-09 -3.1310589044388668e-05 -1.8434279254401282e-06 5.9191933605811752e-06 5.6576419753494223e-10 -3.1049642477838815e-09 1.8368278362328791e-09 -2.9437071186312656e-05 -8.8421435176221912e-07 4.9210547361927918e-06 5.0422439136570503e-10 -2.6315472362263741e-09 2.295701359057221e-09 -2.7056370387786064e-05 -2.1842425910438067e-07 3.8738879654233985e-06 4.1912457785829816e-10 -2.1592587101159257e-09 2.5384981274370251e-09 -2.4557482455920716e-05 1.3001585003960594e-07 2.8694110636399173e-06 3.2256115321621432e-10 -1.7574327616943572e-09 2.5118210694644822e-09 -2.1553632782987343e-05 2.2883707982776673e-07 1.9857011051995211e-06 2.2638639654782215e-10 -1.5105939811121776e-09 2.2974158373441358e-09 -1.8527776673730301e-05 1.849328932793789e-07 1.2579574199024921e-06 1.4055686954274934e-10 -1.3426658570816694e-09 1.8792670732014448e-09 -1.498493053266346e-05 9.7231019844044491e-08 6.9131183433027477e-07 7.2627104943161384e-11 -1.2041245094466954e-09 1.3748477719705885e-09 -1.1462856105322975e-05 2.9883206975491479e-08 2.8684483249884015e-07 2.7160624338255651e-11 -9.1542595899039091e-10 7.8655512146511036e-10 -7.3515471185679863e-06 3.0155552397626531e-09 5.585504576235739e-08 4.6369161269218699e-12 -4.665082118863746e-10 2.8844385945614908e-10 -3.2574429205143419e-06 ]
[ 3.3787216371141104e-05 0.00083412827950391855 -5.8768035417480616e-09 3.4069809501347706e-08 3.0034981856657529e-09 0.00039587685561060865 1.4310042597186786e-09 2.1173852793819817e-10 1.6521540032145297e-05 -1.6099856910611095e-06 3.6443908365594166e-05 -1.7582083112344651e-10 1.3011823579920046e-09 3.2465115028757768e-10 1.4938896891266589e-05 -7.0179745154999963e-06 3.5803764915896488e-05 1.8817380385410647e-12 1.1744780167683126e-09 3.5257548539319393e-10 1.3395249536778474e-05 -1.0546380229338248e-05 3.4740768916997974e-05 1.9468968993528559e-10 1.0673899186148813e-09 3.0178766532784961e-10 1.1896817988267127e-05 -1.1759540745691568e-05 3.3833838084904684e-05 3.9050206759017923e-10 9.7662636966064453e-10 1.9137077201411613e-10 1.043021745242835e-05 -1.0624926111548049e-05 3.3272335213686489e-05 5.7640669848526744e-10 8.8461423713799135e-10 4.7502032817795028e-11 8.9816032503232272e-06 -7.4428942683747522e-06 3.2940906984668068e-05 7.4276813710874113e-10 7.7342534547768019e-10 -9.8200098315123682e-11 7.5572896627200589e-06 -2.8795903189911041e-06 3.2035338992680173e-05 8.7491602988886933e-10 6.3844040266830717e-10 -2.1336947172275673e-10 6.1900932208096108e-06 2.1037479085385186e-06 3.028313589571373e-05 9.6806159681499002e-10 4.9250809705308646e-10 -2.7543254360067987e-10 4.9263442449045191e-06 6.2885062173488963e-06 2.7335816371993215e-05 1.0083634804210196e-09 3.5692053196331693e-10 -2.8047825698872462e-10 3.8028860652799844e-06 8.964259019133364e-06 2.3982058083735099e-05 1.0060836214400256e-09 2.4730048810527361e-10 -2.4178591522315162e-10 2.8316665118478394e-06 9.6264169192228992e-06 2.0457515775846069e-05 9.5278379494401656e-10 1.6646931629618397e-10 -1.8005945487752441e-10 2.003103248323073e-06 8.7042338984270752e-06 1.7488175772136676e-05 8.7254751120718172e-10 1.0767352113913876e-10 -1.1445995056814594e-10 1.3031488940306744e-06 6.4281926517236866e-06 1.4507374610248504e-05 7.5008359032286072e-10 6.2602326202015517e-11 -5.8920919527176456e-11 7.3105316595425971e-07 3.7517840942591628e-06 1.1576417301913554e-05 6.1045873692072551e-10 2.7741083680634766e-11 -2.1428291035900727e-11 3.0611071059714532e-07 1.2860389356951927e-06 7.7086048897190408e-06 4.1857906810362011e-10 5.6872872082110105e-12 -3.4934292977538666e-12 5.948164448904176e-08 6.2129837766345248e-09 3.4629378203205036e-06 1.984689336896361e-10 ]
[ 0.0026724475889650522 -0.00063501774422768673 1.9734126031978575e-08 -2.1078858614790738e-08 -9.4066429301511632e-08 -0.0001794416196123262 -5.5667366670095578e-10 -3.8828863839986982e-09 -7.3886491420343477e-06 0.0001187077283915787 -1.7777987829036295e-05 5.6334307442025433e-10 -5.5679833899572113e-12 -3.3595510271498353e-09 -7.0179745154999963e-06 0.00011878716849189276 1.8824168888408483e-16 5.5697893250478863e-12 2.4997039206419292e-10 -2.821737683170323e-09 -7.29149152185785e-06 0.00011110880674366647 1.1096410578327679e-05 -4.528515680962871e-10 2.568615855277308e-10 -2.3391277576578099e-09 -7.8715526572760504e-06 0.00010289057536896411 1.4061813774861082e-05 -8.1577173126381361e-10 1.0071052214747279e-10 -1.9179110045807872e-09 -8.4171895376606342e-06 9.4833149303935987e-05 9.7993813313539402e-06 -1.1106609066085585e-09 -1.2546357031982812e-10 -1.5326655935223142e-09 -8.6576205378401493e-06 8.7457990791160704e-05 4.9771315526020586e-07 -1.3784044432156517e-09 -3.3653865527871102e-10 -1.1614271240903295e-09 -8.4277258748708975e-06 7.8144051659656305e-05 -1.1150468308372706e-05 -1.6110564402627002e-09 -4.7010548166661991e-10 -8.0924771555499779e-10 -7.6918640167912015e-06 6.7547094491538043e-05 -2.216577578345634e-05 -1.8238345035724567e-09 -5.0202718660949872e-10 -5.0544439298963864e-10 -6.5423702872780027e-06 5.5158444025712861e-05 -2.9656321335320327e-05 -1.9653204960592803e-09 -4.4837241600322949e-10 -2.793839995060689e-10 -5.1576189636442819e-06 4.386438839605429e-05 -3.2887113518592264e-05 -2.0502602910673502e-09 -3.4741896489719605e-10 -1.3843231658034216e-10 -3.7366288409528426e-06 3.4095631988098842e-05 -3.1415679720880048e-05 -2.0179207931017788e-09 -2.3619222559072537e-10 -6.5826139886792309e-11 -2.4459167890599432e-06 2.733589171400654e-05 -2.715973258963764e-05 -1.9145332214257118e-09 -1.3855157906185038e-10 -3.4002952603056107e-11 -1.3984490976502424e-06 2.1955340645846446e-05 -2.0500206287950796e-05 -1.677646247737864e-09 -6.5996202299444328e-11 -1.9210183202511947e-11 -6.5295389614108994e-07 1.7580728596251631e-05 -1.3541518422763488e-05 -1.3758305823453535e-09 -2.1921212505276235e-11 -9.0701366829937535e-12 -2.1423002865936782e-07 1.1935526891007429e-05 -6.7262801687515676e-06 -9.3134046348174774e-10 -3.1587746918553989e-12 -1.9389021258723954e-12 -3.0900670162678541e-08 5.5146776291434967e-06 -2.0133278213243377e-06 -4.3103956378849589e-10 ]
[ 0.00063501774434835843 0.002672447588962451 -1.5813514920231644e-08 8.7103988026186242e-08 -1.4835269091085996e-08 0.0009967330297180688 3.6822075029009152e-09 -3.9117734798629117e-10 4.1021706353852368e-05 1.7777987831688281e-05 0.00011870772839154891 -4.7789234373881726e-10 3.3576692891112912e-09 -3.6857463490685825e-12 3.5803764915896481e-05 1.8823978305995351e-16 0.00011878716849189275 5.5697893250463321e-12 2.990422442932236e-09 1.5592585964059079e-10 3.0756920364724599e-05 -1.1096410575861565e-05 0.00011110880674362506 5.1639538592076701e-10 2.6409135974084457e-09 1.118666770365598e-10 2.6079390453482598e-05 -1.4061813766651862e-05 0.00010289057536854506 9.866783968165721e-10 2.3119173885061691e-09 -7.3944989827005712e-11 2.1757308735981044e-05 -9.7993813148200604e-06 9.4833149302137498e-05 1.3716933081047995e-09 1.9775178717360638e-09 -3.2402963174085317e-10 1.7768005879217821e-05 -4.9771312878785615e-07 8.7457990786221133e-05 1.6632747167435452e-09 1.6168102191582518e-09 -5.5757427290638662e-10 1.4139269635622989e-05 1.1150468344719469e-05 7.814405164962978e-05 1.8237797025101306e-09 1.23908494121085e-09 -7.0722307328757795e-10 1.0945871784560234e-05 2.2165775828832217e-05 6.7547094475072685e-05 1.8750167730054316e-09 8.8302080811214896e-10 -7.406683060782204e-10 8.2607899949160692e-06 2.9656321387410224e-05 5.5158444003385642e-05 1.7944256876362661e-09 5.9092047591087165e-10 -6.6932715499743631e-10 6.1000322616265351e-06 3.2887113576047146e-05 4.386438837008491e-05 1.6418728679281969e-09 3.8192971124124706e-10 -5.3339825015829497e-10 4.4045634687079207e-06 3.141567978136907e-05 3.4095631962832174e-05 1.412524364501641e-09 2.4612242391663909e-10 -3.7676151031310912e-10 3.0697933130072824e-06 2.7159732652070474e-05 2.7335891693737886e-05 1.1776661833920864e-09 1.5789322930067227e-10 -2.3167968916574716e-10 1.9964390867040603e-06 2.0500206347905129e-05 2.1955340634755051e-05 9.2058297425915105e-10 9.3628090240190735e-11 -1.1724064143445426e-10 1.1314324332517692e-06 1.3541518476113466e-05 1.7580728595478974e-05 6.9088876643650849e-10 4.2788146663133654e-11 -4.244383526284236e-11 4.8128109117834371e-07 6.7262802069361534e-06 1.1935526897625323e-05 4.4300409635250303e-10 9.0203319279843837e-12 -6.9401078125691507e-12 9.4985596899495923e-08 2.0133278394244318e-06 5.5146776357022142e-06 2.0158497924311342e-10 ]
[ -1.5398078310162043e-08 2.0057703059817822e-08 0.0027487804876841762 -5.6474272950577168e-05 -0.0010118976156010908 7.0907947324016162e-09 1.1308093025408571e-06 -4.1644061022096782e-05 2.0233565667157674e-10 -4.7223242475236981e-10 5.6797686203356544e-10 0.00012025914633881131 6.9622854403293916e-06 -3.5803757532827532e-05 1.8817380385410647e-12 5.5697893250478798e-12 5.5697893250462836e-12 0.00011895198170694053 1.0300531743581641e-05 -2.9890519689124505e-05 -1.700324883584111e-10 5.0975920123709633e-10 -4.6043436478511325e-10 0.00011176257621704572 1.1338057717816639e-05 -2.479052754433047e-05 -3.0831813717196204e-10 9.4676760646285259e-10 -8.6215910530952446e-10 0.00010391958840641317 1.0628315133794614e-05 -2.079236777236408e-05 -4.1008989767165087e-10 1.2480609014619204e-09 -1.2483148784725591e-09 9.5423018276045863e-05 8.7825232953824139e-06 -1.7727166136021276e-05 -4.7340557927625148e-10 1.3878990840015096e-09 -1.6553614866300083e-09 8.7580030460859988e-05 6.3702678868555655e-06 -1.5189533031637569e-05 -4.976997247771695e-10 1.3360354581962329e-09 -2.033761837331525e-09 7.9083460328120431e-05 3.9187264995163487e-06 -1.2796114862354407e-05 -4.850738997263133e-10 1.1469603552523262e-09 -2.3511775787711005e-09 7.1240472512662436e-05 1.8699925443839612e-06 -1.037206477801694e-05 -4.4126706495460063e-10 8.8096010690606988e-10 -2.5125588172888353e-09 6.2743902382298596e-05 4.8096004601773025e-07 -7.9751982020118139e-06 -3.7508599035263528e-10 6.5650708391553787e-10 -2.5456176745657255e-09 5.4900914571029463e-05 -2.304290288903517e-07 -5.7737606611961381e-06 -2.9654325826650632e-10 5.2902870543827751e-10 -2.4084105158639243e-09 4.6404344446554204e-05 -4.2867763931248047e-07 -3.9043110493200317e-06 -2.1510548000426098e-10 5.310215704626337e-10 -2.186367622849341e-09 3.856135664155697e-05 -3.4441369295475314e-07 -2.4153563385073346e-06 -1.3904785542763964e-10 6.0098028714138165e-10 -1.8179499480544539e-09 3.0064786524248538e-05 -1.7849910237688534e-07 -1.2954929068520095e-06 -7.5478976668527382e-11 6.7090655767533554e-10 -1.3857121390249501e-09 2.2221798726978501e-05 -5.3923962309636283e-08 -5.2462109540786944e-07 -2.9978707638426307e-11 5.9530406875172907e-10 -8.4179081884726051e-10 1.3725228619668783e-05 -5.3317894042336643e-09 -9.9837415504551513e-08 -5.4798260699033839e-12 3.3628738536928555e-10 -3.3647134189409259e-10 5.8822408343558503e-06 ]
[ 2.0084934068655941e-08 6.692701749468038e-08 0.00023544072520058113 4.9696384071727904e-06 -0.00012768373737681436 3.2214444071955544e-08 6.7535034786952084e-07 -5.3164196724810561e-06 1.3317290894647753e-09 6.5063311175753955e-10 2.967002175747457e-09 1.0300531732449478e-05 1.4291035568734375e-06 -4.7100637361011558e-06 1.1744780167683126e-09 2.4997039206419287e-10 2.990422442932236e-09 1.0300531743581643e-05 1.874872560297871e-06 -4.0960468935121085e-06 1.0176657863477965e-09 -2.8058656578629099e-12 2.9571189881600381e-09 1.0300770781234382e-05 2.0181478184125891e-06 -3.5762770669094216e-06 8.6426765500296229e-10 -6.2745255900062395e-11 2.8928822390938064e-09 1.030557671372713e-05 1.9101930701338282e-06 -3.1899211519573064e-06 7.1633770905217578e-10 7.7596942115315027e-11 2.7926236053347725e-09 1.0322303300425316e-05 1.6154704409583701e-06 -2.9086328862684773e-06 5.7613590936521003e-10 3.8409201316510624e-10 2.6419083378761469e-09 1.0337203763512893e-05 1.2051188032505157e-06 -2.6633138083643606e-06 4.4728167255125747e-10 7.8028329665547783e-10 2.3902385342776418e-09 1.031608917338493e-05 7.6154688192047669e-07 -2.3852984817951303e-06 3.3462876936326895e-10 1.1675159823635755e-09 2.0419617287795168e-09 1.021429093098888e-05 3.69361541605207e-07 -2.0427043518692025e-06 2.4239997728433537e-10 1.4416495091428146e-09 1.6136400032502212e-09 9.9527369283795543e-06 8.9673330504041809e-08 -1.6505863056489046e-06 1.7190628045180292e-10 1.5670380166313428e-09 1.2043273272903776e-09 9.5208502062587997e-06 -6.0193652792853462e-08 -1.2506147744556279e-06 1.2071288356296701e-10 1.5258583525593483e-09 8.6416586495714306e-10 8.8021741403693521e-06 -1.0349947020130413e-07 -8.8194696605075748e-07 8.3810217848497388e-11 1.3809862216189034e-09 6.4811965916118382e-10 7.8836113510782383e-06 -8.3816069683927528e-08 -5.6684433661367518e-07 5.5849163398136797e-11 1.1326620787087159e-09 5.1916862630114089e-10 6.602866788740412e-06 -4.4144202675395273e-08 -3.1441787749905303e-07 3.3177238618438829e-11 8.473726533770347e-10 4.4639809156048005e-10 5.1641112632705941e-06 -1.3520414478776194e-08 -1.3096556277473022e-07 1.4968262971220839e-11 5.0964552590124958e-10 3.3941351903573802e-10 3.3534447260390209e-06 -1.3240107559166938e-09 -2.5473559909114548e-08 3.1239609915786492e-12 2.0325352725206998e-10 1.7572199046625531e-10 1.4875899000483187e-06 ]
[ -5.8077948942848933e-08 1.3453295415795136e-08 -0.00068321187906368803 1.8755203227890113e-06 0.00032370823231363423 6.3925494233367586e-09 -1.0772748421894756e-06 1.3449443055787009e-05 3.0059734740375609e-10 -2.6461719255812267e-09 4.3300640391544571e-10 -2.9890519702363088e-05 -2.9794592487407401e-06 1.1842331167144474e-05 3.5257548539319393e-10 -2.821737683170323e-09 1.5592585964059081e-10 -2.9890519689124505e-05 -4.0960468935121085e-06 1.0185455265456527e-05 4.137047764513985e-10 -2.9588609433511327e-09 -1.0633129056485194e-12 -2.9874512263965796e-05 -4.4515276851662141e-06 8.73011164857174e-06 4.7422846396981873e-10 -3.0700101596587509e-09 2.2416146375254259e-11 -2.9690487501928513e-05 -4.1938869728000416e-06 7.5844477487370302e-06 5.2366733924030311e-10 -3.1344459251800623e-09 2.5283475315203041e-10 -2.9133356614966453e-05 -3.5061923402562979e-06 6.6998068918625492e-06 5.5221852751495976e-10 -3.1222644264198664e-09 6.7117476257155313e-10 -2.8276266497770156e-05 -2.5778604517479895e-06 5.9349650267720145e-06 5.5250407014043484e-10 -2.9667379266456144e-09 1.1996388364978124e-09 -2.6978769151641969e-05 -1.6052789527509339e-06 5.1511676357860613e-06 5.2166257999930584e-10 -2.668286597730349e-09 1.7273146923345379e-09 -2.5449248195857428e-05 -7.6999883182120652e-07 4.2882416981211276e-06 4.6268749184817535e-10 -2.2476306489857858e-09 2.1173201207398217e-09 -2.3454446794838912e-05 -1.8953271904475573e-07 3.3797913267898255e-06 3.8366323200180455e-10 -1.8304215741276785e-09 2.3180940572598117e-09 -2.1329213020438578e-05 1.1458560875955152e-07 2.5064791895738634e-06 2.9514260402017039e-10 -1.4816266666646082e-09 2.283722057360949e-09 -1.8753671914688529e-05 2.009102391537812e-07 1.7368941418918777e-06 2.0742872667479544e-10 -1.2736751400163759e-09 2.0868530248211729e-09 -1.6147372963766465e-05 1.6243518228721829e-07 1.1020687154331812e-06 1.291895878924905e-10 -1.1407583948144186e-09 1.7109986921300982e-09 -1.3086232908022839e-05 8.5508089237639837e-08 6.0674964547243817e-07 6.7081581099002318e-11 -1.0349672858261315e-09 1.2581160836167158e-09 -1.0033149328745218e-05 2.6326047498925857e-08 2.5227364572754451e-07 2.5256735259155952e-11 -7.9626050157632765e-10 7.258208973636096e-10 -6.4535577351912812e-06 2.66545955613791e-09 4.922781107934395e-08 4.3467664085351347e-12 -4.0974460356244598e-10 2.6934406569250903e-10 -2.8681243753493593e-06 ]
[ 8.8406619523972146e-07 0.00072300474933435191 -9.1778826770645632e-09 3.0332980832973462e-08 5.8016481328647534e-09 0.00035310992267345782 1.2649839402277444e-09 3.1828676388684305e-10 1.4758339976066281e-05 -2.6321631366738605e-06 3.1483896837884545e-05 -3.2856574912736697e-10 1.1359385191077632e-09 4.037220020817458e-10 1.3395249536778474e-05 -7.29149152185785e-06 3.0756920364724599e-05 -1.700324883584111e-10 1.0176657863477965e-09 4.137047764513985e-10 1.20697340270544e-05 -1.032882392709218e-05 2.9874517074997042e-05 1.741955191092502e-12 9.2367591795752427e-10 3.5524281140538173e-10 1.0776874694447884e-05 -1.1393074841636859e-05 2.9306766886247787e-05 1.7860704354895032e-10 8.4922204898880543e-10 2.453887275122983e-10 9.5003325402813007e-06 -1.0425209834407085e-05 2.9107389577645924e-05 3.5064653083254485e-10 7.7656913127254054e-10 1.0654349946313487e-10 8.2265097707684143e-06 -7.6316329197198624e-06 2.9120419567608374e-05 5.0841780663960291e-10 6.8738288001798122e-10 -3.4160399420467769e-11 6.9601098034539281e-06 -3.5545903005958807e-06 2.8649623374938067e-05 6.396157869303503e-10 5.7529336370231935e-10 -1.4817785559474385e-10 5.7305981127641912e-06 9.7321187095242939e-07 2.7386698407781018e-05 7.3787201887365169e-10 4.5025911289283969e-10 -2.146719763477338e-10 4.5813402963051183e-06 4.8606722796777473e-06 2.4998417657123249e-05 7.9153909858377628e-10 3.3099473303026031e-10 -2.2895362478477744e-10 3.5489098855518422e-06 7.4225163522849831e-06 2.2145645800810671e-05 8.0695309444832288e-10 2.322101541789806e-10 -2.0200243455014275e-10 2.6483117260582006e-06 8.1724409485395623e-06 1.9044163885566074e-05 7.7760512563066004e-10 1.5759952973989624e-10 -1.5218177643617795e-10 1.8749316736291082e-06 7.4523828871251858e-06 1.6359779441250438e-05 7.2243167674525035e-10 1.0217148875896276e-10 -9.7079144685005144e-11 1.2193298838245324e-06 5.4801117645093024e-06 1.3597920276735219e-05 6.2922950650750934e-10 5.9230373367318108e-11 -4.9790254802903457e-11 6.8321490164461614e-07 3.1181168514810568e-06 1.0841255664560527e-05 5.182023880631498e-10 2.6096743077387554e-11 -1.7903473842562817e-11 2.8560872948802584e-07 9.6357865812801998e-07 7.2035678081650478e-06 3.5926441996252319e-10 5.3181265959373769e-12 -2.8641918885638015e-12 5.5407989000869938e-08 -9.4980483415507035e-08 3.226957114774132e-06 1.7195626017600238e-10 ]
[ 0.0024132967569608131 -0.00083615386773734429 3.1338355009788256e-08 -2.9373178668844461e-08 -9.502798332906199e-08 -0.00027527958041953835 -9.0217912267204504e-10 -3.9583491080255869e-09 -1.1375568934573292e-05 0.0001081669037720377 -2.7492993191561665e-05 1.073580043280909e-09 -3.0656838829320066e-10 -3.4860446947651668e-09 -1.0546380229338246e-05 0.00011110880674366644 -1.1096410575861565e-05 5.0975920123709633e-10 -2.8058656578628856e-12 -2.9588609433511327e-09 -1.032882392709218e-05 0.00011041023453867751 1.7427459728870857e-16 2.8057419523214441e-12 4.3595880945044515e-11 -2.4524677104718435e-09 -1.0439738194791374e-05 0.00010383124474175277 3.7264899069396482e-06 -4.3816799385456662e-10 -8.2233695893714514e-11 -1.9964204492531102e-09 -1.0551426224150125e-05 9.5384553389596022e-05 2.8765421919148267e-07 -8.0879423578926038e-10 -2.8239631218870742e-10 -1.5740073256149641e-09 -1.0392505108989206e-05 8.7113969005253917e-05 -8.2358458025653249e-06 -1.1400978660617493e-09 -4.6747667288837457e-10 -1.1695877647170029e-09 -9.8013725624296067e-06 7.667906902422682e-05 -1.8901738732251404e-05 -1.4263532838190779e-09 -5.7387735064229548e-10 -7.9317278472504595e-10 -8.7500122981775512e-06 6.5030109395846893e-05 -2.8809517319078909e-05 -1.6789442402729e-09 -5.7942178201053798e-10 -4.7637797425375295e-10 -7.3376296566408955e-06 5.1949414743679701e-05 -3.502952877192988e-05 -1.8503743684745242e-09 -5.0316165466666015e-10 -2.4756098593815285e-10 -5.7433940745269174e-06 4.0383657413498385e-05 -3.7118241287366287e-05 -1.9553573007907467e-09 -3.8503228750259065e-10 -1.1080610774817567e-10 -4.1595346846500747e-06 3.0805776883718727e-05 -3.4678173262838114e-05 -1.9388933392498929e-09 -2.6164928761676327e-10 -4.5665691521306001e-11 -2.7413770329225826e-06 2.4501357056978369e-05 -2.9766530383537659e-05 -1.8481797918554813e-09 -1.5525680208649248e-10 -2.1700886237720817e-11 -1.5914670351137488e-06 1.9809877673172888e-05 -2.2599819119005698e-05 -1.6253202899607347e-09 -7.5857899919432285e-11 -1.3308579799553288e-11 -7.6297039457827427e-07 1.6149675483717884e-05 -1.5235720375459739e-05 -1.337587457283001e-09 -2.6339406974979657e-11 -7.1769648663114351e-12 -2.6131404880006182e-07 1.1210282257937476e-05 -7.8875768833245599e-06 -9.0897771063634077e-10 -4.0693336730443036e-12 -1.6911896595337756e-12 -4.0244396897471284e-08 5.2888527085140265e-06 -2.5548190819587318e-06 -4.2248261738930591e-10 ]
[ 0.00083615386804122306 0.0024132967569445406 -2.3504154247647247e-08 8.3292395200959353e-08 -1.9542874940864965e-08 0.00095765260516092107 3.553025717684834e-09 -5.9310934336408202e-10 3.9548462664904802e-05 2.7492993200359945e-05 0.00010816690377169135 -8.5829185900279361e-10 3.2931207020264077e-09 -1.874494305316423e-10 3.4740768916997974e-05 1.1096410578327679e-05 0.00011110880674362506 -4.6043436478511315e-10 2.9571189881600381e-09 -1.0633129056485356e-12 2.9874517074997039e-05 1.742735384975245e-16 0.00011041023453867759 2.8057419523200934e-12 2.6071045151211751e-09 -1.816410469229456e-11 2.5176136598072294e-05 -3.7264899046446251e-06 0.00010383124474170763 4.6484338524655426e-10 2.2669775286566805e-09 -1.7785997475827798e-10 2.0819038303387858e-05 -2.8765421164640333e-07 9.5384553389179757e-05 8.5432878449092746e-10 1.9192466689456311e-09 -4.0121682413527015e-10 1.6823690848795513e-05 8.235845817736898e-06 8.7113969003598828e-05 1.1507695298781504e-09 1.5492098668133069e-09 -6.0729331296911387e-10 1.3234241533166076e-05 1.8901738756076628e-05 7.6679069020096715e-05 1.3229690956929485e-09 1.1701348482303547e-09 -7.3114939292573511e-10 1.0128683786764902e-05 2.8809517351679764e-05 6.5030109388191653e-05 1.3856349104856945e-09 8.2108133461004976e-10 -7.4428312250752025e-10 7.5704485099212653e-06 3.502952881194287e-05 5.1949414732605877e-05 1.326925256081333e-09 5.4147965213942218e-10 -6.6074957008601682e-10 5.557663740468645e-06 3.7118241333658101e-05 4.0383657400434853e-05 1.1994812443276713e-09 3.4649266897348635e-10 -5.2059595795142345e-10 4.0116911942090461e-06 3.4678173313052294e-05 3.0805776871692512e-05 1.0100376031383849e-09 2.2323267386089854e-10 -3.6525824947703486e-10 2.8117872871883201e-06 2.9766530436060932e-05 2.4501357049264518e-05 8.1946029972819649e-10 1.4479506552965773e-10 -2.2389878195331065e-10 1.8478383289966995e-06 2.2599819169425785e-05 1.9809877672612877e-05 6.2282768648211486e-10 8.736672881762213e-11 -1.1319599683091837e-10 1.0611517724363472e-06 1.5235720419864972e-05 1.6149675490773994e-05 4.5720106462836349e-10 4.0633250485397243e-11 -4.095744886330485e-11 4.5772697023985938e-07 7.8875769145787001e-06 1.1210282269030706e-05 2.9045152224211122e-10 8.6867378215356022e-12 -6.6836085104825194e-12 9.1473048412147243e-08 2.5548190964870735e-06 5.2888527166928673e-06 1.3296843283827231e-10 ]
[ -2.1837769676361221e-08 3.2515625500038497e-08 0.0025545731704273685 -5.3716754792448499e-05 -0.00099520599010671004 1.2231524130001214e-08 1.1996759776884399e-06 -4.1092488077593084e-05 4.1659864738379261e-10 -8.1788234769392054e-10 1.1041810294165811e-09 0.00011176257621070641 6.973085501908813e-06 -3.5602351958177103e-05 1.9468968993528554e-10 -4.52851568096287e-10 5.1639538592076681e-10 0.00011176257621704572 1.0300770781234382e-05 -2.9874512263965796e-05 1.7419551910924826e-12 2.8057419523215668e-12 2.8057419523199577e-12 0.00011045541158501725 1.1338057728708143e-05 -2.4790527533685546e-05 -1.5565960591146112e-10 4.5727426743132721e-10 -4.4610814799021498e-10 0.00010391958841233862 1.0628315143828309e-05 -2.0792367764390478e-05 -2.7509420650207329e-10 8.1146630248232926e-10 -8.5179651451545257e-10 9.542301828512527e-05 8.78252330484417e-06 -1.7727166130848815e-05 -3.5579916172684984e-10 1.0246065606846525e-09 -1.2544316134966839e-09 8.7580030472538038e-05 6.3702678955726696e-06 -1.5189533029122124e-05 -3.9776253818529247e-10 1.0648598286491411e-09 -1.6276681934841121e-09 7.9083460341660802e-05 3.9187265070912144e-06 -1.2796114862027988e-05 -4.0288848908044465e-10 9.7028139289113011e-10 -1.948444292026596e-09 7.1240472527467325e-05 1.8699925504891327e-06 -1.0372064779145003e-05 -3.7619858133351196e-10 7.8993214988562206e-10 -2.1359906696890509e-09 6.2743902397478755e-05 4.8096005058208142e-07 -7.9751982037901172e-06 -3.2568955091171351e-10 6.2698412271072473e-10 -2.2077539776637639e-09 5.4900914586007337e-05 -2.304290256920712e-07 -5.7737606629720367e-06 -2.6082451179007811e-10 5.3304811598228909e-10 -2.12163239277665e-09 4.6404344460504274e-05 -4.2867763719528191e-07 -3.9043110507096485e-06 -1.9086467143852966e-10 5.4333274441055777e-10 -1.9483038878105776e-09 3.856135665414821e-05 -3.4441369164873448e-07 -2.4153563393882929e-06 -1.2407640984397014e-10 6.0481527927226123e-10 -1.6321668682232083e-09 3.006478653483996e-05 -1.7849910166964422e-07 -1.2954929072881461e-06 -6.7570433368216545e-11 6.6073470610474564e-10 -1.2488094473175277e-09 2.22217987354158e-05 -5.3923962020963782e-08 -5.2462109555596447e-07 -2.6876811786116387e-11 5.7703094897888205e-10 -7.5903095564267563e-10 1.3725228625291731e-05 -5.3317893495298207e-09 -9.9837415526616549e-08 -4.9146082038498044e-12 3.2280142865092242e-10 -3.0275071715213876e-10 5.8822408369513634e-06 ]
[ 1.8250041556902287e-08 5.9286871256330635e-08 0.00025915560465837232 4.9135013176154576e-06 -0.00013896971006246514 2.9327414756831461e-08 7.13317666529069e-07 -5.7853958474010781e-06 1.2117447578984681e-09 6.013100849994604e-10 2.6254180247502618e-09 1.1338057708111385e-05 1.533408997763238e-06 -5.1231474582880997e-06 1.0673899186148813e-09 2.5686158552773075e-10 2.6409135974084457e-09 1.1338057717816639e-05 2.0181478184125891e-06 -4.4515276851662133e-06 9.2367591795752416e-10 4.3595880945044554e-11 2.6071045151211751e-09 1.1338057728708143e-05 2.1738871364707326e-06 -3.881192502630131e-06 7.8324283941030202e-10 -4.9292705716778932e-14 2.5569954505891548e-09 1.1338062988576297e-05 2.0569427411714756e-06 -3.4549975316621074e-06 6.474927058293819e-10 1.3246402138762365e-10 2.4843430933683089e-09 1.1337109858129253e-05 1.7381768070240038e-06 -3.1429261707532536e-06 5.1857793816370661e-10 4.1363630401538568e-10 2.3569549855114152e-09 1.1323391099081475e-05 1.2953524375397985e-06 -2.8709628890107743e-06 4.0017016969820337e-10 7.7573338673582564e-10 2.1325264768434576e-09 1.1258048604907977e-05 8.1774524780909777e-07 -2.5655980962527194e-06 2.9700163231415076e-10 1.1293194596375324e-09 1.8133846822123357e-09 1.1103553655882612e-05 3.9631889091838344e-07 -2.1928517648282993e-06 2.1310788158900108e-10 1.3793492050468305e-09 1.4200887406462954e-09 1.0772855841684461e-05 9.6303693920973416e-08 -1.7689622116211216e-06 1.4970474166960759e-10 1.4932446919080702e-09 1.0431840164936352e-09 1.0267041040194484e-05 -6.4216031448952281e-08 -1.3384300847144653e-06 1.0442562333272942e-10 1.4550799337268633e-09 7.3320991304859318e-10 9.4585825919522688e-06 -1.1054632255120937e-07 -9.4281932195992052e-07 7.2436083333177964e-11 1.3224312863113828e-09 5.3997890057302491e-10 8.4490426419746053e-06 -8.9513956416704187e-08 -6.0548192649318964e-07 4.8544870875160915e-11 1.0934049775494026e-09 4.3233688035194574e-10 7.0613368885419931e-06 -4.7144404032249196e-08 -3.3569834591679649e-07 2.9141154320754814e-11 8.2743303167431919e-10 3.7898339904733662e-10 5.5157998433570677e-06 -1.444442275765694e-08 -1.3981725489601936e-07 1.3309303478498263e-11 5.0532796645323896e-10 2.9609185832260869e-10 3.5798004212034227e-06 -1.417619308731566e-09 -2.7201577132546993e-08 2.8084417695609356e-12 2.0523566101698905e-10 1.5697289833241254e-10 1.5882487317242197e-06 ]
[ -4.8235349175250644e-08 1.0763354987885952e-08 -0.00056664062995965441 -1.9518665667828713e-07 0.00027592233315053489 5.4254527427155466e-09 -9.9719975601739078e-07 1.1472408163211776e-05 2.560038574862121e-10 -2.1961270125828426e-09 3.4170168958246797e-10 -2.4790527555234183e-05 -2.6210303702897931e-06 1.0120679975472052e-05 3.0178766532784961e-10 -2.3391277576578095e-09 1.1186667703655975e-10 -2.4790527544330467e-05 -3.5762770669094216e-06 8.73011164857174e-06 3.5524281140538168e-10 -2.4524677104718435e-09 -1.8164104692294586e-11 -2.4790527533685546e-05 -3.8811925026301319e-06 7.5136463789951509e-06 4.0821901309825906e-10 -2.558617617584531e-09 1.5734748500305299e-12 -2.4777947948845143e-05 -3.6585940675821236e-06 6.5571440890723193e-06 4.5190816602151438e-10 -2.6410853504010418e-09 1.9621424615097312e-10 -2.457611772272145e-05 -3.06251638144095e-06 5.8170651726329056e-06 4.7785883117058837e-10 -2.6556218708798383e-09 5.5429258182541191e-10 -2.4061945458134806e-05 -2.2548346488838911e-06 5.1723646486857345e-06 4.7950125898080551e-10 -2.5459351026475223e-09 1.012907846277233e-09 -2.3137440609067649e-05 -1.4058331715505563e-06 4.5035816760827928e-06 4.5406283389096891e-10 -2.306809493923104e-09 1.4761785418849141e-09 -2.1955318882530501e-05 -6.7460906460924372e-07 3.7593619339664043e-06 4.0385815393616435e-10 -1.9569154055458499e-09 1.8253888307365224e-09 -2.0342442353052211e-05 -1.6519340926876378e-07 2.9702256039429799e-06 3.3573909999309939e-10 -1.6030468906572057e-09 2.0109980739504625e-09 -1.8576712606412043e-05 1.0229590241248929e-07 2.2079452470997974e-06 2.5885943852328172e-10 -1.3044101884830381e-09 1.9915456754775389e-09 -1.6399752907453105e-05 1.7835683746104978e-07 1.5337011474466412e-06 1.8228051811666531e-10 -1.1254624893342839e-09 1.8269054652662918e-09 -1.4170631420753179e-05 1.4429086898244604e-07 9.7559162202186523e-07 1.1370821959359062e-10 -1.0107779742074719e-09 1.5028213855704302e-09 -1.1528453458597857e-05 7.6078574002308885e-08 5.3853323783273522e-07 5.9115260495817348e-11 -9.1867934667031139e-10 1.1075847455481798e-09 -8.8714084568539842e-06 2.3470583348514216e-08 2.2451536196167924e-07 2.2274750201549846e-11 -7.0809027020145306e-10 6.40080848772666e-10 -5.7300205067851155e-06 2.3835557143666357e-09 4.3925023359318968e-08 3.8344126660229214e-12 -3.6493719578098102e-10 2.376458751283417e-10 -2.5561838152941487e-06 ]
[ -3.6829261437632688e-05 0.0006220070849459788 -1.1810764829242989e-08 2.6741867430556812e-08 8.5501705356705346e-09 0.00031199164631628631 1.1046933086950422e-09 4.231692782973825e-10 1.3057862271524169e-05 -3.9011856178311196e-06 2.6947011596340792e-05 -4.5062949518122452e-10 9.7510667832313331e-10 4.8184522159934891e-10 1.1896817988267127e-05 -7.8715526572760504e-06 2.6079390453482598e-05 -3.0831813717196209e-10 8.6426765500296229e-10 4.7422846396981873e-10 1.0776874694447884e-05 -1.0439738194791374e-05 2.5176136598072294e-05 -1.556596059114611e-10 7.8324283941030202e-10 4.0821901309825906e-10 9.6868230932351981e-06 -1.1338552838317097e-05 2.4777948039667e-05 1.6221669953720542e-12 7.2526162073885252e-10 2.9885762561527173e-10 8.600858665906357e-06 -1.0512269078949105e-05 2.4935558642284993e-05 1.5785496900506309e-10 6.7201011129494123e-10 1.6476348936765182e-10 7.5016016744340885e-06 -8.0828178245067851e-06 2.5319196558868922e-05 3.0528133613263888e-10 6.0464794051392856e-10 2.8662827124177728e-11 6.3915645193381826e-06 -4.4613350202398581e-06 2.5315900032617673e-05 4.3352166529870964e-10 5.1502807552244979e-10 -8.4570048759270442e-11 5.2967724587079761e-06 -3.5466921412763859e-07 2.457277826056834e-05 5.3508396271534634e-10 4.1028799938148657e-10 -1.5568385256390844e-10 4.2579206455357718e-06 3.2744305584084165e-06 2.2763063669595389e-05 5.9992110763281362e-10 3.0669977849966238e-10 -1.7914144477697131e-10 3.3118516411604177e-06 5.7570089447844376e-06 2.0418288395997872e-05 6.3087826029662273e-10 2.1818495946979934e-10 -1.6365983189672194e-10 2.4772102474338894e-06 6.6236521553456462e-06 1.7733134825852669e-05 6.2277406658213639e-10 1.4936961653887558e-10 -1.2536338177822483e-10 1.7548251520971344e-06 6.1249846237835076e-06 1.5319335973222191e-05 5.8993278561624733e-10 9.7020599235377198e-11 -8.0371265937134761e-11 1.1401793228275536e-06 4.4710418854071724e-06 1.2755166697759845e-05 5.2264782102564787e-10 5.6025976141016532e-11 -4.1014189200635673e-11 6.3760369099389383e-07 2.4349305841952468e-06 1.0150884095234182e-05 4.368778799947134e-10 2.4512511026328089e-11 -1.4516243984686378e-11 2.6586355345246631e-07 6.0691447265146526e-07 6.7215388199358768e-06 3.069197488584469e-10 4.9590423447187809e-12 -2.2600173690126729e-12 5.1449563213245763e-08 -2.1223724917485735e-07 2.998324191274312e-06 1.4851259313960834e-10 ]
[ 0.0022147160443305547 -0.00085854835776008728 4.0375252044715051e-08 -3.1720894107283098e-08 -9.6241410794064814e-08 -0.00030611225618153609 -9.9915931711263297e-10 -4.0268864268297955e-09 -1.2692401633262914e-05 9.9603145097721369e-05 -2.9201603786679082e-05 1.4842084736152888e-09 -3.8662381840042611e-10 -3.5806245994843664e-09 -1.1759540745691568e-05 0.00010289057536896411 -1.4061813766651859e-05 9.4676760646285259e-10 -6.274525590006246e-11 -3.0700101596587509e-09 -1.1393074841636859e-05 0.00010383124474175277 -3.726489904644626e-06 4.5727426743132721e-10 -4.9292705716853249e-14 -2.5586176175845306e-09 -1.1338552838317097e-05 0.00010261240898872533 1.6229018134130512e-16 4.8992328701331031e-14 -1.1674529373147251e-10 -2.0807160593058355e-09 -1.1293853002202338e-05 9.535318018125e-05 -3.1351074234611944e-06 -4.1894143339804355e-10 -3.1247012255821044e-10 -1.6369766688719663e-09 -1.0991638314929249e-05 8.6780366616679539e-05 -1.1358112398085638e-05 -7.952705402951487e-10 -4.9481307731381051e-10 -1.2141659620420448e-09 -1.027196576499381e-05 7.5967309124953418e-05 -2.1644912740476649e-05 -1.124990814665091e-09 -5.9835940731593152e-10 -8.2293285732373942e-10 -9.1096299117112881e-06 6.3967925716189501e-05 -3.1130366639412456e-05 -1.4142532269036548e-09 -6.0039723291390468e-10 -4.9513198038638077e-10 -7.6060687894430737e-06 5.0669759421417596e-05 -3.6878291191716269e-05 -1.6209128054328528e-09 -5.202536486908635e-10 -2.588588227340948e-10 -5.9403063448341469e-06 3.9034109551369867e-05 -3.8551082432846076e-05 -1.7558101014887069e-09 -3.9831159855286384e-10 -1.1749969035802349e-10 -4.3016659446472915e-06 2.954797148330342e-05 -3.5768402758382499e-05 -1.7699666616241375e-09 -2.7143255962005107e-10 -4.9730326517863033e-11 -2.8410726569499006e-06 2.3422549483562743e-05 -3.0632688557831873e-05 -1.7069876416369649e-09 -1.6190102321840671e-10 -2.4292348147485152e-11 -1.6570764180698453e-06 1.8990280354035224e-05 -2.3300768047772944e-05 -1.514580923756412e-09 -7.9745621814203695e-11 -1.4945159788787378e-11 -8.0071365622420359e-07 1.5595920377550295e-05 -1.5808551141664288e-05 -1.2555640332326257e-09 -2.8023347080567043e-11 -8.0141181622512888e-12 -2.7762420842484688e-07 1.0922356016380147e-05 -8.2863819441158713e-06 -8.5856928829837016e-10 -4.4027329734767888e-12 -1.8902174698738072e-12 -4.3509086425872678e-08 5.1948675335836818e-06 -2.7434795470769857e-06 -4.011692313635054e-10 ]
[ 0.00085854835830703074 0.0022147160442681133 -3.1105879712170259e-08 8.0331734621324973e-08 -1.8143978268208456e-08 0.0009242202540065788 3.4349721596810279e-09 -5.4368464445921428e-10 3.8274151149762289e-05 2.9201603804606581e-05 9.9603145096061497e-05 -1.2129063455738028e-09 3.200964803397215e-09 -1.5534584336444135e-10 3.3833838084904684e-05 1.4061813774861077e-05 0.00010289057536854507 -8.6215910530952415e-10 2.8928822390938064e-09 2.2416146375254285e-11 2.9306766886247787e-05 3.7264899069396397e-06 0.00010383124474170763 -4.4610814799021488e-10 2.5569954505891548e-09 1.573474850030559e-12 2.4777948039667007e-05 1.6228912255012095e-16 0.00010261240898872526 4.8992328699741293e-14 2.2168357182803638e-09 -1.5903665966822681e-10 2.0431326270387116e-05 3.1351074255656113e-06 9.5353180181208502e-05 4.1014049721362359e-10 1.8700979785271426e-09 -3.8046272850417989e-10 1.6443427768347581e-05 1.1358112404997249e-05 8.6780366616324842e-05 7.2865625823278325e-10 1.5040675901645831e-09 -5.8296836249885466e-10 1.2876758802079699e-05 2.1644912754105308e-05 7.5967309123679534e-05 9.2744264080510061e-10 1.131996931422761e-09 -7.0366751614531697e-10 9.8102840032807664e-06 3.113036666071196e-05 6.3967925713332018e-05 1.015110067319608e-09 7.9180266914671625e-10 -7.1596519297750117e-10 7.3038468097994417e-06 3.6878291220253087e-05 5.0669759416903533e-05 9.8720838388495608e-10 5.2109758158206291e-10 -6.3467654368092541e-10 5.3491470311057658e-06 3.8551082467900649e-05 3.9034109546085588e-05 8.9014562998425818e-10 3.3352693813624364e-10 -4.9924649470103687e-10 3.860683096615941e-06 3.5768402797925555e-05 2.9547971479285871e-05 7.3830921583701251e-10 2.1560987783164617e-10 -3.4976557768255356e-10 2.7121907340906237e-06 3.0632688600127711e-05 2.342254948323588e-05 5.851628456328755e-10 1.4065789848760459e-10 -2.1408030593623906e-10 1.7899247831314693e-06 2.3300768088747092e-05 1.8990280359277385e-05 4.3354658912794926e-10 8.5382483627261164e-11 -1.0799269705086267e-10 1.0333106343825213e-06 1.5808551177730215e-05 1.5595920388418931e-05 3.1240953769391375e-10 3.9904766487510782e-11 -3.8916603012376932e-11 4.481502860688727e-07 8.2863819693198753e-06 1.0922356029194056e-05 1.9804612180479771e-10 8.5600994782676631e-12 -6.3073888677274244e-12 8.9988993857093846e-08 2.7434795586696577e-06 5.1948675421243201e-06 9.2181129144171853e-11 ]
[ -2.6400948305791715e-08 4.3597084536593304e-08 0.0023753048774981661 -4.8645732556454847e-05 -0.00097237985844010838 1.7329552504297602e-08 1.3458116634105666e-06 -4.0251003796271712e-05 6.3066342173430431e-10 -1.075261925991967e-09 1.5860331221405482e-09 0.00010391958839662531 7.015662173529224e-06 -3.5090113569132456e-05 3.9050206759017913e-10 -8.1577173126381361e-10 9.866783968165721e-10 0.00010391958840641319 1.0305576713727134e-05 -2.9690487501928513e-05 1.7860704354895027e-10 -4.3816799385456652e-10 4.6484338524655406e-10 0.00010391958841233862 1.1338062988576297e-05 -2.4777947948845143e-05 1.6221669953720025e-12 4.8992328701350418e-14 4.8992328699495724e-14 0.00010261242378016329 1.0628315154127022e-05 -2.0792367756263485e-05 -1.3681316162662398e-10 4.0285145626292558e-10 -4.2591597999243915e-10 9.5423018290578143e-05 8.7825233144759273e-06 -1.7727166125584485e-05 -2.3608696593619452e-10 6.8947629180047885e-10 -8.2918630128014944e-10 8.7580030480883183e-05 6.3702679043840247e-06 -1.5189533026556141e-05 -2.9664737825051747e-10 8.2204966980463529e-10 -1.203600586121815e-09 7.9083460352162167e-05 3.9187265147064557e-06 -1.279611486166984e-05 -3.2016895583742859e-10 8.2158116880555875e-10 -1.5342280790096844e-09 7.1240472539477941e-05 1.8699925566042864e-06 -1.0372064780244889e-05 -3.1096559445955517e-10 7.2494296296698719e-10 -1.753784923067836e-09 6.2743902410121176e-05 4.8096005514617414e-07 -7.9751982055389709e-06 -2.7627729349442928e-10 6.2073768273749083e-10 -1.8684173269794796e-09 5.4900914598677601e-05 -2.3042902249192236e-07 -5.7737606647194454e-06 -2.2509840165929255e-10 5.5677668249338222e-10 -1.8356031504329992e-09 4.6404344472418578e-05 -4.2867763507015725e-07 -3.9043110520754477e-06 -1.6656749026187963e-10 5.7199033392013117e-10 -1.711478815025095e-09 3.8561356664971902e-05 -3.4441369033078197e-07 -2.4153563402519565e-06 -1.0900609329193704e-10 6.2141639839484661e-10 -1.4469535721563215e-09 3.0064786543994095e-05 -1.7849910095107981e-07 -1.2954929077133821e-06 -5.9560691192551999e-11 6.5999157210080143e-10 -1.1114330349843718e-09 2.2221798742749699e-05 -5.3923961725506964e-08 -5.2462109569867248e-07 -2.3711315089705315e-11 5.6447761742165233e-10 -6.7515119989607464e-10 1.3725228630211266e-05 -5.3317892931531242e-09 -9.9837415547411234e-08 -4.3331558131426378e-12 3.1165596136484112e-10 -2.6815850748843886e-10 5.8822408392383303e-06 ]
[ 1.3122982109069008e-08 5.2676647699721443e-08 0.00024293291704247796 4.8453723376322111e-06 -0.00013086211020952459 2.6728636731044273e-08 6.8127660489743637e-07 -5.4481174468354095e-06 1.1054148316296219e-09 4.0088071665750208e-10 2.3201277277040431e-09 1.062831512470516e-05 1.4536011681227594e-06 -4.8251822782570087e-06 9.7662636966064453e-10 1.0071052214747277e-10 2.3119173885061691e-09 1.0628315133794616e-05 1.9101930701338282e-06 -4.1938869728000408e-06 8.4922204898880543e-10 -8.2233695893714488e-11 2.2669775286566801e-09 1.0628315143828308e-05 2.056942741171476e-06 -3.6585940675821236e-06 7.2526162073885252e-10 -1.1674529373147243e-10 2.2168357182803634e-09 1.0628315154127022e-05 1.9466836547192383e-06 -3.2597380990672994e-06 6.0537394798328628e-10 2.3020850948392552e-12 2.1696992915968184e-09 1.0628089887998346e-05 1.6457390029086372e-06 -2.9687627800932892e-06 4.9045942807118937e-10 2.5536469234672142e-10 2.0910617947743714e-09 1.0621927122952393e-05 1.2271624839526008e-06 -2.7153333139211027e-06 3.8344009673957368e-10 5.8866584366065324e-10 1.9281114017820526e-09 1.0576887523144226e-05 7.7515715556407896e-07 -2.4295088277889343e-06 2.8870002568422747e-10 9.2304653304918045e-10 1.6730137654980081e-09 1.0452157568801747e-05 3.7586646823670906e-07 -2.0788287253798848e-06 2.1023222704127575e-10 1.1719481647424098e-09 1.3420510717244645e-09 1.0164897763947897e-05 9.1324629804685452e-08 -1.6785740339700692e-06 1.4963420230910792e-10 1.298534221210388e-09 1.0131444550679899e-09 9.7085566207297437e-06 -6.1045625022858725e-08 -1.271029565635323e-06 1.0526365876037104e-10 1.2847622550862164e-09 7.341854062063134e-10 8.9626888368625331e-06 -1.0505307868432857e-07 -8.9585920807456517e-07 7.3121727173582802e-11 1.1779547273889418e-09 5.5371313486898198e-10 8.0184395631247008e-06 -8.5066891049140595e-08 -5.7552149277808729e-07 4.8739139091188318e-11 9.779205531200244e-10 4.4580526320800743e-10 6.7092588336504403e-06 -4.4795846420429968e-08 -3.1911194533164386e-07 2.8977957064504423e-11 7.3946948269126251e-10 3.8508802769919813e-10 5.2436718108125404e-06 -1.3718536499942651e-08 -1.3288324749855648e-07 1.3095042139012666e-11 4.4951015743975117e-10 2.9477934957648879e-10 3.403241232246708e-06 -1.3437593959561139e-09 -2.5841617660415754e-08 2.7384225841856515e-12 1.8104528314553985e-10 1.5353603734720009e-10 1.5091927172284488e-06 ]
[ -4.0367555587131087e-08 5.0614389330719092e-09 -0.00047525412079611425 -2.3109126196787338e-06 0.00023851468327765245 2.8184322265069684e-09 -9.5606434758458423e-07 9.9230491325087996e-06 1.4362764682484941e-10 -1.8234371330838274e-09 1.1423343532631362e-10 -2.0792367780624935e-05 -2.3615292684644583e-06 8.7683024931171108e-06 1.9137077201411613e-10 -1.9179110045807872e-09 -7.3944989827005712e-11 -2.0792367772364083e-05 -3.189921151957306e-06 7.5844477487370302e-06 2.453887275122983e-10 -1.9964204492531102e-09 -1.7785997475827793e-10 -2.0792367764390478e-05 -3.4549975316621074e-06 6.5571440890723193e-06 2.9885762561527173e-10 -2.0807160593058355e-09 -1.5903665966822681e-10 -2.0792367756263481e-05 -3.2597380990672994e-06 5.7584535334460644e-06 3.4450882006922747e-10 -2.1711807653349196e-09 3.7840698943398478e-12 -2.0776360055427262e-05 -2.7341873652960696e-06 5.1424400397368612e-06 3.7517873057688431e-10 -2.2258825426741094e-09 3.0829921723224354e-10 -2.0592417443208295e-05 -2.01781385048819e-06 4.6001002346355119e-06 3.8488621278982567e-10 -2.1813023470712771e-09 7.0979181232274382e-10 -2.0037880429542078e-05 -1.2607100305989434e-06 4.0262782492603907e-06 3.7065015005624544e-10 -2.0204564974116683e-09 1.1273260274425153e-09 -1.9194375274523722e-05 -6.0555748869003012e-07 3.3761699159867966e-06 3.3386559888978439e-10 -1.7544434142859508e-09 1.4585094103135604e-09 -1.7943139718132288e-05 -1.4725207778600988e-07 2.6782860755245271e-06 2.800884338813649e-10 -1.4694762808345404e-09 1.6506837957920717e-09 -1.6504756976832281e-05 9.4285171530560631e-08 1.9984730109985736e-06 2.1722705762904613e-10 -1.2180426424691371e-09 1.6635222311448e-09 -1.4673941054240442e-05 1.6316590928038432e-07 1.3932800770952606e-06 1.5340283446514266e-10 -1.0599525629264964e-09 1.541444081181636e-09 -1.2755728928683625e-05 1.3210847381085406e-07 8.8944203826969395e-07 9.5682736812866086e-11 -9.4973900850334056e-10 1.2740069315353721e-09 -1.0440742053764947e-05 6.9788899020523656e-08 4.9267955504047623e-07 4.9583238055597672e-11 -8.5524168076488665e-10 9.3800856829066351e-10 -8.0770669361374993e-06 2.1576868996073327e-08 2.0607076391956333e-07 1.8559197159147867e-11 -6.5274836884272141e-10 5.3855812789085166e-10 -5.2449741862058416e-06 2.1959128368375925e-09 4.0433834677962143e-08 3.1640033003141401e-12 -3.3372093477174177e-10 1.9719875073036808e-10 -2.3500325948752246e-06 ]
[ -7.1891551495830984e-05 0.00052873549580329318 -1.365074400250062e-08 2.3245591242200916e-08 1.0911166358041127e-08 0.00027212440919458484 9.4927035863068369e-10 5.1235942128886462e-10 1.140459921467077e-05 -5.0833170480925435e-06 2.2756322886681487e-05 -5.3745715604372716e-10 8.1995178028022161e-10 5.4672731207538162e-10 1.043021745242835e-05 -8.4171895376606342e-06 2.1757308735981044e-05 -4.1008989767165077e-10 7.1633770905217588e-10 5.2366733924030311e-10 9.5003325402813007e-06 -1.0551426224150125e-05 2.0819038303387858e-05 -2.7509420650207329e-10 6.474927058293817e-10 4.5190816602151438e-10 8.600858665906357e-06 -1.1293853002202338e-05 2.0431326270387116e-05 -1.3681316162662393e-10 6.0537394798328628e-10 3.4450882006922747e-10 7.7020874692073821e-06 -1.0605064189351982e-05 2.0776356084692896e-05 1.4814737381010944e-12 5.7081825617614483e-10 2.1631054419159166e-10 6.7772928740720313e-06 -8.5389150712693233e-06 2.1518503442139742e-05 1.3561872546475761e-10 5.2437026565884115e-10 8.5758140670909233e-11 5.8235824817655025e-06 -5.3723949792046407e-06 2.198330100786858e-05 2.57674118129523e-10 4.5629072897715558e-10 -2.5798583925212382e-11 4.8634483776734026e-06 -1.6862004545672635e-06 2.1760533148786209e-05 3.5956409708089633e-10 3.7106347062009673e-10 -1.0062540325461075e-10 3.934920918583704e-06 1.6852818546725937e-06 2.052972615656295e-05 4.323398763869802e-10 2.8261710231065533e-10 -1.323576029338465e-10 3.0751218102542604e-06 4.0892491163912009e-06 1.8693056779118335e-05 4.7585475731328219e-10 2.040938967072033e-10 -1.2751351915031097e-10 2.3063466055575974e-06 5.0731498931584589e-06 1.6424086652290013e-05 4.8575282308095719e-10 1.4099116300439616e-10 -1.0003178974483563e-10 1.6348755039412118e-06 4.796225181778722e-06 1.4280591382367483e-05 4.722470822414046e-10 9.1747240570292115e-11 -6.4583516412737275e-11 1.0611199929377603e-06 3.4608703710780278e-06 1.1913703866834767e-05 4.2762564013884533e-10 5.275785930646374e-11 -3.2731514058243578e-11 5.920363483086148e-07 1.750843851901589e-06 9.4613847685603118e-06 3.641046577596725e-10 2.2909235071189709e-11 -1.1328696551677763e-11 2.4613347224046248e-07 2.4962322767842774e-07 6.2399635169397938e-06 2.5986094379609651e-10 4.5981617206350778e-12 -1.6938203405310938e-12 4.7493477773880254e-08 -3.2979072163145037e-07 2.7698394532345765e-06 1.2733588053346074e-10 ]
[ 0.0020580457575724597 -0.00072097794359498029 4.5373775850796061e-08 -2.8054588745648712e-08 -9.732602500649782e-08 -0.00027255104528842481 -8.4405283481550482e-10 -4.0746227542057268e-09 -1.1346964635526904e-05 9.2273341435035141e-05 -2.3790310229149103e-05 1.7306202097122014e-09 -2.3984113927448152e-10 -3.6330087560032133e-09 -1.0624926111548049e-05 9.4833149303935987e-05 -9.799381314820057e-06 1.2480609014619201e-09 7.7596942115315001e-11 -3.1344459251800619e-09 -1.0425209834407085e-05 9.5384553389596022e-05 -2.8765421164640418e-07 8.1146630248232906e-10 1.3246402138762365e-10 -2.6410853504010418e-09 -1.0512269078949103e-05 9.535318018125e-05 3.135107425565613e-06 4.0285145626292553e-10 2.3020850948392358e-12 -2.1711807653349196e-09 -1.0605064189351982e-05 9.4080066859935984e-05 1.4820091541900638e-16 -2.3029202222789274e-12 -2.1260683741549404e-10 -1.7237535745994842e-09 -1.0435520090846022e-05 8.7093919201550868e-05 -8.4580815523888427e-06 -3.982625371659182e-10 -4.1725947325483901e-10 -1.2972240043228374e-09 -9.8352277778789116e-06 7.6631706524423105e-05 -1.9097481447069742e-05 -7.572152036042407e-10 -5.4354260701600489e-10 -9.0013539454953576e-10 -8.7759366689049867e-06 6.4957354166241007e-05 -2.8975662789649911e-05 -1.0766656463248223e-09 -5.6561946631890304e-10 -5.6268945995686049e-10 -7.3570149411149745e-06 5.1860655158388873e-05 -3.5162385684884962e-05 -1.3202029362121498e-09 -5.0045786480839162e-10 -3.1369998536341616e-10 -5.7576292158316283e-06 4.0289445084099053e-05 -3.7221627669340848e-05 -1.4915589503445348e-09 -3.8787964519310312e-10 -1.5857994391564948e-10 -4.1698101946058342e-06 3.071768219242495e-05 -3.4757108819397279e-05 -1.5468667176061481e-09 -2.6586688675778632e-10 -7.7937099387978084e-11 -2.7485772177783327e-06 2.4425718441458483e-05 -2.9829335618586127e-05 -1.5223631196024563e-09 -1.5855663568619651e-10 -4.1670406678089216e-11 -1.5961965255564283e-06 1.9752463318466881e-05 -2.2650582478169445e-05 -1.3712547584396434e-09 -7.7599479165636906e-11 -2.4036966239877028e-11 -7.6568473297189018e-07 1.6111000010365493e-05 -1.5277069518213878e-05 -1.1497933475510421e-09 -2.6901882456443086e-11 -1.1533987626195798e-11 -2.6248413556842599e-07 1.1190290997535621e-05 -7.9162499709852242e-06 -7.9300869647597126e-10 -4.1368714805252054e-12 -2.5231839140369311e-12 -4.0478098411171351e-08 5.2823955751671528e-06 -2.5683338909400231e-06 -3.7280361911633494e-10 ]
[ 0.00072097794441249377 0.0020580457574060755 -3.9557676923562664e-08 7.8490513407069388e-08 -1.0157499363345245e-08 0.0009000745336583488 3.3399708943604727e-09 -2.2027994227297947e-10 3.7374757442676856e-05 2.3790310257908768e-05 9.2273341430080581e-05 -1.586358828622071e-09 3.0917008944202617e-09 1.1813330023305196e-10 3.3272335213686489e-05 9.7993813313539402e-06 9.4833149302137498e-05 -1.2483148784725595e-09 2.7926236053347725e-09 2.5283475315203041e-10 2.9107389577645924e-05 2.8765421919148373e-07 9.538455338917977e-05 -8.5179651451545257e-10 2.4843430933683089e-09 1.9621424615097312e-10 2.4935558642284993e-05 -3.135107423461191e-06 9.5353180181208502e-05 -4.259159799924391e-10 2.169699291596818e-09 3.7840698943398478e-12 2.0776356084692896e-05 1.4820197421019065e-16 9.4080066859936065e-05 -2.302920222281047e-12 1.8396255607115121e-09 -2.4593426011245583e-10 1.6797373221559955e-05 8.4580815543169624e-06 8.7093919201518207e-05 3.6085867518375308e-10 1.4907898806213994e-09 -4.7378551493195824e-10 1.3209392099568973e-05 1.9097481453282037e-05 7.6631706524175121e-05 6.086824646275206e-10 1.1334695567723101e-09 -6.1819092403950744e-10 1.0106481442672998e-05 2.8975662801839e-05 6.4957354165465938e-05 7.4118389770946153e-10 8.0280852675398271e-10 -6.5230007368598072e-10 7.5518198650464536e-06 3.5162385703496045e-05 5.1860655157009435e-05 7.5838875452671614e-10 5.3588045064439846e-10 -5.8972095563971711e-10 5.5430784915531764e-06 3.7221627694197395e-05 4.0289445082662857e-05 7.0115469243678879e-10 3.4758529389327268e-10 -4.6899974855065369e-10 4.0011279830603351e-06 3.4757108849027542e-05 3.0717682192285556e-05 5.881032745845815e-10 2.2642009728890534e-10 -3.3029357348176919e-10 2.8048273468174797e-06 2.9829335651433621e-05 2.4425718444392913e-05 4.6823426831494928e-10 1.4749572184549557e-10 -2.022515697670681e-10 1.8438001909402863e-06 2.2650582510701209e-05 1.9752463325752676e-05 3.4852012052671777e-10 8.8778279245989321e-11 -1.0158954750280632e-10 1.0592177511733873e-06 1.5277069547218316e-05 1.6111000021909187e-05 2.5410447918413194e-10 4.105110178043016e-11 -3.6261821456265702e-11 4.5706560685737691e-07 7.9162499913969631e-06 1.1190291009974884e-05 1.6479840397189904e-10 8.7243685160286518e-12 -5.7908301384218839e-12 9.1371422599239666e-08 2.5683339003664842e-06 5.2823955831422865e-06 7.903323941488147e-11 ]
[ -2.9817869813717663e-08 5.2311633897940949e-08 0.0021810975601410021 -4.0123830314303073e-05 -0.0009397148649408026 2.2010981453902217e-08 1.6066647249082384e-06 -3.8982635562341268e-05 8.2934724156912796e-10 -1.2754688661808735e-09 1.9704112229334001e-09 9.5423018263484784e-05 7.1101202192132004e-06 -3.4166959420512496e-05 5.7640669848526744e-10 -1.1106609066085583e-09 1.3716933081047995e-09 9.5423018276045863e-05 1.0322303300425313e-05 -2.9133356614966453e-05 3.5064653083254485e-10 -8.0879423578926038e-10 8.5432878449092746e-10 9.542301828512527e-05 1.1337109858129253e-05 -2.457611772272145e-05 1.5785496900506319e-10 -4.1894143339804386e-10 4.1014049721362354e-10 9.5423018290578143e-05 1.0628089887998346e-05 -2.0776360055427262e-05 1.4814737381011267e-12 -2.3029202222790566e-12 -2.3029202222809501e-12 9.4115853658240209e-05 8.7825233237806385e-06 -1.7727166119652927e-05 -1.1634047778677157e-10 3.5489007853701647e-10 -4.0350278187946455e-10 8.7580030485876381e-05 6.3702679129575312e-06 -1.5189533023418897e-05 -1.9551454201415482e-10 5.7978331187535752e-10 -7.7921389809009833e-10 7.9083460359635966e-05 3.9187265221749552e-06 -1.2796114860830568e-05 -2.3744303474772996e-10 6.7341332475578183e-10 -1.1198143398792961e-09 7.1240472548760297e-05 1.869992562649132e-06 -1.0372064780954689e-05 -2.4573239454354701e-10 6.6044600335413694e-10 -1.3714900919230768e-09 6.2743902420359121e-05 4.809600596919988e-07 -7.9751982069876937e-06 -2.2686691922522867e-10 6.1492896559633695e-10 -1.5290679683114099e-09 5.4900914609242162e-05 -2.3042901928322608e-07 -5.7737606662494139e-06 -1.8937372963093802e-10 5.8087460585439984e-10 -1.5496006038294509e-09 4.6404344482551471e-05 -4.2867763292887908e-07 -3.9043110532941163e-06 -1.4227032181150395e-10 6.0095386512470888e-10 -1.4746874714402146e-09 3.8561356674313747e-05 -3.4441368899972931e-07 -2.4153563410245505e-06 -9.3934583618238766e-11 6.3825670509094885e-10 -1.2617591572419767e-09 3.0064786551991767e-05 -1.7849910022563092e-07 -1.2954929080897434e-06 -5.1549400582907749e-11 6.594256694336189e-10 -9.7405378180400838e-10 2.222179874922801e-05 -5.39239614279106e-08 -5.2462109582157124e-07 -2.0544762795254284e-11 5.5203233460771731e-10 -5.9125409882173195e-10 1.3725228634601928e-05 -5.3317892365472474e-09 -9.9837415564431832e-08 -3.751423976764779e-12 3.0055497186690117e-10 -2.3355144415027687e-10 5.8822408412984982e-06 ]
[ 6.5566660827963777e-09 4.6128253401516996e-08 0.00020074338931654788 4.4987988373761537e-06 -0.00010929093111659482 2.4004730116905657e-08 5.8877761891539295e-07 -4.5504324555912741e-06 9.9494147827686952e-10 1.3498329625696789e-10 2.014560555647741e-09 8.7825232866252994e-06 1.2339168556411245e-06 -4.031321286169295e-06 8.8461423713799145e-10 -1.2546357031982812e-10 1.9775178717360638e-09 8.7825232953824139e-06 1.6154704409583699e-06 -3.5061923402562979e-06 7.7656913127254064e-10 -2.8239631218870747e-10 1.9192466689456311e-09 8.78252330484417e-06 1.7381768070240038e-06 -3.06251638144095e-06 6.7201011129494134e-10 -3.1247012255821034e-10 1.8700979785271426e-09 8.7825233144759273e-06 1.6457390029086374e-06 -2.7341873652960696e-06 5.7081825617614483e-10 -2.1260683741549402e-10 1.8396255607115121e-09 8.7825233237806402e-06 1.3929488140653436e-06 -2.4971112121886768e-06 4.7283641402420507e-10 3.9655296784062124e-12 1.8088628359634506e-09 8.782243118225284e-06 1.0402610379117465e-06 -2.2913963247742889e-06 3.7938208744103591e-10 3.0168785056853717e-10 1.7269406826806107e-09 8.770085218370513e-06 6.5818058839982909e-07 -2.0568917144299598e-06 2.9394131753099487e-10 6.1633624314042052e-10 1.5595154949779398e-09 8.7081013732031485e-06 3.1962880807478335e-07 -1.7652360777753549e-06 2.2043184895917221e-10 8.7039244296563196e-10 1.3122489958025299e-09 8.522536887193319e-06 7.771741452997536e-08 -1.4289975022435258e-06 1.6105087204314302e-10 1.0195638585104156e-09 1.0462949694038624e-09 8.1887216341610341e-06 -5.2119742879335472e-08 -1.0842478816317473e-06 1.1527120735869298e-10 1.0410068874063846e-09 8.0425631572073715e-10 7.6035042798077934e-06 -8.9686461637999474e-08 -7.6527735497127258e-07 8.0378174368128115e-11 9.681531039176262e-10 6.3433255866187039e-10 6.8311583604430334e-06 -7.2618271838463594e-08 -4.9194307303945731e-07 5.3039646607955747e-11 8.0430034145894453e-10 5.1567142356698225e-10 5.7328255523952509e-06 -3.8211495736749111e-08 -2.7270525787365467e-07 3.0919796446584654e-11 6.0044407654207105e-10 4.326143162925727e-10 4.4853423310134513e-06 -1.168026642081488e-08 -1.1343164007402376e-07 1.3649496754133318e-11 3.5578508295057803e-10 3.1668749900063078e-10 2.9090017131861077e-06 -1.1361946818766546e-09 -2.2018186017694967e-08 2.7945955834255265e-12 1.3791889278494349e-10 1.5815605008872069e-10 1.2871401038790576e-06 ]
[ -3.3519939126101807e-08 -2.0352332299148115e-09 -0.00040519236901471415 -4.302352884617821e-06 0.00020981136368038048 -7.0578420770099216e-10 -9.4052151330756205e-07 8.7327913087250228e-06 -6.6805254391675216e-12 -1.4921277522748604e-09 -1.7580507329248437e-10 -1.7727166141529318e-05 -2.1780426588993445e-06 7.726705963287371e-06 4.7502032817795028e-11 -1.532665593522314e-09 -3.2402963174085317e-10 -1.7727166136021276e-05 -2.9086328862684769e-06 6.6998068918625492e-06 1.0654349946313487e-10 -1.5740073256149641e-09 -4.0121682413527025e-10 -1.7727166130848815e-05 -3.1429261707532536e-06 5.8170651726329056e-06 1.6476348936765182e-10 -1.6369766688719663e-09 -3.8046272850417994e-10 -1.7727166125584482e-05 -2.9687627800932892e-06 5.1424400397368612e-06 2.1631054419159168e-10 -1.7237535745994842e-09 -2.4593426011245577e-10 -1.772716611965293e-05 -2.4971112121886768e-06 4.6315468120647883e-06 2.5538078904832587e-10 -1.8102237878288661e-09 5.3268474995003912e-12 -1.7714591749342232e-05 -1.8489398015706644e-06 4.1779784999410355e-06 2.7668320983429809e-10 -1.8392845469932203e-09 3.5031583472904907e-10 -1.7513350125432339e-05 -1.1586997938319333e-06 3.6837328711747259e-06 2.7688495530829686e-10 -1.7681311217971107e-09 7.27254302270396e-10 -1.7004364751404429e-05 -5.5744009149456518e-07 3.1086114030433056e-06 2.5627054542695272e-10 -1.5956305508794553e-09 1.0490102039180894e-09 -1.6102457462544038e-05 -1.3439927850344244e-07 2.4799428898254156e-06 2.1899349059862887e-10 -1.3854546530244809e-09 1.2577090806567554e-09 -1.4969370287568716e-05 8.9689548472678047e-08 1.8600107885863024e-06 1.7173903232877061e-10 -1.1822827793921897e-09 1.3116232880480817e-09 -1.3446188186705861e-05 1.5385028813395162e-07 1.3029775582317266e-06 1.2181711825102264e-10 -1.0423404478572414e-09 1.2378753722258284e-09 -1.1788194187690638e-05 1.2468341823322942e-07 8.3551169587385991e-07 7.5820822220202057e-11 -9.2984911688326282e-10 1.0301103108222909e-09 -9.7284300315723013e-06 6.6002872406566574e-08 4.646887759079278e-07 3.893518481831687e-11 -8.2395661514841371e-10 7.5468729621808916e-10 -7.5764535163285545e-06 2.0448659734440428e-08 1.9505787378400503e-07 1.4327618452338584e-11 -6.1761346619523093e-10 4.2586318835721704e-10 -4.9504736220783358e-06 2.0827948106191576e-09 3.8385628415105652e-08 2.3835713047416429e-12 -3.1089826709251198e-10 1.5066254106556669e-10 -2.2282232510110689e-06 ]
[ -9.8398199213175933e-05 0.00044124951455229682 -1.4606031575182752e-08 1.980075514158268e-08 1.2581429402741664e-08 0.00023311487427040862 7.9802529424385085e-10 5.7318729095377894e-10 9.7828759264541639e-06 -5.9142949762876065e-06 1.8849150670443592e-05 -5.8575016247017912e-10 6.7170412636623099e-10 5.8708785411361925e-10 8.9816032503232272e-06 -8.6576205378401493e-06 1.7768005879217818e-05 -4.7340557927625158e-10 5.7613590936521014e-10 5.5221852751495976e-10 8.226509770768416e-06 -1.0392505108989208e-05 1.6823690848795513e-05 -3.5579916172684973e-10 5.1857793816370661e-10 4.7785883117058837e-10 7.5016016744340885e-06 -1.0991638314929249e-05 1.6443427768347581e-05 -2.3608696593619452e-10 4.9045942807118937e-10 3.7517873057688431e-10 6.7772928740720313e-06 -1.0435520090846025e-05 1.6797373221559952e-05 -1.1634047778677161e-10 4.7283641402420507e-10 2.5538078904832587e-10 6.0238219367091375e-06 -8.7425634620027916e-06 1.7714586415328009e-05 1.3609518654137748e-12 4.4565886576926117e-10 1.3265871598294518e-10 5.2278691472992893e-06 -6.0599099616969864e-06 1.8599978206310796e-05 1.1284666272669703e-10 3.9769771778413675e-10 2.4925845207500554e-11 4.4052768326769231e-06 -2.8274589856451657e-06 1.8868183900549241e-05 2.1093125334587555e-10 3.310346609655254e-10 -5.1616704754841118e-11 3.5910347475086288e-06 2.4877998751407032e-07 1.8197529134434462e-05 2.8740120245251357e-10 2.5731663855915169e-10 -8.988731235945326e-11 2.8220236815576353e-06 2.5406841620929814e-06 1.6862281135832613e-05 3.3967678851772014e-10 1.8879982122615149e-10 -9.4295562263620752e-11 2.1236278435333099e-06 3.6139155400903791e-06 1.5016059777484628e-05 3.6382940142621151e-10 1.3167260405929554e-10 -7.6598269023622406e-11 1.5071216777608083e-06 3.5401733226437201e-06 1.3156782378103937e-05 3.6642308778842233e-10 8.5876095949965835e-11 -4.9952966092911149e-11 9.7754166674612476e-07 2.5094054922953058e-06 1.1007722119866109e-05 3.4133255473610876e-10 4.9193771422893393e-11 -2.5075650545935749e-11 5.4431197952149178e-07 1.1144449993575876e-06 8.7285403995732313e-06 2.9741358629665504e-10 2.1207287014925984e-11 -8.4008106309260495e-12 2.2566969746764757e-07 -7.471031691574387e-08 5.7361018422398413e-06 2.1634803647833046e-10 4.2235026638948323e-12 -1.1781259981796833e-12 4.3425527822443435e-08 -4.3185804339579758e-07 2.5342253590002338e-06 1.0759964705002841e-10 ]
[ 0.0019432811611198655 -0.00047490403904311066 4.6122539096102086e-08 -1.9379898873154215e-08 -9.744491608991167e-08 -0.00018480133069887319 -4.7976987752713216e-10 -4.0677014343091907e-09 -7.7366187590649477e-06 8.6367376303017712e-05 -1.3499831462884592e-05 1.7983683644466998e-09 9.4292048909657742e-11 -3.6133004776013677e-09 -7.4428942683747522e-06 8.7457990791160704e-05 -4.9771312878785647e-07 1.3878990840015093e-09 3.8409201316510614e-10 -3.1222644264198664e-09 -7.6316329197198624e-06 8.7113969005253917e-05 8.2358458177368963e-06 1.0246065606846522e-09 4.1363630401538568e-10 -2.6556218708798383e-09 -8.0828178245067868e-06 8.6780366616679526e-05 1.135811240499725e-05 6.8947629180047885e-10 2.5536469234672137e-10 -2.2258825426741094e-09 -8.5389150712693233e-06 8.7093919201550868e-05 8.4580815543169624e-06 3.5489007853701647e-10 3.9655296784062124e-12 -1.8102237878288661e-09 -8.7425634620027916e-06 8.6157173860419925e-05 1.3614137828432262e-16 -3.9685929372438707e-12 -2.4345781515876557e-10 -1.3990181718523441e-09 -8.494808275626829e-06 7.8091940361109437e-05 -1.1520884715017358e-05 -3.6900912446750112e-10 -4.1400703477704838e-10 -1.0082744066970931e-09 -7.7438065431337041e-06 6.7442684525324576e-05 -2.2486077644119796e-05 -7.0606883191662926e-10 -4.7664243380619837e-10 -6.6597340546397232e-10 -6.5815779097647454e-06 5.5018421967822874e-05 -2.9917985213227611e-05 -9.8154749511678704e-10 -4.435704945896805e-10 -4.0234253192697046e-10 -5.1865741763648696e-06 4.3708950758781426e-05 -3.309528678568541e-05 -1.1898020134208514e-09 -3.5287634582832805e-10 -2.2721794435928127e-10 -3.7575362366535873e-06 3.3947076110615008e-05 -3.1577546660939354e-05 -1.2907486265089113e-09 -2.4414030139516975e-10 -1.2578802097724212e-10 -2.4604868770725506e-06 2.7207441039148476e-05 -2.7289526478605692e-05 -1.310283989007986e-09 -1.4474800539622305e-10 -7.1104237502810604e-11 -1.4079229561663174e-06 2.1858398224088955e-05 -2.0604440461349324e-05 -1.2065497876666505e-09 -6.9263470101461872e-11 -3.9142998204037771e-11 -6.5832166874652682e-07 1.751672149139507e-05 -1.3624957075336011e-05 -1.0276796764784433e-09 -2.2976990773803137e-11 -1.7165969434475699e-11 -2.1651274294392528e-07 1.1903763462543278e-05 -6.7829035126698912e-06 -7.1638398353368891e-10 -3.285872343023224e-12 -3.484960893174912e-12 -3.1351080300862152e-08 5.5051882364866708e-06 -2.0394797974504864e-06 -3.3897122371934377e-10 ]
[ 0.00047490404013410687 0.0019432811607725986 -4.9403692311726453e-08 7.7382634208978097e-08 3.5923361310952442e-09 0.0008830060324791153 3.2535116388019171e-09 3.4429718856369551e-10 3.6750846424388307e-05 1.34998315031444e-05 8.6367376291945948e-05 -2.0069981644269286e-09 2.9532061827810225e-09 6.0696490408691696e-10 3.2940906984668068e-05 4.9771315526020565e-07 8.7457990786221133e-05 -1.6553614866300081e-09 2.6419083378761469e-09 6.7117476257155302e-10 2.9120419567608377e-05 -8.2358458025653249e-06 8.7113969003598828e-05 -1.2544316134966836e-09 2.3569549855114152e-09 5.5429258182541191e-10 2.5319196558868922e-05 -1.1358112398085638e-05 8.6780366616324842e-05 -8.2918630128014913e-10 2.0910617947743714e-09 3.0829921723224354e-10 2.1518503442139745e-05 -8.4580815523888427e-06 8.7093919201518207e-05 -4.0350278187946455e-10 1.8088628359634506e-09 5.3268474995003654e-12 1.7714586415328009e-05 1.3614328410845394e-16 8.6157173860419952e-05 -3.9685929372462359e-12 1.4942193088632281e-09 -2.7453915662493363e-10 1.4099463879203565e-05 1.1520884716752124e-05 7.8091940361089379e-05 3.1387313810220795e-10 1.1624276434805311e-09 -4.679863955980728e-10 1.0909523371039322e-05 2.2486077649690813e-05 6.7442684525201058e-05 5.1308970735308934e-10 8.4512717534321201e-10 -5.4604012106797374e-10 8.2298638020928428e-06 2.9917985223901873e-05 5.5018421967573643e-05 5.9323034468238055e-10 5.7966478571360826e-10 -5.1915851198746704e-10 6.0756480291418428e-06 3.3095286801908063e-05 4.3708950758745464e-05 5.8926092799556146e-10 3.8466419732795789e-10 -4.2437944498089998e-10 4.386897266881405e-06 3.1577546681927936e-05 3.3947076111687942e-05 5.2146649110401515e-10 2.5314870891293577e-10 -3.0290970332773416e-10 3.0582311393667578e-06 2.7289526503190484e-05 2.7207441042632488e-05 4.3608339887404098e-10 1.6378069606797526e-10 -1.8596027679151757e-10 1.9898306832579182e-06 2.0604440486659505e-05 2.1858398230933513e-05 3.4152331574259618e-10 9.6707031286908507e-11 -9.2723264485586208e-11 1.1283487437063428e-06 1.362495709856926e-05 1.7516721501544703e-05 2.6224456437080215e-10 4.3709017612359828e-11 -3.2521380665307548e-11 4.8027037908731258e-07 6.7829035294197136e-06 1.1903763473236215e-05 1.7786690458061999e-10 9.1067311344951487e-12 -5.0528243908475922e-12 9.4840049685659896e-08 2.039479805357345e-06 5.5051882432944279e-06 8.7803724640422747e-11 ]
[ -3.3211126715023781e-08 5.8912256676129009e-08 0.0020018292671471183 -2.9700220444178384e-05 -0.00090215408457689514 2.6076883445199225e-08 1.9314322259749457e-06 -3.7479812657330228e-05 1.0034868982888669e-09 -1.4653569798579195e-09 2.2614829717414519e-09 8.7580030446018196e-05 7.2309669028691391e-06 -3.2973826527434721e-05 7.4276813710874102e-10 -1.3784044432156517e-09 1.6632747167435452e-09 8.7580030460859988e-05 1.0337203763512893e-05 -2.8276266497770159e-05 5.0841780663960291e-10 -1.1400978660617493e-09 1.1507695298781506e-09 8.7580030472538025e-05 1.1323391099081475e-05 -2.4061945458134806e-05 3.0528133613263898e-10 -7.952705402951486e-10 7.2865625823278294e-10 8.7580030480883183e-05 1.0621927122952393e-05 -2.0592417443208295e-05 1.3561872546475755e-10 -3.982625371659182e-10 3.6085867518375298e-10 8.7580030485876422e-05 8.782243118225284e-06 -1.7714591749342232e-05 1.3609518654137555e-12 -3.9685929372439095e-12 -3.9685929372462747e-12 8.6272865853386145e-05 6.3702679209641186e-06 -1.5189533019191753e-05 -9.5502426194290817e-11 3.1009803392147382e-10 -3.7210812555405167e-10 7.9083460364118776e-05 3.918726529312054e-06 -1.2796114859062956e-05 -1.5521932639193344e-10 4.9821504023666154e-10 -7.1641763977772832e-10 7.1240472555403027e-05 1.8699925685451974e-06 -1.0372064780914609e-05 -1.8064745452481884e-10 5.7080466376473917e-10 -9.9457526997982167e-10 6.2743902428346736e-05 4.8096006420276762e-07 -7.9751982078674865e-06 -1.7746383955798727e-10 5.8665160532423066e-10 -1.1910856176442341e-09 5.4900914617922054e-05 -2.304290160585491e-07 -5.7737606673744955e-06 -1.5365040021876066e-10 5.8595211833890393e-10 -1.2628290442540672e-09 4.6404344491173907e-05 -4.2867763076278438e-07 -3.9043110542434192e-06 -1.1802364610746275e-10 6.1414366212089975e-10 -1.2366622939407143e-09 3.8561356682473812e-05 -3.4441368765417364e-07 -2.4153563416329785e-06 -7.8956077125391593e-11 6.427772014067822e-10 -1.0759848712150247e-09 3.0064786559125282e-05 -1.7849909949761971e-07 -1.2954929083796148e-06 -4.3634499532895013e-11 6.4975858811247058e-10 -8.3710961837971529e-10 2.2221798755107334e-05 -5.3923961132774245e-08 -5.2462109591037926e-07 -1.7439090323455852e-11 5.3406400708446316e-10 -5.0842443698870773e-10 1.3725228638643823e-05 -5.3317891811474429e-09 -9.9837415575200453e-08 -3.1852686671092195e-12 2.8719302909318456e-10 -1.9978009497771753e-10 5.882240843216058e-06 ]
[ 2.6027109971653798e-10 3.8820035725716489e-08 0.00014560612285165038 3.7237127678167395e-06 -8.02719282626847e-05 2.0744215600191353e-08 4.5080673928728067e-07 -3.3424015755808159e-06 8.6245638925569346e-10 -1.1763741092009102e-10 1.6780771161464853e-09 6.3702678786185928e-06 9.2472132547853558e-07 -2.9618919139246811e-06 7.7342534547768019e-10 -3.3653865527871102e-10 1.6168102191582518e-09 6.3702678868555655e-06 1.2051188032505157e-06 -2.5778604517479891e-06 6.8738288001798122e-10 -4.6747667288837457e-10 1.5492098668133069e-09 6.3702678955726696e-06 1.2953524375397985e-06 -2.2548346488838911e-06 6.0464794051392856e-10 -4.9481307731381041e-10 1.5040675901645831e-09 6.3702679043840247e-06 1.2271624839526008e-06 -2.01781385048819e-06 5.2437026565884115e-10 -4.1725947325483911e-10 1.4907898806213994e-09 6.3702679129575312e-06 1.0402610379117463e-06 -1.8489398015706642e-06 4.4565886576926117e-10 -2.4345781515876563e-10 1.4942193088632281e-09 6.3702679209641186e-06 7.7859041121018296e-07 -1.7036086783489509e-06 3.6866964840196432e-10 4.6860151269872722e-12 1.4814567683687856e-09 6.369705340654574e-06 4.9387224768961437e-07 -1.5361205089989731e-06 2.9527110216753042e-10 2.8461752738432675e-10 1.4097739777879269e-09 6.3560897534374972e-06 2.404936365783566e-07 -1.3239305177604304e-06 2.2879055544576645e-10 5.3282111836520268e-10 1.2589167221122316e-09 6.2754840816359782e-06 5.8736556191776692e-08 -1.075646934715574e-06 1.7194278437341436e-10 6.9902997359959584e-10 1.068448533961497e-09 6.0846655006683481e-06 -3.9130913672662828e-08 -8.1835217755877729e-07 1.2539819627716389e-10 7.5471079099640716e-10 8.7349086256826765e-10 5.7004498208931348e-06 -6.7520484801781649e-08 -5.7845131462122291e-07 8.7918838928121908e-11 7.1756766983619218e-10 7.198205268866759e-10 5.1533965668849649e-06 -5.4644693645792493e-08 -3.7181906596164953e-07 5.753807218617729e-11 5.940715017950311e-10 5.9185493913264029e-10 4.3409314457483551e-06 -2.8686084047351143e-08 -2.0573703497365011e-07 3.2919288802830603e-11 4.3048210715618142e-10 4.8463277264369648e-10 3.3969008091861367e-06 -8.7261000124383152e-09 -8.5265269905824325e-08 1.4186255050879493e-11 2.4029658107648163e-10 3.400267803672947e-10 2.1952570166526426e-06 -8.3534233715901946e-10 -1.6466765495016615e-08 2.837678052914542e-12 8.4479748886186623e-11 1.6237199443878352e-10 9.6509255130525846e-07 ]
[ -2.6827805500234244e-08 -8.7775235180836865e-09 -0.00034718932653923903 -5.9254895946465907e-06 0.00018525394325930221 -4.2731366331701636e-09 -9.2360721092632819e-07 7.7129009565971201e-06 -1.5885311583821757e-10 -1.1700919461553541e-09 -4.4989754119593144e-10 -1.5189533034515061e-05 -2.0169978369893109e-06 6.8308596054425764e-06 -9.8200098315123695e-11 -1.1614271240903295e-09 -5.5757427290638662e-10 -1.5189533031637569e-05 -2.6633138083643606e-06 5.9349650267720145e-06 -3.4160399420467776e-11 -1.1695877647170029e-09 -6.0729331296911387e-10 -1.5189533029122122e-05 -2.8709628890107739e-06 5.1723646486857345e-06 2.8662827124177728e-11 -1.2141659620420448e-09 -5.8296836249885487e-10 -1.5189533026556141e-05 -2.7153333139211027e-06 4.6001002346355119e-06 8.5758140670909233e-11 -1.2972240043228376e-09 -4.7378551493195824e-10 -1.5189533023418897e-05 -2.2913963247742889e-06 4.1779784999410355e-06 1.3265871598294516e-10 -1.3990181718523441e-09 -2.7453915662493368e-10 -1.5189533019191753e-05 -1.7036086783489509e-06 3.8063325903399102e-06 1.6504328209439136e-10 -1.4826768911780409e-09 5.9063202159564731e-12 -1.5173539215054316e-05 -1.0717434628523868e-06 3.3873332814596078e-06 1.7955288761577282e-10 -1.5000669687492193e-09 3.3178188428112063e-10 -1.4990217133186704e-05 -5.1671065047499114e-07 2.8813907412257095e-06 1.7534823702597262e-10 -1.4243595699234109e-09 6.3540268372183428e-10 -1.4441291200938237e-05 -1.2336480519364327e-07 2.3147632539872316e-06 1.5505250908356976e-10 -1.2936559956412708e-09 8.5558935577726136e-10 -1.3613529458118549e-05 8.6306180588599433e-08 1.7470085010514532e-06 1.239957658543424e-10 -1.1435155146795438e-09 9.4819763147776921e-10 -1.23915662420573e-05 1.4663323971591842e-07 1.2307733617219001e-06 8.8577260793548678e-11 -1.0249459539412164e-09 9.2256358188900289e-10 -1.0980311066151278e-05 1.189553824109473e-07 7.9323368318227745e-07 5.4857714159581658e-11 -9.1176172559116385e-10 7.7540984242907876e-10 -9.1523296237160952e-06 6.3103194206260472e-08 4.4312672601175841e-07 2.7657560794187258e-11 -7.9443940724603632e-10 5.622439174826856e-10 -7.1827621617074169e-06 1.9586995924300014e-08 1.8668902776491462e-07 9.8274153271568507e-12 -5.833616478705738e-10 3.0673436442988669e-10 -4.7246365184140095e-06 1.9941478098490769e-09 3.6842140021222568e-08 1.5501077320512624e-12 -2.8816125840125788e-10 1.0110184970459965e-10 -2.1361726521147047e-06 ]
[ -0.00011252795503673321 0.00035929170616859568 -1.464034357156017e-08 1.6426033693202587e-08 1.3332696117468079e-08 0.00019512240662028304 6.5261190927701717e-10 5.9616360916351825e-10 8.1997041026785991e-06 -6.2267859668604978e-06 1.5228400915104572e-05 -5.942843615282466e-10 5.3332202199514359e-10 5.945187462369228e-10 7.5572896627200589e-06 -8.4277258748708975e-06 1.4139269635622989e-05 -4.976997247771696e-10 4.4728167255125752e-10 5.5250407014043473e-10 6.9601098034539281e-06 -9.8013725624296084e-06 1.323424153316608e-05 -3.9776253818529237e-10 4.0017016969820347e-10 4.7950125898080551e-10 6.3915645193381826e-06 -1.027196576499381e-05 1.2876758802079698e-05 -2.9664737825051731e-10 3.8344009673957368e-10 3.8488621278982567e-10 5.8235824817655025e-06 -9.8352277778789116e-06 1.3209392099568971e-05 -1.9551454201415487e-10 3.7938208744103591e-10 2.7668320983429809e-10 5.2278691472992893e-06 -8.494808275626829e-06 1.4099463879203565e-05 -9.5502426194290817e-11 3.6866964840196432e-10 1.6504328209439136e-10 4.5873298292205816e-06 -6.322796644236118e-06 1.5173535711485831e-05 1.2201228092549069e-12 3.3874392886258674e-10 6.4302013326433638e-11 3.9059858849257693e-06 -3.6001265189997753e-06 1.5859621672556822e-05 9.0472468127955227e-11 2.8934215014362111e-10 -1.1014378552727399e-11 3.21210768071698e-06 -8.8600099939753892e-07 1.5707615441703294e-05 1.655000132901961e-10 2.2987331632704406e-10 -5.3304406580118834e-11 2.5412752511043827e-06 1.2326502634263593e-06 1.4855510537504538e-05 2.2195896535994143e-10 1.7151220376897062e-10 -6.5005096435005369e-11 1.9208758523678458e-06 2.3420159840242219e-06 1.3439417646108738e-05 2.5603546686198556e-10 1.208486883678089e-10 -5.5678385712486987e-11 1.36626635936931e-06 2.4344405829024268e-06 1.1887065121257485e-05 2.7111421041888534e-10 7.9071073460838537e-11 -3.6847198710846001e-11 8.8648787284598438e-07 1.6785890265156285e-06 9.9916923910090984e-06 2.6231194207806413e-10 4.5177562103891152e-11 -1.82468723749475e-11 4.931098458167256e-07 5.7447318663963576e-07 7.9231983075825779e-06 2.3544068423845769e-10 1.9358680388370395e-11 -5.8167553055018207e-12 2.0407186468775493e-07 -3.3373603767700759e-07 5.1964323961673671e-06 1.7538248634621491e-10 3.8292137821769677e-12 -7.2941700054521342e-13 3.9195620667602365e-08 -5.0381996494969784e-07 2.2880162554679626e-06 8.8819779845618758e-11 ]
[ 0.0017978237703469512 -0.0001663384907380699 4.1859285052694687e-08 -7.201157152390623e-09 -9.3914458090227164e-08 -6.1678760596962584e-05 2.1676786340268282e-11 -3.9002983907549441e-09 -2.6367074131572493e-06 7.8894170758606156e-05 -6.0175367165034414e-07 1.655863186614369e-09 5.3723779969220146e-10 -3.4374358588138526e-09 -2.8795903189911037e-06 7.8144051659656305e-05 1.1150468344719472e-05 1.3360354581962329e-09 7.8028329665547793e-10 -2.9667379266456144e-09 -3.5545903005958807e-06 7.6679069024226861e-05 1.8901738756076628e-05 1.0648598286491411e-09 7.7573338673582575e-10 -2.5459351026475223e-09 -4.4613350202398581e-06 7.5967309124953431e-05 2.1644912754105311e-05 8.2204966980463519e-10 5.8866584366065324e-10 -2.1813023470712771e-09 -5.3723949792046407e-06 7.663170652442316e-05 1.9097481453282037e-05 5.7978331187535762e-10 3.0168785056853717e-10 -1.8392845469932203e-09 -6.0599099616969864e-06 7.8091940361109451e-05 1.1520884716752124e-05 3.1009803392147387e-10 4.6860151269872835e-12 -1.4826768911780409e-09 -6.322796644236118e-06 7.7595934973216353e-05 1.2204583231946449e-16 -4.6916399433266271e-12 -2.2242658032020388e-10 -1.1169120142189506e-09 -6.049022430929469e-06 6.9984453374533228e-05 -1.2298510982098502e-05 -3.3725912198718561e-10 -3.3927238215259233e-10 -7.8030497203713295e-10 -5.2946365963631563e-06 5.8796281588469783e-05 -2.1475135002835137e-05 -6.3180933272220283e-10 -3.5122833972563803e-10 -5.0612754011630913e-10 -4.2327584666883433e-06 4.8083685750809321e-05 -2.628153205004642e-05 -8.6967108075653692e-10 -2.9313092310091965e-10 -3.1023111541175306e-10 -3.0686938001164906e-06 3.8209678920844544e-05 -2.6218559300703728e-05 -1.0134639120204567e-09 -2.0579483483496165e-10 -1.8458750829145992e-10 -1.9820889439934564e-06 3.0915506906661961e-05 -2.2971877948574257e-05 -1.0767476157210222e-09 -1.2035861218496452e-10 -1.0734567422354665e-10 -1.0988559824467885e-06 2.4643091753085138e-05 -1.7150707852434806e-05 -1.022135803258639e-09 -5.4947663200426376e-11 -5.7536483519132195e-11 -4.8466050227756896e-07 1.9323200681102562e-05 -1.0890162206531305e-05 -8.8837845286868274e-10 -1.6494527367086414e-11 -2.3859234435063753e-11 -1.4332220019980343e-07 1.2766767146516306e-05 -4.9526771570543796e-06 -6.2707350985587723e-10 -1.9287513352289807e-12 -4.5889300938343669e-12 -1.7028074758092333e-08 5.7427053591709505e-06 -1.2055655668705019e-06 -2.9862639738086434e-10 ]
[ 0.00016633849205327836 0.0017978237697535875 -5.8721264900744661e-08 7.4686342697681009e-08 2.0921954988934864e-08 0.00085030308837720937 3.0867264216359502e-09 1.0551778505691466e-09 3.5475600782769069e-05 6.0175372200260087e-07 7.8894170738827516e-05 -2.4021035016374736e-09 2.7189623463676384e-09 1.2219729001526667e-09 3.2035338992680173e-05 -1.1150468308372706e-05 7.814405164962978e-05 -2.0337618373315246e-09 2.3902385342776418e-09 1.1996388364978124e-09 2.8649623374938067e-05 -1.8901738732251404e-05 7.6679069020096728e-05 -1.6276681934841121e-09 2.1325264768434576e-09 1.012907846277233e-09 2.5315900032617673e-05 -2.1644912740476649e-05 7.5967309123679521e-05 -1.203600586121815e-09 1.9281114017820526e-09 7.0979181232274382e-10 2.1983301007868583e-05 -1.9097481447069742e-05 7.6631706524175135e-05 -7.7921389809009833e-10 1.7269406826806107e-09 3.5031583472904907e-10 1.85999782063108e-05 -1.1520884715017358e-05 7.8091940361089379e-05 -3.7210812555405146e-10 1.4814567683687856e-09 5.9063202159564989e-12 1.5173535711485831e-05 1.2204514410519485e-16 7.7595934973216191e-05 -4.6916399433285787e-12 1.1916815561057469e-09 -2.5393445973628788e-10 1.1925363493688337e-05 1.2298510983657762e-05 6.9984453374526614e-05 2.7581168633146198e-10 8.9686913431510179e-10 -3.9291449093820912e-10 9.1051316430698294e-06 2.1475135007726864e-05 5.8796281588466673e-05 4.3560409041654954e-10 6.3610454578862064e-10 -4.1644393127989966e-10 6.7700730705470449e-06 2.6281532059376769e-05 4.8083685751003359e-05 4.9927002366351682e-10 4.3332269989995736e-10 -3.5889767083274571e-10 4.8901581537872116e-06 2.6218559314438872e-05 3.8209678921804477e-05 4.8711474815969576e-10 2.8822922292015362e-10 -2.6255055882170593e-10 3.3856557938638136e-06 2.2971877966063766e-05 3.0915506909323082e-05 4.4250648559720167e-10 1.8484826311183438e-10 -1.6199740023568064e-10 2.174451072419004e-06 1.7150707871543866e-05 2.46430917582193e-05 3.7375126706166964e-10 1.0664338652217994e-10 -7.9802567579746464e-11 1.2124162618946849e-06 1.0890162224915673e-05 1.9323200688791494e-05 3.0596214213376716e-10 4.6847684317232501e-11 -2.7152797588510119e-11 5.0667362918342965e-07 4.9526771708639558e-06 1.2766767154744535e-05 2.1670938293525935e-10 9.5117991863812655e-12 -4.0119906097197112e-12 9.8374673075761933e-08 1.2055655736424814e-06 5.7427053644875416e-06 1.0902308425586784e-10 ]
[ -3.6433964513421327e-08 6.2301437892513621e-08 0.001807621949775831 -1.644770388060069e-05 -0.00085321442784226707 2.9092928047688684e-08 2.3381469688661664e-06 -3.5485348890841066e-05 1.1356099016607683e-09 -1.6374422412822037e-09 2.4147040572626358e-09 7.9083460311704662e-05 7.3616325628073733e-06 -3.1310589044388668e-05 8.7491602988886933e-10 -1.6110564402627002e-09 1.8237797025101306e-09 7.9083460328120431e-05 1.0316089173384928e-05 -2.6978769151641969e-05 6.396157869303503e-10 -1.4263532838190779e-09 1.3229690956929485e-09 7.9083460341660802e-05 1.1258048604907977e-05 -2.3137440609067649e-05 4.3352166529870964e-10 -1.124990814665091e-09 9.2744264080510019e-10 7.9083460352162154e-05 1.0576887523144224e-05 -2.0037880429542078e-05 2.5767411812952305e-10 -7.572152036042405e-10 6.086824646275204e-10 7.9083460359635979e-05 8.770085218370513e-06 -1.7513350125432339e-05 1.12846662726697e-10 -3.6900912446750122e-10 3.1387313810220759e-10 7.9083460364118776e-05 6.369705340654574e-06 -1.5173539215054316e-05 1.2201228092548875e-12 -4.6916399433266529e-12 -4.691639943328527e-12 7.7776295731463293e-05 3.9187265358785261e-06 -1.2796114856008768e-05 -7.4882940893867314e-11 2.7454960801378401e-10 -3.3825659248325249e-10 7.1240472559416378e-05 1.8699925741577002e-06 -1.0372064779820459e-05 -1.1659083237446536e-10 4.3523139245757339e-10 -6.3206105167812117e-10 6.2743902434132635e-05 4.8096006861203289e-07 -7.9751982079405889e-06 -1.2864472857735014e-10 5.1673185429522208e-10 -8.5955858212407197e-10 5.4900914624813603e-05 -2.3042901284894046e-07 -5.7737606679229985e-06 -1.1834199340115947e-10 5.5544307013541414e-10 -9.7793174537371397e-10 4.6404344498424211e-05 -4.2867762858964978e-07 -3.9043110548089153e-06 -9.4151205392877197e-11 5.9771766365585376e-10 -9.9908038318144279e-10 3.8561356689619171e-05 -3.4441368630855666e-07 -2.4153563420083484e-06 -6.4324212095301086e-11 6.2423351955992439e-10 -8.9127215900362794e-10 3.0064786565565727e-05 -1.7849909877918418e-07 -1.2954929085478237e-06 -3.599101818123638e-11 6.2320315410382443e-10 -7.0255913047340327e-10 2.2221798760541579e-05 -5.3923960847439802e-08 -5.2462109595199335e-07 -1.4482988390491822e-11 5.0598670532096203e-10 -4.2854487175097471e-10 1.372522864244567e-05 -5.3317891288179642e-09 -9.983741557749885e-08 -2.6547446071173333e-12 2.6976214483096755e-10 -1.6795964359559123e-10 5.8822408450414242e-06 ]
[ -4.3967376013228052e-09 3.0715571001017995e-08 8.9570891171761709e-05 2.5811191215751451e-06 -4.9952271396364792e-05 1.6890538444894014e-08 2.9207802277202064e-07 -2.0799531166799724e-06 7.0485336125384614e-10 -2.960247185304892e-10 1.3130607627590099e-09 3.9187264922311344e-06 5.8700376470774266e-07 -1.8434279254401282e-06 6.3844040266830717e-10 -4.7010548166661991e-10 1.23908494121085e-09 3.9187264995163495e-06 7.6154688192047669e-07 -1.6052789527509339e-06 5.7529336370231924e-10 -5.7387735064229548e-10 1.1701348482303545e-09 3.9187265070912144e-06 8.1774524780909777e-07 -1.4058331715505561e-06 5.1502807552244979e-10 -5.9835940731593152e-10 1.131996931422761e-09 3.9187265147064557e-06 7.7515715556407896e-07 -1.2607100305989434e-06 4.5629072897715558e-10 -5.4354260701600489e-10 1.1334695567723104e-09 3.9187265221749569e-06 6.5818058839982909e-07 -1.1586997938319335e-06 3.9769771778413669e-10 -4.1400703477704838e-10 1.1624276434805311e-09 3.9187265293120548e-06 4.9387224768961448e-07 -1.0717434628523868e-06 3.3874392886258674e-10 -2.2242658032020388e-10 1.1916815561057469e-09 3.9187265358785261e-06 3.1437004170885966e-07 -9.7082817669846826e-07 2.8020824961107743e-10 4.5979173734000004e-12 1.1921152871189377e-09 3.9183220077543423e-06 1.5384354255037116e-07 -8.4078190688543051e-07 2.2406739816879421e-10 2.2482270547628957e-10 1.1353463629717476e-09 3.9020003426025037e-06 3.8164202493580678e-08 -6.8591397803846182e-07 1.729250455221988e-10 3.9064341410534499e-10 1.0253755922418245e-09 3.8278586567555519e-06 -2.4351146029302954e-08 -5.2314250474777746e-07 1.2841357815968963e-10 4.6891253233022795e-10 8.8695856451445328e-10 3.6296268698786873e-06 -4.254015973625873e-08 -3.6980155563422118e-07 9.0671556677113792e-11 4.6223875448994894e-10 7.5949540662261364e-10 3.306741941016396e-06 -3.4368392986656515e-08 -2.3696183600050797e-07 5.908871628675769e-11 3.7828579457296064e-10 6.3275188710830216e-10 2.7928105284683468e-06 -1.7918092753535526e-08 -1.3022005160312434e-07 3.3352318011016566e-11 2.5676223558928179e-10 5.1068645258725782e-10 2.1766761368052074e-06 -5.3806935324522586e-09 -5.338860731067485e-08 1.4097970088181836e-11 1.2338482410185394e-10 3.4733388389684481e-10 1.3897211240564058e-06 -4.9495152534740221e-10 -1.0167124130028174e-08 2.7639364760000767e-12 3.101346930097641e-11 1.5975843784865931e-10 6.0003559822405391e-07 ]
[ -2.0096082283816127e-08 -1.3576103267725267e-08 -0.00029248262545165292 -6.9168151452699543e-06 0.00016039440844830186 -7.0088856953400979e-09 -8.7788953186229143e-07 6.6790432546293916e-06 -2.7659612910198639e-10 -8.5383864626804946e-10 -6.3891393049301386e-10 -1.2796114863027178e-05 -1.8249487242736408e-06 5.9191933605811752e-06 -2.1336947172275673e-10 -8.0924771555499779e-10 -7.0722307328757784e-10 -1.2796114862354409e-05 -2.3852984817951303e-06 5.1511676357860613e-06 -1.4817785559474385e-10 -7.9317278472504595e-10 -7.3114939292573532e-10 -1.2796114862027984e-05 -2.565598096252719e-06 4.5035816760827919e-06 -8.4570048759270468e-11 -8.2293285732373953e-10 -7.0366751614531697e-10 -1.2796114861669839e-05 -2.4295088277889343e-06 4.0262782492603907e-06 -2.5798583925212369e-11 -9.0013539454953576e-10 -6.1819092403950744e-10 -1.2796114860830568e-05 -2.0568917144299598e-06 3.6837328711747259e-06 2.4925845207500558e-11 -1.0082744066970931e-09 -4.679863955980727e-10 -1.2796114859062956e-05 -1.5361205089989731e-06 3.3873332814596074e-06 6.4302013326433625e-11 -1.1169120142189506e-09 -2.5393445973628788e-10 -1.2796114856008768e-05 -9.7082817669846826e-07 3.0462637949510695e-06 8.9425886510422135e-11 -1.19321533802929e-09 5.6979722478230621e-12 -1.2783546091589306e-05 -4.6931248918505122e-07 2.6165078899485143e-06 9.8839803329713301e-11 -1.2045484727234406e-09 2.6981334057726062e-10 -1.2582741794059931e-05 -1.1077802215960098e-07 2.1196172477273146e-06 9.3667364950420289e-11 -1.1517986799929661e-09 4.8351360744575506e-10 -1.2075755001412098e-05 8.1771430302180906e-08 1.611540842319697e-06 7.7701356116253341e-11 -1.0588333768956432e-09 6.010873973988636e-10 -1.1175363286210714e-05 1.374924797644391e-07 1.1427763840934656e-06 5.6185203449856469e-11 -9.6797360510958711e-10 6.1577416538522337e-10 -1.0031752064436757e-05 1.1166279866926608e-07 7.4073883424321747e-07 3.4419143188833616e-11 -8.6217160781434239e-10 5.2537675644606827e-10 -8.4599817470608909e-06 5.9364852221754796e-08 4.1579732961565531e-07 1.6698699581122475e-11 -7.4125961356629998e-10 3.7347411555008264e-10 -6.6974168148219716e-06 1.845999085079269e-08 1.7584950340132371e-07 5.482139647079059e-12 -5.3427507910372018e-10 1.9070945800725509e-10 -4.4373438061327145e-06 1.8770204079115035e-09 3.4800838497809637e-08 7.5168374232070119e-13 -2.5902423190078942e-10 5.3447584059230276e-11 -2.0155501259932241e-06 ]
[ -0.00011309125363249647 0.0002843367025734875 -1.3805833512842106e-08 1.3215299850187052e-08 1.3068731072113973e-08 0.00015900268991468112 5.1740545322497183e-10 5.7741755473385177e-10 6.6910480258769256e-06 -5.9744417321010732e-06 1.1962675195282292e-05 -5.6529747951685419e-10 4.0955085532281166e-10 5.6576419753494223e-10 6.1900932208096108e-06 -7.6918640167912015e-06 1.0945871784560234e-05 -4.850738997263133e-10 3.3462876936326895e-10 5.2166257999930584e-10 5.7305981127641912e-06 -8.7500122981775512e-06 1.0128683786764903e-05 -4.0288848908044455e-10 2.9700163231415076e-10 4.5406283389096891e-10 5.2967724587079761e-06 -9.1096299117112897e-06 9.8102840032807664e-06 -3.2016895583742849e-10 2.8870002568422742e-10 3.7065015005624544e-10 4.8634483776734026e-06 -8.7759366689049867e-06 1.0106481442672998e-05 -2.3744303474772996e-10 2.9394131753099487e-10 2.7688495530829681e-10 4.4052768326769231e-06 -7.7438065431337025e-06 1.0909523371039322e-05 -1.5521932639193339e-10 2.9527110216753042e-10 1.7955288761577282e-10 3.9059858849257693e-06 -6.049022430929469e-06 1.1925363493688337e-05 -7.4882940893867288e-11 2.8020824961107753e-10 8.9425886510422148e-11 3.3642692761344272e-06 -3.8722870198564348e-06 1.2783546008755003e-05 1.1000509103520895e-12 2.4619657077100834e-10 1.8874817242130626e-11 2.7958795436295426e-06 -1.5985935530462904e-06 1.3067828639350007e-05 6.9046431271679806e-11 2.0018877113962982e-10 -2.4325420725897659e-11 2.2306736850660866e-06 2.7044918710071932e-07 1.2663772394938891e-05 1.2453277998288887e-10 1.5203228282956432e-10 -4.0844526848586153e-11 1.6964795603890407e-06 1.3452788796038974e-06 1.1677617120157847e-05 1.6364837882055219e-10 1.0834894341543533e-10 -3.8066298977125755e-11 1.211445601961024e-06 1.5514564308171719e-06 1.0454951398084504e-05 1.8712985698788973e-10 7.1237992415165628e-11 -2.5751809194877014e-11 7.8771106613810979e-07 1.0252525230320839e-06 8.8545196074125323e-06 1.9101338195604762e-10 4.0681635164959391e-11 -1.2503919337368141e-11 4.3851786746954607e-07 1.7350118688024071e-07 7.0411729822338896e-06 1.7839451835675263e-10 1.7366519074607857e-11 -3.6799273899026036e-12 1.8148122332950103e-07 -5.0107079049909699e-07 4.622147117978943e-06 1.3704006524365076e-10 3.4188552995695336e-12 -3.6686724901261661e-13 3.4850238600774312e-08 -5.3460417211953438e-07 2.0335522764363143e-06 7.1014487762364065e-11 ]
[ 0.0016204630923601984 0.00013495018859061337 3.4333796089067357e-08 5.7577763385308563e-09 -8.6421991799810607e-08 7.0307246171309468e-05 5.4455900455154345e-10 -3.5643513641455751e-09 2.8596478320185547e-06 7.0058731282428098e-05 1.1861633816769604e-05 1.3727158303968027e-09 9.8135957212632997e-10 -3.1049642477838815e-09 2.1037479085385181e-06 6.7547094491538043e-05 2.2165775828832217e-05 1.1469603552523264e-09 1.167515982363576e-09 -2.668286597730349e-09 9.7321187095242939e-07 6.5030109395846906e-05 2.8809517351679764e-05 9.7028139289112991e-10 1.1293194596375322e-09 -2.3068094939231045e-09 -3.5466921412763859e-07 6.3967925716189501e-05 3.113036666071196e-05 8.2158116880555875e-10 9.2304653304918066e-10 -2.0204564974116683e-09 -1.6862004545672635e-06 6.4957354166241007e-05 2.8975662801839e-05 6.7341332475578183e-10 6.1633624314042052e-10 -1.7681311217971107e-09 -2.8274589856451657e-06 6.7442684525324576e-05 2.2486077649690813e-05 4.9821504023666154e-10 2.8461752738432675e-10 -1.5000669687492193e-09 -3.6001265189997753e-06 6.9984453374533228e-05 1.2298510983657762e-05 2.7454960801378401e-10 4.5979173734000004e-12 -1.19321533802929e-09 -3.8722870198564348e-06 6.9740628669118126e-05 1.1002363767421628e-16 -4.6042669893420266e-12 -1.69900027049397e-10 -8.7781724933575518e-10 -3.6214068718305469e-06 6.1630740849152971e-05 -1.0868616777057834e-05 -2.9756952548562274e-10 -2.3272079353166668e-10 -6.0254259979309242e-10 -2.984020505024272e-06 5.1924915683033222e-05 -1.7471493818675807e-05 -5.5163424990760237e-10 -2.1377004743713358e-10 -3.9093750380056329e-10 -2.1665294953209991e-06 4.2193934847661753e-05 -1.9134460779989454e-05 -7.2892949122318453e-10 -1.5392819723044501e-10 -2.4302466681415107e-10 -1.359706608994982e-06 3.4446361631240607e-05 -1.7212693730959153e-05 -8.3005461378181982e-10 -8.7551595669412578e-11 -1.4352945407240191e-10 -7.0184500909498056e-07 2.7254851689553786e-05 -1.2578100386236618e-05 -8.2192800445819792e-10 -3.6166605580026194e-11 -7.5706636741727284e-11 -2.6529492107716504e-07 2.0924249662813038e-05 -7.3445825141741092e-06 -7.3313538862359478e-10 -8.2664683981070516e-12 -3.0306545835009792e-11 -5.2572220036086786e-08 1.3432831963092053e-05 -2.6451057440909887e-06 -5.2512076191058633e-10 -2.5808194001639031e-13 -5.6132971787862229e-12 4.2329092773709182e-10 5.863731892228263e-06 -1.8352740273041139e-07 -2.5164530735738888e-10 ]
[ -0.00013495018710914103 0.0016204630914881152 -6.6370302905347104e-08 6.9691024253571138e-08 3.8474412322526962e-08 0.00079623831028101291 2.8198103995377311e-09 1.771729948629784e-09 3.3295836584212623e-05 -1.1861633758276106e-05 7.0058731252482733e-05 -2.7280758713872844e-09 2.3861528159686818e-09 1.8368278362328793e-09 3.028313589571373e-05 -2.216577578345634e-05 6.7547094475072672e-05 -2.3511775787711005e-09 2.0419617287795168e-09 1.7273146923345377e-09 2.7386698407781018e-05 -2.8809517319078909e-05 6.5030109388191667e-05 -1.948444292026596e-09 1.8133846822123361e-09 1.4761785418849141e-09 2.4572778260568344e-05 -3.1130366639412456e-05 6.3967925713332018e-05 -1.5342280790096838e-09 1.6730137654980081e-09 1.1273260274425153e-09 2.1760533148786212e-05 -2.8975662789649918e-05 6.4957354165465938e-05 -1.1198143398792965e-09 1.5595154949779398e-09 7.27254302270396e-10 1.8868183900549241e-05 -2.2486077644119796e-05 6.7442684525201058e-05 -7.1641763977772812e-10 1.4097739777879269e-09 3.3178188428112063e-10 1.5859621672556822e-05 -1.2298510982098502e-05 6.9984453374526614e-05 -3.3825659248325243e-10 1.1921152871189377e-09 5.6979722478230491e-12 1.2783546008755003e-05 1.1002422000936752e-16 6.9740628669118086e-05 -4.6042669893432028e-12 9.332752040266832e-10 -2.0125239196544602e-10 9.8880544538550019e-06 1.0868616778427187e-05 6.1630740849158202e-05 2.4146001728496968e-10 6.8525806860145819e-10 -2.8368600350610403e-10 7.4039143412727122e-06 1.7471493822957158e-05 5.1924915683123076e-05 3.8290200073818002e-10 4.7886562445433332e-10 -2.7170586936583536e-10 5.349966322423575e-06 1.9134460787900105e-05 4.2193934848146432e-05 4.3637328316795316e-10 3.2171886535355096e-10 -2.076819005717092e-10 3.6791066857677528e-06 1.721269374243954e-05 3.4446361632739618e-05 4.4073184194472511e-10 2.0462529864033864e-10 -1.2925638766435858e-10 2.3324978823777372e-06 1.2578100399924787e-05 2.7254851692699389e-05 4.0382544208600407e-10 1.1542600044187402e-10 -6.2359066566709162e-11 1.2781721121095029e-06 7.3445825282457464e-06 2.0924249667828686e-05 3.5094230128090344e-10 4.9254309384337339e-11 -2.0071739925182255e-11 5.2380782862466889e-07 2.6451057552691906e-06 1.343283196871522e-05 2.5774947886097909e-10 9.7256686056812288e-12 -2.6739998963284268e-12 9.9814851813223018e-08 1.8352740849040057e-07 5.8637318959849533e-06 1.3157985222732261e-10 ]
[ -3.9878908705768829e-08 6.3262945584541223e-08 0.0016283536568167493 -3.5057915828484252e-06 -0.00080025539929663931 3.1020248577460803e-08 2.7156863461030957e-06 -3.3302762686188267e-05 1.2229058483290991e-09 -1.8087509591489161e-09 2.4600499768045408e-09 7.124047249519541e-05 7.433485829062352e-06 -2.9437071186312656e-05 9.6806159681499002e-10 -1.8238345035724556e-09 1.8750167730054312e-09 7.1240472512662436e-05 1.021429093098888e-05 -2.5449248195857428e-05 7.3787201887365159e-10 -1.6789442402729004e-09 1.3856349104856945e-09 7.1240472527467325e-05 1.1103553655882613e-05 -2.1955318882530501e-05 5.3508396271534634e-10 -1.4142532269036552e-09 1.015110067319608e-09 7.1240472539477941e-05 1.0452157568801747e-05 -1.9194375274523722e-05 3.5956409708089643e-10 -1.0766656463248219e-09 7.4118389770946101e-10 7.124047254876031e-05 8.7081013732031485e-06 -1.7004364751404429e-05 2.109312533458755e-10 -7.0606883191662937e-10 5.1308970735308913e-10 7.1240472555403027e-05 6.3560897534374972e-06 -1.4990217133186704e-05 9.0472468127955175e-11 -3.372591219871855e-10 2.7581168633146208e-10 7.1240472559416378e-05 3.9183220077543423e-06 -1.2783546091589306e-05 1.1000509103520701e-12 -4.6042669893418586e-12 -4.6042669893435647e-12 6.9933307926609242e-05 1.8699925792917319e-06 -1.037206477749315e-05 -5.5354626425296614e-11 2.4246680099235132e-10 -2.9677429210601413e-10 6.27439024376551e-05 4.8096007279264966e-07 -7.9751982070495017e-06 -8.1712893546828092e-11 3.9374543990434583e-10 -5.4411648920783038e-10 5.4900914629863979e-05 -2.3042900973557806e-07 -5.7737606677718446e-06 -8.438880022186655e-11 4.7891332414882203e-10 -7.0203466077538296e-10 4.6404344504268542e-05 -4.2867762646234517e-07 -3.9043110549048181e-06 -7.1318059230237933e-11 5.4278662337269451e-10 -7.6753388184059996e-10 3.8561356695735298e-05 -3.4441368499791696e-07 -2.4153563420983719e-06 -5.0483306489238557e-11 5.7583491426218968e-10 -7.1219306240460172e-10 3.0064786571312405e-05 -1.7849909809197285e-07 -1.2954929085681283e-06 -2.8879327590880364e-11 5.7508483656659475e-10 -5.7423972928394636e-10 2.2221798765535824e-05 -5.3923960582176651e-08 -5.2462109593704459e-07 -1.179110944669958e-11 4.652819858645389e-10 -3.54371993576725e-10 1.3725228646011295e-05 -5.331789081785195e-09 -9.9837415569832924e-08 -2.1831778625683118e-12 2.4738932342471487e-10 -1.394308995911535e-10 5.8822408467750753e-06 ]
[ -6.7295481604889476e-09 2.2621115346941328e-08 4.2742686527137959e-05 1.3305920974050101e-06 -2.3967287934729126e-05 1.2833647859670432e-08 1.441655577787037e-07 -9.9785206113551962e-07 5.3782203893409992e-10 -3.7233807734537941e-10 9.5623310991913887e-10 1.8699925384298577e-06 2.8564208741912123e-07 -8.8421435176221902e-07 4.9250809705308635e-10 -5.0202718660949861e-10 8.8302080811214896e-10 1.8699925443839612e-06 3.69361541605207e-07 -7.6999883182120652e-07 4.5025911289283963e-10 -5.7942178201053808e-10 8.2108133461004966e-10 1.8699925504891325e-06 3.9631889091838344e-07 -6.7460906460924372e-07 4.1028799938148657e-10 -6.0039723291390468e-10 7.9180266914671615e-10 1.8699925566042862e-06 3.7586646823670906e-07 -6.0555748869003001e-07 3.7106347062009673e-10 -5.6561946631890304e-10 8.0280852675398271e-10 1.869992562649132e-06 3.196288080747833e-07 -5.5744009149456518e-07 3.310346609655254e-10 -4.7664243380619837e-10 8.4512717534321221e-10 1.8699925685451974e-06 2.4049363657835654e-07 -5.1671065047499114e-07 2.8934215014362117e-10 -3.3927238215259233e-10 8.9686913431510179e-10 1.8699925741577002e-06 1.5384354255037116e-07 -4.6931248918505117e-07 2.4619657077100834e-10 -1.69900027049397e-10 9.332752040266834e-10 1.8699925792917317e-06 7.6144522836035585e-08 -4.0772833790105111e-07 2.0270160713434482e-10 3.7163571631893077e-12 9.3837752875097462e-10 1.8694230644947535e-06 1.9946720408894068e-08 -3.3342111698820661e-07 1.6047522047343179e-10 1.4797020551964553e-10 9.013966007963226e-10 1.856348998231136e-06 -1.0495401327516814e-08 -2.5403187754524558e-07 1.213561147203127e-10 2.3122025943791857e-10 8.2269657941081458e-10 1.7872827183775508e-06 -1.9372839495450766e-08 -1.7827573277944343e-07 8.6492416423639919e-11 2.4418470369453611e-10 7.3015631250596971e-10 1.64059254224618e-06 -1.5542116952698463e-08 -1.1242584213900347e-07 5.6384541851812378e-11 1.9298813713678535e-10 6.1846349759114948e-10 1.3784500714704422e-06 -7.8973696692246079e-09 -6.013127998506953e-08 3.1589926219899523e-11 1.0931311380998891e-10 4.967230358198582e-10 1.0515924633783843e-06 -2.2616648492785741e-09 -2.3685163537799369e-08 1.3180366650017366e-11 2.6131517773715452e-11 3.3150291161938687e-10 6.4136576079214776e-07 -1.7803909224792054e-10 -4.2799407585935399e-09 2.545761050912024e-12 -1.2440878948073223e-11 1.4835564846833125e-10 2.5927267731808161e-07 ]
[ -1.382840943073751e-08 -1.5527514367400659e-08 -0.00023707576632911622 -7.120629565791845e-06 0.00013326702936497913 -8.3291137423904532e-09 -7.8954319110282249e-07 5.5500177620461659e-06 -3.3539958967454949e-10 -5.6823833882102448e-10 -7.0573805757889418e-10 -1.0372064777181789e-05 -1.5766469348603295e-06 4.9210547361927918e-06 -2.7543254360067998e-10 -5.0544439298963844e-10 -7.406683060782204e-10 -1.037206477801694e-05 -2.0427043518692025e-06 4.2882416981211276e-06 -2.146719763477338e-10 -4.7637797425375295e-10 -7.4428312250752025e-10 -1.0372064779145003e-05 -2.1928517648282993e-06 3.7593619339664039e-06 -1.5568385256390844e-10 -4.9513198038638077e-10 -7.1596519297750117e-10 -1.0372064780244889e-05 -2.0788287253798848e-06 3.3761699159867966e-06 -1.0062540325461078e-10 -5.6268945995686049e-10 -6.5230007368598083e-10 -1.0372064780954689e-05 -1.7652360777753546e-06 3.1086114030433056e-06 -5.1616704754841098e-11 -6.6597340546397222e-10 -5.4604012106797385e-10 -1.0372064780914609e-05 -1.3239305177604304e-06 2.8813907412257095e-06 -1.1014378552727396e-11 -7.8030497203713295e-10 -3.9291449093820922e-10 -1.0372064779820459e-05 -8.4078190688543051e-07 2.6165078899485143e-06 1.8874817242130642e-11 -8.7781724933575518e-10 -2.0125239196544597e-10 -1.037206477749315e-05 -4.0772833790105111e-07 2.2725675776792845e-06 3.6588051080308147e-11 -9.3933746024905834e-10 4.6761515458375433e-12 -1.035607133029676e-05 -9.4841993042558175e-08 1.860353584835933e-06 4.230528294370237e-11 -9.520062208060594e-10 1.8870633199085724e-10 -1.0172667993873415e-05 7.4761473476544295e-08 1.427324890360311e-06 3.828062170416054e-11 -9.1487634408439554e-10 3.1029434043813593e-10 -9.6211316113152348e-06 1.2419104309029207e-07 1.020209643641524e-06 2.8376279536281293e-11 -8.5681762837270426e-10 3.5074278035279186e-10 -8.7797792839915288e-06 1.0099104093176222e-07 6.6583394220508079e-07 1.6876370192491138e-11 -7.6861403075443645e-10 3.0656502868676811e-10 -7.5117542586858304e-06 5.3829741127898037e-08 3.7588649251733294e-07 7.3639575895319206e-12 -6.5582512055541619e-10 2.0894269384631519e-10 -6.0094743948669711e-06 1.6774132347534082e-08 1.5968781853536937e-07 1.8315578873631766e-12 -4.6615535846174472e-10 9.1254062877140254e-11 -4.0157830473607485e-06 1.703033003728467e-09 3.1705994689620686e-08 9.2314172720475279e-14 -2.2238911794099841e-10 1.3731108588284131e-11 -1.8339177207269481e-06 ]
[ -0.00010175550111805796 0.00021849793737838569 -1.2258529606312079e-08 1.0298564758883856e-08 1.1869005001380705e-08 0.00012593801900844507 3.9771272309443706e-10 5.2046056748283091e-10 5.3067056446554909e-06 -5.2376701152874186e-06 9.1378362319195888e-06 -5.0525506699179468e-10 3.0503993532646434e-10 5.0422439136570503e-10 4.9263442449045191e-06 -6.5423702872780019e-06 8.2607899949160692e-06 -4.4126706495460063e-10 2.4239997728433537e-10 4.6268749184817535e-10 4.5813402963051183e-06 -7.3376296566408963e-06 7.5704485099212653e-06 -3.7619858133351196e-10 2.1310788158900108e-10 4.0385815393616435e-10 4.2579206455357718e-06 -7.6060687894430729e-06 7.3038468097994417e-06 -3.1096559445955517e-10 2.1023222704127572e-10 3.3386559888978439e-10 3.9349209185837032e-06 -7.3570149411149745e-06 7.5518198650464536e-06 -2.4573239454354701e-10 2.2043184895917218e-10 2.5627054542695272e-10 3.5910347475086284e-06 -6.5815779097647463e-06 8.2298638020928428e-06 -1.8064745452481884e-10 2.2879055544576645e-10 1.7534823702597262e-10 3.21210768071698e-06 -5.2946365963631563e-06 9.1051316430698311e-06 -1.1659083237446536e-10 2.2406739816879418e-10 9.8839803329713327e-11 2.7958795436295426e-06 -3.6214068718305469e-06 9.8880544538550002e-06 -5.5354626425296602e-11 2.0270160713434482e-10 3.6588051080308147e-11 2.3515655411181144e-06 -1.8322218525278856e-06 1.0356073987470107e-05 9.5993149808362123e-13 1.6893376828697822e-10 -4.1995139182430011e-12 1.8968530595355218e-06 -2.8746174681437087e-07 1.0336101214610194e-05 5.0197354051522059e-11 1.3075620446096377e-10 -2.2780131945941391e-11 1.4552251702099122e-06 6.7707460725291488e-07 9.7669195920439055e-06 8.9180941122837216e-11 9.4413741845472156e-11 -2.4439291855220416e-11 1.0460453203109148e-06 9.3668329200960739e-07 8.8888889944327494e-06 1.1664417733979088e-10 6.2531946732532902e-11 -1.7088608429735664e-11 6.8347414243155366e-07 5.8412968818496411e-07 7.6194680513262423e-06 1.2920880523800459e-10 3.580390759962644e-11 -8.0675076195362823e-12 3.8186267664774327e-07 -6.4552965994312245e-08 6.1020032019868165e-06 1.2764618269911635e-10 1.5279311712846329e-11 -2.0747540556628455e-12 1.5848219744661906e-07 -5.6382007592916686e-07 4.0272919170217812e-06 1.0222350234457312e-10 3.0033925730233361e-12 -1.0532586403231165e-13 3.0508326347642117e-08 -5.1973617701870452e-07 1.7776696904176049e-06 5.4598437240029512e-11 ]
[ 0.0013845442016350094 0.00036731587756008022 2.5225849569287395e-08 1.6637503594208512e-08 -7.4858429130235579e-08 0.00017908015978497974 9.6694143653005589e-10 -3.0631771763333139e-09 7.4093842537774696e-06 5.8928175676213738e-05 2.1107714470522638e-05 1.0185410496135472e-09 1.3129841147091858e-09 -2.6315472362263741e-09 6.2885062173488963e-06 5.5158444025712861e-05 2.9656321387410227e-05 8.8096010690606988e-10 1.4416495091428146e-09 -2.2476306489857854e-09 4.8606722796777473e-06 5.1949414743679694e-05 3.502952881194287e-05 7.8993214988562206e-10 1.3793492050468305e-09 -1.9569154055458503e-09 3.2744305584084165e-06 5.0669759421417596e-05 3.6878291220253087e-05 7.2494296296698708e-10 1.1719481647424098e-09 -1.7544434142859508e-09 1.6852818546725939e-06 5.1860655158388873e-05 3.5162385703496045e-05 6.6044600335413694e-10 8.7039244296563186e-10 -1.5956305508794553e-09 2.4877998751407005e-07 5.5018421967822874e-05 2.9917985223901873e-05 5.7080466376473907e-10 5.3282111836520268e-10 -1.4243595699234111e-09 -8.860009993975387e-07 5.8796281588469777e-05 2.1475135007726864e-05 4.3523139245757339e-10 2.2482270547628955e-10 -1.2045484727234406e-09 -1.5985935530462902e-06 6.1630740849152971e-05 1.0868616778427187e-05 2.4246680099235127e-10 3.7163571631893207e-12 -9.3933746024905834e-10 -1.8322218525278856e-06 6.1292534117821296e-05 9.5995032306242439e-17 -3.7207329550922977e-12 -1.0701898366916116e-10 -6.7482076916206859e-10 -1.639354255903643e-06 5.4195298873245826e-05 -8.0940266031784588e-06 -2.5757622419534862e-10 -1.2739940680077789e-10 -4.5559437873131928e-10 -1.1947342723959856e-06 4.4905048906892897e-05 -1.1438793106269383e-05 -4.5658132996539254e-10 -9.6833149697948562e-11 -2.9127520970096321e-10 -6.9340792509278098e-07 3.6938916967610266e-05 -1.0905723808612889e-05 -5.8659859662464349e-10 -5.1680990241344412e-11 -1.7361963435819937e-10 -2.8187404940952666e-07 2.9044382155712272e-05 -7.603799754877209e-06 -6.188768231955588e-10 -1.6072146574513199e-11 -9.0642661276514098e-11 -3.698387805684398e-08 2.1892497031807987e-05 -3.5610775476927066e-06 -5.7192658774047325e-10 2.8698623971566893e-13 -3.5451397775590989e-11 4.0132380021589117e-08 1.3691262207758625e-05 -2.4788085775780232e-07 -4.1725206807459743e-10 1.4309811189423486e-12 -6.3937290683949514e-12 1.7928887047527732e-08 5.8061636689939342e-06 8.4804814192546577e-07 -2.0130407669487441e-10 ]
[ -0.00036731587599547397 0.0013845442005286886 -6.9636557408723769e-08 6.1465959393850335e-08 5.2148151406023169e-08 0.00071162857420646521 2.4282420981805701e-09 2.3213433569847358e-09 2.9831908967343945e-05 -2.1107714407110373e-05 5.8928175637511061e-05 -2.8743006826408221e-09 1.9564789691409779e-09 2.295701359057221e-09 2.7335816371993215e-05 -2.9656321335320327e-05 5.5158444003385642e-05 -2.5125588172888353e-09 1.6136400032502212e-09 2.1173201207398217e-09 2.4998417657123252e-05 -3.502952877192988e-05 5.1949414732605877e-05 -2.1359906696890505e-09 1.4200887406462956e-09 1.8253888307365222e-09 2.2763063669595396e-05 -3.6878291191716276e-05 5.0669759416903533e-05 -1.7537849230678356e-09 1.3420510717244643e-09 1.4585094103135602e-09 2.052972615656295e-05 -3.5162385684884962e-05 5.1860655157009435e-05 -1.371490091923077e-09 1.3122489958025299e-09 1.0490102039180894e-09 1.8197529134434462e-05 -2.9917985213227611e-05 5.5018421967573643e-05 -9.9457526997982167e-10 1.2589167221122316e-09 6.3540268372183428e-10 1.5707615441703294e-05 -2.1475135002835137e-05 5.8796281588466673e-05 -6.3206105167812117e-10 1.1353463629717478e-09 2.6981334057726057e-10 1.3067828639350007e-05 -1.0868616777057836e-05 6.1630740849158202e-05 -2.9677429210601382e-10 9.3837752875097462e-10 4.6761515458375045e-12 1.0356073987470107e-05 9.5996832251255354e-17 6.1292534117821324e-05 -3.7207329550922524e-12 7.1332309529487097e-10 -1.3591819605871426e-10 7.8141017971264907e-06 8.0940266043758618e-06 5.4195298873259188e-05 2.1421809238392781e-10 5.1012933508187311e-10 -1.716563418385293e-10 5.6481722702110137e-06 1.1438793109893071e-05 4.4905048907033823e-05 3.3815325152155279e-10 3.4582676764004019e-10 -1.434030258753227e-10 3.8613381379880321e-06 1.0905723815218924e-05 3.6938916968215502e-05 3.9727331435215359e-10 2.1848184284537868e-10 -9.0674774389205783e-11 2.4199255163935452e-06 7.6037997638724347e-06 2.9044382157246374e-05 3.9968292707814763e-10 1.2084827574902406e-10 -4.1996167213549485e-11 1.305149525736695e-06 3.5610775578248232e-06 2.1892497034566411e-05 3.6911736695696758e-10 5.0205579729201432e-11 -1.1966595686428652e-11 5.250124702129359e-07 2.4788086639802294e-07 1.369126221110936e-05 2.8103276795016956e-10 9.6472704759635966e-12 -1.1761454446205252e-12 9.821253145778073e-08 -8.4804813720714561e-07 5.8061636713544465e-06 1.4590086677883713e-10 ]
[ -4.2351966846014135e-08 6.0804297722411887e-08 0.0014341463395468167 9.7787520744738716e-06 -0.00073445300832578162 3.1440292690958851e-08 3.0615075204729561e-06 -3.0573953740795433e-05 1.2486964259210509e-09 -1.92658888632251e-09 2.361418018494048e-09 6.2743902364659264e-05 7.3945762358626944e-06 -2.7056370387786064e-05 1.0083634804210196e-09 -1.9653204960592803e-09 1.7944256876362661e-09 6.2743902382298596e-05 9.9527369283795543e-06 -2.3454446794838912e-05 7.9153909858377617e-10 -1.8503743684745242e-09 1.3269252560813326e-09 6.2743902397478755e-05 1.0772855841684461e-05 -2.0342442353052201e-05 5.9992110763281362e-10 -1.6209128054328532e-09 9.8720838388495587e-10 6.2743902410121176e-05 1.0164897763947897e-05 -1.7943139718132288e-05 4.323398763869801e-10 -1.3202029362121498e-09 7.5838875452671604e-10 6.2743902420359134e-05 8.522536887193319e-06 -1.6102457462544034e-05 2.8740120245251352e-10 -9.8154749511678704e-10 5.9323034468238044e-10 6.2743902428346736e-05 6.2754840816359782e-06 -1.4441291200938238e-05 1.6550001329019608e-10 -6.3180933272220262e-10 4.3560409041654933e-10 6.2743902434132635e-05 3.9020003426025037e-06 -1.2582741794059931e-05 6.9046431271679741e-11 -2.9756952548562274e-10 2.4146001728496958e-10 6.27439024376551e-05 1.8694230644947535e-06 -1.035607133029676e-05 9.5993149808362123e-13 -3.7207329550922718e-12 -3.7207329550923041e-12 6.143673780468612e-05 4.8096007660250179e-07 -7.9751982051641012e-06 -3.822314208536446e-11 2.1674978384949429e-10 -2.5550367933227991e-10 5.4900914632948846e-05 -2.3042900681987689e-07 -5.7737606668844463e-06 -5.2914780251299791e-11 3.5465214534441169e-10 -4.4409686845213803e-10 4.6404344508568339e-05 -4.2867762444935475e-07 -3.9043110545008164e-06 -5.0291121435690326e-11 4.4764934157631012e-10 -5.4941041143731775e-10 3.8561356700681639e-05 -3.4441368376530133e-07 -2.415356341883835e-06 -3.7912165503039773e-11 4.9643456680646028e-10 -5.4454472509311833e-10 3.0064786576236198e-05 -1.7849909745966376e-07 -1.2954929084314985e-06 -2.2556289226438716e-11 5.049656152486972e-10 -4.5649513463836467e-10 2.2221798769978749e-05 -5.392396034676756e-08 -5.2462109586285097e-07 -9.4661218135258194e-12 4.1206475908653212e-10 -2.8859865314641545e-10 1.3725228649260748e-05 -5.3317890419197424e-09 -9.9837415551904413e-08 -1.7896497565081072e-12 2.2031056259483149e-10 -1.1532445141623272e-10 5.8822408483774821e-06 ]
[ -6.9046645265188705e-09 1.5605922006882033e-08 1.0993372327769125e-05 2.9096077875081696e-07 -5.9406396939379368e-06 9.1539609804439461e-09 3.402064261217844e-08 -2.470947243013602e-07 3.8536612525496063e-10 -3.5719523750574068e-10 6.5300508468249213e-10 4.8096004152293075e-07 6.9018736088436724e-08 -2.1842425910438067e-07 3.5692053196331688e-10 -4.4837241600322944e-10 5.9092047591087165e-10 4.8096004601773025e-07 8.9673330504041809e-08 -1.8953271904475579e-07 3.3099473303026031e-10 -5.0316165466666015e-10 5.4147965213942218e-10 4.8096005058208142e-07 9.6303693920973416e-08 -1.6519340926876381e-07 3.0669977849966238e-10 -5.202536486908635e-10 5.2109758158206281e-10 4.8096005514617404e-07 9.1324629804685452e-08 -1.4725207778600988e-07 2.8261710231065533e-10 -5.0045786480839162e-10 5.3588045064439846e-10 4.809600596919988e-07 7.771741452997536e-08 -1.3439927850344244e-07 2.5731663855915169e-10 -4.435704945896805e-10 5.7966478571360826e-10 4.8096006420276773e-07 5.8736556191776692e-08 -1.2336480519364327e-07 2.2987331632704403e-10 -3.5122833972563803e-10 6.3610454578862064e-10 4.8096006861203289e-07 3.8164202493580678e-08 -1.1077802215960099e-07 2.0018877113962982e-10 -2.3272079353166668e-10 6.8525806860145808e-10 4.8096007279264966e-07 1.9946720408894068e-08 -9.4841993042558175e-08 1.6893376828697822e-10 -1.0701898366916118e-10 7.1332309529487108e-10 4.8096007660250179e-07 6.9898333829808233e-09 -7.5840827257065994e-08 1.3711105739627433e-10 2.4961534313468837e-12 7.1817702889825384e-10 4.8067098465755242e-07 9.3519475415234474e-11 -5.5391812497976166e-08 1.0581216375448746e-10 7.4136443199185774e-11 6.9289169654073119e-10 4.6981533140203758e-07 -1.898901464823638e-09 -3.5665754329398233e-08 7.6402331253192138e-11 9.4222630718122592e-11 6.3903260612146825e-10 4.269548842453562e-07 -1.3222708595063243e-09 -1.8998701283288817e-08 5.0094235348050622e-11 6.4994420394490233e-11 5.537827591638294e-10 3.3164045751335479e-07 -3.0698937559800774e-10 -7.2213517006654505e-09 2.8046292639727321e-11 9.7309571586882931e-12 4.4704586403424198e-10 2.0922949338248309e-07 1.0653608368983449e-10 -1.1506678554274977e-09 1.1634818350714489e-11 -3.7153836275030154e-11 2.9644141054779337e-10 7.5770638831857513e-08 6.2271509906903731e-11 2.0264198296882855e-10 2.2285163747916206e-12 -3.9509235251226222e-11 1.3058976498389833e-10 1.8886427986512256e-10 ]
[ -8.7312419821811167e-09 -1.4739675139621992e-08 -0.00018229024456656182 -6.5831677878309987e-06 0.00010485167348445076 -8.1641488935078141e-09 -6.6412963352573328e-07 4.3670569924949645e-06 -3.3197481518190833e-10 -3.4378334127569254e-10 -6.5755889980035852e-10 -7.9751982004553977e-06 -1.2835618550035559e-06 3.8738879654233985e-06 -2.8047825698872456e-10 -2.793839995060688e-10 -6.6932715499743631e-10 -7.9751982020118139e-06 -1.6505863056489044e-06 3.3797913267898255e-06 -2.2895362478477744e-10 -2.475609859381528e-10 -6.6074957008601682e-10 -7.9751982037901156e-06 -1.7689622116211216e-06 2.9702256039429799e-06 -1.7914144477697129e-10 -2.5885882273409475e-10 -6.3467654368092541e-10 -7.9751982055389709e-06 -1.6785740339700692e-06 2.6782860755245271e-06 -1.323576029338465e-10 -3.1369998536341622e-10 -5.8972095563971711e-10 -7.9751982069876954e-06 -1.428997502243526e-06 2.4799428898254156e-06 -8.9887312359453247e-11 -4.0234253192697046e-10 -5.1915851198746704e-10 -7.9751982078674865e-06 -1.075646934715574e-06 2.314763253987232e-06 -5.3304406580118834e-11 -5.0612754011630913e-10 -4.1644393127989966e-10 -7.9751982079405889e-06 -6.8591397803846182e-07 2.1196172477273141e-06 -2.4325420725897653e-11 -6.0254259979309222e-10 -2.8368600350610387e-10 -7.9751982070495e-06 -3.3342111698820661e-07 1.8603535848359332e-06 -4.1995139182429946e-12 -6.7482076916206859e-10 -1.3591819605871416e-10 -7.9751982051641012e-06 -7.5840827257066008e-08 1.5425041886608233e-06 6.933893415326441e-12 -7.1901737243401952e-10 3.3362750608240767e-12 -7.9626241231207549e-06 6.547865477817739e-08 1.1981699815514412e-06 1.0294788364956412e-11 -7.2810533808871348e-10 1.0813854975753015e-10 -7.7612232092919419e-06 1.0705856314616358e-07 8.6563177045106248e-07 8.3605039325473316e-12 -7.03853789731138e-10 1.5712023357483531e-10 -7.2490174858713226e-06 8.7209879909976504e-08 5.70153727384312e-07 4.2527979144342979e-12 -6.4126762635586831e-10 1.4362748036769387e-10 -6.3259735376920404e-06 4.664789783898027e-08 3.2434154296901849e-07 7.304004343159878e-13 -5.4736201260661498e-10 8.729157292597951e-11 -5.1330177494087948e-06 1.4580503771240711e-08 1.3863486525112455e-07 -7.0281566305903217e-13 -3.8642096599229491e-10 1.9723943635580521e-11 -3.4699689211545404e-06 1.478852647342979e-09 2.7651472117077743e-08 -3.5188077549201338e-13 -1.8229374401484496e-10 -1.3486783607173699e-11 -1.5964593387409433e-06 ]
[ -8.2404587551757307e-05 0.00016307758589690114 -1.0231093972841751e-08 7.7756016911989786e-09 9.9737575332489161e-09 9.6822775254006325e-05 2.9700786092688821e-10 4.3544397412685526e-10 4.0847727545980428e-06 -4.1903910996091087e-06 6.7962361178172181e-06 -4.2386174274624911e-10 2.2184459124638784e-10 4.1912457785829821e-10 3.802886065279984e-06 -5.1576189636442819e-06 6.1000322616265342e-06 -3.7508599035263523e-10 1.7190628045180292e-10 3.8366323200180455e-10 3.5489098855518422e-06 -5.7433940745269174e-06 5.557663740468645e-06 -3.2568955091171351e-10 1.4970474166960759e-10 3.3573909999309939e-10 3.3118516411604177e-06 -5.9403063448341469e-06 5.3491470311057658e-06 -2.7627729349442933e-10 1.4963420230910792e-10 2.800884338813649e-10 3.0751218102542604e-06 -5.75762921583163e-06 5.5430784915531764e-06 -2.2686691922522872e-10 1.6105087204314302e-10 2.189934905986289e-10 2.8220236815576353e-06 -5.1865741763648696e-06 6.075648029141842e-06 -1.7746383955798722e-10 1.7194278437341436e-10 1.5505250908356976e-10 2.5412752511043822e-06 -4.2327584666883433e-06 6.7700730705470458e-06 -1.2864472857735012e-10 1.729250455221988e-10 9.3667364950420276e-11 2.2306736850660866e-06 -2.984020505024272e-06 7.4039143412727114e-06 -8.1712893546828066e-11 1.6047522047343179e-10 4.230528294370237e-11 1.8968530595355218e-06 -1.6393542559036426e-06 7.8141017971264907e-06 -3.8223142085364467e-11 1.3711105739627435e-10 6.9338934153264362e-12 1.5508074462850742e-06 -4.5569579775592845e-07 7.9626274211909814e-06 8.4034353576575976e-13 1.0839522694137014e-10 -1.1033111102471644e-11 1.2049977762722879e-06 3.3213521651681331e-07 7.7708851400430719e-06 3.4701817832978472e-11 7.9519838530970826e-11 -1.4995862913796749e-11 8.754007504773814e-07 5.8773444143926027e-07 7.2418338711676503e-06 6.1714492357177785e-11 5.3246913884324477e-11 -1.0989225233418597e-11 5.7705220909338857e-07 3.5208027787184647e-07 6.3277401952120155e-06 7.8765893917868459e-11 3.0701741492292882e-11 -5.0022819131681833e-12 3.2485902741735614e-07 -1.4488016832144518e-07 5.13577179379988e-06 8.4768093352319396e-11 1.3160089688772312e-11 -1.0219390572898325e-12 1.3573988234352529e-07 -5.2780534438219181e-07 3.4297920194018537e-06 7.2026216010878222e-11 2.5945259942292007e-12 5.2469156251949643e-14 2.6289624684896817e-08 -4.6292491713235018e-07 1.5275424562682511e-06 4.0090335696865112e-11 ]
[ 0.0011503883661724082 0.0004990978644720135 1.7814290386566633e-08 2.3469899510511335e-08 -6.2840846557480555e-08 0.00024684794511969715 1.2169571722234475e-09 -2.5508901090305451e-09 1.0261067105736856e-05 4.8245925038089716e-05 2.5980753423299208e-05 7.2826570953984193e-10 1.4834264685797715e-09 -2.1592587101159257e-09 8.964259019133364e-06 4.386438839605429e-05 3.2887113576047146e-05 6.5650708391553787e-10 1.5670380166313428e-09 -1.8304215741276785e-09 7.4225163522849831e-06 4.0383657413498385e-05 3.7118241333658101e-05 6.2698412271072473e-10 1.4932446919080702e-09 -1.6030468906572057e-09 5.7570089447844384e-06 3.9034109551369867e-05 3.8551082467900649e-05 6.2073768273749072e-10 1.298534221210388e-09 -1.4694762808345404e-09 4.0892491163912001e-06 4.0289445084099053e-05 3.7221627694197395e-05 6.1492896559633695e-10 1.0195638585104156e-09 -1.3854546530244809e-09 2.5406841620929809e-06 4.3708950758781433e-05 3.3095286801908063e-05 5.8665160532423055e-10 6.9902997359959574e-10 -1.2936559956412708e-09 1.2326502634263593e-06 4.8083685750809321e-05 2.6281532059376769e-05 5.1673185429522208e-10 3.9064341410534489e-10 -1.1517986799929661e-09 2.7044918710071926e-07 5.1924915683033222e-05 1.7471493822957158e-05 3.9374543990434583e-10 1.479702055196455e-10 -9.520062208060594e-10 -2.8746174681437087e-07 5.4195298873245826e-05 8.0940266043758602e-06 2.1674978384949431e-10 2.4961534313468837e-12 -7.1901737243401952e-10 -4.5569579775592861e-07 5.3519501656464104e-05 8.4032692374064879e-17 -2.4979143431197547e-12 -5.0800597287301971e-11 -4.9980590927784944e-10 -3.3857434313427502e-07 4.6132054983318996e-05 -4.6112243293621858e-06 -2.1264470529436713e-10 -4.5900296893104679e-11 -3.2543201323600587e-10 -1.0942086155194063e-07 3.8171654509637166e-05 -5.2733363026769781e-06 -3.6431009066298143e-10 -1.9904027173462219e-11 -1.951134457943111e-10 8.2478917301477869e-08 2.9868649786909469e-05 -3.1855608282048484e-06 -4.3040681980467305e-10 1.4193008279114729e-12 -1.0120643145354133e-10 1.5829204963837352e-07 2.2189726980499583e-05 -2.5403255304698884e-07 -4.2039175091713953e-10 7.5613028371366598e-12 -3.8990161888641368e-11 1.1809530497822852e-07 1.358162420093043e-05 1.799099576940049e-06 -3.1505047145951484e-10 2.8344813156089371e-12 -6.9065300783817806e-12 3.2401554331885956e-08 5.6173451634828384e-06 1.7059179607322106e-06 -1.5346125869210333e-10 ]
[ -0.0004990978628511332 0.0011503883649191477 -6.9417417290146765e-08 5.2274034208602185e-08 6.0050588721090703e-08 0.00061867888996881739 2.0136257219051042e-09 2.6295948826450693e-09 2.5995996131424852e-05 -2.5980753356267297e-05 4.8245924993876047e-05 -2.8767388514235669e-09 1.5329974357521851e-09 2.5384981274370251e-09 2.3982058083735099e-05 -3.2887113518592264e-05 4.3864388370084897e-05 -2.5456176745657255e-09 1.2043273272903776e-09 2.3180940572598117e-09 2.2145645800810671e-05 -3.7118241287366294e-05 4.0383657400434866e-05 -2.2077539776637635e-09 1.0431840164936354e-09 2.0109980739504625e-09 2.0418288395997872e-05 -3.8551082432846076e-05 3.9034109546085588e-05 -1.8684173269794792e-09 1.0131444550679899e-09 1.6506837957920715e-09 1.8693056779118335e-05 -3.7221627669340848e-05 4.0289445082662857e-05 -1.5290679683114099e-09 1.0462949694038624e-09 1.2577090806567554e-09 1.6862281135832613e-05 -3.309528678568541e-05 4.3708950758745464e-05 -1.1910856176442341e-09 1.068448533961497e-09 8.5558935577726146e-10 1.4855510537504538e-05 -2.628153205004642e-05 4.8083685751003359e-05 -8.5955858212407176e-10 1.0253755922418245e-09 4.8351360744575506e-10 1.2663772394938891e-05 -1.7471493818675807e-05 5.1924915683123076e-05 -5.4411648920783018e-10 9.0139660079632281e-10 1.8870633199085719e-10 1.0336101214610194e-05 -8.0940266031784588e-06 5.4195298873259188e-05 -2.5550367933227991e-10 7.1817702889825384e-10 3.336275060824025e-12 7.9626274211909814e-06 8.4033539407012134e-17 5.3519501656464125e-05 -2.4979143431211247e-12 5.247618310196206e-10 -7.4883281349887193e-11 5.7660662697033153e-06 4.6112243303711969e-06 4.6132054983335787e-05 1.864528546003113e-10 3.5857899437768642e-10 -8.0180083658662161e-11 3.9235152991327778e-06 5.273336305692069e-06 3.8171654509789524e-05 3.0090318275725713e-10 2.2546346468088917e-10 -5.2523303519481965e-11 2.4360933992341006e-06 3.1855608333631638e-06 2.9868649787464723e-05 3.477023133900158e-10 1.227855091576527e-10 -2.1974681495504161e-11 1.2966920232094348e-06 2.5403255969340015e-07 2.2189726981727188e-05 3.4700357413350514e-10 4.9876259450332343e-11 -4.1001190108507791e-12 5.1339651890242467e-07 -1.7990995707233217e-06 1.3581624202623587e-05 2.7636275225902603e-10 9.3551148134252961e-12 2.5640076392015969e-13 9.448348122206108e-08 -1.7059179570964547e-06 5.6173451647730975e-06 1.4698362973624755e-10 ]
[ -4.4033329830679127e-08 5.6553540614164886e-08 0.0012548780467315725 2.0055095600669318e-05 -0.00066615371835420929 3.073546431755551e-08 3.2663200130849964e-06 -2.7733277398850798e-05 1.2275013018018739e-09 -2.0018556083808854e-09 2.1863290563959019e-09 5.490091455376065e-05 7.1975641304005471e-06 -2.4557482455920716e-05 1.0060836214400256e-09 -2.0502602910673498e-09 1.6418728679281969e-09 5.4900914571029463e-05 9.5208502062588031e-06 -2.1329213020438578e-05 8.0695309444832277e-10 -1.9553573007907467e-09 1.1994812443276715e-09 5.4900914586007337e-05 1.0267041040194484e-05 -1.8576712606412043e-05 6.3087826029662263e-10 -1.7558101014887069e-09 8.9014562998425777e-10 5.4900914598677601e-05 9.7085566207297454e-06 -1.6504756976832281e-05 4.7585475731328219e-10 -1.4915589503445346e-09 7.0115469243678838e-10 5.4900914609242169e-05 8.1887216341610341e-06 -1.4969370287568718e-05 3.3967678851771998e-10 -1.1898020134208516e-09 5.8926092799556136e-10 5.4900914617922054e-05 6.0846655006683481e-06 -1.3613529458118553e-05 2.2195896535994151e-10 -8.6967108075653671e-10 4.9927002366351682e-10 5.4900914624813603e-05 3.8278586567555519e-06 -1.2075755001412098e-05 1.2453277998288882e-10 -5.5163424990760237e-10 3.8290200073817992e-10 5.4900914629863979e-05 1.856348998231136e-06 -1.0172667993873415e-05 5.0197354051522059e-11 -2.5757622419534857e-10 2.1421809238392776e-10 5.4900914632948846e-05 4.8067098465755242e-07 -7.9626241231207549e-06 8.4034353576572745e-13 -2.4979143431196707e-12 -2.49791434312159e-12 5.3593749999831974e-05 -2.3042900416743366e-07 -5.7737606653222719e-06 -2.4610062097031475e-11 1.895395930641312e-10 -2.0994451491412723e-10 4.6404344511185894e-05 -4.2867762259680872e-07 -3.9043110536332073e-06 -3.1520616003256634e-11 3.17837904100162e-10 -3.4976426295606841e-10 3.8561356704297697e-05 -3.4441368263814627e-07 -2.4153563413858732e-06 -2.6866240014740269e-11 3.9046498450854112e-10 -3.9213137152265688e-10 3.0064786580176026e-05 -1.7849909689525154e-07 -1.2954929081494025e-06 -1.7139554432500546e-11 4.1637142514077055e-10 -3.5181319326830784e-10 2.2221798773725016e-05 -5.3923960145405568e-08 -5.246210957342665e-07 -7.5457302694067119e-12 3.4870869576319489e-10 -2.3243453193128034e-10 1.3725228652088543e-05 -5.3317890097898057e-09 -9.983741552466918e-08 -1.479390759253795e-12 1.8961368203295759e-10 -9.5986576263390047e-11 5.8822408497973312e-06 ]
[ -5.6745481420866537e-09 1.0301974674494115e-08 -5.2669493393677257e-06 -3.3337353399402348e-07 3.4889174007074506e-06 6.2489818169409967e-09 -2.7119431133525531e-08 1.4565307854149642e-07 2.642323263219333e-10 -2.8565322868750989e-10 4.2807759785899859e-10 -2.3042903205425229e-07 -4.7831826846683882e-08 1.3001585003960594e-07 2.4730048810527361e-10 -3.4741896489719605e-10 3.8192971124124696e-10 -2.3042902889035175e-07 -6.0193652792853475e-08 1.1458560875955153e-07 2.322101541789806e-10 -3.8503228750259065e-10 3.4649266897348635e-10 -2.304290256920712e-07 -6.4216031448952295e-08 1.0229590241248929e-07 2.1818495946979929e-10 -3.9831159855286384e-10 3.3352693813624359e-10 -2.3042902249192236e-07 -6.1045625022858738e-08 9.4285171530560631e-08 2.0409389670720328e-10 -3.8787964519310312e-10 3.4758529389327268e-10 -2.3042901928322613e-07 -5.2119742879335472e-08 8.968954847267806e-08 1.8879982122615149e-10 -3.5287634582832805e-10 3.8466419732795778e-10 -2.3042901605854915e-07 -3.9130913672662841e-08 8.6306180588599446e-08 1.7151220376897062e-10 -2.9313092310091965e-10 4.3332269989995736e-10 -2.3042901284894046e-07 -2.4351146029302957e-08 8.1771430302180906e-08 1.5203228282956432e-10 -2.1377004743713358e-10 4.7886562445433322e-10 -2.3042900973557806e-07 -1.0495401327516814e-08 7.4761473476544308e-08 1.307562044609638e-10 -1.2739940680077789e-10 5.1012933508187311e-10 -2.3042900681987691e-07 9.3519475415234526e-11 6.547865477817739e-08 1.0839522694137014e-10 -5.0800597287301977e-11 5.247618310196206e-10 -2.3042900416743366e-07 6.2504084395624175e-09 5.5087876176185431e-08 8.5594021315162508e-11 1.1395710211133155e-12 5.2693422768532901e-10 -2.3067060761143631e-07 8.1136504500576703e-09 4.4611157783863211e-08 6.3010102116392175e-11 1.8636367637706773e-11 5.0964496055322416e-10 -2.3553902624248842e-07 6.8413735102845969e-09 3.4131379669673759e-08 4.1863441100593461e-11 7.745781134288445e-13 4.573307258939349e-10 -2.5263749953692132e-07 4.0679562051078441e-09 2.3124775333905356e-08 2.3621989949456075e-11 -3.7018696750886115e-11 3.7588015491559141e-10 -2.6842678207258533e-07 1.4763638359866179e-09 1.1862863235592643e-08 9.8327573387735486e-12 -6.3718132675311824e-11 2.5138219745327436e-10 -2.4911823233691068e-07 2.0121625971910869e-10 2.8047594079775965e-09 1.883910707005743e-12 -4.9311707800751829e-11 1.1060230570653623e-10 -1.4989039298346658e-07 ]
[ -5.159829821745196e-09 -1.2095968649232231e-08 -0.00013197167220213297 -5.5210944980902926e-06 7.7613843165394021e-05 -6.895372551226437e-09 -5.1998283119023034e-07 3.2330410177126857e-06 -2.8188732716929576e-10 -1.9305963017192609e-10 -5.3380477834651833e-10 -5.7737606595736152e-06 -9.7864983949916826e-07 2.8694110636399173e-06 -2.4178591522315162e-10 -1.3843231658034216e-10 -5.3339825015829497e-10 -5.7737606611961381e-06 -1.2506147744556279e-06 2.5064791895738634e-06 -2.0200243455014275e-10 -1.1080610774817567e-10 -5.2059595795142345e-10 -5.7737606629720367e-06 -1.3384300847144653e-06 2.2079452470997974e-06 -1.6365983189672194e-10 -1.1749969035802351e-10 -4.9924649470103687e-10 -5.7737606647194445e-06 -1.2710295656353228e-06 1.9984730109985736e-06 -1.2751351915031097e-10 -1.5857994391564948e-10 -4.6899974855065369e-10 -5.7737606662494139e-06 -1.0842478816317471e-06 1.8600107885863024e-06 -9.4295562263620727e-11 -2.2721794435928127e-10 -4.2437944498090008e-10 -5.7737606673744955e-06 -8.1835217755877729e-07 1.7470085010514532e-06 -6.5005096435005369e-11 -3.1023111541175306e-10 -3.5889767083274571e-10 -5.7737606679229993e-06 -5.2314250474777746e-07 1.611540842319697e-06 -4.084452684858614e-11 -3.9093750380056329e-10 -2.7170586936583525e-10 -5.7737606677718446e-06 -2.5403187754524558e-07 1.427324890360311e-06 -2.2780131945941398e-11 -4.5559437873131928e-10 -1.716563418385293e-10 -5.7737606668844463e-06 -5.5391812497976166e-08 1.1981699815514412e-06 -1.1033111102471644e-11 -4.9980590927784944e-10 -7.4883281349887193e-11 -5.7737606653222719e-06 5.5087876176185417e-08 9.4605586399500517e-07 -4.8769612131047863e-12 -5.2763443235031052e-10 1.839535895648982e-12 -5.757753315507545e-06 8.8027674315744575e-08 6.9464853044835694e-07 -2.7949297999717579e-12 -5.3329711446636922e-10 4.473411415748576e-11 -5.5737310088889555e-06 7.1893937484082841e-08 4.6391060355966452e-07 -2.7675920561690156e-12 -5.0040570924048933e-10 4.6009787034836283e-11 -5.0166137746848335e-06 3.8665467718951397e-08 2.6697426400083335e-07 -2.8562747752647186e-12 -4.3243255742934424e-10 1.5643560821468773e-11 -4.1595333624251812e-06 1.2146779518339286e-08 1.1519191756547776e-07 -2.0014645413731686e-12 -3.0659852324039116e-10 -2.0003448967764406e-11 -2.8619575957088847e-06 1.2328455952971604e-09 2.3142017073249879e-08 -5.6316819470656872e-13 -1.4423906882598602e-10 -2.7018815747035033e-11 -1.3321387954685404e-06 ]
[ -5.9779727104823892e-05 0.0001178176183759923 -7.9771385359006481e-09 5.6723747292667235e-09 7.7093707944697306e-09 7.1873914751374875e-05 2.1532692088251204e-10 3.3597051769934961e-10 3.0352434272722434e-06 -3.0380906189791038e-06 4.9091266401077343e-06 -3.3182063861109665e-10 1.5831227494657405e-10 3.2256115321621432e-10 2.8316665118478394e-06 -3.7366288409528426e-06 4.4045634687079207e-06 -2.9654325826650627e-10 1.2071288356296701e-10 2.9514260402017039e-10 2.6483117260582006e-06 -4.1595346846500755e-06 4.0116911942090461e-06 -2.6082451179007811e-10 1.0442562333272942e-10 2.5885943852328172e-10 2.4772102474338894e-06 -4.3016659446472915e-06 3.860683096615941e-06 -2.2509840165929252e-10 1.0526365876037104e-10 2.1722705762904613e-10 2.3063466055575974e-06 -4.1698101946058342e-06 4.0011279830603351e-06 -1.8937372963093802e-10 1.1527120735869298e-10 1.7173903232877059e-10 2.1236278435333095e-06 -3.7575362366535877e-06 4.386897266881405e-06 -1.5365040021876069e-10 1.2539819627716389e-10 1.239957658543424e-10 1.9208758523678454e-06 -3.0686938001164906e-06 4.8901581537872116e-06 -1.1834199340115947e-10 1.2841357815968963e-10 7.7701356116253341e-11 1.6964795603890407e-06 -2.1665294953209991e-06 5.3499663224235741e-06 -8.438880022186655e-11 1.213561147203127e-10 3.828062170416054e-11 1.4552251702099124e-06 -1.1947342723959856e-06 5.6481722702110137e-06 -5.2914780251299804e-11 1.0581216375448746e-10 1.0294788364956412e-11 1.2049977762722879e-06 -3.3857434313427502e-07 5.7660662697033153e-06 -2.4610062097031455e-11 8.5594021315162508e-11 -4.8769612131047831e-12 9.5247130756618952e-07 2.4206645370933831e-07 5.7577552672090628e-06 7.0020466498159965e-13 6.4118429609196173e-11 -9.2930354478632232e-12 7.0379990665587044e-07 4.4985375197907889e-07 5.5621510953745614e-06 2.3191040978265131e-11 4.365301817663069e-11 -7.1898477203273238e-12 4.7087011013912761e-07 2.8527189181974291e-07 5.0156950928019849e-06 4.0661252983574298e-11 2.5503001127729194e-11 -3.1639217503132465e-12 2.686169601986942e-07 -1.0225972285510815e-07 4.1661537732161356e-06 5.070431783027465e-11 1.1049701424001568e-11 -4.6030237383025809e-13 1.1360624054007047e-07 -4.1636397379243894e-07 2.8410511382813562e-06 4.7153929744832107e-11 2.1976538158388897e-12 1.186150723386641e-13 2.2242059098127335e-08 -3.7483150846547038e-07 1.2863680818477637e-06 2.783741422610501e-11 ]
[ 0.00092523202615718428 0.00051816700864193877 1.3495548323455724e-08 2.5325518006011551e-08 -5.2004272413827695e-08 0.00026135002875258379 1.2599794156505099e-09 -2.0988979496200222e-09 1.0889484006551235e-05 3.8371867010609542e-05 2.5979361218296488e-05 5.6111952847044926e-10 1.468430440136116e-09 -1.7574327616943572e-09 9.6264169192228992e-06 3.4095631988098828e-05 3.141567978136907e-05 5.2902870543827741e-10 1.5258583525593483e-09 -1.4816266666646082e-09 8.172440948539564e-06 3.0805776883718727e-05 3.4678173313052294e-05 5.3304811598228899e-10 1.4550799337268633e-09 -1.3044101884830381e-09 6.623652155345647e-06 2.9547971483303427e-05 3.5768402797925555e-05 5.5677668249338222e-10 1.2847622550862164e-09 -1.2180426424691371e-09 5.0731498931584598e-06 3.071768219242495e-05 3.4757108849027542e-05 5.8087460585439984e-10 1.0410068874063848e-09 -1.1822827793921897e-09 3.6139155400903791e-06 3.3947076110615015e-05 3.1577546681927943e-05 5.8595211833890393e-10 7.5471079099640716e-10 -1.1435155146795438e-09 2.3420159840242215e-06 3.8209678920844544e-05 2.6218559314438865e-05 5.5544307013541414e-10 4.6891253233022795e-10 -1.0588333768956432e-09 1.3452788796038972e-06 4.2193934847661753e-05 1.9134460787900105e-05 4.7891332414882193e-10 2.3122025943791857e-10 -9.1487634408439554e-10 6.770746072529153e-07 4.4905048906892897e-05 1.1438793109893071e-05 3.5465214534441169e-10 7.41364431991858e-11 -7.2810533808871348e-10 3.3213521651681357e-07 4.6132054983318996e-05 4.6112243303711969e-06 1.895395930641312e-10 1.1395710211133351e-12 -5.2763443235031052e-10 2.4206645370933852e-07 4.5078627110873102e-05 7.0017036245845704e-17 -1.1397582641680366e-12 -1.1447794306579362e-11 -3.4837658696426442e-10 2.8542788624535044e-07 3.8527311424313189e-05 -1.4126505760150307e-06 -1.707000394717299e-10 1.4037597702485311e-12 -2.0962978000387788e-10 3.2695168695379767e-07 3.0052392940608718e-05 -1.6893909488257845e-07 -2.6742046489818962e-10 1.3005362255445607e-11 -1.0838528849750423e-10 2.8789832865800796e-07 2.2113900856304118e-05 1.9773969777706347e-06 -2.9041000543185947e-10 1.2313657674692229e-11 -4.1424096922853818e-11 1.6915688110047465e-07 1.3338759919152171e-05 3.1559582331557634e-06 -2.282793026024927e-10 3.7394497218626053e-12 -7.2678679565593741e-12 4.1749998070118141e-08 5.4202258826759076e-06 2.2627198551070409e-06 -1.1332061042112347e-10 ]
[ -0.00051816700699801376 0.00092523202491135901 -6.4739022343387337e-08 4.2866567273245954e-08 6.0648427458506361e-08 0.00052334609038973611 1.6140469231022821e-09 2.6339687951702249e-09 2.2041146966083269e-05 -2.597936114949683e-05 3.8371866966805437e-05 -2.6931234163325842e-09 1.1618335332079465e-09 2.5118210694644826e-09 2.0457515775846069e-05 -3.1415679720880048e-05 3.4095631962832174e-05 -2.4084105158639243e-09 8.6416586495714306e-10 2.283722057360949e-09 1.9044163885566077e-05 -3.4678173262838114e-05 3.0805776871692512e-05 -2.12163239277665e-09 7.3320991304859318e-10 1.9915456754775385e-09 1.7733134825852673e-05 -3.5768402758382499e-05 2.9547971479285871e-05 -1.8356031504329988e-09 7.3418540620631329e-10 1.6635222311447998e-09 1.6424086652290013e-05 -3.4757108819397279e-05 3.0717682192285556e-05 -1.5496006038294509e-09 8.0425631572073715e-10 1.3116232880480815e-09 1.5016059777484627e-05 -3.1577546660939354e-05 3.3947076111687942e-05 -1.2628290442540672e-09 8.7349086256826765e-10 9.4819763147776942e-10 1.3439417646108738e-05 -2.6218559300703728e-05 3.8209678921804483e-05 -9.7793174537371397e-10 8.8695856451445348e-10 6.010873973988636e-10 1.1677617120157847e-05 -1.9134460779989454e-05 4.2193934848146432e-05 -7.0203466077538296e-10 8.2269657941081468e-10 3.1029434043813588e-10 9.7669195920439055e-06 -1.1438793106269384e-05 4.4905048907033823e-05 -4.4409686845213803e-10 6.9289169654073119e-10 1.0813854975753011e-10 7.7708851400430719e-06 -4.6112243293621858e-06 4.6132054983335781e-05 -2.0994451491412707e-10 5.2693422768532901e-10 1.8395358956489626e-12 5.7577552672090628e-06 7.0017248004082123e-17 4.5078627110873129e-05 -1.139758264168308e-12 3.6350396267918382e-10 -2.9349335406208092e-11 3.9165911734594874e-06 1.4126505768512102e-06 3.8527311424329459e-05 1.6077979479741399e-10 2.2800041272243439e-10 -2.1688402267205491e-11 2.4166758796836373e-06 1.6893909722532745e-07 3.0052392940736386e-05 2.5264830882482225e-10 1.2289375419116613e-10 -5.8106292433859061e-12 1.2748591768483452e-06 -1.9773969739754747e-06 2.2113900856713411e-05 2.8661369281270158e-10 4.9133683848249907e-11 2.2232932031077589e-12 4.9918176436319422e-07 -3.155958229098465e-06 1.3338759919845774e-05 2.4434762164225263e-10 9.0517385618504067e-12 1.4034289665900636e-12 9.0795246996659351e-08 -2.2627198525160489e-06 5.4202258832704553e-06 1.3498583281256396e-10 ]
[ -4.3427738777250501e-08 4.986319673315587e-08 0.0010606707296445352 2.7818083854255035e-05 -0.00058438254154803552 2.8618958903032333e-08 3.3127390146838274e-06 -2.4329561019032663e-05 1.1482918232329023e-09 -1.9700137069708382e-09 1.9148151810046161e-09 4.6404344430526883e-05 6.7619583725903388e-06 -2.1553632782987343e-05 9.5278379494401656e-10 -2.0179207931017788e-09 1.412524364501641e-09 4.6404344446554204e-05 8.8021741403693521e-06 -1.8753671914688529e-05 7.7760512563066004e-10 -1.9388933392498933e-09 1.0100376031383851e-09 4.6404344460504274e-05 9.4585825919522688e-06 -1.6399752907453105e-05 6.2277406658213639e-10 -1.7699666616241375e-09 7.383092158370124e-10 4.6404344472418578e-05 8.9626888368625331e-06 -1.4673941054240442e-05 4.8575282308095708e-10 -1.5468667176061481e-09 5.881032745845815e-10 4.6404344482551471e-05 7.6035042798077925e-06 -1.3446188186705861e-05 3.6382940142621141e-10 -1.2907486265089115e-09 5.2146649110401515e-10 4.6404344491173907e-05 5.7004498208931348e-06 -1.23915662420573e-05 2.5603546686198551e-10 -1.0134639120204565e-09 4.8711474815969586e-10 4.6404344498424211e-05 3.6296268698786873e-06 -1.1175363286210714e-05 1.6364837882055226e-10 -7.2892949122318453e-10 4.3637328316795316e-10 4.6404344504268542e-05 1.7872827183775508e-06 -9.6211316113152348e-06 8.9180941122837216e-11 -4.5658132996539254e-10 3.3815325152155269e-10 4.6404344508568339e-05 4.6981533140203758e-07 -7.7612232092919419e-06 3.4701817832978453e-11 -2.1264470529436713e-10 1.8645285460031099e-10 4.6404344511185894e-05 -2.3067060761143628e-07 -5.757753315507545e-06 7.0020466498161903e-13 -1.1397582641680107e-12 -1.1397582641683597e-12 4.5097179877908655e-05 -4.2867762089748969e-07 -3.9043110523894106e-06 -1.4827171306672259e-11 1.6366122450776346e-10 -1.6795615375986931e-10 3.856135670648065e-05 -3.4441368160951592e-07 -2.4153563406570932e-06 -1.7194638295886334e-11 2.6594281067894051e-10 -2.5420560694351861e-10 3.0064786583019282e-05 -1.7849909639174333e-07 -1.2954929077488219e-06 -1.2518751334381524e-11 3.1514585370236221e-10 -2.5908360723190776e-10 2.2221798776669266e-05 -5.3923959973426116e-08 -5.2462109556143906e-07 -5.9716736960395237e-12 2.7868678950123901e-10 -1.8468650580767353e-10 1.3725228654418355e-05 -5.331788984151231e-09 -9.9837415489868514e-08 -1.2388758843969799e-12 1.5668408933742403e-10 -8.067109342382524e-11 5.8822408509985832e-06 ]
[ -3.8943049548766139e-09 6.6573697899661785e-09 -9.798346112514051e-06 -5.2885829372428754e-07 6.1622634771916105e-06 4.1609882682802113e-09 -4.5262014932276672e-08 2.570065429453839e-07 1.7654029195778203e-10 -1.9512532426057993e-10 2.7637198468371147e-10 -4.2867764140349178e-07 -8.1771308878258887e-08 2.2883707982776673e-07 1.6646931629618397e-10 -2.3619222559072537e-10 2.4612242391663909e-10 -4.2867763931248047e-07 -1.0349947020130413e-07 2.009102391537812e-07 1.5759952973989624e-10 -2.6164928761676327e-10 2.2323267386089854e-10 -4.2867763719528191e-07 -1.1054632255120937e-07 1.7835683746104978e-07 1.4936961653887558e-10 -2.7143255962005112e-10 2.1560987783164614e-10 -4.2867763507015725e-07 -1.0505307868432857e-07 1.6316590928038435e-07 1.4099116300439616e-10 -2.6586688675778632e-10 2.2642009728890529e-10 -4.2867763292887908e-07 -8.9686461637999474e-08 1.5385028813395162e-07 1.3167260405929551e-10 -2.441403013951698e-10 2.5314870891293577e-10 -4.2867763076278438e-07 -6.7520484801781649e-08 1.4663323971591842e-07 1.208486883678089e-10 -2.0579483483496162e-10 2.8822922292015362e-10 -4.2867762858964978e-07 -4.254015973625873e-08 1.374924797644391e-07 1.0834894341543533e-10 -1.5392819723044501e-10 3.2171886535355096e-10 -4.2867762646234517e-07 -1.9372839495450766e-08 1.2419104309029207e-07 9.4413741845472156e-11 -9.6833149697948575e-11 3.4582676764004019e-10 -4.2867762444935475e-07 -1.8989014648236384e-09 1.0705856314616358e-07 7.9519838530970826e-11 -4.5900296893104679e-11 3.5857899437768637e-10 -4.2867762259680867e-07 8.1136504500576703e-09 8.8027674315744562e-08 6.4118429609196173e-11 -1.1447794306579368e-11 3.6350396267918382e-10 -4.2867762089748969e-07 1.1196369790209075e-08 6.8925104183935782e-08 4.8478209366559483e-11 2.8717479943120329e-14 3.6439585980302526e-10 -4.2868471821920648e-07 9.3754301891133678e-09 5.0431360310189671e-08 3.3027097088000604e-11 -1.2903932362182536e-11 3.4618586019703105e-10 -4.2780643362496579e-07 5.4325841233926433e-09 3.253110153649855e-08 1.9011326687758868e-11 -4.1350395563709771e-11 2.9574101651450802e-10 -4.1442913550824796e-07 1.9055972723325585e-09 1.5930559083032688e-08 8.0387844042273291e-12 -6.0731427358984931e-11 2.0363843435350023e-10 -3.5000054567660209e-07 2.447989851703807e-10 3.623381857629948e-09 1.5585778517391266e-12 -4.5307707049438205e-11 9.1210447081689495e-11 -1.9697925038180284e-07 ]
[ -2.9561930317995024e-09 -8.6843726413040858e-09 -8.9241395369969696e-05 -4.2021310105238115e-06 5.3662017150076385e-05 -5.0808805821341637e-09 -3.7638004411006445e-07 2.2358073916708281e-06 -2.0829584659963089e-10 -1.0547895530149003e-10 -3.8098203992625261e-10 -3.9043110480280608e-06 -6.9365499351913699e-07 1.9857011051995207e-06 -1.8005945487752443e-10 -6.5826139886792309e-11 -3.7676151031310912e-10 -3.9043110493200325e-06 -8.8194696605075759e-07 1.7368941418918777e-06 -1.5218177643617795e-10 -4.5665691521306001e-11 -3.6525824947703475e-10 -3.9043110507096477e-06 -9.4281932195992052e-07 1.5337011474466412e-06 -1.2536338177822483e-10 -4.9730326517863066e-11 -3.4976557768255356e-10 -3.9043110520754477e-06 -8.9585920807456517e-07 1.3932800770952606e-06 -1.0003178974483563e-10 -7.7937099387978097e-11 -3.3029357348176919e-10 -3.9043110532941172e-06 -7.6527735497127258e-07 1.3029775582317266e-06 -7.6598269023622419e-11 -1.2578802097724212e-10 -3.0290970332773411e-10 -3.9043110542434192e-06 -5.7845131462122291e-07 1.2307733617218999e-06 -5.5678385712486967e-11 -1.845875082914599e-10 -2.6255055882170593e-10 -3.9043110548089153e-06 -3.6980155563422118e-07 1.1427763840934656e-06 -3.8066298977125755e-11 -2.4302466681415102e-10 -2.076819005717092e-10 -3.9043110549048181e-06 -1.7827573277944343e-07 1.0202096436415238e-06 -2.4439291855220416e-11 -2.9127520970096321e-10 -1.434030258753227e-10 -3.9043110545008164e-06 -3.566575432939824e-08 8.6563177045106248e-07 -1.4995862913796749e-11 -3.2543201323600587e-10 -8.0180083658662161e-11 -3.9043110536332073e-06 4.4611157783863204e-08 6.9464853044835694e-07 -9.2930354478632216e-12 -3.4837658696426447e-10 -2.9349335406208079e-11 -3.9043110523894114e-06 6.8925104183935782e-08 5.2200340678511019e-07 -6.3604275805080091e-12 -3.6497609281906453e-10 6.0873566431503622e-13 -3.8917314781555716e-06 5.6544016346982241e-08 3.567889417114698e-07 -4.9452326667440927e-12 -3.6130451780002192e-10 5.0436322252738502e-12 -3.6899005381850755e-06 3.069026299576336e-08 2.0933368447391994e-07 -3.8073086349586825e-12 -3.2274980154033917e-10 -1.2196943868378278e-11 -3.1757136148387316e-06 9.7282046477829552e-09 9.1754943728949244e-08 -2.2375459043423722e-12 -2.3410039939253114e-10 -3.1983059463130493e-11 -2.2511121169242856e-06 9.9166524089931018e-10 1.8661232041121427e-08 -5.7620350545944193e-13 -1.1142372832719898e-10 -2.8824604174078866e-11 -1.0687170165015616e-06 ]
[ -3.8140573524595488e-05 8.1274039632831218e-05 -5.7264019406942779e-09 3.9485452817016442e-09 5.4029050240587292e-09 5.0743303180204146e-05 1.4986856767755817e-10 2.3555605767549451e-10 2.1444951417631869e-06 -1.96090604278725e-06 3.3978998057853695e-06 -2.3895275012324829e-10 1.1008844993352542e-10 2.2638639654782215e-10 2.003103248323073e-06 -2.4459167890599441e-06 3.0697933130072815e-06 -2.1510548000426096e-10 8.3810217848497375e-11 2.0742872667479549e-10 1.8749316736291082e-06 -2.7413770329225826e-06 2.8117872871883192e-06 -1.9086467143852964e-10 7.2436083333177977e-11 1.8228051811666529e-10 1.7548251520971344e-06 -2.8410726569499006e-06 2.7121907340906237e-06 -1.665674902618796e-10 7.3121727173582802e-11 1.5340283446514269e-10 1.6348755039412118e-06 -2.7485772177783327e-06 2.8048273468174797e-06 -1.4227032181150395e-10 8.0378174368128127e-11 1.2181711825102264e-10 1.5071216777608083e-06 -2.4604868770725511e-06 3.0582311393667578e-06 -1.1802364610746275e-10 8.7918838928121883e-11 8.8577260793548665e-11 1.3662663593693097e-06 -1.9820889439934564e-06 3.3856557938638136e-06 -9.4151205392877184e-11 9.0671556677113818e-11 5.6185203449856456e-11 1.211445601961024e-06 -1.359706608994982e-06 3.679106685767752e-06 -7.1318059230237933e-11 8.6492416423639919e-11 2.837627953628129e-11 1.0460453203109148e-06 -6.9340792509278087e-07 3.8613381379880321e-06 -5.0291121435690326e-11 7.6402331253192138e-11 8.36050393254733e-12 8.754007504773814e-07 -1.0942086155194063e-07 3.9235152991327778e-06 -3.1520616003256615e-11 6.3010102116392175e-11 -2.7949297999717579e-12 7.0379990665587044e-07 2.8542788624535044e-07 3.9165911734594874e-06 -1.4827171306672253e-11 4.8478209366559483e-11 -6.3604275805080091e-12 5.3290869673152085e-07 4.2897077699624465e-07 3.8917315311801161e-06 5.8023301603933415e-13 3.3893593476312438e-11 -5.0989327007080746e-12 3.6552789403954553e-07 3.0979740436714038e-07 3.7012227947372784e-06 1.4800728043712434e-11 2.0254909680735715e-11 -2.2368596884165141e-12 2.1316878223910652e-07 7.7021430689670448e-09 3.201137888901157e-06 2.5561954869143288e-11 8.948909950353125e-12 -2.6337615804322592e-13 9.1954966030828043e-08 -2.6417829329650915e-07 2.2610534375816129e-06 2.7751950694960208e-11 1.8091023029404715e-12 1.1663007635015361e-13 1.8315611456300049e-08 -2.7011916208086731e-07 1.0517261211498329e-06 1.7924702059633125e-11 ]
[ 0.00075225806555164311 0.00045932315362328497 1.3000140302391348e-08 2.329654316916993e-08 -4.4806385676074102e-08 0.00023501532214240253 1.1500090517231024e-09 -1.8068312725608442e-09 9.8028493241015493e-06 3.1057699650159908e-05 2.2778281621381645e-05 5.4876711415393064e-10 1.3299845856761112e-09 -1.5105939811121776e-09 8.7042338984270752e-06 2.733589171400653e-05 2.715973265207047e-05 5.310215704626337e-10 1.3809862216189032e-09 -1.2736751400163759e-09 7.4523828871251841e-06 2.4501357056978369e-05 2.9766530436060932e-05 5.4333274441055766e-10 1.3224312863113828e-09 -1.1254624893342841e-09 6.1249846237835068e-06 2.3422549483562743e-05 3.0632688600127705e-05 5.7199033392013117e-10 1.1779547273889418e-09 -1.0599525629264964e-09 4.796225181778722e-06 2.4425718441458486e-05 2.9829335651433621e-05 6.0095386512470888e-10 9.681531039176262e-10 -1.0423404478572414e-09 3.5401733226437205e-06 2.7207441039148486e-05 2.7289526503190484e-05 6.1414366212089965e-10 7.1756766983619208e-10 -1.0249459539412164e-09 2.4344405829024268e-06 3.0915506906661961e-05 2.2971877966063763e-05 5.9771766365585376e-10 4.6223875448994894e-10 -9.6797360510958711e-10 1.5514564308171723e-06 3.4446361631240607e-05 1.7212693742439536e-05 5.4278662337269451e-10 2.4418470369453601e-10 -8.5681762837270426e-10 9.366832920096075e-07 3.6938916967610266e-05 1.0905723815218923e-05 4.4764934157631012e-10 9.4222630718122592e-11 -7.038537897311379e-10 5.8773444143926027e-07 3.8171654509637166e-05 5.2733363056920673e-06 3.17837904100162e-10 1.8636367637706779e-11 -5.3329711446636922e-10 4.4985375197907879e-07 3.8527311424313189e-05 1.4126505768512096e-06 1.6366122450776346e-10 2.8717479943113867e-14 -3.6497609281906458e-10 4.289707769962446e-07 3.7254177965503987e-05 5.8023583015925139e-17 -2.8610157290006859e-14 8.271004150060039e-12 -2.208235134660715e-10 4.1545855039014546e-07 3.0044710753479376e-05 9.3363724481535301e-07 -1.2739470674371333e-10 1.673222929656261e-11 -1.1417740647914161e-10 3.3453468488542865e-07 2.2031144890926032e-05 2.7877514958766631e-06 -1.8320591641411947e-10 1.3876179280689872e-11 -4.3602917284929574e-11 1.8739167456856919e-07 1.3216820251564337e-05 3.6438447074582853e-06 -1.5957267497478428e-10 4.0466265804106758e-12 -7.6468258643193257e-12 4.5061618628128016e-08 5.3347126650311331e-06 2.4605205312798025e-06 -8.2757446756964914e-11 ]
[ -0.00045932315194434717 0.00075225806444809747 -5.806595890274399e-08 3.5338062700556408e-08 5.5914229196639463e-08 0.00044473774515378558 1.3116491422049645e-09 2.4204016063577174e-09 1.8763974287742331e-05 -2.2778281550924554e-05 3.1057699612143043e-05 -2.4238458685429144e-09 9.0877288463247712e-10 2.2974158373441362e-09 1.7488175772136676e-05 -2.715973258963764e-05 2.7335891693737886e-05 -2.1863676228493414e-09 6.4811965916118382e-10 2.0868530248211729e-09 1.6359779441250441e-05 -2.9766530383537663e-05 2.4501357049264522e-05 -1.9483038878105776e-09 5.3997890057302502e-10 1.8269054652662918e-09 1.5319335973222191e-05 -3.0632688557831873e-05 2.3422549483235876e-05 -1.7114788150250948e-09 5.5371313486898198e-10 1.541444081181636e-09 1.4280591382367483e-05 -2.9829335618586127e-05 2.4425718444392913e-05 -1.4746874714402146e-09 6.3433255866187059e-10 1.2378753722258284e-09 1.3156782378103937e-05 -2.7289526478605699e-05 2.7207441042632488e-05 -1.2366622939407139e-09 7.19820526886676e-10 9.2256358188900278e-10 1.1887065121257485e-05 -2.2971877948574257e-05 3.0915506909323082e-05 -9.9908038318144258e-10 7.5949540662261364e-10 6.1577416538522337e-10 1.0454951398084504e-05 -1.721269373095915e-05 3.4446361632739618e-05 -7.6753388184059975e-10 7.3015631250596982e-10 3.5074278035279175e-10 8.8888889944327511e-06 -1.0905723808612889e-05 3.6938916968215502e-05 -5.4941041143731755e-10 6.3903260612146835e-10 1.5712023357483528e-10 7.2418338711676528e-06 -5.2733363026769798e-06 3.8171654509789524e-05 -3.4976426295606805e-10 5.0964496055322416e-10 4.4734114157485709e-11 5.5621510953745614e-06 -1.4126505760150309e-06 3.8527311424329459e-05 -1.6795615375986921e-10 3.6439585980302526e-10 6.087356643150233e-13 3.891731531180117e-06 5.8025277081820042e-17 3.7254177965503973e-05 -2.8610157290730642e-14 2.2936070815305805e-10 -3.3486073307498519e-12 2.4035652158619232e-06 -9.3363724416977817e-07 3.0044710753491959e-05 1.2991075431948613e-10 1.2314614691793442e-10 3.8747389729105013e-12 1.2637085740753131e-06 -2.7877514941595821e-06 2.2031144891012968e-05 1.9925116984554364e-10 4.8896781814422874e-11 6.0528323404397336e-12 4.9274554637791127e-07 -3.6438447051532308e-06 1.3216820251776185e-05 1.9215157150876704e-10 8.9338588099163072e-12 2.109179528865269e-12 8.9221677518309105e-08 -2.4605205296059037e-06 5.3347126652499929e-06 1.1317025911778432e-10 ]
[ -4.1355363177471351e-08 4.2782376892810882e-08 0.00088140243701447483 3.1187626164041067e-05 -0.00050204586260328243 2.5838131074864426e-08 3.1649680588393357e-06 -2.0903189807779906e-05 1.0407984193939119e-09 -1.8713836655097007e-09 1.6303670278215266e-09 3.8561356627112816e-05 6.1289168872809988e-06 -1.8527776673730301e-05 8.7254751120718172e-10 -1.9145332214257114e-09 1.1776661833920864e-09 3.856135664155697e-05 7.8836113510782383e-06 -1.6147372963766465e-05 7.2243167674525025e-10 -1.8481797918554815e-09 8.1946029972819649e-10 3.856135665414821e-05 8.4490426419746036e-06 -1.4170631420753175e-05 5.8993278561624733e-10 -1.7069876416369649e-09 5.851628456328753e-10 3.8561356664971902e-05 8.0184395631247008e-06 -1.2755728928683624e-05 4.722470822414046e-10 -1.5223631196024563e-09 4.6823426831494907e-10 3.8561356674313747e-05 6.8311583604430326e-06 -1.1788194187690636e-05 3.6642308778842233e-10 -1.310283989007986e-09 4.3608339887404077e-10 3.8561356682473805e-05 5.153396566884964e-06 -1.0980311066151278e-05 2.7111421041888534e-10 -1.076747615721022e-09 4.4250648559720167e-10 3.8561356689619178e-05 3.3067419410163956e-06 -1.0031752064436757e-05 1.8712985698788968e-10 -8.3005461378181982e-10 4.407318419447248e-10 3.8561356695735285e-05 1.64059254224618e-06 -8.7797792839915271e-06 1.1664417733979083e-10 -5.8659859662464338e-10 3.9727331435215338e-10 3.8561356700681639e-05 4.2695488424535625e-07 -7.2490174858713218e-06 6.1714492357177798e-11 -3.6431009066298143e-10 3.0090318275725692e-10 3.8561356704297697e-05 -2.355390262424884e-07 -5.5737310088889555e-06 2.3191040978265105e-11 -1.7070003947173016e-10 1.6077979479741391e-10 3.8561356706480643e-05 -4.2868471821920648e-07 -3.8917314781555716e-06 5.8023301603933415e-13 -2.8610157290052096e-14 -2.8610157290730642e-14 3.7254192073054625e-05 -3.4441368063597183e-07 -2.4153563397644145e-06 -8.3434075224967662e-12 1.3204578392880862e-10 -1.251675629987236e-10 3.0064786584720165e-05 -1.7849909592200083e-07 -1.2954929072633221e-06 -8.366528343315838e-12 2.0764707167444241e-10 -1.7354611966237219e-10 2.222179877876824e-05 -5.3923959817820909e-08 -5.2462109535635004e-07 -4.5986019099189648e-12 2.0546501013238859e-10 -1.4188578620558664e-10 1.3725228656221231e-05 -5.3317889621617056e-09 -9.9837415449410846e-08 -1.038325346884071e-12 1.2274584526076291e-10 -6.7670119115758274e-11 5.8822408519698064e-06 ]
[ -2.2006752617021006e-09 4.1904984189648566e-09 -7.8723130252352559e-06 -4.3156010958540009e-07 4.977892030157883e-06 2.679413241944254e-09 -3.6754351682541692e-08 2.0763535038807632e-07 1.1386194233240555e-10 -1.1207932645695424e-10 1.7504284768803533e-10 -3.4441369423428037e-07 -6.6253866414611705e-08 1.849328932793789e-07 1.0767352113913878e-10 -1.3855157906185035e-10 1.5789322930067225e-10 -3.4441369295475314e-07 -8.3816069683927528e-08 1.6243518228721829e-07 1.0217148875896276e-10 -1.5525680208649248e-10 1.4479506552965773e-10 -3.4441369164873443e-07 -8.9513956416704187e-08 1.4429086898244602e-07 9.7020599235377211e-11 -1.6190102321840671e-10 1.4065789848760459e-10 -3.4441369033078192e-07 -8.5066891049140595e-08 1.3210847381085406e-07 9.1747240570292115e-11 -1.5855663568619651e-10 1.4749572184549557e-10 -3.4441368899972931e-07 -7.2618271838463594e-08 1.2468341823322942e-07 8.5876095949965822e-11 -1.4474800539622305e-10 1.6378069606797526e-10 -3.4441368765417358e-07 -5.4644693645792493e-08 1.189553824109473e-07 7.9071073460838537e-11 -1.2035861218496452e-10 1.8484826311183438e-10 -3.4441368630855666e-07 -3.4368392986656508e-08 1.1166279866926608e-07 7.1237992415165628e-11 -8.7551595669412578e-11 2.0462529864033864e-10 -3.4441368499791696e-07 -1.5542116952698463e-08 1.0099104093176222e-07 6.2531946732532902e-11 -5.1680990241344412e-11 2.1848184284537868e-10 -3.4441368376530133e-07 -1.3222708595063245e-09 8.7209879909976504e-08 5.3246913884324477e-11 -1.9904027173462219e-11 2.2546346468088917e-10 -3.4441368263814627e-07 6.8413735102845969e-09 7.1893937484082841e-08 4.3653018176630697e-11 1.4037597702485263e-12 2.2800041272243436e-10 -3.4441368160951592e-07 9.3754301891133678e-09 5.6544016346982234e-08 3.3893593476312438e-11 8.271004150060039e-12 2.2936070815305803e-10 -3.4441368063597183e-07 7.9347313187062991e-09 4.1739624934778441e-08 2.4013701941406439e-11 -6.7523993252978333e-13 2.2934365159771029e-10 -3.4419101510502191e-07 4.6494024896027856e-09 2.7287871599124044e-08 1.4384253731609498e-11 -2.2236124814393522e-11 2.1156134033963688e-10 -3.380881923630319e-07 1.6539592692284072e-09 1.3578229585785425e-08 6.2905331205681941e-12 -4.0415479016641396e-11 1.5517119880709915e-10 -2.933638865261507e-07 2.1890934805439605e-10 3.1362860223648616e-09 1.2533989808240096e-12 -3.2900408233660545e-11 7.2632323872203784e-11 -1.692927096592101e-07 ]
[ -1.6718824964738837e-09 -5.3769861762258594e-09 -5.5208144852614486e-05 -2.851802998606878e-06 3.3951781727066814e-05 -3.2192913026469916e-09 -2.4661105026466689e-07 1.4150722262030231e-06 -1.3209328611404887e-10 -5.8403671161971095e-11 -2.3530636689255561e-10 -2.4153563376823529e-06 -4.4749464360946255e-07 1.2579574199024921e-06 -1.1445995056814596e-10 -3.4002952603056094e-11 -2.3167968916574716e-10 -2.415356338507335e-06 -5.6684433661367518e-07 1.1020687154331812e-06 -9.7079144685005144e-11 -2.1700886237720817e-11 -2.2389878195331067e-10 -2.4153563393882929e-06 -6.0548192649318964e-07 9.7559162202186544e-07 -8.0371265937134761e-11 -2.4292348147485152e-11 -2.1408030593623906e-10 -2.4153563402519565e-06 -5.7552149277808729e-07 8.8944203826969395e-07 -6.4583516412737275e-11 -4.1670406678089216e-11 -2.0225156976706812e-10 -2.4153563410245509e-06 -4.9194307303945731e-07 8.3551169587385991e-07 -4.9952966092911142e-11 -7.1104237502810629e-11 -1.8596027679151757e-10 -2.4153563416329785e-06 -3.7181906596164953e-07 7.9323368318227745e-07 -3.6847198710846001e-11 -1.0734567422354663e-10 -1.6199740023568064e-10 -2.4153563420083484e-06 -2.3696183600050797e-07 7.4073883424321747e-07 -2.5751809194877021e-11 -1.4352945407240193e-10 -1.2925638766435855e-10 -2.4153563420983719e-06 -1.1242584213900347e-07 6.6583394220508079e-07 -1.708860842973568e-11 -1.7361963435819937e-10 -9.0674774389205757e-11 -2.415356341883835e-06 -1.8998701283288817e-08 5.70153727384312e-07 -1.0989225233418598e-11 -1.9511344579431112e-10 -5.2523303519481965e-11 -2.4153563413858732e-06 3.4131379669673752e-08 4.6391060355966452e-07 -7.1898477203273262e-12 -2.0962978000387788e-10 -2.1688402267205478e-11 -2.4153563406570932e-06 5.0431360310189671e-08 3.567889417114698e-07 -5.0989327007080714e-12 -2.2082351346607155e-10 -3.3486073307498325e-12 -2.4153563397644145e-06 4.1739624934778441e-08 2.5267482510436693e-07 -3.9558022126016332e-12 -2.2978327973079039e-10 -2.3576375659439001e-13 -2.3993485854881802e-06 2.3041142743567486e-08 1.5360402410529658e-07 -2.9998443078757707e-12 -2.2066650232787608e-10 -1.1358801169956929e-11 -2.2154028066331612e-06 7.4257022758090716e-09 6.9271363715670927e-08 -1.7542559516570671e-12 -1.6936247261047542e-10 -2.5278968790631535e-11 -1.6608286490388143e-06 7.6581471550950467e-10 1.4400899845923219e-08 -4.5369458725366505e-13 -8.354380491952941e-11 -2.2627536726875098e-11 -8.1719135740531149e-07 ]
[ -2.0527143484765138e-05 5.1836943888255157e-05 -3.6733214755225481e-09 2.5427380706400742e-09 3.3309321998607459e-09 3.2980112688004577e-05 9.7092794209554868e-11 1.4559910597915749e-10 1.3945050754754362e-06 -1.0852572022760671e-06 2.1812287759457185e-06 -1.5365904514599958e-10 7.2356055541805615e-11 1.4055686954274934e-10 1.3031488940306742e-06 -1.3984490976502421e-06 1.9964390867040603e-06 -1.3904785542763964e-10 5.5849163398136797e-11 1.291895878924905e-10 1.2193298838245324e-06 -1.5914670351137486e-06 1.8478383289966995e-06 -1.2407640984397014e-10 4.8544870875160915e-11 1.1370821959359062e-10 1.1401793228275536e-06 -1.6570764180698451e-06 1.7899247831314693e-06 -1.0900609329193703e-10 4.8739139091188312e-11 9.5682736812866086e-11 1.0611199929377603e-06 -1.5961965255564281e-06 1.8438001909402863e-06 -9.3934583618238779e-11 5.3039646607955747e-11 7.5820822220202057e-11 9.7754166674612455e-07 -1.4079229561663174e-06 1.9898306832579182e-06 -7.8956077125391593e-11 5.7538072186177277e-11 5.4857714159581658e-11 8.8648787284598438e-07 -1.0988559824467885e-06 2.174451072419004e-06 -6.4324212095301074e-11 5.908871628675769e-11 3.4419143188833616e-11 7.8771106613810979e-07 -7.0184500909498056e-07 2.3324978823777367e-06 -5.0483306489238537e-11 5.6384541851812378e-11 1.6876370192491138e-11 6.8347414243155366e-07 -2.8187404940952671e-07 2.4199255163935452e-06 -3.7912165503039773e-11 5.0094235348050622e-11 4.2527979144342979e-12 5.7705220909338857e-07 8.2478917301477816e-08 2.4360933992340997e-06 -2.6866240014740253e-11 4.1863441100593461e-11 -2.7675920561690156e-12 4.7087011013912761e-07 3.2695168695379756e-07 2.4166758796836368e-06 -1.7194638295886334e-11 3.3027097088000597e-11 -4.9452326667440927e-12 3.6552789403954553e-07 4.1545855039014536e-07 2.4035652158619232e-06 -8.3434075224967662e-12 2.4013701941406439e-11 -3.9558022126016316e-12 2.6031035809640617e-07 3.374385353487266e-07 2.399347418335552e-06 4.3962813308008596e-13 1.4939460442054361e-11 -1.8183182395824194e-12 1.5774877845362157e-07 1.1969916986670645e-07 2.236332756071091e-06 8.9394081105137252e-12 6.8285514438382674e-12 -2.7223531504799682e-13 7.031992297188148e-08 -1.1076756937024341e-07 1.6813637625155093e-06 1.3611283436794237e-11 1.4188530781458249e-12 7.5524921982885492e-14 1.4393128106605498e-08 -1.6491028260961925e-07 8.1729965730468762e-07 1.0266827836141477e-11 ]
[ 0.00059722346861761414 0.0003396857227505043 1.4604392381063524e-08 1.8049041593702494e-08 -3.9227871217939487e-08 0.00017393861742534444 9.0800155901566612e-10 -1.5898503886685506e-09 7.253316657769539e-06 2.4749198239112198e-05 1.6996430230928924e-05 6.2054957456222351e-10 1.0758224108995026e-09 -1.3426658570816696e-09 6.4281926517236874e-06 2.1955340645846443e-05 2.0500206347905129e-05 6.0098028714138165e-10 1.1326620787087159e-09 -1.1407583948144186e-09 5.4801117645093024e-06 1.9809877673172891e-05 2.2599819169425789e-05 6.0481527927226113e-10 1.0934049775494026e-09 -1.0107779742074719e-09 4.4710418854071724e-06 1.8990280354035224e-05 2.3300768088747099e-05 6.2141639839484641e-10 9.779205531200246e-10 -9.4973900850334056e-10 3.4608703710780278e-06 1.9752463318466885e-05 2.2650582510701213e-05 6.3825670509094885e-10 8.0430034145894453e-10 -9.2984911688326282e-10 2.5094054922953054e-06 2.1858398224088958e-05 2.0604440486659508e-05 6.427772014067822e-10 5.94071501795031e-10 -9.1176172559116395e-10 1.678589026515628e-06 2.4643091753085138e-05 1.7150707871543869e-05 6.2423351955992439e-10 3.7828579457296064e-10 -8.6217160781434239e-10 1.0252525230320835e-06 2.7254851689553786e-05 1.2578100399924786e-05 5.7583491426218957e-10 1.9298813713678535e-10 -7.6861403075443645e-10 5.8412968818496411e-07 2.9044382155712272e-05 7.6037997638724338e-06 4.9643456680646028e-10 6.4994420394490233e-11 -6.4126762635586841e-10 3.5208027787184637e-07 2.9868649786909469e-05 3.1855608333631621e-06 3.9046498450854097e-10 7.745781134288445e-13 -5.0040570924048933e-10 2.8527189181974281e-07 3.0052392940608718e-05 1.6893909722532639e-07 2.6594281067894036e-10 -1.2903932362182542e-11 -3.6130451780002192e-10 3.0979740436714022e-07 3.0044710753479379e-05 -9.3363724416977965e-07 1.3204578392880846e-10 -6.7523993252978979e-13 -2.2978327973079033e-10 3.374385353487265e-07 2.8747247091529008e-05 4.3961925366555734e-17 6.7535069267771881e-13 1.1914008436628299e-11 -1.2004381234741372e-10 2.9320631557180991e-07 2.2105993856171571e-05 2.0694265271037965e-06 -8.9682789318323548e-11 1.2034041409001185e-11 -4.612624254162566e-11 1.7123608326429609e-07 1.3325822897876903e-05 3.2114973950163215e-06 -1.0402135555855832e-10 3.7292855173819331e-12 -8.1586170091836376e-12 4.2128339026878682e-08 5.4108905757275915e-06 2.2853024479776722e-06 -5.9941514437007088e-11 ]
[ -0.00033968572111911028 0.00059722346780823098 -4.7836973951632604e-08 2.8477870139895224e-08 4.5634105715221909e-08 0.00036753683070023398 1.0563975324625737e-09 1.9766512088298066e-09 1.552797038051754e-05 -1.6996430162802359e-05 2.4749198212677991e-05 -2.0025499795824514e-09 7.3026033129504973e-10 1.8792670732014444e-09 1.4507374610248504e-05 -2.0500206287950792e-05 2.1955340634755051e-05 -1.8179499480544537e-09 5.1916862630114089e-10 1.710998692130098e-09 1.3597920276735219e-05 -2.2599819119005698e-05 1.9809877672612877e-05 -1.6321668682232081e-09 4.3233688035194569e-10 1.5028213855704302e-09 1.2755166697759846e-05 -2.3300768047772937e-05 1.8990280359277375e-05 -1.4469535721563211e-09 4.4580526320800743e-10 1.2740069315353721e-09 1.1913703866834767e-05 -2.2650582478169445e-05 1.9752463325752673e-05 -1.2617591572419767e-09 5.1567142356698205e-10 1.0301103108222909e-09 1.1007722119866107e-05 -2.0604440461349324e-05 2.1858398230933513e-05 -1.0759848712150247e-09 5.9185493913264029e-10 7.7540984242907876e-10 9.9916923910090984e-06 -1.7150707852434806e-05 2.46430917582193e-05 -8.9127215900362794e-10 6.3275188710830216e-10 5.2537675644606827e-10 8.8545196074125306e-06 -1.2578100386236618e-05 2.7254851692699389e-05 -7.1219306240460172e-10 6.1846349759114948e-10 3.0656502868676811e-10 7.6194680513262423e-06 -7.603799754877209e-06 2.9044382157246374e-05 -5.4454472509311833e-10 5.537827591638294e-10 1.4362748036769392e-10 6.3277401952120155e-06 -3.1855608282048484e-06 2.9868649787464723e-05 -3.9213137152265677e-10 4.57330725893935e-10 4.6009787034836315e-11 5.0156950928019849e-06 -1.6893909488257972e-07 3.0052392940736386e-05 -2.5420560694351881e-10 3.4618586019703099e-10 5.0436322252738502e-12 3.7012227947372784e-06 9.3363724481535301e-07 3.0044710753491956e-05 -1.251675629987236e-10 2.2934365159771029e-10 -2.3576375659439001e-13 2.399347418335552e-06 4.3962560641266175e-17 2.8747247091529025e-05 6.7535069267753786e-13 1.2436068278117918e-10 5.6665303413086973e-12 1.2736798521725079e-06 -2.0694265266328153e-06 2.2105993856179428e-05 9.8689690718372692e-11 4.9542128047428144e-11 6.8608692626748114e-12 4.9848523171206626e-07 -3.211497393979211e-06 1.3325822897917378e-05 1.2848136227804459e-10 9.0816925089687144e-12 2.2834318891947646e-12 9.062286577278195e-08 -2.285302447036738e-06 5.4108905757855735e-06 8.5393731297723231e-11 ]
[ -3.6345726397954573e-08 3.4390132468144232e-08 0.00068719512012846689 3.044939364435317e-05 -0.00040557441853242607 2.1911402331476735e-08 2.7869318095849017e-06 -1.6890805431603024e-05 8.8601402658960866e-10 -1.641496963462598e-09 1.3010178343740246e-09 3.0064786512113463e-05 5.1827546585609546e-06 -1.498493053266346e-05 7.5008359032286072e-10 -1.677646247737864e-09 9.2058297425915125e-10 3.0064786524248541e-05 6.602866788740412e-06 -1.3086232908022839e-05 6.2922950650750945e-10 -1.625320289960735e-09 6.2282768648211486e-10 3.006478653483996e-05 7.0613368885419931e-06 -1.1528453458597857e-05 5.2264782102564787e-10 -1.514580923756412e-09 4.3354658912794926e-10 3.0064786543994095e-05 6.7092588336504403e-06 -1.0440742053764947e-05 4.2762564013884533e-10 -1.3712547584396438e-09 3.4852012052671767e-10 3.0064786551991767e-05 5.7328255523952509e-06 -9.7284300315723013e-06 3.4133255473610876e-10 -1.2065497876666501e-09 3.4152331574259639e-10 3.0064786559125282e-05 4.3409314457483551e-06 -9.1523296237160952e-06 2.6231194207806408e-10 -1.022135803258639e-09 3.7375126706166954e-10 3.0064786565565727e-05 2.7928105284683468e-06 -8.4599817470608909e-06 1.9101338195604757e-10 -8.2192800445819792e-10 4.0382544208600397e-10 3.0064786571312405e-05 1.3784500714704422e-06 -7.5117542586858312e-06 1.2920880523800461e-10 -6.1887682319555891e-10 3.9968292707814753e-10 3.0064786576236201e-05 3.3164045751335484e-07 -6.3259735376920404e-06 7.8765893917868434e-11 -4.3040681980467305e-10 3.4770231339001569e-10 3.0064786580176026e-05 -2.5263749953692132e-07 -5.0166137746848343e-06 4.0661252983574298e-11 -2.6742046489818973e-10 2.5264830882482209e-10 3.0064786583019282e-05 -4.2780643362496589e-07 -3.6899005381850755e-06 1.4800728043712447e-11 -1.2739470674371331e-10 1.2991075431948585e-10 3.0064786584720168e-05 -3.4419101510502191e-07 -2.3993485854881802e-06 4.3962813308008596e-13 6.7535069267789975e-13 6.7535069267761541e-13 2.8757621951131685e-05 -1.7849909544669322e-07 -1.2954929067272053e-06 -4.2288286978206573e-12 9.9965865917788144e-11 -8.8233152567017239e-11 2.222179878001676e-05 -5.3923959660722866e-08 -5.2462109513082847e-07 -3.2317294802857977e-12 1.3215153327130635e-10 -9.9238328753298704e-11 1.3725228657498639e-05 -5.3317889400866555e-09 -9.983741540507955e-08 -8.3900216816158115e-13 8.8779496259946286e-11 -5.4740328578779171e-11 5.8822408527156867e-06 ]
[ -9.4868852872705778e-10 2.4034670501783034e-09 -4.0799795060184305e-06 -2.2897622059468368e-07 2.6137446241931406e-06 1.5604022759049364e-09 -1.9404996352137672e-08 1.0906554284028534e-07 6.6297370501063222e-11 -5.0589402920053318e-11 1.0151482420464331e-10 -1.7849910306063125e-07 -3.4906445497095831e-08 9.7231019844044491e-08 6.2602326202015517e-11 -6.5996202299444316e-11 9.3628090240190735e-11 -1.7849910237688534e-07 -4.4144202675395273e-08 8.550808923763985e-08 5.9230373367318121e-11 -7.5857899919432285e-11 8.7366728817622142e-11 -1.7849910166964417e-07 -4.7144404032249196e-08 7.6078574002308885e-08 5.6025976141016532e-11 -7.9745621814203708e-11 8.5382483627261151e-11 -1.7849910095107981e-07 -4.4795846420429968e-08 6.9788899020523656e-08 5.2757859306463747e-11 -7.7599479165636906e-11 8.8778279245989334e-11 -1.7849910022563098e-07 -3.8211495736749111e-08 6.6002872406566574e-08 4.9193771422893393e-11 -6.9263470101461885e-11 9.6707031286908494e-11 -1.7849909949761971e-07 -2.868608404735115e-08 6.3103194206260485e-08 4.5177562103891152e-11 -5.4947663200426376e-11 1.0664338652217994e-10 -1.7849909877918418e-07 -1.7918092753535526e-08 5.9364852221754796e-08 4.0681635164959391e-11 -3.6166605580026194e-11 1.15426000441874e-10 -1.7849909809197285e-07 -7.8973696692246079e-09 5.3829741127898037e-08 3.580390759962644e-11 -1.6072146574513206e-11 1.2084827574902406e-10 -1.7849909745966376e-07 -3.0698937559800779e-10 4.664789783898027e-08 3.0701741492292882e-11 1.4193008279114729e-12 1.227855091576527e-10 -1.7849909689525151e-07 4.0679562051078441e-09 3.8665467718951404e-08 2.5503001127729194e-11 1.3005362255445608e-11 1.2289375419116613e-10 -1.7849909639174339e-07 5.4325841233926433e-09 3.069026299576336e-08 2.0254909680735715e-11 1.673222929656261e-11 1.2314614691793442e-10 -1.7849909592200078e-07 4.6494024896027864e-09 2.3041142743567489e-08 1.4939460442054361e-11 1.1914008436628302e-11 1.2436068278117918e-10 -1.7849909544669322e-07 2.8352777623515369e-09 1.5572976486429914e-08 9.5483706357143194e-12 -9.2644931760741736e-13 1.2435781635803409e-10 -1.7822020647390625e-07 1.0641579933340126e-09 8.1411273066370565e-09 4.4647645456596919e-12 -1.626479156773924e-11 1.0405959191884299e-10 -1.6611164223483228e-07 1.5724436730760604e-10 1.980693746730869e-09 9.3716136830311386e-13 -1.7850793941843449e-11 5.3249379033253818e-11 -1.0431836432135331e-07 ]
[ -8.8112005472558179e-10 -2.7225802781070385e-09 -2.9611266428647981e-05 -1.6366776108786082e-06 1.8626075649794416e-05 -1.6632638525525686e-09 -1.384704403193932e-07 7.7669282190181683e-07 -6.8177746432729413e-11 -3.1241916237580917e-11 -1.1912282264582045e-10 -1.2954929064424875e-06 -2.48786302395412e-07 6.9131183433027477e-07 -5.8920919527176469e-11 -1.9210183202511944e-11 -1.1724064143445426e-10 -1.2954929068520095e-06 -3.1441787749905303e-07 6.0674964547243817e-07 -4.9790254802903457e-11 -1.3308579799553291e-11 -1.1319599683091837e-10 -1.2954929072881461e-06 -3.3569834591679643e-07 5.3853323783273522e-07 -4.101418920063566e-11 -1.4945159788787384e-11 -1.0799269705086267e-10 -1.2954929077133819e-06 -3.1911194533164386e-07 4.9267955504047623e-07 -3.2731514058243578e-11 -2.4036966239877028e-11 -1.0158954750280632e-10 -1.2954929080897434e-06 -2.7270525787365462e-07 4.646887759079278e-07 -2.5075650545935742e-11 -3.9142998204037771e-11 -9.2723264485586234e-11 -1.295492908379615e-06 -2.0573703497365008e-07 4.4312672601175847e-07 -1.82468723749475e-11 -5.7536483519132195e-11 -7.9802567579746464e-11 -1.2954929085478237e-06 -1.3022005160312434e-07 4.1579732961565531e-07 -1.2503919337368141e-11 -7.5706636741727284e-11 -6.2359066566709136e-11 -1.2954929085681283e-06 -6.013127998506953e-08 3.7588649251733294e-07 -8.0675076195362888e-12 -9.0642661276514098e-11 -4.1996167213549485e-11 -1.2954929084314983e-06 -7.2213517006654521e-09 3.2434154296901849e-07 -5.0022819131681833e-12 -1.0120643145354133e-10 -2.1974681495504148e-11 -1.2954929081494025e-06 2.3124775333905356e-08 2.6697426400083335e-07 -3.1639217503132465e-12 -1.0838528849750425e-10 -5.8106292433858931e-12 -1.2954929077488219e-06 3.253110153649855e-08 2.0933368447391997e-07 -2.2368596884165141e-12 -1.1417740647914161e-10 3.8747389729105078e-12 -1.2954929072633221e-06 2.7287871599124047e-08 1.5360402410529658e-07 -1.8183182395824202e-12 -1.2004381234741372e-10 5.6665303413086843e-12 -1.2954929067272053e-06 1.5572976486429914e-08 9.9012380507997438e-08 -1.4993699019399466e-12 -1.2467722792680409e-10 -6.0712405650748547e-13 -1.2829184940913713e-06 5.1942002403362774e-09 4.7333265796857858e-08 -9.6388060480011341e-13 -1.0858893837019776e-10 -1.108526948687899e-11 -1.0816722589742811e-06 5.5037297627926692e-10 1.0273178382336277e-08 -2.6940674261540385e-13 -5.8111208642508217e-11 -1.2870855215315607e-11 -5.7265498975293598e-07 ]
[ -8.5275707016633189e-06 2.8637034396755599e-05 -1.9829356532060582e-09 1.420011432161015e-09 1.6990488417154585e-09 1.8497579394509532e-05 5.4820069370428034e-11 7.4630849262365067e-11 7.8239285588046654e-07 -4.7708261147902051e-07 1.215396866695623e-06 -8.3107614749424695e-11 4.1932426700228224e-11 7.2627104943161384e-11 7.3105316595425971e-07 -6.5295389614108994e-07 1.1314324332517694e-06 -7.5478976668527382e-11 3.3177238618438836e-11 6.7081581099002318e-11 6.8321490164461614e-07 -7.6297039457827427e-07 1.0611517724363472e-06 -6.7570433368216545e-11 2.9141154320754808e-11 5.9115260495817348e-11 6.3760369099389383e-07 -8.0071365622420348e-07 1.0333106343825211e-06 -5.9560691192551999e-11 2.8977957064504423e-11 4.9583238055597678e-11 5.9203634830861469e-07 -7.6568473297189018e-07 1.0592177511733873e-06 -5.1549400582907756e-11 3.0919796446584654e-11 3.893518481831687e-11 5.4431197952149168e-07 -6.5832166874652703e-07 1.1283487437063426e-06 -4.3634499532895013e-11 3.2919288802830597e-11 2.7657560794187255e-11 4.9310984581672549e-07 -4.8466050227756896e-07 1.2124162618946849e-06 -3.5991018181236386e-11 3.3352318011016566e-11 1.6698699581122475e-11 4.3851786746954607e-07 -2.6529492107716504e-07 1.2781721121095027e-06 -2.8879327590880364e-11 3.1589926219899523e-11 7.3639575895319222e-12 3.8186267664774327e-07 -3.698387805684402e-08 1.305149525736695e-06 -2.2556289226438719e-11 2.8046292639727318e-11 7.304004343159878e-13 3.2485902741735614e-07 1.5829204963837344e-07 1.2966920232094348e-06 -1.7139554432500546e-11 2.3621989949456079e-11 -2.856274775264717e-12 2.686169601986942e-07 2.8789832865800791e-07 1.2748591768483452e-06 -1.2518751334381527e-11 1.9011326687758865e-11 -3.8073086349586833e-12 2.1316878223910652e-07 3.3453468488542865e-07 1.2637085740753131e-06 -8.3665283433158444e-12 1.4384253731609498e-11 -2.9998443078757703e-12 1.5774877845362157e-07 2.9320631557180991e-07 1.2736798521725079e-06 -4.2288286978206541e-12 9.5483706357143194e-12 -1.4993699019399458e-12 1.0165623335914825e-07 1.6895352854221901e-07 1.282917241987294e-06 3.1941156876999778e-13 4.6586136270507594e-12 -3.2564707334914032e-13 4.8223885129788022e-08 4.2192066837279736e-09 1.09326952958281e-06 4.4759110161467968e-12 1.0166955137420674e-12 2.4727446781986271e-14 1.0355285860967988e-08 -7.5362816755763856e-08 5.7664544326311311e-07 4.7576371376812251e-12 ]
[ 0.00046298419852104785 0.00020805705557030217 1.6412603690959155e-08 1.1749489288744372e-08 -3.4307381646109079e-08 0.00010310515644257017 6.2257284924943289e-10 -1.4022842609392195e-09 4.287250062016257e-06 1.9390447837217433e-05 1.076927815372637e-05 6.9820839507169681e-10 7.8249075257757036e-10 -1.2041245094466954e-09 3.7517840942591619e-06 1.7580728596251627e-05 1.3541518476113466e-05 6.7090655767533554e-10 8.473726533770347e-10 -1.0349672858261315e-09 3.1181168514810572e-06 1.6149675483717884e-05 1.5235720419864971e-05 6.6073470610474574e-10 8.2743303167431919e-10 -9.1867934667031129e-10 2.4349305841952468e-06 1.5595920377550295e-05 1.5808551177730215e-05 6.5999157210080143e-10 7.3946948269126251e-10 -8.5524168076488644e-10 1.750843851901589e-06 1.6111000010365493e-05 1.5277069547218316e-05 6.594256694336189e-10 6.0044407654207105e-10 -8.2395661514841371e-10 1.1144449993575876e-06 1.7516721491395074e-05 1.362495709856926e-05 6.4975858811247058e-10 4.3048210715618142e-10 -7.9443940724603632e-10 5.7447318663963576e-07 1.9323200681102562e-05 1.0890162224915673e-05 6.2320315410382443e-10 2.5676223558928179e-10 -7.4125961356630008e-10 1.7350118688024066e-07 2.0924249662813038e-05 7.3445825282457447e-06 5.7508483656659465e-10 1.0931311380998893e-10 -6.5582512055541608e-10 -6.4552965994312139e-08 2.1892497031807987e-05 3.5610775578248232e-06 5.049656152486972e-10 9.7309571586882996e-12 -5.4736201260661498e-10 -1.4488016832144528e-07 2.218972698049958e-05 2.5403255969339951e-07 4.1637142514077044e-10 -3.7018696750886115e-11 -4.3243255742934424e-10 -1.0225972285510826e-07 2.2113900856304118e-05 -1.9773969739754747e-06 3.1514585370236221e-10 -4.1350395563709758e-11 -3.2274980154033917e-10 7.7021430689670713e-09 2.2031144890926032e-05 -2.7877514941595829e-06 2.0764707167444241e-10 -2.2236124814393522e-11 -2.2066650232787608e-10 1.196991698667065e-07 2.2105993856171568e-05 -2.0694265266328144e-06 9.9965865917788183e-11 -9.2644931760741575e-13 -1.2467722792680409e-10 1.6895352854221901e-07 2.0887742041112514e-05 3.1942580688796869e-17 9.2681423102669797e-13 6.9229493724182426e-12 -4.8975417128062719e-11 1.2205563976942475e-07 1.3567794314638279e-05 1.9038634911064965e-06 -5.2514832586772192e-11 2.8054903179167718e-12 -8.7987648124733674e-12 3.3130435655057313e-08 5.6042064931623841e-06 1.7492515251051017e-06 -4.0725895141372792e-11 ]
[ -0.00020805705407953289 0.00046298419806399841 -3.6234195515733465e-08 2.2438886039184972e-08 3.3000811372293322e-08 0.00029292451472065587 8.4364058664374882e-10 1.4355098833660465e-09 1.238471940821922e-05 -1.076927809207465e-05 1.9390447824413737e-05 -1.5201080323848508e-09 6.0404468105094597e-10 1.3748477719705883e-09 1.1576417301913552e-05 -1.3541518422763488e-05 1.7580728595478974e-05 -1.3857121390249503e-09 4.4639809156047995e-10 1.2581160836167158e-09 1.0841255664560527e-05 -1.5235720375459739e-05 1.6149675490773987e-05 -1.2488094473175273e-09 3.7898339904733652e-10 1.1075847455481796e-09 1.0150884095234182e-05 -1.5808551141664288e-05 1.5595920388418927e-05 -1.1114330349843718e-09 3.8508802769919813e-10 9.3800856829066351e-10 9.4613847685603118e-06 -1.5277069518213878e-05 1.6111000021909187e-05 -9.7405378180400838e-10 4.326143162925727e-10 7.5468729621808916e-10 8.7285403995732313e-06 -1.3624957075336011e-05 1.75167215015447e-05 -8.3710961837971529e-10 4.8463277264369637e-10 5.622439174826856e-10 7.9231983075825779e-06 -1.0890162206531305e-05 1.9323200688791487e-05 -7.0255913047340327e-10 5.1068645258725782e-10 3.7347411555008253e-10 7.0411729822338896e-06 -7.34458251417411e-06 2.0924249667828683e-05 -5.7423972928394636e-10 4.967230358198582e-10 2.0894269384631519e-10 6.1020032019868165e-06 -3.5610775476927074e-06 2.1892497034566414e-05 -4.5649513463836467e-10 4.4704586403424203e-10 8.729157292597951e-11 5.13577179379988e-06 -2.5403255304698926e-07 2.2189726981727188e-05 -3.51813193268308e-10 3.7588015491559135e-10 1.5643560821468792e-11 4.1661537732161348e-06 1.9773969777706338e-06 2.2113900856713404e-05 -2.5908360723190776e-10 2.9574101651450797e-10 -1.2196943868378272e-11 3.2011378889011579e-06 2.7877514958766631e-06 2.2031144891012965e-05 -1.7354611966237235e-10 2.1156134033963688e-10 -1.1358801169956935e-11 2.236332756071091e-06 2.0694265271037973e-06 2.2105993856179428e-05 -8.8233152567017239e-11 1.2435781635803409e-10 -6.0712405650747255e-13 1.2829172419872942e-06 3.1941733655848037e-17 2.0887742041112501e-05 9.2681423102658165e-13 5.0672448110491273e-11 4.5123806353310054e-12 5.1248740035849769e-07 -1.9038634908263867e-06 1.3567794314641416e-05 6.1339640826142104e-11 9.4177578204871259e-12 1.8914358819796485e-12 9.4233888130071596e-08 -1.7492515246895956e-06 5.6042064931712e-06 5.4973194725027465e-11 ]
[ -2.9830983097902955e-08 2.6371854247799534e-08 0.0005079268277068588 2.5931330050742372e-05 -0.0003096896152707401 1.7605613241359671e-08 2.2456790669036673e-06 -1.2903665539622616e-05 7.1452357060418431e-10 -1.3459772487362021e-09 9.9216079182547141e-10 2.2221798717332392e-05 4.0769317831566821e-06 -1.1462856105322975e-05 6.1045873692072541e-10 -1.3758305823453533e-09 6.9088876643650859e-10 2.2221798726978505e-05 5.1641112632705941e-06 -1.0033149328745218e-05 5.182023880631498e-10 -1.337587457283001e-09 4.5720106462836349e-10 2.22217987354158e-05 5.5157998433570686e-06 -8.8714084568539842e-06 4.368778799947134e-10 -1.2555640332326265e-09 3.1240953769391364e-10 2.2221798742749696e-05 5.2436718108125404e-06 -8.0770669361374993e-06 3.641046577596725e-10 -1.1497933475510421e-09 2.5410447918413189e-10 2.222179874922801e-05 4.4853423310134513e-06 -7.5764535163285545e-06 2.9741358629665504e-10 -1.0276796764784437e-09 2.622445643708021e-10 2.2221798755107334e-05 3.3969008091861375e-06 -7.1827621617074169e-06 2.3544068423845769e-10 -8.8837845286868274e-10 3.0596214213376716e-10 2.2221798760541579e-05 2.1766761368052074e-06 -6.6974168148219716e-06 1.7839451835675263e-10 -7.3313538862359478e-10 3.5094230128090323e-10 2.2221798765535824e-05 1.0515924633783845e-06 -6.0094743948669711e-06 1.2764618269911643e-10 -5.7192658774047325e-10 3.6911736695696758e-10 2.2221798769978749e-05 2.0922949338248309e-07 -5.1330177494087948e-06 8.476809335231937e-11 -4.2039175091713942e-10 3.4700357413350509e-10 2.2221798773725016e-05 -2.6842678207258533e-07 -4.1595333624251812e-06 5.070431783027465e-11 -2.9041000543185937e-10 2.8661369281270143e-10 2.2221798776669272e-05 -4.1442913550824796e-07 -3.1757136148387316e-06 2.5561954869143288e-11 -1.8320591641411947e-10 1.9925116984554356e-10 2.2221798778768244e-05 -3.3808819236303195e-07 -2.2154028066331612e-06 8.9394081105137123e-12 -8.9682789318323497e-11 9.8689690718372692e-11 2.222179878001676e-05 -1.7822020647390625e-07 -1.2829184940913716e-06 3.1941156876999778e-13 9.2681423102673675e-13 9.2681423102663335e-13 2.0914634146277539e-05 -5.3923959484129163e-08 -5.2462109489681751e-07 -1.6747662177943521e-12 6.1839779810457733e-11 -5.1909383826559908e-11 1.3725228658256461e-05 -5.3317889141658451e-09 -9.9837415358676756e-08 -6.0189966695280118e-13 5.5756517308356902e-11 -3.9622213008006791e-11 5.882240853242902e-06 ]
[ -2.5382047005652889e-10 1.0592990405098155e-09 -1.2325477191753047e-06 -6.945574306967262e-08 8.0166394771876099e-07 6.9501044082574975e-10 -5.9190469254220941e-09 3.3472419782720655e-08 2.9492893992386381e-11 -1.508667016180552e-11 4.5297202647135073e-11 -5.3923962584157802e-08 -1.067940371982991e-08 2.9883206975491486e-08 2.7741083680634769e-11 -2.1921212505276235e-11 4.2788146663133654e-11 -5.3923962309636283e-08 -1.3520414478776193e-08 2.6326047498925857e-08 2.6096743077387554e-11 -2.6339406974979657e-11 4.0633250485397243e-11 -5.3923962020963782e-08 -1.444442275765694e-08 2.3470583348514216e-08 2.4512511026328089e-11 -2.8023347080567043e-11 3.9904766487510782e-11 -5.3923961725506951e-08 -1.3718536499942651e-08 2.1576868996073327e-08 2.2909235071189709e-11 -2.6901882456443086e-11 4.105110178043016e-11 -5.3923961427910607e-08 -1.1680266420814878e-08 2.0448659734440425e-08 2.1207287014925981e-11 -2.2976990773803141e-11 4.3709017612359828e-11 -5.3923961132774245e-08 -8.7261000124383168e-09 1.9586995924300014e-08 1.9358680388370395e-11 -1.6494527367086414e-11 4.6847684317232501e-11 -5.3923960847439802e-08 -5.3806935324522586e-09 1.845999085079269e-08 1.7366519074607857e-11 -8.2664683981070516e-12 4.9254309384337339e-11 -5.3923960582176651e-08 -2.2616648492785741e-09 1.6774132347534079e-08 1.5279311712846333e-11 2.8698623971566812e-13 5.0205579729201432e-11 -5.392396034676756e-08 1.0653608368983449e-10 1.4580503771240709e-08 1.3160089688772311e-11 7.5613028371366614e-12 4.9876259450332343e-11 -5.3923960145405568e-08 1.4763638359866179e-09 1.2146779518339288e-08 1.1049701424001568e-11 1.2313657674692232e-11 4.9133683848249907e-11 -5.3923959973426116e-08 1.9055972723325585e-09 9.7282046477829552e-09 8.9489099503531266e-12 1.3876179280689872e-11 4.8896781814422874e-11 -5.3923959817820909e-08 1.6539592692284074e-09 7.4257022758090716e-09 6.8285514438382674e-12 1.2034041409001188e-11 4.9542128047428156e-11 -5.392395966072286e-08 1.0641579933340126e-09 5.1942002403362782e-09 4.6586136270507602e-12 6.9229493724182459e-12 5.0672448110491273e-11 -5.3923959484129156e-08 4.669212249579585e-10 2.9377319562358311e-09 2.4496469077981749e-12 -6.8599952644237421e-13 4.9751226720562311e-11 -5.3362432044282502e-08 9.3427204431073604e-11 8.0142707214847298e-10 5.7780244330813209e-13 -5.5989530690024069e-12 3.1417512286130451e-11 -3.9767539521093509e-08 ]
[ -3.5884090930610201e-10 -9.8368629098170659e-10 -1.1991339318949113e-05 -6.9219627508855661e-07 7.7118613842114223e-06 -6.1166601078490148e-10 -5.7979853148138224e-08 3.2178142541493761e-07 -2.4995271721900116e-11 -1.3178797393848593e-11 -4.3072566474036595e-11 -5.246210952684313e-07 -1.0371276316012938e-07 2.868448324988402e-07 -2.1428291035900727e-11 -9.0701366829937503e-12 -4.244383526284236e-11 -5.2462109540786955e-07 -1.3096556277473022e-07 2.5227364572754451e-07 -1.7903473842562817e-11 -7.1769648663114351e-12 -4.0957448863304844e-11 -5.2462109555596447e-07 -1.3981725489601936e-07 2.2451536196167924e-07 -1.4516243984686378e-11 -8.014118162251292e-12 -3.8916603012376926e-11 -5.2462109569867237e-07 -1.3288324749855648e-07 2.0607076391956333e-07 -1.1328696551677761e-11 -1.1533987626195798e-11 -3.6261821456265702e-11 -5.2462109582157135e-07 -1.1343164007402376e-07 1.9505787378400503e-07 -8.4008106309260479e-12 -1.7165969434475699e-11 -3.2521380665307548e-11 -5.2462109591037936e-07 -8.5265269905824325e-08 1.8668902776491462e-07 -5.816755305501819e-12 -2.3859234435063753e-11 -2.7152797588510116e-11 -5.2462109595199346e-07 -5.3388607310674843e-08 1.7584950340132373e-07 -3.6799273899026028e-12 -3.0306545835009792e-11 -2.0071739925182255e-11 -5.2462109593704459e-07 -2.3685163537799369e-08 1.5968781853536937e-07 -2.0747540556628463e-12 -3.5451397775590989e-11 -1.1966595686428652e-11 -5.2462109586285097e-07 -1.1506678554274977e-09 1.3863486525112455e-07 -1.0219390572898333e-12 -3.8990161888641375e-11 -4.1001190108507775e-12 -5.2462109573426639e-07 1.1862863235592643e-08 1.1519191756547776e-07 -4.6030237383025769e-13 -4.1424096922853818e-11 2.2232932031077621e-12 -5.2462109556143916e-07 1.5930559083032688e-08 9.1754943728949244e-08 -2.6337615804322552e-13 -4.3602917284929574e-11 6.0528323404397416e-12 -5.2462109535635004e-07 1.3578229585785425e-08 6.9271363715670941e-08 -2.7223531504799642e-13 -4.6126242541625653e-11 6.8608692626748098e-12 -5.2462109513082847e-07 8.1411273066370565e-09 4.7333265796857865e-08 -3.2564707334914032e-13 -4.8975417128062725e-11 4.5123806353310021e-12 -5.2462109489681741e-07 2.9377319562358311e-09 2.5237696752051209e-08 -2.8484573719907348e-13 -4.9930110448003451e-11 -5.0714284386142182e-13 -5.086272342794711e-07 3.3501540163660732e-10 6.0995168617393008e-09 -1.0014364081286834e-13 -3.2783204085907977e-11 -4.1512630116991696e-12 -3.2530289048925167e-07 ]
[ -2.2141148479358336e-06 1.184455736842228e-05 -7.8443742515673939e-10 5.9429667434191132e-10 6.232184410459483e-10 7.7471730078784572e-06 2.3264658330539049e-11 2.7579684113195759e-11 3.2775166835575333e-07 -1.4015741749713823e-07 5.075499196109324e-07 -3.2927073085952344e-11 1.8374519762729353e-11 2.7160624338255651e-11 3.0611071059714532e-07 -2.1423002865936782e-07 4.8128109117834371e-07 -2.9978707638426307e-11 1.4968262971220839e-11 2.5256735259155952e-11 2.8560872948802584e-07 -2.6131404880006182e-07 4.5772697023985938e-07 -2.6876811786116384e-11 1.3309303478498263e-11 2.2274750201549846e-11 2.6586355345246631e-07 -2.7762420842484688e-07 4.4815028606887254e-07 -2.3711315089705312e-11 1.3095042139012666e-11 1.8559197159147867e-11 2.4613347224046253e-07 -2.6248413556842594e-07 4.5706560685737691e-07 -2.0544762795254288e-11 1.3649496754133318e-11 1.4327618452338584e-11 2.2566969746764757e-07 -2.165127429439253e-07 4.8027037908731258e-07 -1.7439090323455855e-11 1.4186255050879493e-11 9.8274153271568491e-12 2.0407186468775493e-07 -1.4332220019980343e-07 5.0667362918342965e-07 -1.448298839049182e-11 1.4097970088181836e-11 5.482139647079059e-12 1.81481223329501e-07 -5.2572220036086786e-08 5.2380782862466879e-07 -1.179110944669958e-11 1.3180366650017364e-11 1.8315578873631762e-12 1.5848219744661906e-07 4.0132380021589103e-08 5.250124702129359e-07 -9.4661218135258178e-12 1.1634818350714489e-11 -7.0281566305903217e-13 1.3573988234352529e-07 1.1809530497822852e-07 5.1339651890242467e-07 -7.5457302694067135e-12 9.8327573387735486e-12 -2.0014645413731686e-12 1.1360624054007047e-07 1.6915688110047465e-07 4.9918176436319422e-07 -5.9716736960395221e-12 8.0387844042273291e-12 -2.2375459043423726e-12 9.1954966030828043e-08 1.8739167456856919e-07 4.9274554637791117e-07 -4.5986019099189648e-12 6.2905331205681941e-12 -1.7542559516570662e-12 7.031992297188148e-08 1.7123608326429611e-07 4.9848523171206626e-07 -3.2317294802858009e-12 4.4647645456596919e-12 -9.6388060480011261e-13 4.8223885129788022e-08 1.2205563976942475e-07 5.124874003584978e-07 -1.6747662177943505e-12 2.4496469077981749e-12 -2.8484573719907358e-13 2.5604377744667864e-08 4.6498894972607373e-08 5.086267154199851e-07 1.7888372744114799e-13 5.9853971962987898e-13 -9.9110876232972811e-15 6.1465971115659422e-09 -1.6291585959261406e-08 3.270267540812292e-07 1.3604514418059775e-12 ]
[ 0.0003012353717182616 8.6358632528546117e-05 1.4667109957993059e-08 5.4469063324390613e-09 -2.5400052394492889e-08 3.7502814916425933e-05 3.2233288503304555e-10 -1.0476612188261153e-09 1.5420506166949234e-06 1.2797212483988586e-05 4.8728870777641626e-06 6.238238519304552e-10 4.5043546577974497e-10 -9.1542595899039091e-10 1.2860389356951927e-06 1.1935526891007429e-05 6.7262802069361534e-06 5.9530406875172897e-10 5.0964552590124958e-10 -7.9626050157632765e-10 9.6357865812801998e-07 1.1210282257937478e-05 7.8875769145787001e-06 5.7703094897888205e-10 5.0532796645323896e-10 -7.0809027020145306e-10 6.0691447265146526e-07 1.0922356016380149e-05 8.2863819693198753e-06 5.6447761742165233e-10 4.4951015743975107e-10 -6.5274836884272141e-10 2.4962322767842748e-07 1.1190290997535623e-05 7.9162499913969631e-06 5.5203233460771731e-10 3.5578508295057803e-10 -6.1761346619523093e-10 -7.4710316915743975e-08 1.1903763462543278e-05 6.7829035294197153e-06 5.3406400708446316e-10 2.4029658107648163e-10 -5.833616478705738e-10 -3.337360376770077e-07 1.2766767146516306e-05 4.9526771708639558e-06 5.0598670532096193e-10 1.2338482410185394e-10 -5.3427507910372028e-10 -5.010707904990972e-07 1.3432831963092053e-05 2.6451057552691901e-06 4.652819858645389e-10 2.6131517773715443e-11 -4.6615535846174472e-10 -5.6382007592916707e-07 1.3691262207758625e-05 2.4788086639802209e-07 4.1206475908653207e-10 -3.7153836275030167e-11 -3.8642096599229491e-10 -5.2780534438219181e-07 1.3581624200930426e-05 -1.7990995707233225e-06 3.4870869576319489e-10 -6.3718132675311837e-11 -3.0659852324039116e-10 -4.1636397379243904e-07 1.3338759919152175e-05 -3.1559582290984662e-06 2.7868678950123896e-10 -6.0731427358984931e-11 -2.3410039939253119e-10 -2.6417829329650926e-07 1.3216820251564337e-05 -3.6438447051532317e-06 2.0546501013238859e-10 -4.0415479016641396e-11 -1.6936247261047542e-10 -1.1076756937024341e-07 1.3325822897876903e-05 -3.211497393979211e-06 1.321515332713063e-10 -1.6264791567739236e-11 -1.0858893837019777e-10 4.2192066837279207e-09 1.3567794314638279e-05 -1.9038634908263865e-06 6.1839779810457733e-11 -6.8599952644237583e-13 -4.9930110448003451e-11 4.6498894972607366e-08 1.2391723206445834e-05 1.7889691118988976e-17 6.864663862388702e-13 1.3660209662885298e-12 -9.4465891675201143e-12 1.8920885611355801e-08 5.7974348710046389e-06 9.0669926480250719e-07 -2.064511317060881e-11 ]
[ -8.6358631424349265e-05 0.00030123537159341648 -2.1932931691954595e-08 1.4900379267147972e-08 1.8465521643211099e-08 0.0001950304040616995 5.7292875787883714e-10 8.0998294986601043e-10 8.249686235566107e-06 -4.8728870326408778e-06 1.2797212483135931e-05 -9.2151017914111307e-10 4.3377406758953089e-10 7.8655512146511036e-10 7.7086048897190408e-06 -6.7262801687515676e-06 1.1935526897625323e-05 -8.4179081884726041e-10 3.3941351903573802e-10 7.258208973636096e-10 7.203567808165047e-06 -7.8875768833245599e-06 1.1210282269030706e-05 -7.5903095564267542e-10 2.9609185832260874e-10 6.40080848772666e-10 6.7215388199358768e-06 -8.2863819441158713e-06 1.0922356029194056e-05 -6.7515119989607454e-10 2.9477934957648879e-10 5.3855812789085166e-10 6.2399635169397938e-06 -7.9162499709852225e-06 1.1190291009974884e-05 -5.9125409882173195e-10 3.1668749900063078e-10 4.2586318835721704e-10 5.7361018422398405e-06 -6.7829035126698912e-06 1.1903763473236213e-05 -5.0842443698870762e-10 3.400267803672947e-10 3.0673436442988664e-10 5.1964323961673679e-06 -4.9526771570543796e-06 1.2766767154744536e-05 -4.2854487175097471e-10 3.4733388389684481e-10 1.9070945800725509e-10 4.622147117978943e-06 -2.6451057440909887e-06 1.343283196871522e-05 -3.543719935767249e-10 3.3150291161938687e-10 9.1254062877140228e-11 4.0272919170217812e-06 -2.4788085775780221e-07 1.3691262211109359e-05 -2.885986531464154e-10 2.9644141054779337e-10 1.9723943635580508e-11 3.4297920194018537e-06 1.799099576940049e-06 1.3581624202623587e-05 -2.3243453193128026e-10 2.5138219745327436e-10 -2.0003448967764445e-11 2.8410511382813562e-06 3.1559582331557634e-06 1.3338759919845773e-05 -1.8468650580767345e-10 2.0363843435350023e-10 -3.1983059463130493e-11 2.2610534375816129e-06 3.6438447074582857e-06 1.3216820251776185e-05 -1.4188578620558664e-10 1.5517119880709915e-10 -2.5278968790631535e-11 1.6813637625155093e-06 3.2114973950163215e-06 1.3325822897917378e-05 -9.9238328753298652e-11 1.0405959191884299e-10 -1.1085269486878987e-11 1.09326952958281e-06 1.9038634911064965e-06 1.3567794314641418e-05 -5.1909383826559805e-11 4.9751226720562298e-11 -5.0714284386142182e-13 5.086267154199851e-07 1.7890220514582587e-17 1.2391723206445834e-05 6.8646638623879265e-13 9.744138943289439e-12 9.780741866586633e-13 9.8028664022960492e-08 -9.0669926469609529e-07 5.7974348710050531e-06 2.4817131916443536e-11 ]
[ -2.0153438610757559e-08 1.7083260104151183e-08 0.00031371951108219058 1.7632387359837718e-05 -0.00019804921445358049 1.1919235995690071e-08 1.4824074457191754e-06 -8.2587316895996844e-06 4.8555804223621918e-10 -9.0953239656238006e-10 6.4102574365714111e-10 1.3725228613264089e-05 2.6554600358020367e-06 -7.3515471185679863e-06 4.1857906810362011e-10 -9.3134046348174774e-10 4.4300409635250297e-10 1.3725228619668783e-05 3.3534447260390209e-06 -6.4535577351912812e-06 3.5926441996252319e-10 -9.0897771063634077e-10 2.9045152224211127e-10 1.3725228625291729e-05 3.5798004212034227e-06 -5.7300205067851155e-06 3.0691974885844685e-10 -8.5856928829837027e-10 1.980461218047976e-10 1.3725228630211266e-05 3.403241232246708e-06 -5.2449741862058416e-06 2.5986094379609651e-10 -7.9300869647597126e-10 1.6479840397189899e-10 1.3725228634601928e-05 2.9090017131861073e-06 -4.9504736220783358e-06 2.1634803647833041e-10 -7.1638398353368891e-10 1.7786690458061994e-10 1.3725228638643823e-05 2.1952570166526422e-06 -4.7246365184140095e-06 1.7538248634621486e-10 -6.2707350985587723e-10 2.1670938293525929e-10 1.3725228642445668e-05 1.3897211240564058e-06 -4.4373438061327145e-06 1.3704006524365073e-10 -5.2512076191058612e-10 2.5774947886097909e-10 1.3725228646011292e-05 6.4136576079214776e-07 -4.0157830473607477e-06 1.022235023445731e-10 -4.1725206807459754e-10 2.8103276795016946e-10 1.3725228649260746e-05 7.5770638831857499e-08 -3.4699689211545404e-06 7.2026216010878196e-11 -3.1505047145951484e-10 2.7636275225902613e-10 1.3725228652088543e-05 -2.4911823233691063e-07 -2.8619575957088847e-06 4.7153929744832094e-11 -2.2827930260249273e-10 2.4434762164225253e-10 1.3725228654418355e-05 -3.5000054567660209e-07 -2.2511121169242856e-06 2.7751950694960208e-11 -1.5957267497478422e-10 1.9215157150876691e-10 1.3725228656221232e-05 -2.933638865261507e-07 -1.6608286490388143e-06 1.3611283436794237e-11 -1.0402135555855816e-10 1.2848136227804469e-10 1.3725228657498639e-05 -1.6611164223483228e-07 -1.0816722589742811e-06 4.4759110161467968e-12 -5.2514832586772192e-11 6.1339640826142156e-11 1.3725228658256459e-05 -5.3362432044282502e-08 -5.086272342794711e-07 1.7888372744114637e-13 6.8646638623889605e-13 6.864663862388185e-13 1.2418064024354502e-05 -5.3317888814888459e-09 -9.9837415312289539e-08 -2.9645263745515647e-13 2.4884518570658805e-11 -2.0561112172651929e-11 5.8822408535521165e-06 ]
[ -2.1751282271593163e-11 2.1656431253398177e-10 -1.2186947381083718e-07 -6.1223746608021008e-09 8.0517913968175992e-08 1.4330013439069389e-10 -5.574344791999016e-10 3.3669107640109549e-09 6.0721600968430833e-12 -1.7591059323048692e-12 9.3601823117210385e-12 -5.3317894553914657e-09 -1.0369452248022709e-09 3.0155552397626535e-09 5.6872872082110105e-12 -3.1587746918553989e-12 9.0203319279843837e-12 -5.3317894042336643e-09 -1.3240107559166938e-09 2.66545955613791e-09 5.3181265959373761e-12 -4.0693336730443036e-12 8.6867378215356022e-12 -5.3317893495298207e-09 -1.4176193087315658e-09 2.3835557143666357e-09 4.9590423447187801e-12 -4.402732973476788e-12 8.5600994782676614e-12 -5.3317892931531234e-09 -1.3437593959561139e-09 2.1959128368375929e-09 4.5981617206350778e-12 -4.1368714805252046e-12 8.7243685160286518e-12 -5.3317892365472474e-09 -1.1361946818766544e-09 2.0827948106191576e-09 4.2235026638948323e-12 -3.2858723430232244e-12 9.1067311344951487e-12 -5.3317891811474429e-09 -8.3534233715901966e-10 1.9941478098490769e-09 3.8292137821769677e-12 -1.9287513352289807e-12 9.5117991863812655e-12 -5.3317891288179642e-09 -4.9495152534740211e-10 1.877020407911504e-09 3.4188552995695332e-12 -2.5808194001639031e-13 9.7256686056812272e-12 -5.331789081785195e-09 -1.7803909224792054e-10 1.703033003728467e-09 3.0033925730233361e-12 1.4309811189423482e-12 9.6472704759635966e-12 -5.3317890419197424e-09 6.2271509906903731e-11 1.478852647342979e-09 2.5945259942292007e-12 2.8344813156089371e-12 9.3551148134252961e-12 -5.3317890097898057e-09 2.0121625971910869e-10 1.2328455952971604e-09 2.1976538158388897e-12 3.7394497218626053e-12 9.0517385618504051e-12 -5.331788984151231e-09 2.447989851703807e-10 9.9166524089931018e-10 1.8091023029404715e-12 4.0466265804106758e-12 8.9338588099163056e-12 -5.3317889621617056e-09 2.1890934805439608e-10 7.6581471550950477e-10 1.4188530781458249e-12 3.7292855173819331e-12 9.0816925089687144e-12 -5.3317889400866555e-09 1.5724436730760604e-10 5.5037297627926692e-10 1.0166955137420674e-12 2.8054903179167718e-12 9.4177578204871259e-12 -5.3317889141658451e-09 9.3427204431073604e-11 3.3501540163660727e-10 5.9853971962987898e-13 1.3660209662885298e-12 9.7441389432894407e-12 -5.3317888814888459e-09 4.3754184836403007e-11 1.1287061916267131e-10 1.8051418731124023e-13 -2.4634624633284754e-13 8.6105962311267595e-12 -4.9271944644800985e-09 ]
[ -6.6993350325012951e-11 -1.6076999575439519e-10 -2.2819980679751028e-06 -1.344778624892489e-07 1.4980532831818304e-06 -1.015558310917155e-10 -1.1266039480631405e-08 6.2552197853736568e-08 -4.1291384764833625e-12 -2.5491952331865873e-12 -7.0413219134770934e-12 -9.9837415483611958e-08 -2.0162636454195305e-08 5.5855045762357384e-08 -3.4934292977538658e-12 -1.9389021258723954e-12 -6.9401078125691491e-12 -9.9837415504551513e-08 -2.5473559909114545e-08 4.922781107934395e-08 -2.8641918885638019e-12 -1.6911896595337754e-12 -6.6836085104825194e-12 -9.9837415526616536e-08 -2.7201577132546986e-08 4.3925023359318962e-08 -2.2600173690126733e-12 -1.890217469873808e-12 -6.3073888677274244e-12 -9.9837415547411208e-08 -2.5841617660415754e-08 4.0433834677962143e-08 -1.6938203405310938e-12 -2.5231839140369311e-12 -5.7908301384218839e-12 -9.9837415564431832e-08 -2.2018186017694964e-08 3.8385628415105646e-08 -1.1781259981796831e-12 -3.4849608931749116e-12 -5.0528243908475922e-12 -9.9837415575200453e-08 -1.6466765495016615e-08 3.6842140021222561e-08 -7.2941700054521342e-13 -4.5889300938343661e-12 -4.0119906097197112e-12 -9.983741557749885e-08 -1.0167124130028174e-08 3.4800838497809631e-08 -3.6686724901261641e-13 -5.6132971787862221e-12 -2.6739998963284256e-12 -9.9837415569832911e-08 -4.2799407585935391e-09 3.1705994689620686e-08 -1.0532586403231165e-13 -6.3937290683949514e-12 -1.1761454446205244e-12 -9.98374155519044e-08 2.026419829688286e-10 2.7651472117077737e-08 5.2469156251949643e-14 -6.9065300783817806e-12 2.5640076392016131e-13 -9.9837415524669167e-08 2.8047594079775965e-09 2.3142017073249879e-08 1.186150723386642e-13 -7.2678679565593749e-12 1.4034289665900636e-12 -9.9837415489868501e-08 3.6233818576299476e-09 1.8661232041121423e-08 1.1663007635015381e-13 -7.6468258643193241e-12 2.1091795288652706e-12 -9.9837415449410846e-08 3.1362860223648616e-09 1.4400899845923219e-08 7.5524921982885492e-14 -8.1586170091836376e-12 2.2834318891947638e-12 -9.9837415405079524e-08 1.980693746730869e-09 1.0273178382336275e-08 2.472744678198617e-14 -8.7987648124733674e-12 1.8914358819796485e-12 -9.9837415358676756e-08 8.0142707214847298e-10 6.0995168617393e-09 -9.91108762329733e-15 -9.4465891675201126e-12 9.780741866586633e-13 -9.9837415312289526e-08 1.1287061916267131e-10 1.8927936845292472e-09 -1.0836623922822238e-14 -8.6694892953855778e-12 -1.8745350989828795e-13 -8.7268658992798796e-08 ]
[ -1.8378061150843707e-07 2.2772888128451354e-06 -1.4296826670287289e-10 1.1550978230144374e-10 1.0379907611656273e-10 1.5058573110094763e-06 4.5850706507038466e-12 4.6382124348210315e-12 6.3717305995392709e-08 -1.6413980813360417e-08 9.8477464401747162e-08 -6.0085684001809728e-12 3.7342211640166466e-12 4.6369161269218699e-12 5.9481644489041753e-08 -3.0900670162678541e-08 9.4985596899495923e-08 -5.4798260699033839e-12 3.1239609915786496e-12 4.3467664085351355e-12 5.5407989000869931e-08 -4.0244396897471284e-08 9.1473048412147243e-08 -4.9146082038498044e-12 2.8084417695609356e-12 3.8344126660229214e-12 5.1449563213245763e-08 -4.3509086425872678e-08 8.9988993857093833e-08 -4.3331558131426378e-12 2.7384225841856519e-12 3.1640033003141401e-12 4.7493477773880254e-08 -4.0478098411171351e-08 9.1371422599239679e-08 -3.751423976764779e-12 2.7945955834255265e-12 2.3835713047416425e-12 4.3425527822443441e-08 -3.1351080300862152e-08 9.4840049685659896e-08 -3.1852686671092195e-12 2.8376780529145416e-12 1.5501077320512624e-12 3.9195620667602365e-08 -1.7028074758092333e-08 9.8374673075761933e-08 -2.6547446071173329e-12 2.7639364760000767e-12 7.5168374232070099e-13 3.4850238600774312e-08 4.2329092773709265e-10 9.9814851813223018e-08 -2.1831778625683118e-12 2.545761050912024e-12 9.2314172720474875e-14 3.0508326347642117e-08 1.7928887047527732e-08 9.821253145778073e-08 -1.7896497565081076e-12 2.2285163747916206e-12 -3.5188077549201338e-13 2.6289624684896817e-08 3.2401554331885956e-08 9.448348122206108e-08 -1.4793907592537938e-12 1.8839107070057434e-12 -5.6316819470656852e-13 2.2242059098127335e-08 4.1749998070118141e-08 9.0795246996659351e-08 -1.2388758843969799e-12 1.5585778517391266e-12 -5.7620350545944244e-13 1.8315611456300049e-08 4.5061618628128016e-08 8.9221677518309092e-08 -1.038325346884071e-12 1.2533989808240096e-12 -4.5369458725366505e-13 1.4393128106605498e-08 4.2128339026878695e-08 9.062286577278195e-08 -8.3900216816158115e-13 9.3716136830311386e-13 -2.6940674261540375e-13 1.0355285860967988e-08 3.3130435655057313e-08 9.4233888130071596e-08 -6.0189966695280199e-13 5.7780244330813199e-13 -1.0014364081286834e-13 6.1465971115659422e-09 1.8920885611355801e-08 9.8028664022960505e-08 -2.9645263745515647e-13 1.8051418731124023e-13 -1.083662392282224e-14 1.9003344048445052e-09 2.4622012343710452e-09 8.7268652138056107e-08 5.8893064258824802e-14 ]
[ 0.00013337795107940518 1.5549217749668943e-05 8.3221757167457055e-09 1.3309938412582479e-09 -1.2661088987143522e-08 2.2593158948939916e-06 1.0155885911405706e-10 -5.2624039358461936e-10 7.6802252573323478e-08 5.750025124610051e-06 1.1697100144604394e-06 3.5389420911749552e-10 1.6927541109727474e-10 -4.665082118863746e-10 6.2129837766345248e-09 5.5146776291434967e-06 2.0133278394244314e-06 3.362873853692856e-10 2.0325352725206998e-10 -4.0974460356244598e-10 -9.4980483415506982e-08 5.2888527085140265e-06 2.5548190964870735e-06 3.2280142865092242e-10 2.0523566101698905e-10 -3.6493719578098097e-10 -2.1223724917485733e-07 5.1948675335836818e-06 2.7434795586696577e-06 3.1165596136484112e-10 1.8104528314553985e-10 -3.3372093477174177e-10 -3.2979072163145037e-07 5.2823955751671528e-06 2.5683339003664842e-06 3.0055497186690117e-10 1.3791889278494349e-10 -3.1089826709251198e-10 -4.3185804339579758e-07 5.5051882364866724e-06 2.039479805357345e-06 2.8719302909318456e-10 8.4479748886186623e-11 -2.8816125840125788e-10 -5.0381996494969773e-07 5.7427053591709505e-06 1.2055655736424814e-06 2.6976214483096755e-10 3.101346930097641e-11 -2.5902423190078942e-10 -5.3460417211953438e-07 5.8637318922282613e-06 1.8352740849040052e-07 2.4738932342471487e-10 -1.2440878948073221e-11 -2.2238911794099841e-10 -5.1973617701870452e-07 5.8061636689939342e-06 -8.4804813720714582e-07 2.2031056259483154e-10 -3.9509235251226222e-11 -1.8229374401484496e-10 -4.6292491713235018e-07 5.6173451634828384e-06 -1.7059179570964543e-06 1.8961368203295759e-10 -4.9311707800751829e-11 -1.4423906882598602e-10 -3.7483150846547038e-07 5.4202258826759076e-06 -2.2627198525160484e-06 1.5668408933742403e-10 -4.5307707049438198e-11 -1.1142372832719902e-10 -2.7011916208086731e-07 5.3347126650311323e-06 -2.4605205296059037e-06 1.2274584526076296e-10 -3.2900408233660552e-11 -8.354380491952941e-11 -1.649102826096192e-07 5.4108905757275898e-06 -2.285302447036738e-06 8.877949625994626e-11 -1.7850793941843446e-11 -5.8111208642508217e-11 -7.5362816755763856e-08 5.6042064931623841e-06 -1.7492515246895956e-06 5.5756517308356876e-11 -5.5989530690024069e-12 -3.2783204085907977e-11 -1.6291585959261406e-08 5.7974348710046381e-06 -9.0669926469609529e-07 2.4884518570658831e-11 -2.4634624633284749e-13 -8.6694892953855795e-12 2.4622012343710452e-09 4.5647571391395702e-06 5.8902360230347976e-18 2.4654046219375106e-13 ]
[ -1.554921720732693e-05 0.00013337795111490871 -8.7552161946288871e-09 6.7306762538298704e-09 6.5371351046807861e-09 8.7680359721345417e-05 2.653660325540609e-10 2.9069117292537505e-10 3.7095341354233141e-06 -1.1697099925602602e-06 5.7500251281213753e-06 -3.681932608155066e-10 2.1288817584678269e-10 2.8844385945614914e-10 3.4629378203205036e-06 -2.0133278213243381e-06 5.5146776357022142e-06 -3.3647134189409259e-10 1.7572199046625533e-10 2.6934406569250903e-10 3.226957114774132e-06 -2.5548190819587318e-06 5.2888527166928673e-06 -3.0275071715213876e-10 1.5697289833241254e-10 2.376458751283417e-10 2.998324191274312e-06 -2.7434795470769861e-06 5.1948675421243201e-06 -2.6815850748843886e-10 1.5353603734720009e-10 1.9719875073036808e-10 2.7698394532345769e-06 -2.5683338909400231e-06 5.2823955831422882e-06 -2.3355144415027687e-10 1.5815605008872069e-10 1.5066254106556669e-10 2.5342253590002338e-06 -2.0394797974504864e-06 5.5051882432944279e-06 -1.9978009497771753e-10 1.6237199443878352e-10 1.0110184970459964e-10 2.2880162554679626e-06 -1.2055655668705019e-06 5.7427053644875425e-06 -1.6795964359559125e-10 1.5975843784865931e-10 5.3447584059230269e-11 2.0335522764363143e-06 -1.8352740273041134e-07 5.8637318959849533e-06 -1.394308995911535e-10 1.4835564846833127e-10 1.3731108588284125e-11 1.7776696904176053e-06 8.4804814192546566e-07 5.8061636713544456e-06 -1.1532445141623272e-10 1.3058976498389833e-10 -1.3486783607173712e-11 1.5275424562682514e-06 1.7059179607322106e-06 5.6173451647730975e-06 -9.5986576263390021e-11 1.1060230570653623e-10 -2.7018815747035033e-11 1.2863680818477637e-06 2.2627198551070409e-06 5.4202258832704544e-06 -8.0671093423825214e-11 9.1210447081689495e-11 -2.8824604174078866e-11 1.0517261211498329e-06 2.4605205312798025e-06 5.3347126652499921e-06 -6.7670119115758248e-11 7.2632323872203784e-11 -2.2627536726875098e-11 8.1729965730468772e-07 2.2853024479776722e-06 5.4108905757855735e-06 -5.4740328578779146e-11 5.3249379033253818e-11 -1.2870855215315607e-11 5.7664544326311311e-07 1.7492515251051019e-06 5.6042064931712008e-06 -3.9622213008006791e-11 3.1417512286130451e-11 -4.1512630116991712e-12 3.270267540812292e-07 9.0669926480250741e-07 5.797434871005054e-06 -2.0561112172651955e-11 8.6105962311267611e-12 -1.8745350989828795e-13 8.7268652138056107e-08 5.8901830834771719e-18 4.5647571391395702e-06 2.4654046219367351e-13 ]
[ -9.2846257738927967e-09 7.7514465961302699e-09 0.00013445121896797749 7.8786167052651274e-06 -8.7465770264371333e-05 5.5876069722501731e-09 6.5889046330219825e-07 -3.6509323617322566e-06 2.28403036862451e-10 -4.1957846911961753e-10 2.9105874229347855e-10 5.8822408314145699e-06 1.1779729995719145e-06 -3.2574429205143419e-06 1.984689336896361e-10 -4.3103956378849589e-10 2.0158497924311342e-10 5.8822408343558503e-06 1.4875899000483187e-06 -2.8681243753493593e-06 1.719562601760024e-10 -4.2248261738930591e-10 1.3296843283827231e-10 5.8822408369513617e-06 1.5882487317242195e-06 -2.5561838152941487e-06 1.4851259313960834e-10 -4.011692313635054e-10 9.2181129144171827e-11 5.8822408392383303e-06 1.5091927172284486e-06 -2.3500325948752246e-06 1.2733588053346074e-10 -3.7280361911633494e-10 7.9033239414881496e-11 5.8822408412984982e-06 1.2871401038790574e-06 -2.2282232510110689e-06 1.0759964705002841e-10 -3.3897122371934382e-10 8.7803724640422747e-11 5.882240843216058e-06 9.6509255130525846e-07 -2.1361726521147047e-06 8.8819779845618783e-11 -2.9862639738086434e-10 1.0902308425586785e-10 5.8822408450414242e-06 6.0003559822405391e-07 -2.0155501259932241e-06 7.1014487762364091e-11 -2.5164530735738888e-10 1.3157985222732261e-10 5.8822408467750753e-06 2.5927267731808156e-07 -1.8339177207269481e-06 5.4598437240029519e-11 -2.0130407669487446e-10 1.4590086677883716e-10 5.8822408483774821e-06 1.8886427986512422e-10 -1.5964593387409431e-06 4.0090335696865131e-11 -1.5346125869210333e-10 1.4698362973624755e-10 5.8822408497973312e-06 -1.4989039298346655e-07 -1.3321387954685404e-06 2.7837414226105023e-11 -1.133206104211235e-10 1.3498583281256391e-10 5.8822408509985832e-06 -1.9697925038180284e-07 -1.0687170165015616e-06 1.7924702059633138e-11 -8.2757446756964875e-11 1.1317025911778432e-10 5.8822408519698064e-06 -1.692927096592101e-07 -8.1719135740531149e-07 1.0266827836141477e-11 -5.994151443700705e-11 8.5393731297723257e-11 5.8822408527156867e-06 -1.0431836432135328e-07 -5.7265498975293598e-07 4.7576371376812284e-12 -4.0725895141372805e-11 5.4973194725027465e-11 5.882240853242902e-06 -3.9767539521093502e-08 -3.2530289048925161e-07 1.3604514418059823e-12 -2.0645113170608836e-11 2.4817131916443588e-11 5.8822408535521165e-06 -4.9271944644800985e-09 -8.7268658992798783e-08 5.8893064258824802e-14 2.4654046219375106e-13 2.4654046219369936e-13 4.5750762195003956e-06 ] ]